timestamp_ms,instantaneous_rps
0.00,0.0
0.25,11676.0
0.50,11320.0
0.75,10255.0
1.00,10908.0
1.25,11228.0
1.50,10721.1
1.75,10780.0
2.00,11144.0
2.25,11111.6
2.50,11476.0
2.75,11740.0
3.00,11808.8
3.25,10964.0
3.51,11059.8
3.76,11120.0
4.01,10824.0
4.26,11278.9
4.51,10092.0
4.76,11502.0
5.01,11784.0
5.26,11940.2
5.51,12052.0
5.76,11717.1
6.01,11684.0
6.26,11940.2
6.51,11944.0
6.76,11649.4
7.01,11576.0
7.26,11244.0
7.51,9792.8
7.76,10880.0
8.01,11374.5
8.27,11406.4
8.52,11356.0
8.77,11936.3
9.02,12248.0
9.27,11968.0
9.52,9043.8
9.77,11228.0
10.02,11060.0
10.27,11466.1
10.52,11521.9
10.77,12052.0
11.02,11828.7
11.27,11816.7
11.52,12180.0
11.77,11268.0
12.02,11872.0
12.27,11681.3
12.52,11392.0
12.77,11844.0
13.02,12502.0
13.27,12156.0
13.52,11620.0
13.77,11474.1
14.02,11804.0
14.28,12095.6
14.53,11812.0
14.78,11533.9
15.03,11616.0
15.28,11680.0
15.53,11880.0
15.78,11470.1
16.03,10972.0
16.28,10448.0
16.53,11123.5
16.78,11063.7
17.03,10908.0
17.28,12148.0
17.53,11972.1
17.78,11968.0
18.03,11908.0
18.28,12015.9
18.53,12139.4
18.78,12000.0
19.03,11932.3
19.28,11664.0
19.53,11744.0
19.78,11804.0
20.03,11836.7
20.28,10552.0
20.53,11672.0
20.78,11824.0
21.04,12095.6
21.29,12016.0
21.54,12012.0
21.79,11645.4
22.04,11912.4
22.29,11632.0
22.54,12372.0
22.79,12234.1
23.04,12256.0
23.29,12104.0
23.54,12051.8
23.79,11464.0
24.04,11545.8
24.29,11199.2
24.54,10780.0
24.79,11252.0
25.04,11656.0
25.29,11648.0
25.54,11685.3
25.79,12008.0
26.05,11613.5
26.30,11184.0
26.55,11512.0
26.80,11632.0
27.05,11068.0
27.30,11665.3
27.55,11700.0
27.80,11940.0
28.05,12199.2
28.30,11940.0
28.55,11868.5
28.80,11712.0
29.05,12083.7
29.30,11788.8
29.55,11896.4
29.80,11224.0
30.05,11446.2
30.30,11280.0
30.55,11625.5
30.80,12079.7
31.05,11932.0
31.30,12132.0
31.55,11346.6
31.81,11976.1
32.06,12023.9
32.31,12470.1
32.56,11812.0
32.81,12172.0
33.06,11761.0
33.31,11438.2
33.56,11916.0
33.81,11824.7
34.06,12356.0
34.31,12314.7
34.56,12115.5
34.81,12108.0
35.06,12128.0
35.31,12092.0
35.56,11944.2
35.81,11256.0
36.06,11442.2
36.32,11362.6
36.57,12079.7
36.82,11620.0
37.07,11852.0
37.32,10474.1
37.57,11852.0
37.82,12048.0
38.07,12063.7
38.32,12112.0
38.57,11414.3
38.82,11688.0
39.07,11952.2
39.32,11888.0
39.57,11052.0
39.82,10450.2
40.07,10788.8
40.32,10410.4
40.57,10508.0
40.82,10796.0
41.08,10812.8
41.33,10936.3
41.60,10616.8
41.85,10712.0
42.10,11680.0
42.35,11043.8
42.60,11420.0
42.85,10912.4
43.10,10892.4
43.35,10804.0
43.60,10948.0
43.85,9521.9
44.10,11163.3
44.35,11216.0
44.60,11340.0
44.86,11302.8
45.11,10816.0
45.36,11016.0
45.61,11908.0
45.86,11597.6
46.11,11204.0
46.36,11164.0
46.61,11008.0
46.86,11144.0
47.11,11031.9
47.36,10721.1
47.61,11549.8
47.86,11629.5
48.11,11424.0
48.36,11048.0
48.61,11020.0
48.86,11352.0
49.11,11692.0
49.36,11147.4
49.61,11717.1
49.86,12008.0
50.11,12240.0
50.37,12195.2
50.62,12512.0
50.87,11262.9
51.12,11600.0
51.37,11406.4
51.62,11996.0
51.87,11980.0
52.12,10400.0
52.37,11140.0
52.62,11215.1
52.87,10724.0
53.12,10892.0
53.37,10996.0
53.62,10924.3
53.87,11228.0
54.12,11136.0
54.37,11004.0
54.62,10636.0
54.87,11382.5
55.12,11228.0
55.37,10924.0
55.62,11224.0
55.87,11521.9
56.12,11728.0
56.37,11548.0
56.62,11716.0
56.87,11412.0
57.12,11171.3
57.37,10580.0
57.62,11131.5
57.88,11132.0
58.13,11506.0
58.38,11776.0
58.63,11613.5
58.88,11476.0
59.13,10968.0
59.38,11171.3
59.63,10848.6
59.88,11084.0
60.13,10581.7
60.38,10860.0
60.63,10908.0
60.88,11380.0
61.13,11112.0
61.38,10820.7
61.63,10516.0
61.88,10472.0
62.13,10422.3
62.38,10544.0
62.63,10422.3
62.88,10175.3
63.13,10760.0
63.38,10816.7
63.63,10568.0
63.89,10816.7
64.14,10832.0
64.39,11268.0
64.64,10776.0
64.89,10605.6
65.14,10552.0
65.39,10625.5
65.64,10884.0
65.89,10235.1
66.14,10512.0
66.39,10788.0
66.64,10438.2
66.89,10816.7
67.14,11004.0
67.39,10828.7
67.64,11016.0
67.89,10701.2
68.14,10832.7
68.39,10924.3
68.64,10740.0
68.89,10416.0
69.15,10175.3
69.40,10900.0
69.65,11378.5
69.90,11684.0
70.15,10464.0
70.40,10932.3
70.65,11812.0
70.90,11502.0
71.15,11521.9
71.40,11480.0
71.65,11235.1
71.90,11280.0
72.15,10095.6
72.40,10620.0
72.65,10064.0
72.90,10380.0
73.15,10247.0
73.40,10856.0
73.65,11156.0
73.90,11430.3
74.15,11920.0
74.41,11290.8
74.66,10741.0
74.91,11556.0
75.16,11119.5
75.41,11131.5
75.66,11200.0
75.91,10336.0
76.16,10788.8
76.41,10844.0
76.66,11284.0
76.91,10708.0
77.16,10752.0
77.41,11019.9
77.66,10924.3
77.91,11031.9
78.16,11344.0
78.41,11115.5
78.66,11160.0
78.91,11200.0
79.16,10920.0
79.41,10478.1
79.67,10761.0
79.92,11052.0
80.17,10442.2
80.42,10621.5
80.67,11044.0
80.92,10876.0
81.17,11023.9
81.42,10856.0
81.67,10800.0
81.92,11776.9
82.17,10856.0
82.42,11320.0
82.67,11342.6
82.92,10988.0
83.17,11095.6
83.42,11376.0
83.67,11434.3
83.92,11506.0
84.17,11352.0
84.42,10904.0
84.67,10644.0
84.92,10952.2
85.17,10932.0
85.42,11410.4
85.67,11124.0
85.93,11255.0
86.18,10876.0
86.43,10840.0
86.68,11087.7
86.93,11772.0
87.18,11452.0
87.43,10380.0
87.68,10701.2
87.93,10593.6
88.18,10564.0
88.43,10454.2
88.68,10964.0
88.93,10884.0
89.18,10195.2
89.43,10494.0
89.68,10724.0
89.93,10928.3
90.18,10800.0
90.43,11107.6
90.69,10597.6
90.94,10632.0
91.19,10665.3
91.44,11568.0
91.69,11302.8
91.94,10992.0
92.19,10856.6
92.44,10524.0
92.69,11320.0
92.94,11159.4
93.19,11364.0
93.44,10652.0
93.69,10372.0
93.94,11422.3
94.19,11083.7
94.44,11320.0
94.69,10948.0
94.94,11502.0
95.19,11484.0
95.44,11312.0
95.69,11123.5
95.94,10772.0
96.19,11561.8
96.44,11342.6
96.69,10400.0
96.94,10316.0
97.19,10176.0
97.45,10701.2
97.70,10668.0
97.95,10900.4
98.20,10956.0
98.45,11071.7
98.70,11143.4
98.95,11444.0
99.20,11442.2
99.45,11537.8
99.70,11744.0
99.95,11216.0
100.20,11180.0
100.45,11147.4
100.70,11180.0
100.95,10936.0
101.20,10211.2
101.45,10151.4
101.70,10644.0
101.95,11024.0
102.20,10649.4
102.45,10464.0
102.71,10768.9
102.96,10764.9
103.21,11490.0
103.46,11824.0
103.71,11384.0
103.96,10553.8
104.21,11320.0
104.46,11111.6
104.71,10668.0
104.96,10796.8
105.21,10960.2
105.46,10644.0
105.71,10736.0
105.96,10908.0
106.21,11665.3
106.46,11876.0
106.71,11044.0
106.96,10956.2
107.22,11043.8
107.47,11124.0
107.72,12072.0
107.97,10884.5
108.22,10231.1
108.47,10816.0
108.72,10900.0
108.97,10388.0
109.22,10940.2
109.47,10310.8
109.72,10484.0
109.97,11188.0
110.22,11160.0
110.47,10776.9
110.72,11083.7
110.97,11440.0
111.22,11019.9
111.47,11195.2
111.72,11348.0
111.97,11402.4
112.22,10836.0
112.47,10852.6
112.72,11260.0
112.98,11167.3
113.23,11191.2
113.48,10948.0
113.73,11456.0
113.98,10808.8
114.23,10784.9
114.48,11386.5
114.73,11300.0
114.98,11378.5
115.23,11000.0
115.48,11260.0
115.73,11776.9
115.98,11152.0
116.23,11430.3
116.48,11284.0
116.73,11139.4
116.99,11294.8
117.24,11159.4
117.49,10844.0
117.74,10884.0
117.99,10996.0
118.24,10532.0
118.49,11039.7
118.74,10856.0
118.99,11064.0
119.24,11131.5
119.49,11248.0
119.74,11259.0
119.99,11326.7
120.24,11416.0
120.49,11386.5
120.75,11143.4
121.00,11080.0
121.25,11414.3
121.50,11414.3
121.75,10312.0
122.00,10438.2
122.25,10656.0
122.50,11075.7
122.75,10876.0
123.00,11243.0
123.25,11276.0
123.50,10506.0
123.75,10444.0
124.00,10936.3
124.25,11784.0
124.50,11836.0
124.75,11286.9
125.00,11620.0
125.25,11632.0
125.50,11820.7
125.75,11888.0
126.00,11760.0
126.25,11605.6
126.50,11696.0
126.75,11988.0
127.01,11506.0
127.26,12120.0
127.51,11712.0
127.76,11068.0
128.01,11243.0
128.26,11832.0
128.51,11836.0
128.76,11684.0
129.01,11677.3
129.26,11824.7
129.51,11648.0
129.76,11517.9
130.01,11228.0
130.26,11520.0
130.51,11059.8
130.76,11836.0
131.01,11685.3
131.26,11536.0
131.51,11660.0
131.76,11704.0
132.01,11251.0
132.26,11063.7
132.51,12704.0
132.76,11600.0
133.01,11200.0
133.26,11569.7
133.51,11756.0
133.77,11780.9
134.02,11844.0
134.27,11744.0
134.52,11656.0
134.77,11553.8
135.02,11557.8
135.27,11276.0
135.52,11577.7
135.77,11400.0
136.02,11649.4
136.27,11660.0
136.52,11665.3
136.77,11728.0
137.02,11729.1
137.27,11952.2
137.52,11585.7
137.77,11584.0
138.02,11400.0
138.27,11716.0
138.53,11561.8
138.78,11856.0
139.03,11708.0
139.28,11744.0
139.53,10952.0
139.78,11490.0
140.03,11612.0
140.28,10410.4
140.53,10696.0
140.78,11388.0
141.03,11296.0
141.28,12004.0
141.53,10972.0
141.78,12079.7
142.03,11472.0
142.28,11721.1
142.53,11657.4
142.78,11836.0
143.03,11278.9
143.28,8290.8
143.53,10920.3
143.78,10852.0
144.03,10800.8
144.28,10924.0
144.53,11043.8
144.79,10832.7
145.04,10956.2
145.29,10832.0
145.54,10318.7
145.79,10224.0
146.04,9876.0
146.29,11272.0
146.54,9012.0
146.79,10163.3
147.04,10676.0
147.29,10212.0
147.54,10388.0
147.79,10557.8
148.04,10688.0
148.29,10636.0
148.54,10516.0
148.79,10378.5
149.04,11228.0
149.29,10512.0
149.54,10442.2
149.79,11172.0
150.04,11601.6
150.29,11960.0
150.54,11478.1
150.79,12124.0
151.05,12338.6
151.30,11649.4
151.55,11520.0
151.80,11458.2
152.05,11636.0
152.30,11340.0
152.55,10944.2
152.80,11252.0
153.05,11368.0
153.30,11219.1
153.55,11432.0
153.80,11040.0
154.05,10872.5
154.30,11880.0
154.55,11394.4
154.80,11072.0
155.05,10748.0
155.30,11183.3
155.55,11203.2
155.80,11000.0
156.06,11729.1
156.31,11540.0
156.56,10996.0
156.81,10844.6
157.06,11444.0
157.31,11545.8
157.56,11032.0
157.81,11356.0
158.06,11155.4
158.31,11116.0
158.56,11380.0
158.81,10900.4
159.06,11572.0
159.31,11672.0
159.56,11588.0
159.81,11131.5
160.06,11204.0
160.31,11004.0
160.56,11284.0
160.81,10892.4
161.06,11052.0
161.31,10908.0
161.56,11316.0
161.81,11637.5
162.06,11436.0
162.31,11294.8
162.56,12087.7
162.81,12264.0
163.06,11948.0
163.31,11992.0
163.57,11800.8
163.82,12107.6
164.07,11752.0
164.32,11492.0
164.57,11741.0
164.82,11764.0
165.07,12168.0
165.32,11868.5
165.57,11712.0
165.82,11568.0
166.07,12176.0
166.32,11972.1
166.57,11844.0
166.82,11724.0
167.07,12071.7
167.32,11956.0
167.57,11908.0
167.82,11892.4
168.07,11800.8
168.32,12188.0
168.57,12043.8
168.82,14272.0
169.07,14378.5
169.33,14717.1
169.58,14296.0
169.83,14247.0
170.08,14732.0
170.33,14828.7
170.58,14772.0
170.83,14668.0
171.08,14712.0
171.33,14732.0
171.58,14442.2
171.83,14780.0
172.08,14964.0
172.33,14183.3
172.58,14740.0
172.83,14856.6
173.08,14745.0
173.33,14796.8
173.58,14980.0
173.83,14492.0
174.08,14936.3
174.33,14732.0
174.59,14597.6
174.84,14828.0
175.09,14420.0
175.34,13290.8
175.59,13716.0
175.84,13900.0
176.09,13840.6
176.34,13744.0
176.59,14168.0
176.84,14028.0
177.09,13772.9
177.34,13868.5
177.59,14056.0
177.84,14228.0
178.09,14310.8
178.34,14472.0
178.59,13856.0
178.84,13852.6
179.09,14139.4
179.34,14172.0
179.59,14068.0
179.84,14140.0
180.09,13996.0
180.34,13689.2
180.59,13388.0
180.84,13764.9
181.09,13740.0
181.34,14091.6
181.59,14140.0
181.85,14167.3
182.10,14412.0
182.35,14608.0
182.60,14478.1
182.85,13784.0
183.10,14051.8
183.35,13884.0
183.60,14039.8
183.85,14199.2
184.10,13860.0
184.35,13936.0
184.60,14608.0
184.85,14533.9
185.10,14192.0
185.35,14450.2
185.60,14442.2
185.85,14740.0
186.10,15163.3
186.35,14312.0
186.60,14772.0
186.85,14470.1
187.11,14661.4
187.36,14756.0
187.61,14640.0
187.86,13320.0
188.11,14294.8
188.36,14243.0
188.61,14432.0
188.86,14820.0
189.11,14404.0
189.36,14318.7
189.61,14552.0
189.86,14856.0
190.11,14548.0
190.36,14430.3
190.61,14592.0
190.86,14612.0
191.11,14332.0
191.36,14665.3
191.61,15620.0
191.86,15312.0
192.11,14956.2
192.36,14864.0
192.61,14644.0
192.86,15163.3
193.11,15028.0
193.36,14322.7
193.61,14648.0
193.87,14745.0
194.12,14916.0
194.37,14864.5
194.62,14856.0
194.87,14920.3
195.12,14629.5
195.37,15172.0
195.62,14508.0
195.87,14952.0
196.12,14940.0
196.37,14784.0
196.62,15055.8
196.87,14660.0
197.12,14649.4
197.37,14872.0
197.62,14820.7
197.87,15536.0
198.12,14816.7
198.37,14256.0
198.62,14992.0
198.87,14645.4
199.12,15012.0
199.37,14561.8
199.62,14604.0
199.87,14940.0
200.12,15067.7
200.38,14832.0
200.63,14681.3
200.88,14580.0
201.13,14508.0
201.38,14308.0
201.63,14529.9
201.88,14856.0
202.13,15396.0
202.38,15240.0
202.63,15132.0
202.88,15004.0
203.13,14740.0
203.38,15912.4
203.63,17079.7
203.88,15636.0
204.13,15637.5
204.38,15868.0
204.63,15980.0
204.88,15736.0
205.13,14856.6
205.38,13920.0
205.63,13729.1
205.88,13876.0
206.13,13696.0
206.38,15212.0
206.63,14604.0
206.88,13661.4
207.13,14199.2
207.38,13992.0
207.63,13920.0
207.89,14358.6
208.14,14316.0
208.39,14212.0
208.64,14422.3
208.89,14749.0
209.14,14512.0
209.39,15649.4
209.64,15564.0
209.89,15232.0
210.14,14829.4
210.39,14920.0
210.64,15920.0
210.89,15188.0
211.14,14792.8
211.39,15684.0
211.64,15111.6
211.89,14677.3
212.14,13604.0
212.39,13464.0
212.64,13444.0
212.90,14450.2
213.15,14088.0
213.40,14286.9
213.65,14396.0
213.90,14358.6
214.15,14316.0
214.40,15147.4
214.65,15944.0
214.90,15696.0
215.15,15948.0
215.40,16039.8
215.65,14928.0
215.90,14545.8
216.15,14484.0
216.40,14529.9
216.65,14480.0
216.90,14462.2
217.15,14488.0
217.40,15585.7
217.65,15788.0
217.90,15696.0
218.15,15533.9
218.40,16096.0
218.65,15096.0
218.90,14472.0
219.15,15472.0
219.40,16008.0
219.65,16116.0
219.91,15780.9
220.16,16236.0
220.41,15944.2
220.66,16152.0
220.91,15374.5
221.16,14768.9
221.41,14952.0
221.66,15071.7
221.91,14836.0
222.16,15004.0
222.41,14940.2
222.66,15099.6
223.03,6864.1
223.28,14692.0
223.53,15601.6
223.78,15980.1
224.03,16227.1
224.28,16208.0
224.53,15860.0
224.78,16390.4
225.03,16236.0
225.28,16024.0
225.53,16239.0
225.78,15677.3
226.03,16020.0
226.29,15852.6
226.54,16420.0
226.79,16420.0
227.04,15721.1
227.29,15792.8
227.54,15816.0
227.79,14657.4
228.04,15060.0
228.29,15063.7
228.54,15228.0
228.79,15132.0
229.04,14418.3
229.29,14908.0
229.54,14928.0
229.79,15012.0
230.04,14668.0
230.29,14788.0
230.54,14629.5
230.79,14808.0
231.04,14848.0
231.29,15628.0
231.54,15621.5
231.79,15236.0
232.04,14092.0
232.29,14334.7
232.55,15422.3
232.80,15708.0
233.05,15952.2
233.30,16164.0
233.55,16306.8
233.80,15808.0
234.05,15713.1
234.30,15668.0
234.55,15492.0
234.80,14302.8
235.05,14356.0
235.30,14756.0
235.55,14788.0
235.80,14593.6
236.05,15000.0
236.30,14430.3
236.55,14856.0
236.80,14604.0
237.05,14952.2
237.30,15068.0
237.55,15043.8
237.80,16092.0
238.05,16104.0
238.31,15657.4
238.56,14960.2
238.81,12673.3
239.06,13440.0
239.31,13712.0
239.56,14179.3
239.81,14724.0
240.06,13768.0
240.31,14039.8
240.56,14027.9
240.81,13280.0
241.06,14537.8
241.31,13852.6
241.56,13673.3
241.81,13729.1
242.06,14067.7
242.31,14064.0
242.56,13756.0
242.82,13637.5
243.07,13672.0
243.32,13008.0
243.57,12212.0
243.82,13980.1
244.07,14876.0
244.32,13980.0
244.57,13772.9
244.82,13564.0
245.07,13175.3
245.32,13312.0
245.57,12512.0
245.82,14496.0
246.07,14179.3
246.32,13352.0
246.57,14576.0
246.82,14621.5
247.07,13372.0
247.32,13708.0
247.57,13693.2
247.82,12728.0
248.07,14252.0
248.32,13920.0
248.57,14008.0
248.82,13832.7
249.07,14386.5
249.32,13664.0
249.57,13368.0
249.82,12452.0
250.07,13412.0
250.32,13912.0
250.57,13888.0
250.82,14216.0
251.08,14681.3
251.33,14656.0
251.58,14824.0
251.83,14621.5
252.08,14492.0
252.33,14588.0
252.58,14521.9
252.83,13880.0
253.08,13996.0
253.33,14172.0
253.58,13784.0
253.83,13541.8
254.08,13780.0
254.33,13352.0
254.58,13796.0
254.83,13964.0
255.08,13916.3
255.33,13756.0
255.58,13792.8
255.83,13398.4
256.08,13478.1
256.33,13736.0
256.58,13864.0
256.83,14059.8
257.08,14188.0
257.34,13498.0
257.59,13768.9
257.84,14364.0
258.09,13709.2
258.34,14000.0
258.59,14581.7
258.84,15008.0
259.09,14808.8
259.34,14312.0
259.59,14290.8
259.84,13968.0
260.09,13848.6
260.34,13732.0
260.59,13772.0
260.84,13944.0
261.09,14456.0
261.34,14336.0
261.59,14944.0
261.84,14701.2
262.09,14528.0
262.35,13685.3
262.60,14956.2
262.85,15700.0
263.10,14316.0
263.35,14075.7
263.60,14860.0
263.85,14796.8
264.10,15164.0
264.35,13832.0
264.60,15019.9
264.85,15364.0
265.10,15322.7
265.35,14764.0
265.60,15187.3
265.85,15147.4
266.10,14116.0
266.35,14474.1
266.60,15031.9
266.85,15608.0
267.11,15059.8
267.36,14892.4
267.61,15314.7
267.86,15239.0
268.11,15168.0
268.36,15260.0
268.61,15262.9
268.86,14012.0
269.11,13912.4
269.36,15302.8
269.61,14940.0
269.86,15340.0
270.11,14488.0
270.36,13701.2
270.61,13480.0
270.86,14160.0
271.11,13852.6
271.36,13972.0
271.61,13904.0
271.86,14844.0
272.11,15160.0
272.36,14075.7
272.61,14068.0
272.87,14155.4
273.12,14148.0
273.37,14336.0
273.62,13780.9
273.87,14276.0
274.12,13736.0
274.37,14460.0
274.62,15572.0
274.87,15139.4
275.12,15004.0
275.37,14180.0
275.62,15364.0
275.87,14664.0
276.12,14036.0
276.37,14768.9
276.62,14076.0
276.87,13908.4
277.12,14608.0
277.37,14788.0
277.62,13900.0
277.87,14892.0
278.12,14693.2
278.37,15164.0
278.62,15312.0
278.87,14948.0
279.12,13820.7
279.37,14420.0
279.62,14757.0
279.87,14688.0
280.12,14744.0
280.37,14733.1
280.62,14868.5
280.87,14476.0
281.12,15262.9
281.38,15167.3
281.63,15251.0
281.88,15416.0
282.13,14908.0
282.38,14625.5
282.63,15408.0
282.88,15088.0
283.13,14414.3
283.38,14868.5
283.63,14644.0
283.88,14688.0
284.13,14685.3
284.38,14748.0
284.63,15048.0
284.88,14992.0
285.13,14972.0
285.38,15384.0
285.63,14641.4
285.88,14725.1
286.13,14560.0
286.38,14600.0
286.63,14016.0
286.88,14796.0
287.13,14713.1
287.38,14596.0
287.63,14792.0
287.88,14796.0
288.13,14372.0
288.39,14792.8
288.64,14788.8
288.89,14864.0
289.14,14812.0
289.39,14476.0
289.64,14516.0
289.89,14589.6
290.14,14576.0
290.39,14532.0
290.64,14908.0
290.89,14713.1
291.14,14756.0
291.39,15247.0
291.64,14960.0
291.89,15392.0
292.14,14976.0
292.39,14984.1
292.64,15107.6
292.89,14524.0
293.14,14412.0
293.39,14148.0
293.64,14167.3
293.89,14320.0
294.14,14184.0
294.39,14508.0
294.64,14370.5
294.89,14466.1
295.14,14304.0
295.40,14872.5
295.65,15104.0
295.90,14342.6
296.15,14928.3
296.40,15504.0
296.65,14705.2
296.90,14338.6
297.15,14468.0
297.40,14434.3
297.65,14988.0
297.90,15208.0
298.15,14031.9
298.40,14512.0
298.65,14486.1
298.90,14422.3
299.15,14608.0
299.40,14892.0
299.66,14780.9
299.91,14784.0
300.16,14984.1
300.41,14270.9
300.66,15075.7
300.91,15128.0
301.16,15067.7
301.41,15104.0
301.66,14605.6
301.91,14920.3
302.16,14988.0
302.41,14832.0
302.66,13904.0
302.91,15167.3
303.16,15545.8
303.41,15932.0
303.66,14260.0
303.91,14880.0
304.17,14255.0
304.42,14510.0
304.67,14187.3
304.92,14195.2
305.17,13940.0
305.42,13932.0
305.67,13892.4
305.92,14068.0
306.17,14472.0
306.42,14402.4
306.67,14712.0
306.92,14364.0
307.17,14235.1
307.42,14264.0
307.67,15256.0
307.92,15240.0
308.17,14692.0
308.42,14418.3
308.67,14332.0
308.92,14312.0
309.17,14416.0
309.42,14737.1
309.67,14832.0
309.92,14828.0
310.17,14689.2
310.42,14824.0
310.67,14792.0
310.93,14270.9
311.18,14896.4
311.43,15040.0
311.68,14580.0
311.93,14788.0
312.18,14776.9
312.43,14761.0
312.68,14836.0
312.93,14697.2
313.18,14294.8
313.43,14748.0
313.68,15108.0
313.93,14780.9
314.18,14764.0
314.43,14820.0
314.68,14725.1
314.93,14745.0
315.18,15264.0
315.43,14612.0
315.68,14665.3
315.94,15019.9
316.19,14892.0
316.44,14836.0
316.69,15059.8
316.94,15080.0
317.19,14844.0
317.44,14549.8
317.69,15474.1
317.94,14496.0
318.19,14668.0
318.44,14446.2
318.69,14456.0
318.94,13948.0
319.19,14544.0
319.44,14171.3
319.69,14212.0
319.94,13864.5
320.19,13684.0
320.44,14844.6
320.69,14336.0
320.94,14328.0
321.19,14402.4
321.44,14068.0
321.69,13808.8
321.94,13952.2
322.19,13560.0
322.44,14044.0
322.69,13544.0
322.94,13772.0
323.20,13812.8
323.45,13884.0
323.70,13868.5
323.95,13924.0
324.20,13984.0
324.45,14510.0
324.70,14092.0
324.95,14740.0
325.20,14641.4
325.45,14324.0
325.70,14784.0
325.95,14402.4
326.20,14616.0
326.45,15322.7
326.70,14136.0
326.95,14940.0
327.20,14653.4
327.45,14103.6
327.70,14100.0
327.95,14136.0
328.20,14176.0
328.45,14270.9
328.70,13988.0
328.95,14187.3
329.20,15068.0
329.45,14908.0
329.71,15294.8
329.96,14816.0
330.21,15012.0
330.46,13176.0
330.71,13330.7
330.96,13400.0
331.21,13288.0
331.46,14104.0
331.71,14502.0
331.96,14844.0
332.21,14180.0
332.46,14111.6
332.71,14414.3
332.96,14624.0
333.21,16031.9
333.46,15320.0
333.71,14204.0
333.96,13804.0
334.21,14171.3
334.46,14456.0
334.71,13992.0
334.96,15059.8
335.21,15136.0
335.46,15187.3
335.71,15168.0
335.96,15492.0
336.22,15470.1
336.47,15468.0
336.72,15593.6
336.97,15608.0
337.22,15577.7
337.47,15756.0
337.72,16031.9
337.97,15540.0
338.22,15828.0
338.47,15426.3
338.72,15212.0
338.97,14207.2
339.22,14556.0
339.47,14448.0
339.72,14362.6
339.97,14628.0
340.22,14460.0
340.47,14454.2
340.72,14808.0
340.97,14270.9
341.22,14564.0
341.47,14552.0
341.72,14040.0
341.98,14055.8
342.23,14280.0
342.48,14228.0
342.73,14087.7
342.98,15196.0
343.23,15284.0
343.48,14665.3
343.73,15728.0
343.98,15569.7
344.23,15528.0
344.48,15824.0
344.73,14928.0
344.98,14832.7
345.23,14944.2
345.48,14980.0
345.73,14251.0
345.98,14684.0
346.23,14761.0
346.48,15480.0
346.73,15216.0
346.98,14800.8
347.23,14928.3
347.49,15063.7
347.74,15152.0
347.99,14724.0
348.24,15108.0
348.49,14972.1
348.74,14681.3
348.99,14384.0
349.24,14852.0
349.49,15208.0
349.74,14912.0
349.99,14612.0
350.24,14980.1
350.49,15127.5
350.74,15035.9
350.99,15136.0
351.24,14992.0
351.49,14936.0
351.74,14652.0
351.99,14852.6
352.24,15043.8
352.49,15132.0
352.74,15060.0
352.99,14940.0
353.24,15316.0
353.49,14872.5
353.74,14768.0
353.99,14625.5
354.25,14729.1
354.50,14780.0
354.75,15032.0
355.00,14960.0
355.25,14669.3
355.50,14916.3
355.75,14565.7
356.00,14366.5
356.25,14988.0
356.50,15184.0
356.75,15012.0
357.00,14968.1
357.25,14596.0
357.50,14548.0
357.75,14880.0
358.00,14892.4
358.25,14740.0
358.50,14964.0
358.75,14932.0
359.00,14852.6
359.25,15208.0
359.50,14928.3
359.75,15228.0
360.00,14324.0
360.25,14681.3
360.50,15524.0
360.75,17412.0
361.01,16717.1
361.26,14776.0
361.51,14936.0
361.76,14632.0
362.01,14633.5
362.26,14372.0
362.51,14306.8
362.76,14920.0
363.01,14458.2
363.26,14398.4
363.51,14728.0
363.76,14023.9
364.01,14844.0
364.26,15724.0
364.51,15632.0
364.76,13908.4
365.01,14936.0
365.26,15215.1
365.51,15474.1
365.76,15356.0
366.01,15450.2
366.27,15494.0
366.52,15384.0
366.77,14517.9
367.02,14208.0
367.27,12340.0
367.52,13629.5
367.77,13502.0
368.02,14504.0
368.27,13548.0
368.52,13652.0
368.77,13684.0
369.02,10450.2
369.27,13996.0
369.52,13996.0
369.77,14856.0
370.02,15741.0
370.27,15378.5
370.52,16132.0
370.77,13314.7
371.02,15388.0
371.27,15944.0
371.52,16160.0
371.77,15876.5
372.02,16012.0
372.27,16064.0
372.52,16064.0
372.77,16136.0
373.03,16243.0
373.28,15860.6
373.53,14828.0
373.78,15239.0
374.03,15600.0
374.28,15244.0
374.53,15374.5
374.78,15696.0
375.03,15792.0
375.28,15468.0
375.53,15390.4
375.78,15528.0
376.03,14510.0
376.28,14836.0
376.53,14764.0
376.78,15290.8
377.03,15588.0
377.28,15664.0
377.53,15976.0
377.78,15529.9
378.03,14344.0
378.28,15004.0
378.53,15016.0
378.78,14820.0
379.04,14657.4
379.29,15024.0
379.54,15231.1
379.79,15055.8
380.04,15312.0
380.29,15000.0
380.54,14964.0
380.79,15192.0
381.04,15569.7
381.29,15282.9
381.54,15600.0
381.79,15104.0
382.04,14462.2
382.29,15056.0
382.54,15394.4
382.79,15083.7
383.04,15692.0
383.29,15144.0
383.54,8136.0
383.79,0.0
384.04,0.0
384.29,0.0
384.54,0.0
384.80,0.0
385.05,0.0
385.30,0.0
385.55,0.0
385.80,0.0
386.05,0.0
386.30,0.0
386.55,0.0
386.80,0.0
387.05,0.0
387.30,0.0
387.55,0.0
387.80,0.0
388.05,0.0
388.30,0.0
388.55,0.0
388.80,5454.2
389.05,11532.0
389.30,10488.0
389.55,10019.9
389.80,10290.8
390.05,10508.0
390.30,10020.0
390.56,9824.7
390.81,9872.0
391.06,9592.0
391.31,9617.5
391.56,9816.0
391.81,9721.1
392.06,10196.0
392.31,9868.0
392.56,9649.4
392.81,9676.0
393.06,9384.0
393.31,9964.1
393.56,10088.0
393.81,10609.6
394.06,10460.0
394.31,10372.0
394.56,10092.0
394.81,10478.1
395.06,10684.0
395.31,10573.7
395.56,10448.0
395.81,10398.4
396.06,10761.0
396.31,10568.0
396.56,10440.0
396.81,10374.5
397.06,9596.0
397.31,9952.0
397.57,9980.1
397.82,10348.0
398.07,10549.8
398.32,10748.0
398.57,10470.1
398.82,10860.0
399.07,10772.0
399.32,11067.7
399.57,11048.0
399.82,10636.0
400.07,10597.6
400.32,10680.0
400.57,10960.0
400.82,11016.0
401.07,10988.0
401.32,11398.4
401.57,11684.0
401.82,11012.0
402.07,10508.0
402.32,10143.4
402.57,10448.0
402.82,10912.4
403.07,10665.3
403.32,10784.0
403.57,10924.0
403.82,10808.0
404.07,10187.3
404.33,10270.9
404.58,10640.0
404.83,10456.0
405.08,10992.0
405.33,10936.3
405.58,10896.4
405.83,10980.0
406.08,11000.0
406.33,10601.6
406.58,11188.0
406.83,10620.0
407.08,11035.9
407.33,10888.0
407.58,11031.9
407.83,10584.0
408.08,10872.0
408.33,11075.7
408.58,10896.0
408.83,10689.2
409.08,10928.0
409.33,10784.0
409.58,10844.6
409.84,10816.7
410.09,10756.0
410.34,10728.0
410.59,10848.6
410.84,10928.3
411.09,11104.0
411.34,11043.8
411.59,11083.7
411.84,11096.0
412.09,10764.0
412.34,10753.0
412.59,10592.0
412.84,10700.0
413.09,10135.5
413.34,10239.0
413.59,10816.0
413.84,10239.0
414.09,10452.0
414.35,9864.5
414.60,10520.0
414.85,10414.3
415.10,10416.0
415.35,10470.1
415.60,10768.0
415.85,11298.8
416.10,10836.7
416.35,10388.0
416.60,10362.6
416.85,10484.0
417.10,10368.0
417.35,10517.9
417.60,10544.0
417.85,10632.0
418.10,10561.8
418.35,10400.0
418.60,10852.0
418.85,11072.0
419.10,11462.2
419.35,11896.4
419.60,10576.0
419.85,10576.0
420.10,10940.0
420.36,10721.1
420.61,10780.9
420.86,11112.0
421.11,10956.0
421.36,10517.9
421.61,10589.6
421.86,10472.0
422.11,11012.0
422.36,11059.8
422.61,10876.0
422.86,10756.0
423.11,11960.0
423.36,11569.7
423.61,11524.0
423.86,11251.0
424.11,11120.0
424.36,11328.0
424.61,11171.3
424.86,11556.0
425.11,11148.0
425.36,10988.0
425.61,11028.0
425.86,11176.0
426.11,11300.0
426.36,11384.0
426.61,11312.0
426.86,11140.0
427.12,11055.8
427.37,11280.0
427.62,10984.0
427.87,11581.7
428.12,11470.1
428.37,11103.6
428.62,10470.1
428.87,10564.0
429.12,10440.0
429.37,11048.0
429.62,11609.6
429.87,11557.8
430.12,11060.0
430.37,11215.1
430.62,11268.0
430.87,11172.0
431.12,11183.3
431.37,10700.0
431.62,11382.5
431.87,10804.0
432.12,10696.0
432.37,11396.0
432.62,11390.4
432.88,11776.0
433.13,11342.6
433.38,11780.0
433.63,11510.0
433.88,11408.0
434.13,11776.0
434.38,11704.0
434.63,11840.0
434.88,11932.3
435.13,11513.9
435.38,8028.0
435.63,11000.0
435.88,10848.6
436.13,11192.0
436.38,11167.3
436.63,11075.7
436.88,11460.0
437.13,11380.0
437.38,11140.0
437.63,10466.1
437.88,10516.0
438.13,11239.0
438.38,11428.0
438.63,10952.0
438.88,10593.6
439.13,10624.0
439.39,11000.0
439.64,10720.0
439.89,10840.0
440.14,10852.6
440.39,10400.0
440.64,11264.0
440.89,10800.8
441.14,11087.7
441.39,11088.0
441.64,10314.7
441.89,10376.0
442.14,10569.7
442.39,10486.1
442.64,10207.2
442.89,10704.0
443.14,10828.7
443.39,11128.0
443.64,10252.0
443.89,10128.0
444.14,10498.0
444.39,10620.0
444.65,10701.2
444.90,10466.1
445.15,10660.0
445.40,10400.0
445.65,10378.5
445.90,10452.0
446.15,10462.2
446.40,10163.3
446.65,10424.0
446.90,10704.0
447.15,10556.0
447.40,10448.0
447.65,11424.0
447.90,10588.0
448.15,10529.9
448.40,10208.0
448.65,10652.0
448.90,10412.0
449.15,10721.1
449.40,10502.0
449.65,10776.0
449.90,10203.2
450.15,10516.0
450.40,10744.0
450.65,10184.0
450.90,10460.0
451.15,10677.3
451.40,11132.0
451.66,10677.3
451.91,10569.7
452.16,10456.0
452.41,10621.5
452.66,10664.0
452.91,10688.0
453.16,10940.0
453.41,10832.7
453.66,10476.0
453.91,10860.0
454.16,10741.0
454.41,10649.4
454.66,11060.0
454.91,11063.7
455.16,11788.0
455.41,11580.0
455.66,11832.0
455.91,11996.0
456.16,11023.9
456.41,12016.0
456.66,11672.0
456.91,11207.2
457.16,11480.0
457.41,11312.0
457.67,10709.2
457.92,11144.0
458.17,11404.0
458.42,12119.0
458.67,11760.0
458.92,11660.0
459.17,11302.8
459.42,11392.0
459.67,11665.3
459.92,11713.1
460.17,11016.0
460.42,11460.0
460.67,11386.5
460.92,11888.4
461.17,11480.0
461.42,11868.0
461.67,11632.0
461.92,11243.0
462.24,5796.2
462.49,11076.0
462.74,11916.3
462.99,11211.2
463.24,11520.0
463.49,11540.0
463.75,11633.5
464.00,11920.0
464.25,11625.5
464.50,11649.4
464.75,10848.6
465.00,11080.0
475.91,187.3
476.16,10681.3
476.41,10068.0
476.66,10083.7
476.91,10436.0
477.16,10768.0
477.41,10040.0
477.66,10302.8
477.91,10653.4
478.16,10912.0
478.41,11027.9
478.66,10552.0
478.91,10652.0
479.16,9884.5
479.41,10310.8
479.67,9976.1
479.92,9896.0
480.17,10446.2
480.42,10496.0
480.67,10135.5
480.92,10616.0
481.17,10657.4
481.42,10660.0
481.67,10788.8
481.92,10569.7
482.17,10504.0
482.42,10864.0
482.67,10808.0
482.92,10541.8
483.17,10247.0
483.42,11000.0
483.67,10484.0
483.92,10484.0
484.17,10581.7
484.42,10549.8
484.67,10644.0
484.92,9008.0
485.18,10589.6
485.43,10456.0
485.68,10892.4
485.93,10816.0
486.18,11352.0
486.43,9677.3
486.68,10808.8
486.93,11228.0
487.18,11024.0
487.43,11298.8
487.68,11012.0
487.93,11259.0
488.18,11184.0
488.43,11124.0
488.68,11236.0
488.93,11255.0
489.18,11380.0
489.43,10608.0
489.68,10585.7
489.93,10828.0
490.18,10737.1
490.44,10529.9
490.69,11338.6
490.94,11051.8
491.19,11338.6
491.44,11208.0
491.69,10556.0
491.94,10788.8
492.19,10350.6
492.44,11400.0
492.69,11944.2
492.94,10988.0
493.19,11358.6
493.44,11128.0
493.69,11216.0
493.94,10972.1
494.19,10111.6
494.44,11039.8
494.70,10944.2
494.95,10500.0
495.20,10872.0
495.45,10454.2
495.70,10912.0
495.95,10685.3
496.20,10336.0
496.45,10199.2
496.70,10350.6
496.95,10832.0
497.20,11248.0
497.45,10556.0
497.70,10808.8
497.95,10609.6
498.20,10749.0
498.45,10860.0
498.70,10168.0
498.95,10496.0
499.20,10764.9
499.45,11000.0
499.70,11191.2
499.96,10207.2
500.21,10692.0
500.46,11370.5
500.71,11012.0
500.96,10976.0
501.21,10992.0
501.46,10844.6
501.71,11400.0
501.96,11192.0
502.21,11262.9
502.46,10868.0
502.71,11468.0
502.96,11468.0
503.21,10956.0
503.46,11724.0
503.71,10725.1
503.96,10956.2
504.21,10561.8
504.46,10524.0
504.71,11548.0
504.96,11356.0
505.21,11968.0
505.46,11266.9
505.71,11414.3
505.96,10892.0
506.21,10688.0
506.46,10729.1
506.72,10577.7
506.97,10512.0
507.22,10648.0
507.47,10772.9
507.72,10880.5
507.97,11020.0
508.22,10784.9
508.47,10446.2
508.72,10728.0
508.97,11048.0
509.22,10488.0
509.47,10664.0
509.72,10824.7
509.97,11195.2
510.22,10660.0
510.47,11733.1
510.72,12080.0
510.97,11824.7
511.22,11780.0
511.48,11386.5
511.73,11044.0
511.98,11000.0
512.23,11576.0
512.48,11336.0
512.73,11191.2
512.98,11693.2
513.23,11136.0
513.48,11352.0
513.73,11537.8
513.98,12124.0
514.23,11792.8
514.48,12220.0
514.73,12000.0
514.98,11368.0
515.23,10444.0
515.48,11330.7
515.73,11374.5
515.98,11384.0
516.23,11524.0
516.48,11820.0
516.73,11561.8
516.98,11306.8
517.24,11741.0
517.49,11516.0
517.74,11394.4
517.99,11696.0
518.24,11568.0
518.49,9681.3
518.74,11796.8
518.99,11712.0
519.24,11844.0
519.49,11296.0
519.74,11560.0
519.99,11628.0
520.24,11701.2
520.49,11832.0
520.74,12212.0
520.99,13318.7
521.24,13616.0
521.49,13716.0
521.74,13740.0
521.99,12988.0
522.24,13478.1
522.49,13729.1
522.74,13824.7
522.99,13516.0
523.24,13812.0
523.49,13512.0
523.74,13896.0
523.99,14060.0
524.25,13557.8
524.50,13159.4
524.75,13860.0
525.00,14384.0
525.25,14024.0
525.50,14705.2
525.75,15008.0
526.00,14721.1
526.25,14717.1
526.50,14661.4
526.75,14648.0
527.00,14976.0
527.25,15310.8
527.50,15032.0
527.75,15072.0
528.00,14832.7
528.25,15008.0
528.50,14836.0
528.75,15232.0
529.00,15336.0
529.25,14768.0
529.50,14880.5
529.75,14396.0
530.00,14708.0
530.25,14653.4
530.50,14684.0
530.75,14512.0
531.00,14568.0
531.25,14215.1
531.50,14820.0
531.76,14601.6
532.01,14708.0
532.26,14752.0
532.51,14808.8
532.76,15474.1
533.01,16244.0
533.26,14761.0
533.51,15244.0
533.76,16332.0
534.01,15836.7
534.26,15772.0
534.51,14816.0
534.76,16334.7
535.01,16164.0
535.26,15274.9
535.51,15232.0
535.76,15450.2
536.01,15000.0
536.26,14657.4
536.51,14701.2
536.76,14672.0
537.02,14482.1
537.27,14296.0
537.52,14160.0
537.77,14354.6
538.02,14644.0
538.27,15004.0
538.52,14820.7
538.77,14757.0
539.02,15143.4
539.27,15404.0
539.52,15521.9
539.77,16344.0
540.02,14556.0
540.27,14840.0
540.52,14812.8
540.77,14792.8
541.02,15123.5
541.27,14900.0
541.52,14928.0
541.77,14936.3
542.02,14772.0
542.27,14912.0
542.53,15266.9
542.78,14916.0
543.03,14584.0
543.28,14548.0
543.53,14625.5
543.78,14644.0
544.03,15004.0
544.28,14916.0
544.53,15330.7
544.78,15282.9
545.03,15184.0
545.28,15052.0
545.53,15052.0
545.78,14820.7
546.03,14924.0
546.28,15264.0
546.53,13968.1
546.78,15123.5
547.03,14972.0
547.28,14748.0
547.53,13912.4
547.78,14216.0
548.03,14700.0
548.28,14761.0
548.53,15032.0
548.78,14988.0
549.04,14657.4
549.29,14264.0
549.54,14976.0
549.79,14378.5
550.04,14426.3
550.29,14972.0
550.54,14980.0
550.79,14617.5
551.04,14410.4
551.29,14948.2
551.54,15168.0
551.79,15099.6
552.04,15140.0
552.29,14482.1
552.54,14328.0
552.79,14087.7
553.04,14617.5
553.29,14552.0
553.54,14920.0
553.79,14900.0
554.05,15143.4
554.30,14904.0
554.55,15092.0
554.80,15004.0
555.05,15164.0
555.30,14585.7
555.55,14788.0
555.80,15462.2
556.05,15084.0
556.30,15188.0
556.55,14972.0
556.80,15302.8
557.05,15268.0
557.30,15314.7
557.55,15067.7
557.80,14756.0
558.05,14780.9
558.30,14600.0
558.55,14332.0
558.80,14549.8
559.05,14832.7
559.30,15328.0
559.55,15135.5
559.81,14366.5
560.06,13804.0
560.31,14668.0
560.56,14701.2
560.81,14581.7
561.06,14808.8
561.31,15040.0
561.56,14804.0
561.81,14940.2
562.06,14284.0
562.31,14820.0
562.56,14768.0
562.81,15244.0
563.06,14888.0
563.31,14270.9
563.56,14732.0
563.81,14992.0
564.06,14632.0
564.31,14964.1
564.56,14928.0
564.81,15091.6
565.07,15454.2
565.32,15428.0
565.57,15354.6
565.82,15400.0
566.07,15195.2
566.32,15156.0
566.57,14984.0
566.82,14904.4
567.07,14840.0
567.32,14852.6
567.57,15548.0
567.82,15304.0
568.07,14848.6
568.32,14724.0
568.57,14649.4
568.82,14440.0
569.07,14540.0
569.32,14620.0
569.57,14406.4
569.82,14800.0
570.07,15039.8
570.32,14396.0
570.57,14448.0
570.82,14644.0
571.07,15235.1
571.33,14856.6
571.58,14844.0
571.83,14876.5
572.08,15052.0
572.33,14820.7
572.58,14284.0
572.83,14139.4
573.08,14356.0
573.33,14370.5
573.58,14312.0
573.83,14512.0
574.08,13876.5
574.33,13649.4
574.58,14084.0
574.83,14064.0
575.08,14216.0
575.33,14296.0
575.58,14144.0
575.83,14294.8
576.08,14184.0
576.33,13908.0
576.58,14308.0
576.83,14239.0
577.08,13525.9
577.33,13496.0
577.58,13968.0
577.83,14996.0
578.08,15116.0
578.33,15120.0
578.58,14532.0
578.84,14920.3
579.09,15528.0
579.34,15136.0
579.59,14741.0
579.84,14528.0
580.09,14560.0
580.34,14697.2
580.59,14728.0
580.84,14757.0
581.09,14681.3
581.34,14956.2
581.59,15031.9
581.84,14984.0
582.09,14660.0
582.34,14876.5
582.59,14808.0
582.84,14756.0
583.09,14753.0
583.34,14956.0
583.59,14932.0
583.84,14752.0
584.09,14490.0
584.34,14844.0
584.59,14872.0
584.85,15262.9
585.10,15605.6
585.35,15247.0
585.60,14621.5
585.85,14255.0
586.10,14008.0
586.35,14220.0
586.60,14681.3
586.85,15051.8
587.19,3529.4
587.44,14661.4
587.69,14716.0
587.94,13660.0
588.19,14235.1
588.44,14151.4
588.69,14688.0
588.95,14796.8
589.20,13729.1
589.45,13660.0
589.70,13828.0
589.95,14688.0
590.20,15753.0
590.45,15143.4
590.70,14472.0
590.95,13788.8
591.20,14112.0
591.45,13864.5
591.70,15360.0
591.95,13992.0
592.20,14282.9
592.45,13588.0
592.70,15075.7
592.95,14336.0
593.20,13764.9
593.45,14064.0
593.70,14408.0
593.95,13932.0
594.20,13796.8
594.45,13836.0
594.71,14015.9
594.96,14560.0
595.21,14216.0
595.46,14592.0
595.71,14466.1
595.96,14601.6
596.21,16248.0
596.46,14653.4
596.71,14043.8
596.96,13852.6
597.21,14144.0
597.46,13844.6
597.71,13952.0
597.96,13260.0
598.21,13721.1
598.46,13680.0
598.71,13657.4
598.96,14219.1
599.21,14984.0
599.46,14988.0
599.71,14660.0
599.97,14645.4
600.22,14608.0
600.47,14617.5
600.72,14748.0
600.97,14472.0
601.22,14163.3
601.47,13468.0
601.72,13502.0
601.97,13612.0
602.22,13812.8
602.47,13656.0
602.72,13557.8
602.97,13608.0
603.22,13689.2
603.47,13617.5
603.72,13800.0
603.97,13912.0
604.22,14756.0
604.47,13733.1
604.72,15248.0
604.97,15382.5
605.22,14000.0
605.48,13772.9
605.73,13876.5
605.98,13568.0
606.23,13772.9
606.48,14012.0
606.73,13868.0
606.98,13296.0
607.23,13286.9
607.48,13340.0
607.73,13840.6
607.98,13660.0
608.23,13928.3
608.48,14136.0
608.73,14124.0
608.98,13438.2
609.23,14052.0
609.48,13422.3
609.73,14332.0
609.98,13390.4
610.23,14350.6
610.48,16316.0
610.73,16164.0
610.98,14448.0
611.24,14278.9
611.49,13824.7
611.74,13180.0
611.99,13888.0
612.24,13792.0
612.49,13788.8
612.74,14972.1
612.99,15248.0
613.24,15115.5
613.49,15252.0
613.74,14916.3
613.99,15496.0
614.24,15188.0
614.49,15396.0
614.74,15259.0
614.99,15436.0
615.24,13712.0
615.49,14376.0
615.74,14553.8
615.99,15168.0
616.24,15637.5
616.49,15156.0
616.74,15434.3
616.99,15380.0
617.25,11860.6
617.50,13251.0
617.75,14164.0
618.00,14748.0
618.25,14092.0
618.50,14075.7
618.75,14344.0
619.00,14264.0
619.25,14160.0
619.50,14629.5
619.75,15151.4
620.00,15376.0
620.25,15764.0
620.50,15474.1
620.75,15272.0
621.00,14788.0
621.25,14864.5
621.50,15672.0
621.75,15442.2
622.00,14984.1
622.25,14561.8
622.50,15304.0
622.75,15677.3
623.00,15844.0
623.26,15784.9
623.51,15476.0
623.76,15872.5
624.01,15629.5
624.26,15628.0
624.51,15484.0
624.76,14745.0
625.01,15456.0
625.26,15500.0
625.51,15071.7
625.76,14824.0
626.01,14840.0
626.26,14784.0
626.51,15036.0
626.76,15282.9
627.01,15204.0
627.26,14617.5
627.51,14183.3
627.76,15212.0
628.01,15096.0
628.26,15398.4
628.51,15476.0
628.76,14972.0
629.01,15964.1
629.26,16184.0
629.51,15464.0
629.77,14940.2
630.02,15628.0
630.27,15434.3
630.52,15545.8
630.77,15569.7
631.02,14072.0
631.27,14736.0
631.52,14609.6
631.77,14440.0
632.02,14452.0
632.27,14354.6
632.52,14294.8
632.77,14220.0
633.02,14294.8
633.27,14549.8
633.52,14584.0
633.77,14482.1
634.02,14356.0
634.27,14140.0
634.53,14402.4
634.78,14192.0
635.03,15376.0
635.28,15183.3
635.53,15256.0
635.78,15564.0
636.03,15492.0
636.28,13410.4
636.53,14107.6
636.78,14540.0
637.03,14824.7
637.28,14512.0
637.53,14370.5
637.78,14732.0
638.03,14672.0
638.28,14669.3
638.53,14800.0
638.78,15103.6
639.03,14992.0
639.28,13644.0
639.53,13876.0
639.78,14356.0
640.03,14426.3
640.28,14584.0
640.54,15255.0
640.79,14940.0
641.04,15008.0
641.29,13649.4
641.54,13988.0
641.79,14976.0
642.04,14525.9
642.29,14920.0
642.54,15012.0
642.79,14892.4
643.04,15276.0
643.29,15188.0
643.54,13282.9
643.79,14916.0
644.04,15364.0
644.29,15360.0
644.54,15207.2
644.79,15462.2
645.04,15364.0
645.29,15183.3
645.54,14996.0
645.79,14980.1
646.04,15360.0
646.29,15132.0
646.55,15231.1
646.80,15100.0
647.05,15386.5
647.30,14664.0
647.55,14760.0
647.80,14916.3
648.05,15064.0
648.30,15268.0
648.55,14896.4
648.80,15372.0
649.05,15440.0
649.30,15200.0
649.55,15270.9
649.80,15472.0
650.05,15220.0
650.30,15023.9
650.55,15120.0
650.80,14704.0
651.05,15378.5
651.30,15252.0
651.55,15294.8
651.80,15888.0
652.05,15492.0
652.30,15350.6
652.55,14764.9
652.80,15264.0
653.06,15255.0
653.31,15512.0
653.56,15168.0
653.81,15179.3
654.06,15640.0
654.31,15532.0
654.56,15324.0
654.81,15494.0
655.06,15328.0
655.31,15660.0
655.56,15416.0
655.81,15620.0
656.06,15932.3
656.31,15525.9
656.56,15484.0
656.81,15256.0
657.06,15740.0
657.31,16661.4
657.56,15255.0
657.81,15080.0
658.06,15215.1
658.31,15128.0
658.56,15745.0
658.81,16096.0
659.07,15609.6
659.32,15580.0
659.57,15260.0
659.82,15633.5
660.07,15948.0
660.32,15652.0
660.57,16860.0
660.82,15596.0
661.07,15537.8
661.32,15418.3
661.57,15322.7
661.82,15653.4
662.07,15648.0
662.32,15412.0
662.57,15884.0
662.82,15629.5
663.07,15768.0
663.32,15336.0
663.57,15372.0
663.82,15633.5
664.07,15412.0
664.32,15322.7
664.57,15592.0
664.82,15712.0
665.07,15360.0
665.32,16380.0
665.57,15143.4
665.82,15792.0
666.07,15272.0
666.33,15589.6
666.58,15776.0
666.83,15272.0
667.08,15376.0
667.33,15179.3
667.58,15632.0
667.83,15432.0
668.08,15573.7
668.33,15124.0
668.58,15348.0
668.83,14872.5
669.08,15432.0
669.33,15482.1
669.58,15216.0
669.83,15099.6
670.08,14948.0
670.33,15524.0
670.58,15524.0
670.83,15589.6
671.08,15648.0
671.33,15286.9
671.58,15302.8
671.83,15440.0
672.08,15075.7
672.33,14948.0
672.58,14988.0
672.84,15784.9
673.09,15948.2
673.34,15576.0
673.59,15255.0
673.84,15376.0
674.09,15552.0
674.34,16055.8
674.59,15314.7
674.84,15280.0
675.09,14992.0
675.34,15304.0
675.59,15398.4
675.84,15585.7
676.09,15681.3
676.34,16296.0
676.59,15856.0
676.84,15733.1
677.09,15712.0
677.35,15928.3
677.60,16104.0
677.85,15880.0
678.10,15804.8
678.35,15188.0
678.60,15103.6
678.85,15188.0
679.10,15458.2
679.35,13812.8
679.60,13868.0
679.85,13940.2
680.10,14151.4
680.35,14099.6
680.60,14350.6
680.85,14364.0
681.10,15536.0
681.35,15573.7
681.61,15573.7
681.86,15516.0
682.11,15468.0
682.36,15290.8
682.61,15641.4
682.86,15708.0
683.11,15724.0
683.36,16108.0
683.61,15396.0
683.86,15440.0
684.11,14300.0
684.36,14856.0
684.61,15167.3
684.86,15128.0
685.11,15048.0
685.36,15458.2
685.61,15328.0
685.86,15298.8
686.11,15472.0
686.36,15454.2
686.61,13624.0
686.86,15088.0
687.11,15172.0
687.36,15227.1
687.61,14673.3
687.86,14492.0
688.11,14920.0
688.36,14685.3
688.62,14804.8
688.91,9206.2
689.16,14152.0
689.41,14394.4
689.66,14616.0
689.91,14231.1
690.16,14669.3
690.41,14717.1
690.66,14264.0
690.91,14235.1
691.16,14513.9
691.41,14083.7
691.66,13836.7
691.91,13760.0
692.16,14366.5
692.41,14484.0
692.67,14414.3
692.92,14792.8
693.17,14720.0
693.42,14748.0
693.67,14312.0
693.92,14668.0
694.17,14597.6
694.42,14648.0
694.67,14446.2
694.92,14668.0
695.17,14512.0
695.42,14128.0
695.67,14340.0
695.92,14629.5
696.17,14673.3
696.42,15036.0
696.67,14928.0
696.92,14564.0
697.17,14592.0
697.42,14908.4
697.67,14462.2
697.92,14298.8
698.17,14188.0
698.42,14020.0
698.67,13996.0
698.92,13844.6
699.17,13976.0
699.42,13968.0
699.68,15047.8
699.93,15924.0
700.18,14494.0
700.43,14052.0
700.68,14044.0
700.93,14620.0
701.18,14088.0
701.43,13980.1
701.68,14212.0
701.93,14128.0
702.18,14450.2
702.43,14460.0
702.68,14500.0
702.93,14227.1
703.18,15440.0
703.43,14972.0
703.68,14265.9
703.93,14604.0
704.18,15296.0
704.43,15400.0
704.68,15179.3
704.93,14200.0
705.18,14984.1
705.43,14608.0
705.68,14928.0
705.93,15268.0
706.18,14216.0
706.43,15095.6
706.68,14528.0
706.94,15083.7
707.19,15232.0
707.44,15096.0
707.69,15219.1
707.94,14159.4
708.19,14664.0
708.44,14533.9
708.69,14828.0
708.94,14452.0
709.19,14988.0
709.44,15064.0
709.69,14840.0
709.94,14736.0
710.19,14568.0
710.44,14374.5
710.69,14924.0
710.94,14824.0
711.19,14936.3
711.44,14960.0
711.69,14960.2
711.94,15290.8
712.19,14565.7
712.44,14992.0
712.69,14432.0
712.95,14418.3
713.20,14980.0
713.45,15024.0
713.70,15139.4
713.95,14872.0
714.20,14820.0
714.45,14565.7
714.70,14396.0
714.95,14824.7
715.20,14640.0
715.45,14576.0
715.70,14665.3
715.95,13960.0
716.20,14568.0
716.45,14276.0
716.70,14211.2
716.95,14532.0
717.20,14661.4
717.45,14448.0
717.70,14792.0
717.95,14565.7
718.20,15324.0
718.45,15624.0
718.70,15348.0
718.95,15936.3
719.20,15492.0
719.45,15288.0
719.70,15068.0
719.95,15199.2
720.20,15028.0
720.46,15290.8
720.71,15480.0
720.96,15088.0
721.21,15448.0
721.46,14466.1
721.71,10864.5
721.96,14996.0
722.21,14400.0
722.46,14516.0
722.71,14645.4
722.96,14553.8
723.21,14732.0
723.46,14768.0
723.72,11988.5
723.97,14251.0
724.22,14636.0
724.47,15112.0
724.72,14492.0
724.97,14577.7
725.22,14636.0
725.47,14223.1
725.72,12704.0
725.97,13669.3
726.22,14216.0
726.47,14143.4
726.72,14304.0
726.97,14676.0
727.22,14856.0
727.47,14836.0
727.73,13745.0
727.98,14215.1
728.23,14488.0
728.48,14876.5
728.73,14856.0
728.98,14196.0
729.23,14340.0
729.48,14880.5
729.73,14600.0
729.98,14708.0
730.23,14720.0
730.48,14633.5
730.73,14824.0
730.98,15032.0
731.23,14436.0
731.48,14637.5
731.73,15392.0
731.98,14240.0
732.23,15123.5
732.48,14808.0
732.73,14820.0
732.98,14872.5
733.23,15028.0
733.48,16120.0
733.73,14788.8
733.98,14196.0
734.23,14612.0
734.48,14641.4
734.73,14704.0
734.98,15120.0
735.24,14673.3
735.49,14860.0
735.74,14556.0
735.99,14804.0
736.24,14792.0
736.49,14672.0
736.74,14701.2
736.99,14768.9
737.24,14768.0
737.49,14692.0
737.74,14548.0
737.99,14673.3
738.24,14364.0
738.49,14816.0
738.74,14434.3
738.99,14745.0
739.24,15127.5
739.49,15232.0
739.74,14648.0
739.99,14656.0
740.24,15012.0
740.49,14880.5
740.74,14764.9
740.99,14880.5
741.24,14520.0
741.49,14692.0
741.75,15023.9
742.00,14350.6
742.25,14476.0
742.50,14524.0
742.75,14888.0
743.00,15148.0
743.25,14784.9
743.50,14737.1
743.75,15652.0
744.00,14808.8
744.25,14188.0
744.50,13748.0
744.75,15015.9
745.00,3422.3
745.25,0.0
745.50,0.0
745.75,6382.5
746.00,14624.0
746.25,14964.0
746.50,14996.0
746.75,14592.0
747.00,14948.2
747.25,15524.0
747.50,15420.0
747.76,14490.0
748.01,14684.0
748.26,14636.0
748.51,14580.0
748.76,14510.0
749.01,14568.0
749.26,14056.0
749.51,14641.4
749.76,15172.0
750.01,15216.0
750.26,15059.8
750.51,15392.0
750.76,15312.0
751.01,15159.4
751.26,15228.0
751.51,15340.0
751.76,15211.2
752.01,15656.0
752.26,15378.5
752.51,15596.0
752.76,15228.0
753.01,15281.7
753.26,15228.0
753.51,15204.0
753.76,15248.0
754.01,15513.9
754.26,15492.0
754.52,15270.9
754.77,15536.0
755.02,15753.0
755.27,15524.0
755.52,545.8
755.77,0.0
756.02,0.0
756.27,0.0
756.52,10900.4
756.77,15414.3
757.02,15712.0
757.27,16163.3
757.52,15745.0
757.77,15148.0
758.02,14266.9
758.27,14836.0
758.52,14764.0
758.77,14696.0
759.02,14428.0
759.27,14600.0
759.52,14384.0
759.77,14620.0
760.02,14235.1
760.27,14516.0
760.52,14824.0
760.78,14852.6
761.03,14608.0
761.28,15055.8
761.53,14508.0
761.78,14565.7
762.03,14560.0
762.28,14476.0
762.53,14553.8
762.78,14336.0
763.03,14580.0
763.28,14693.2
763.53,14684.0
763.78,14432.0
764.03,14888.0
764.28,15071.7
764.53,15159.4
764.78,9701.2
765.03,0.0
765.28,0.0
765.53,0.0
765.78,0.0
766.03,0.0
766.28,0.0
766.54,0.0
766.79,533.9
767.04,14356.0
767.29,14620.0
767.54,15464.0
767.79,15175.3
768.04,15617.5
768.29,15876.0
768.54,15322.7
768.79,14856.0
769.04,14864.0
769.29,14780.9
769.54,14916.0
769.79,14600.0
770.04,3972.0
770.29,0.0
770.54,0.0
770.79,0.0
771.04,0.0
771.29,0.0
771.54,0.0
771.79,0.0
772.04,0.0
772.29,14620.0
772.54,15564.0
772.80,15362.6
773.05,15474.1
773.30,15604.0
773.55,15366.5
773.80,15588.0
774.05,15215.1
774.30,15199.2
774.55,15216.0
774.80,15071.7
775.05,556.0
775.30,0.0
775.55,0.0
775.80,0.0
776.05,0.0
776.30,0.0
776.55,0.0
776.80,0.0
777.05,2131.5
777.30,14088.0
777.55,14660.0
777.81,14629.5
778.06,14756.0
778.31,14616.0
778.56,14628.0
778.81,14796.8
779.06,14836.0
779.31,14456.0
779.56,14446.2
779.81,14132.0
780.06,8044.0
780.31,0.0
780.56,0.0
780.81,0.0
781.06,0.0
781.31,0.0
781.56,0.0
781.81,0.0
782.06,0.0
782.31,9812.0
782.56,14752.0
782.81,14844.6
783.06,14520.0
783.31,14804.8
783.56,14784.0
783.82,14649.4
784.07,14673.3
784.32,14540.0
784.57,14400.0
784.82,14388.0
785.07,5868.5
785.32,7976.1
785.57,0.0
785.82,0.0
786.07,0.0
786.32,0.0
786.57,0.0
786.82,0.0
787.07,0.0
787.32,0.0
787.57,10388.0
787.82,15043.8
788.07,15056.0
788.32,15364.0
788.57,15553.8
788.82,15736.0
789.07,15488.0
789.32,15348.0
789.57,16404.0
789.82,15820.0
790.07,14972.0
790.33,3191.2
790.58,0.0
790.83,0.0
791.08,0.0
791.33,0.0
791.58,0.0
791.83,0.0
792.08,0.0
792.33,0.0
792.58,14428.0
792.83,15227.1
793.08,14892.4
793.33,14251.0
793.58,15784.0
793.83,15039.8
794.08,15012.0
794.33,15264.0
794.58,14652.0
794.83,14876.0
795.08,16187.3
795.34,2980.1
795.59,0.0
795.84,0.0
796.09,0.0
796.34,0.0
796.59,0.0
796.84,0.0
797.09,0.0
797.34,352.0
797.59,16344.0
797.84,15533.9
798.09,15462.2
798.34,14988.0
798.59,15510.0
798.84,15512.0
799.09,15792.8
799.34,15692.0
799.59,15808.0
799.84,15668.0
800.09,11278.9
800.34,0.0
800.59,0.0
800.84,0.0
801.10,0.0
801.35,0.0
801.60,0.0
801.85,0.0
802.10,0.0
802.35,7740.0
802.60,17044.0
802.85,16637.5
803.10,16302.8
803.35,16132.0
803.60,15312.0
803.85,15768.0
804.10,16255.0
804.35,15548.0
804.60,15513.9
804.85,15840.0
805.10,0.0
805.35,0.0
805.60,0.0
805.85,0.0
806.10,0.0
806.35,0.0
806.60,0.0
806.85,0.0
807.10,2984.0
807.36,15537.8
807.61,15302.8
807.86,15247.0
808.11,15564.0
808.36,15784.9
808.61,15308.0
808.86,15256.0
809.11,15316.0
809.36,15712.0
809.61,15408.0
809.86,10597.6
810.11,0.0
810.36,0.0
810.61,0.0
810.86,0.0
811.11,0.0
811.36,0.0
811.61,0.0
811.86,0.0
812.11,6737.1
812.36,14220.0
812.61,8382.5
812.86,14400.0
813.12,14625.5
813.37,14884.0
813.62,14840.0
813.87,14824.7
814.12,14164.0
814.37,15115.5
814.62,15247.0
814.87,15103.6
815.12,4824.7
815.37,0.0
815.62,0.0
815.87,0.0
816.12,0.0
816.37,0.0
816.62,0.0
816.87,0.0
817.12,0.0
817.37,13084.0
817.62,15000.0
817.88,15075.7
818.12,15120.0
818.38,15270.9
818.63,15466.1
818.88,15380.0
819.13,15219.1
819.38,15243.1
819.63,15240.0
819.88,15183.3
820.13,1541.8
820.38,0.0
820.64,0.0
820.89,0.0
821.14,0.0
821.39,0.0
821.64,0.0
821.89,0.0
822.14,557.8
822.39,14988.0
822.64,15356.0
822.89,14920.3
823.14,15063.7
823.39,15100.0
823.64,15532.0
823.89,15442.2
824.14,14300.0
824.39,13880.0
824.64,14764.0
824.89,15228.0
825.14,2091.6
825.39,0.0
825.64,0.0
825.90,0.0
826.15,0.0
826.40,0.0
826.65,0.0
826.90,0.0
827.15,332.0
827.40,14820.7
827.65,15132.0
827.90,15436.0
828.15,15537.8
828.40,15632.0
828.65,15625.5
828.90,15836.0
829.15,15608.0
829.40,15545.8
829.65,14924.3
829.90,12247.0
830.15,0.0
830.40,0.0
830.65,0.0
830.90,0.0
831.16,0.0
831.41,0.0
831.66,0.0
831.91,0.0
832.16,5104.0
832.41,14414.3
832.66,14676.0
832.91,14724.0
833.16,14820.7
833.41,14247.0
833.66,14368.0
833.91,14564.0
834.16,14820.7
834.41,14548.0
834.66,14712.0
834.91,14593.6
835.16,2052.0
835.41,0.0
835.66,0.0
835.91,0.0
836.16,0.0
836.41,0.0
836.66,0.0
836.91,0.0
837.16,1228.0
837.41,14748.0
837.67,14768.9
837.92,15108.0
838.17,15320.0
838.42,15442.2
838.67,14760.0
838.92,14183.3
839.17,14452.0
839.42,13852.0
839.67,14824.0
839.92,15060.0
840.17,3390.4
840.42,0.0
840.67,0.0
840.92,0.0
841.17,0.0
841.42,0.0
841.67,0.0
841.92,0.0
842.17,0.0
842.42,14680.0
842.67,15476.0
842.92,15298.8
843.17,14988.0
843.42,15192.0
843.68,15446.2
843.93,15444.0
844.18,15496.0
844.43,15288.0
844.68,15207.2
844.93,14132.0
845.18,0.0
845.43,0.0
845.68,0.0
845.93,0.0
846.18,0.0
846.43,0.0
846.68,0.0
846.93,0.0
847.18,4023.9
847.43,14681.3
847.68,15392.0
847.93,15052.0
848.18,15083.7
848.43,15116.0
848.68,15175.3
848.93,14736.0
849.18,14272.0
849.44,15418.3
849.69,15418.3
849.94,12096.0
850.19,0.0
850.44,0.0
850.69,0.0
850.94,0.0
851.19,0.0
851.44,0.0
851.69,0.0
851.94,0.0
852.19,5924.0
852.44,14681.3
852.69,15318.7
852.94,15036.0
853.19,14076.0
853.44,14673.3
853.69,14744.0
853.95,15071.7
854.20,15128.0
854.45,15159.4
854.70,14964.0
854.95,11612.0
855.20,0.0
855.45,0.0
855.70,0.0
855.95,0.0
856.20,0.0
856.45,0.0
856.70,0.0
856.95,0.0
857.20,6852.0
857.45,15056.0
857.70,15204.0
857.95,15334.7
858.20,15434.3
858.45,15673.3
858.70,15368.0
858.95,15382.5
859.20,15496.0
859.46,15366.5
859.71,15548.0
859.96,5506.0
860.21,0.0
860.46,0.0
860.71,0.0
860.96,0.0
861.21,0.0
861.46,0.0
861.71,0.0
861.96,0.0
862.21,11160.0
862.46,14661.4
862.71,14856.6
862.96,15434.3
863.21,15356.0
863.46,15392.0
863.71,13952.2
863.96,13944.0
864.21,13788.8
864.46,14484.0
864.71,15108.0
864.97,7976.1
865.22,0.0
865.47,0.0
865.72,0.0
865.97,0.0
866.22,0.0
866.47,0.0
866.72,0.0
866.97,0.0
867.22,9644.0
867.47,11896.0
867.72,15207.2
867.97,15512.0
868.22,15191.2
868.47,15152.0
868.72,15516.0
868.97,15354.6
869.22,13548.0
869.47,14609.6
869.72,15280.0
869.97,9262.9
870.22,0.0
870.48,0.0
870.73,0.0
870.98,0.0
871.23,0.0
871.48,0.0
871.73,0.0
871.98,0.0
872.23,9215.1
872.48,14760.0
872.73,15525.9
872.98,15358.6
873.23,15784.0
873.48,15266.9
873.73,15064.0
873.98,15824.0
874.23,16012.0
874.48,15520.0
874.73,15276.0
874.98,2645.4
875.23,0.0
875.48,0.0
875.73,0.0
875.98,0.0
876.23,0.0
876.48,0.0
876.74,0.0
876.99,212.0
877.24,14960.2
877.49,15292.0
877.74,14808.0
877.99,14350.6
878.24,15188.0
878.49,14637.5
878.74,14414.3
878.99,14506.0
879.24,14964.1
879.49,14892.0
879.74,14717.1
879.99,4274.9
880.24,0.0
880.49,0.0
880.74,0.0
880.99,0.0
881.25,0.0
881.50,0.0
881.75,0.0
882.00,0.0
882.25,13096.0
882.50,14180.0
882.75,14616.0
883.00,14704.0
883.25,14533.9
883.50,15620.0
883.75,13418.3
884.00,14597.6
884.25,14625.5
884.50,14657.4
884.75,14370.5
885.00,8944.0
885.25,0.0
885.50,0.0
885.75,0.0
886.00,0.0
886.25,0.0
886.50,0.0
886.75,0.0
887.01,0.0
887.26,8228.0
887.51,14776.0
887.76,13924.0
888.01,14680.0
888.26,14680.0
888.51,14450.2
888.76,14012.0
889.01,14380.0
889.26,14378.5
889.51,14556.0
889.76,14724.0
890.01,14434.3
890.26,0.0
890.51,0.0
890.76,0.0
891.01,0.0
891.26,0.0
891.51,0.0
891.76,0.0
892.01,0.0
892.26,2482.1
892.51,14358.6
892.76,14525.9
893.01,15588.0
893.26,15084.0
893.51,15248.0
893.76,14960.0
894.01,14432.0
894.27,14980.1
894.52,15196.0
894.77,15043.8
895.02,14936.3
895.27,940.0
895.52,0.0
895.77,0.0
896.02,0.0
896.27,0.0
896.52,0.0
896.77,0.0
897.02,0.0
897.27,1788.0
897.52,15223.1
897.77,14804.8
898.02,15704.0
898.27,15577.7
898.52,16020.0
898.77,15231.1
899.03,15804.8
899.28,15416.0
899.53,15290.8
899.78,15328.0
900.03,9412.7
900.28,0.0
900.53,0.0
900.78,0.0
901.03,0.0
901.28,0.0
901.53,0.0
901.78,0.0
902.03,0.0
902.28,8482.1
902.53,15486.1
902.78,15332.0
903.03,15024.0
903.28,14688.0
903.53,14302.8
903.78,14584.0
904.04,14517.9
904.29,15144.0
904.54,14637.5
904.79,14436.0
905.04,9446.2
905.29,0.0
905.54,0.0
905.79,0.0
906.04,0.0
906.29,0.0
906.54,0.0
906.79,0.0
907.04,0.0
907.29,8016.0
907.54,15019.9
907.79,14976.0
908.04,15123.5
908.29,15412.0
908.54,15669.3
908.79,15565.7
909.04,15148.0
909.29,14968.0
909.55,14880.5
909.80,14996.0
910.05,7761.0
910.30,0.0
910.55,0.0
910.80,0.0
911.05,0.0
911.30,0.0
911.55,0.0
911.80,0.0
912.05,0.0
912.30,9932.3
912.55,14944.0
912.80,15320.0
913.05,15976.1
913.30,14888.0
913.55,14996.0
913.80,15472.0
914.05,14140.0
914.30,14852.6
914.55,14800.0
914.80,14988.0
915.05,7232.0
915.30,0.0
915.55,0.0
915.80,0.0
916.05,0.0
916.30,0.0
916.56,0.0
916.81,0.0
917.06,0.0
917.31,10080.0
917.56,14948.0
917.81,15386.5
918.06,15103.6
918.31,15352.0
918.56,14888.4
918.81,14264.0
919.06,15160.0
919.31,14920.3
919.56,15248.0
919.81,15216.0
920.06,5196.0
920.31,0.0
920.56,0.0
920.81,0.0
921.06,0.0
921.31,0.0
921.56,0.0
921.82,0.0
922.07,0.0
922.32,12159.4
922.57,14824.0
922.82,14633.5
923.07,14980.0
923.32,15000.0
923.57,15000.0
923.82,15452.0
924.07,16216.0
924.32,15498.0
924.57,15348.0
924.82,15448.4
925.07,884.5
925.32,0.0
925.57,0.0
925.82,0.0
926.07,0.0
926.32,0.0
926.57,0.0
926.83,0.0
927.08,2212.0
927.33,14944.2
927.58,14848.6
927.83,15268.0
928.08,15316.0
928.33,15330.7
928.58,15274.9
928.83,15196.0
929.08,15352.0
929.33,14733.1
929.58,14448.0
929.83,12920.3
930.08,0.0
930.33,0.0
930.58,0.0
930.83,0.0
931.08,0.0
931.33,0.0
931.58,0.0
931.84,0.0
932.09,4264.0
932.34,14232.0
932.59,15028.0
932.84,15000.0
933.09,14884.0
933.34,14752.0
933.59,14868.0
933.84,14852.6
934.09,14884.5
934.34,14592.0
934.59,14601.6
934.84,14240.0
935.09,314.7
935.34,0.0
935.59,0.0
935.84,0.0
936.09,0.0
936.34,0.0
936.59,0.0
936.84,0.0
937.09,2376.0
937.34,14244.0
937.59,13824.7
937.85,13952.2
938.10,13904.0
938.35,14664.0
938.60,14338.6
938.85,14088.0
939.10,14296.0
939.35,14968.0
939.60,14608.0
939.85,14972.0
940.10,6087.6
940.35,0.0
940.60,0.0
940.85,0.0
941.10,0.0
941.35,0.0
941.60,0.0
941.85,0.0
942.10,0.0
942.35,10524.0
942.60,14573.7
942.85,14808.0
943.10,14328.0
943.35,15051.8
943.60,14896.4
943.85,15016.0
944.10,14796.0
944.36,15119.5
944.61,15298.8
944.86,15616.0
945.11,5470.1
945.36,0.0
945.61,0.0
945.86,0.0
946.11,0.0
946.36,0.0
946.61,0.0
946.86,0.0
947.11,0.0
947.36,12402.4
947.61,14820.0
947.86,14984.1
948.11,14928.0
948.36,14772.0
948.61,14612.0
948.86,14466.1
949.11,14540.0
949.36,14692.0
949.61,14372.0
949.86,14490.0
950.12,6896.4
950.37,0.0
950.62,0.0
950.87,0.0
951.12,0.0
951.37,0.0
951.62,0.0
951.87,0.0
952.12,0.0
952.37,10084.0
952.62,15804.0
952.87,15276.0
953.12,14896.0
953.37,14988.0
953.62,14984.0
953.87,14876.5
954.12,15139.4
954.37,15244.0
954.62,15358.6
954.87,14992.0
955.12,3752.0
955.37,0.0
955.62,0.0
955.87,0.0
956.12,0.0
956.37,0.0
956.62,0.0
956.87,0.0
957.12,0.0
957.38,14143.4
957.63,14692.0
957.88,14500.0
958.13,15215.1
958.38,15000.0
958.63,15044.0
958.88,15075.7
959.13,15480.0
959.38,15172.0
959.63,15326.7
959.88,15135.5
960.13,442.2
960.38,0.0
960.63,0.0
960.88,0.0
961.13,0.0
961.38,0.0
961.63,0.0
961.88,0.0
962.13,2292.0
962.38,15251.0
962.63,15588.0
962.89,15585.7
963.14,15709.2
963.39,15476.0
963.64,15215.1
963.89,15912.0
964.14,15640.0
964.39,16436.0
964.64,15956.2
964.89,5960.2
965.14,0.0
965.39,0.0
965.64,0.0
965.89,0.0
966.14,0.0
966.39,0.0
966.64,0.0
966.89,0.0
967.14,13446.2
967.39,14892.0
967.64,15200.0
967.89,15023.9
968.14,15292.0
968.40,15259.0
968.65,15164.0
968.90,14832.7
969.15,15140.0
969.40,15510.0
969.65,14956.0
969.90,0.0
970.15,0.0
970.40,0.0
970.65,0.0
970.90,0.0
971.15,0.0
971.40,0.0
971.65,0.0
971.90,2752.0
972.15,14864.5
972.40,14956.2
972.65,15256.0
972.90,14864.0
973.15,14692.0
973.40,15047.8
973.65,15080.0
973.90,15128.0
974.16,15553.8
974.41,15444.0
974.66,11168.0
974.91,0.0
975.16,0.0
975.41,0.0
975.66,0.0
975.91,0.0
976.16,0.0
976.41,0.0
976.66,0.0
976.91,6456.0
977.16,14528.0
977.41,15108.0
977.66,15059.8
977.91,15721.1
978.16,15052.0
978.41,15048.0
978.66,15276.0
978.91,12932.3
979.16,13840.0
979.41,14612.0
979.66,10924.3
979.91,0.0
980.16,0.0
980.41,0.0
980.67,0.0
980.92,0.0
981.17,0.0
981.42,0.0
981.67,0.0
981.92,5270.9
982.17,13644.0
982.42,12932.3
982.67,14412.0
982.92,14524.0
983.17,14672.0
983.42,15124.0
983.67,15641.4
983.92,15768.9
984.17,15625.5
984.42,15620.0
984.67,11616.0
984.92,0.0
985.17,0.0
985.42,0.0
985.67,0.0
985.92,0.0
986.17,0.0
986.42,0.0
986.68,0.0
986.93,6468.0
987.18,14196.0
987.43,14700.0
987.68,15729.1
987.93,15482.1
988.18,15516.0
988.43,15280.0
988.68,15408.0
988.93,15442.2
989.18,15392.0
989.43,15276.0
989.68,6035.9
989.93,0.0
990.18,0.0
990.43,0.0
990.68,0.0
990.93,0.0
991.18,0.0
991.43,0.0
991.68,0.0
991.93,11908.0
992.18,15848.6
992.43,14964.0
992.68,15004.0
992.94,16513.9
993.19,15688.0
993.44,14912.0
993.69,15131.5
993.94,14422.3
994.19,14420.0
994.44,14600.0
994.69,1482.1
994.94,0.0
995.19,0.0
995.44,0.0
995.69,0.0
995.94,0.0
996.19,0.0
996.44,0.0
996.69,1120.0
996.94,14572.0
997.19,14636.0
997.44,14717.1
997.69,14761.0
997.94,14892.0
998.19,14644.0
998.44,14504.0
998.70,14717.1
998.95,14932.0
999.20,15664.0
999.45,15096.0
999.70,1350.6
999.95,0.0
1000.20,0.0
1000.45,0.0
1000.70,0.0
1000.95,0.0
1001.20,0.0
1001.45,0.0
1001.70,1533.9
1001.95,15384.0
1002.20,15004.0
1002.45,15292.0
1002.70,15549.8
1002.95,16148.0
1003.20,16544.0
1003.45,16071.7
1003.70,15342.6
1003.95,16044.0
1004.21,15430.3
1004.46,6184.0
1004.71,0.0
1004.96,0.0
1005.21,0.0
1005.46,0.0
1005.71,0.0
1005.96,0.0
1006.21,0.0
1006.46,0.0
1006.71,11290.8
1006.96,14488.0
1007.21,14304.0
1007.46,15160.0
1007.71,14127.5
1007.96,14664.0
1008.21,15087.7
1008.46,14580.0
1008.71,15259.0
1008.96,15232.0
1009.21,15561.8
1009.47,4729.1
1009.72,0.0
1009.97,0.0
1010.22,0.0
1010.47,0.0
1010.72,0.0
1010.97,0.0
1011.22,0.0
1011.47,0.0
1011.72,11788.8
1011.97,14964.0
1012.22,15252.0
1012.47,14737.1
1012.72,15576.0
1012.97,15565.7
1013.22,15848.0
1013.47,14052.0
1013.72,15172.0
1013.97,14597.6
1014.22,15199.2
1014.47,1432.0
1014.72,0.0
1014.97,0.0
1015.23,0.0
1015.48,0.0
1015.73,0.0
1015.98,0.0
1016.23,0.0
1016.48,1290.8
1016.73,15660.0
1016.98,15601.6
1017.23,15772.0
1017.48,14900.0
1017.73,15648.0
1017.98,15247.0
1018.23,15216.0
1018.48,15364.0
1018.73,15192.0
1018.98,15079.7
1019.23,9336.0
1019.48,0.0
1019.73,0.0
1019.98,0.0
1020.23,0.0
1020.48,0.0
1020.73,0.0
1020.98,0.0
1021.23,0.0
1021.48,8932.0
1021.74,15753.0
1021.99,15713.1
1022.24,15460.0
1022.49,15372.0
1022.74,14744.0
1022.99,14593.6
1023.24,14436.0
1023.49,15056.0
1023.74,14300.0
1023.99,14420.0
1024.24,5964.1
1024.49,0.0
1024.74,0.0
1024.99,0.0
1025.24,0.0
1025.49,0.0
1025.74,0.0
1025.99,0.0
1026.24,0.0
1026.49,11656.0
1026.74,14876.0
1026.99,15428.0
1027.24,15314.7
1027.49,15384.0
1027.74,15512.0
1027.99,15632.0
1028.24,15426.3
1028.49,15360.0
1028.74,14984.0
1028.99,14737.1
1029.24,0.0
1029.49,0.0
1029.75,0.0
1030.00,0.0
1030.25,0.0
1030.50,0.0
1030.75,0.0
1031.00,0.0
1031.25,3064.0
1031.50,14872.5
1031.75,15128.0
1032.00,15004.0
1032.25,14920.3
1032.50,14492.0
1032.75,15012.0
1033.00,15179.3
1033.25,15195.2
1033.50,15676.0
1033.75,15541.8
1034.00,10079.7
1034.25,0.0
1034.51,0.0
1034.76,0.0
1035.01,0.0
1035.26,0.0
1035.51,0.0
1035.76,0.0
1036.01,0.0
1036.26,7892.0
1036.51,15088.0
1036.76,15266.9
1037.01,15414.3
1037.26,15652.0
1037.51,15748.0
1037.76,15776.9
1038.01,15067.7
1038.26,15052.0
1038.51,14992.0
1038.76,14768.0
1039.01,3880.5
1039.26,0.0
1039.51,0.0
1039.76,0.0
1040.01,0.0
1040.26,0.0
1040.51,0.0
1040.77,0.0
1041.02,0.0
1041.27,13120.0
1041.52,15180.0
1041.77,15414.3
1042.02,15434.3
1042.27,15508.0
1042.52,15312.0
1042.77,15384.0
1043.02,15516.0
1043.27,15336.0
1043.52,11924.6
1043.77,15172.0
1044.02,549.8
1044.27,0.0
1044.52,0.0
1044.77,0.0
1045.02,0.0
1045.27,0.0
1045.52,0.0
1045.77,0.0
1046.02,1860.6
1046.28,15099.6
1046.53,15012.0
1046.78,15584.0
1047.03,15274.9
1047.28,15600.0
1047.53,15717.1
1047.78,15776.0
1048.03,15753.0
1048.28,16156.0
1048.53,15516.0
1048.78,6242.1
1049.03,0.0
1049.28,0.0
1049.53,0.0
1049.78,0.0
1050.03,0.0
1050.28,0.0
1050.53,0.0
1050.78,0.0
1051.03,11320.0
1051.29,15119.5
1051.54,15388.0
1051.79,15140.0
1052.04,15376.0
1052.29,14992.0
1052.54,15211.2
1052.79,15936.0
1053.04,16103.6
1053.29,15732.0
1053.54,13235.1
1053.79,0.0
1054.04,0.0
1054.29,0.0
1054.54,0.0
1054.79,0.0
1055.04,0.0
1055.29,0.0
1055.54,0.0
1055.79,4772.9
1056.04,15569.7
1056.29,15316.0
1056.54,15780.0
1056.79,16152.0
1057.04,16116.0
1057.29,15596.0
1057.54,15268.0
1057.79,15592.0
1058.04,15597.6
1058.29,15408.0
1058.55,2402.4
1058.80,0.0
1059.05,0.0
1059.30,0.0
1059.55,0.0
1059.80,0.0
1060.05,0.0
1060.30,0.0
1060.55,228.0
1060.80,14960.2
1061.05,15334.7
1061.30,15404.0
1061.55,15712.0
1061.80,15725.1
1062.05,15008.0
1062.30,15232.0
1062.55,15693.2
1062.80,15251.0
1063.05,15712.0
1063.31,8964.1
1063.56,0.0
1063.81,0.0
1064.06,0.0
1064.31,0.0
1064.56,0.0
1064.81,0.0
1065.06,0.0
1065.31,0.0
1065.56,9080.0
1065.81,15649.4
1066.06,15484.0
1066.31,15416.0
1066.56,15352.0
1066.81,15601.6
1067.06,15324.0
1067.31,15952.0
1067.56,15660.0
1067.81,15548.0
1068.06,13936.5
1068.31,0.0
1068.56,0.0
1068.81,0.0
1069.07,0.0
1069.32,0.0
1069.57,0.0
1069.82,0.0
1070.07,0.0
1070.32,3446.2
1070.57,14812.0
1070.82,13012.0
1071.07,14689.2
1071.32,14378.5
1071.57,14176.0
1071.82,14392.0
1072.07,14604.0
1072.32,14624.0
1072.57,14657.4
1072.82,14612.0
1073.07,14472.0
1073.32,1426.3
1073.57,0.0
1073.82,0.0
1074.07,0.0
1074.32,0.0
1074.57,0.0
1074.83,0.0
1075.08,0.0
1075.33,1000.0
1075.58,13304.0
1075.83,14048.0
1076.08,14219.1
1076.33,14796.0
1076.58,14628.0
1076.83,14494.0
1077.08,14912.0
1077.33,14504.0
1077.58,14688.0
1077.83,14680.0
1078.08,13645.4
1078.33,4136.0
1078.58,0.0
1078.83,0.0
1079.08,0.0
1079.33,0.0
1079.58,0.0
1079.83,0.0
1080.08,0.0
1080.33,0.0
1080.58,11569.7
1080.84,14187.3
1081.09,14376.0
1081.34,10705.2
1081.59,0.0
1081.84,0.0
1082.09,0.0
1082.34,0.0
1082.59,0.0
1082.84,0.0
1083.09,0.0
1083.34,0.0
1083.59,0.0
1083.84,0.0
1084.09,0.0
1084.34,0.0
1084.59,0.0
1084.84,0.0
1085.09,0.0
1085.34,0.0
1085.59,0.0
1085.84,200.0
1086.09,9788.8
1086.34,10712.0
1086.60,9725.1
1086.85,9208.0
1087.10,4725.1
1087.35,0.0
1087.60,0.0
1087.85,0.0
1088.10,0.0
1088.35,0.0
1088.60,0.0
1088.85,0.0
1089.10,0.0
1089.35,5868.5
1089.60,9120.0
1089.85,9502.0
1090.10,9208.0
1090.35,4669.3
1090.60,0.0
1090.85,0.0
1091.10,0.0
1091.35,0.0
1091.61,0.0
1091.86,0.0
1092.11,0.0
1092.36,0.0
1092.61,5032.0
1092.86,10227.1
1093.11,10088.0
1093.36,10364.0
1093.61,2517.9
1093.86,0.0
1094.11,0.0
1094.36,0.0
1094.61,0.0
1094.86,0.0
1095.11,0.0
1095.36,0.0
1095.61,0.0
1095.86,8288.0
1096.11,9728.0
1096.36,9940.2
1096.61,4060.0
1096.86,0.0
1097.11,0.0
1097.36,0.0
1097.61,0.0
1097.86,0.0
1098.12,0.0
1098.37,0.0
1098.62,0.0
1098.87,617.5
1099.12,10244.0
1099.37,10051.8
1099.62,9772.0
1099.87,8996.0
1100.12,9223.1
1100.37,9625.5
1100.62,9848.0
1100.87,9904.4
1101.12,9800.0
1101.37,9808.0
1101.62,10000.0
1101.87,9521.9
1102.12,9396.0
1102.37,10060.0
1102.62,9864.5
1102.87,9680.0
1103.12,10262.9
1103.37,10720.0
1103.62,10637.5
1103.87,11044.0
1104.12,10368.0
1104.37,10720.0
1104.62,11625.5
1104.88,11896.4
1105.13,11572.0
1105.38,11544.0
1105.63,11549.8
1105.88,11386.5
1106.13,10908.0
1106.38,11008.0
1106.63,11588.0
1106.88,11428.0
1107.13,11036.0
1107.38,10892.0
1107.63,10589.6
1107.88,11067.7
1108.13,11056.0
1108.38,11227.1
1108.63,11039.8
1108.88,11100.0
1109.13,11712.0
1109.38,10677.3
1109.63,10649.4
1109.89,11637.5
1110.14,11272.0
1110.39,10828.0
1110.64,11115.5
1110.89,10948.0
1111.14,10848.6
1111.39,10928.0
1111.64,10700.0
1111.89,10709.2
1112.14,11024.0
1112.39,10900.4
1112.64,11251.0
1112.89,10572.0
1113.14,10948.2
1113.39,11424.0
1113.64,10944.2
1113.89,10964.0
1114.14,10796.0
1114.39,11000.0
1114.64,10860.0
1114.89,10561.8
1115.14,10648.0
1115.39,11200.0
1115.65,10852.6
1115.90,10824.0
1116.15,10665.3
1116.40,10740.0
1116.65,11095.6
1116.90,11172.0
1117.15,11733.1
1117.40,11308.0
1117.65,11084.0
1117.90,11264.0
1118.15,11294.8
1118.40,11386.5
1118.65,11083.7
1118.90,11488.0
1119.15,11665.3
1119.40,11015.9
1119.65,11236.0
1119.90,11366.5
1120.15,11620.0
1120.40,11712.0
1120.66,11557.8
1120.91,11460.0
1121.16,11729.1
1121.41,11696.0
1121.66,11564.0
1121.91,11508.0
1122.16,11669.3
1122.41,12088.0
1122.66,11360.0
1122.91,11476.0
1123.16,11422.3
1123.41,11400.0
1123.66,11107.6
1123.91,11581.7
1124.16,12322.7
1124.41,12160.0
1124.66,11456.0
1124.91,11430.3
1125.16,11316.0
1125.41,11203.2
1125.66,11424.0
1125.91,11184.0
1126.16,11159.4
1126.42,11561.8
1126.67,11596.0
1126.92,11764.0
1127.17,11486.1
1127.42,11370.5
1127.67,11360.0
1127.92,11525.9
1128.17,11163.3
1128.42,11424.0
1128.67,11235.1
1128.92,11640.0
1129.17,11693.2
1129.42,11163.3
1129.67,11720.0
1129.92,11444.0
1130.17,11812.0
1130.42,11524.0
1130.67,11251.0
1130.92,11868.0
1131.17,11492.0
1131.42,11302.8
1131.67,11880.0
1131.92,11968.0
1132.18,11438.2
1132.43,11565.7
1132.68,11408.0
1132.93,11800.0
1133.18,11685.3
1133.43,11372.0
1133.68,11255.0
1133.93,11636.0
1134.18,11520.0
1134.43,11432.0
1134.68,11426.3
1134.93,11120.0
1135.18,11282.9
1135.43,11388.0
1135.68,11629.5
1135.93,11416.0
1136.18,10648.0
1136.43,11613.5
1136.68,3525.9
1136.93,0.0
1137.18,0.0
1137.44,0.0
1137.69,0.0
1137.94,0.0
1138.19,0.0
1138.44,0.0
1138.69,120.0
1138.94,0.0
1139.19,2040.0
1139.44,10748.0
1139.69,10444.0
1139.94,4738.1
1140.19,0.0
1140.44,0.0
1140.69,0.0
1140.94,0.0
1141.19,0.0
1141.44,0.0
1141.69,0.0
1141.94,0.0
1142.19,3912.4
1142.44,11032.0
1142.69,10648.0
1142.94,3031.9
1143.19,0.0
1143.45,0.0
1143.70,0.0
1143.95,0.0
1144.20,0.0
1144.45,0.0
1144.70,0.0
1144.95,0.0
1145.20,4776.0
1145.45,12151.4
1145.70,12741.0
1145.95,10396.0
1146.20,10760.0
1146.45,1502.0
1146.70,0.0
1146.95,0.0
1147.20,0.0
1147.45,0.0
1147.70,0.0
1147.95,0.0
1148.20,0.0
1148.45,0.0
1148.71,0.0
1148.96,2092.0
1149.21,10088.0
1149.46,10494.0
1149.71,11036.0
1149.96,10585.7
1150.21,10688.0
1150.46,10832.0
1150.71,3259.0
1150.96,0.0
1151.21,0.0
1151.46,0.0
1151.71,0.0
1151.96,0.0
1152.21,0.0
1152.46,0.0
1152.71,0.0
1152.96,0.0
1153.21,0.0
1153.46,0.0
1153.71,0.0
1153.96,0.0
1154.21,0.0
1154.46,0.0
1154.72,0.0
1154.97,0.0
1155.22,0.0
1155.47,0.0
1155.72,322.7
1155.97,11008.0
1156.22,11047.8
1156.47,7884.5
1156.72,0.0
1156.97,0.0
1157.22,0.0
1157.47,0.0
1157.72,0.0
1157.97,0.0
1158.22,0.0
1158.47,0.0
1158.72,4565.7
1158.97,10704.0
1159.22,11328.0
1159.47,8135.5
1159.73,0.0
1159.98,0.0
1160.23,0.0
1160.48,0.0
1160.73,0.0
1160.98,0.0
1161.23,0.0
1161.48,0.0
1161.73,0.0
1161.98,7685.3
1162.23,10096.0
1162.48,0.0
1162.73,0.0
1162.98,0.0
1163.23,0.0
1163.48,0.0
1163.73,0.0
1163.98,0.0
1164.23,0.0
1164.48,0.0
1164.73,0.0
1164.98,120.0
1165.24,11322.7
1165.49,11932.0
1165.74,11428.0
1165.99,5119.5
1166.24,0.0
1166.49,0.0
1166.74,0.0
1166.99,0.0
1167.24,0.0
1167.49,0.0
1167.74,0.0
1167.99,0.0
1168.24,0.0
1168.49,2402.4
1168.74,10692.0
1168.99,11028.0
1169.24,10944.2
1169.49,10800.0
1169.74,11240.0
1169.99,11192.0
1170.24,8585.7
1170.49,0.0
1170.74,0.0
1170.99,0.0
1171.24,0.0
1171.49,0.0
1171.75,0.0
1172.00,0.0
1172.25,0.0
1172.50,0.0
1172.75,0.0
1173.00,0.0
1173.25,0.0
1173.50,0.0
1173.75,0.0
1174.00,0.0
1174.25,0.0
1174.50,0.0
1174.75,0.0
1175.00,5372.0
1175.25,11308.0
1175.50,11171.3
1175.75,1334.7
1176.00,0.0
1176.25,0.0
1176.51,0.0
1176.76,0.0
1177.01,0.0
1177.26,0.0
1177.51,0.0
1177.76,0.0
1178.01,0.0
1178.26,0.0
1178.51,3244.0
1178.76,10454.2
1179.01,10576.0
1179.26,11156.0
1179.51,2490.0
1179.76,0.0
1180.01,0.0
1180.26,0.0
1180.51,0.0
1180.76,0.0
1181.01,0.0
1181.26,103.6
1181.51,0.0
1181.76,0.0
1182.01,1712.0
1182.26,10704.0
1182.52,10637.5
1182.77,10564.0
1183.02,10402.4
1183.27,10392.0
1183.52,6187.3
1183.77,0.0
1184.02,0.0
1184.27,0.0
1184.52,0.0
1184.77,0.0
1185.02,0.0
1185.27,0.0
1185.52,0.0
1185.77,0.0
1186.02,9232.0
1186.27,10628.0
1186.52,10729.1
1186.77,10588.0
1187.02,11076.0
1187.27,11051.8
1187.52,10832.0
1187.77,10784.0
1188.02,10924.3
1188.27,8572.0
1188.53,0.0
1188.78,0.0
1189.03,0.0
1189.28,0.0
1189.53,0.0
1189.78,0.0
1190.03,0.0
1190.28,0.0
1190.53,0.0
1190.78,0.0
1191.03,0.0
1191.28,0.0
1191.53,0.0
1191.78,0.0
1192.03,0.0
1192.28,0.0
1192.53,6175.3
1192.78,10544.0
1193.03,8972.1
1193.28,0.0
1193.53,0.0
1193.78,0.0
1194.04,0.0
1194.29,0.0
1194.54,0.0
1194.79,0.0
1195.04,0.0
1195.29,0.0
1195.54,9031.9
1195.79,11288.0
1196.04,10864.5
1196.29,11172.0
1196.54,10996.0
1196.79,10628.0
1197.04,10876.0
1197.29,2581.7
1197.54,0.0
1197.79,0.0
1198.04,0.0
1198.29,0.0
1198.54,0.0
1198.79,0.0
1199.04,0.0
1199.30,0.0
1199.55,0.0
1199.80,0.0
1200.05,0.0
1200.30,0.0
1200.55,0.0
1200.80,0.0
1201.05,0.0
1201.30,0.0
1201.55,0.0
1201.80,0.0
1202.05,7184.0
1202.30,12676.0
1202.55,12055.8
1202.80,10640.0
1203.05,11424.0
1203.30,1298.8
1203.55,0.0
1203.80,0.0
1204.05,0.0
1204.30,0.0
1204.55,0.0
1204.80,0.0
1205.05,111.6
1205.31,0.0
1205.56,124.0
1205.81,11012.0
1206.06,11064.0
1206.31,7856.6
1206.56,0.0
1206.81,0.0
1207.06,0.0
1207.31,0.0
1207.56,0.0
1207.81,0.0
1208.06,107.6
1208.31,0.0
1208.56,0.0
1208.81,10286.9
1209.06,10772.0
1209.31,11390.4
1209.56,10992.0
1209.81,7757.0
1210.06,0.0
1210.32,0.0
1210.57,0.0
1210.82,0.0
1211.07,0.0
1211.32,0.0
1211.57,0.0
1211.82,0.0
1212.07,0.0
1212.32,0.0
1212.57,0.0
1212.82,0.0
1213.07,0.0
1213.32,0.0
1213.57,0.0
1213.82,0.0
1214.07,0.0
1214.32,0.0
1214.57,0.0
1214.82,0.0
1215.07,10135.5
1215.32,10608.0
1215.58,8706.3
1215.83,0.0
1216.08,0.0
1216.33,0.0
1216.58,0.0
1216.83,0.0
1217.08,0.0
1217.33,0.0
1217.58,0.0
1217.83,0.0
1218.08,0.0
1218.33,9308.0
1218.58,9764.0
1218.83,10673.3
1219.08,668.0
1219.33,0.0
1219.58,0.0
1219.83,0.0
1220.08,0.0
1220.33,0.0
1220.58,0.0
1220.83,0.0
1221.08,0.0
1221.33,3904.4
1221.58,10036.0
1221.84,10784.9
1222.09,10928.0
1222.34,9812.7
1222.59,10572.0
1222.84,1432.5
1223.09,0.0
1223.34,0.0
1223.59,0.0
1223.84,0.0
1224.09,0.0
1224.34,0.0
1224.59,0.0
1224.84,0.0
1225.09,0.0
1225.34,9320.0
1225.59,10644.0
1225.84,10458.2
1226.09,10472.0
1226.34,10468.0
1226.59,9924.3
1226.84,10536.0
1227.10,6151.4
1227.35,0.0
1227.60,0.0
1227.85,0.0
1228.10,0.0
1228.35,0.0
1228.60,0.0
1228.85,0.0
1229.10,0.0
1229.35,0.0
1229.60,0.0
1229.85,0.0
1230.10,0.0
1230.35,0.0
1230.60,0.0
1230.86,0.0
1231.11,0.0
1231.36,0.0
1231.61,665.3
1231.86,10316.0
1232.11,10252.0
1232.36,10928.3
1232.61,1745.0
1232.86,0.0
1233.11,0.0
1233.36,0.0
1233.61,0.0
1233.86,0.0
1234.11,0.0
1234.36,0.0
1234.61,0.0
1234.86,0.0
1235.11,7128.0
1235.36,10605.6
1235.61,10988.0
1235.86,11568.0
1236.11,11400.0
1236.36,3390.4
1236.61,0.0
1236.87,0.0
1237.12,0.0
1237.37,0.0
1237.62,0.0
1237.87,0.0
1238.12,0.0
1238.37,0.0
1238.62,0.0
1238.87,4848.6
1239.12,11220.0
1239.37,11512.0
1239.62,10880.5
1239.87,11358.6
1240.12,11593.6
1240.37,11438.2
1240.62,11384.0
1240.87,11564.0
1241.12,11176.0
1241.37,2836.7
1241.62,0.0
1241.88,0.0
1242.13,0.0
1242.38,0.0
1242.63,0.0
1242.88,2176.0
1243.13,10286.9
1243.38,6464.3
1243.63,0.0
1243.88,0.0
1244.13,0.0
1244.38,0.0
1244.63,0.0
1244.88,0.0
1245.13,0.0
1245.38,0.0
1245.63,0.0
1245.88,0.0
1246.13,6068.0
1246.38,10300.0
1246.63,9912.4
1246.88,10660.0
1247.14,10402.4
1247.39,10442.2
1247.64,10660.0
1247.89,10713.1
1248.14,10565.7
1248.39,10604.0
1248.64,0.0
1248.89,0.0
1249.14,0.0
1249.39,0.0
1249.64,0.0
1249.89,0.0
1250.14,709.2
1250.39,11056.0
1250.64,9147.4
1250.89,0.0
1251.14,0.0
1251.39,0.0
1251.65,0.0
1251.90,0.0
1252.15,0.0
1252.40,0.0
1252.65,0.0
1252.90,0.0
1253.15,7936.3
1253.40,11460.0
1253.65,10568.0
1253.90,11196.0
1254.15,10684.0
1254.40,10525.9
1254.65,10633.5
1254.90,2924.0
1255.15,0.0
1255.40,0.0
1255.65,0.0
1255.90,0.0
1256.15,0.0
1256.40,0.0
1256.65,0.0
1256.90,0.0
1257.16,0.0
1257.41,0.0
1257.66,0.0
1257.91,0.0
1258.16,0.0
1258.41,0.0
1258.66,0.0
1258.91,0.0
1259.16,1597.6
1259.41,10424.0
1259.66,10500.0
1259.91,9757.0
1260.16,0.0
1260.41,0.0
1260.66,0.0
1260.91,0.0
1261.16,0.0
1261.41,0.0
1261.66,0.0
1261.91,0.0
1262.16,0.0
1262.41,0.0
1262.66,6852.6
1262.91,12384.0
1263.17,11689.2
1263.42,11020.0
1263.67,10732.0
1263.92,10450.2
1264.17,10235.1
1264.42,10764.0
1264.67,772.9
1264.92,0.0
1265.17,0.0
1265.42,0.0
1265.67,0.0
1265.92,0.0
1266.17,0.0
1266.42,0.0
1266.67,0.0
1266.92,0.0
1267.17,0.0
1267.42,0.0
1267.67,0.0
1267.92,0.0
1268.17,0.0
1268.43,0.0
1268.68,99.6
1268.93,0.0
1269.18,0.0
1269.43,7640.0
1269.68,9940.0
1269.93,10115.5
1270.18,0.0
1270.43,0.0
1270.68,0.0
1270.93,0.0
1271.18,0.0
1271.43,0.0
1271.68,0.0
1271.93,0.0
1272.18,0.0
1272.43,0.0
1272.68,2744.0
1272.93,10968.1
1273.19,11398.4
1273.44,10972.1
1273.69,10916.0
1273.94,11035.9
1274.19,10992.0
1274.44,215.1
1274.69,0.0
1274.94,0.0
1275.19,0.0
1275.44,0.0
1275.69,0.0
1275.94,0.0
1276.19,0.0
1276.44,0.0
1276.69,0.0
1276.94,0.0
1277.19,0.0
1277.44,0.0
1277.69,0.0
1277.95,0.0
1278.20,0.0
1278.45,0.0
1278.70,0.0
1278.95,115.5
1279.20,0.0
1279.45,10920.3
1279.70,11284.0
1279.95,10128.0
1280.20,0.0
1280.45,0.0
1280.70,0.0
1280.95,0.0
1281.20,0.0
1281.45,0.0
1281.70,0.0
1281.95,0.0
1282.20,0.0
1282.45,0.0
1282.70,680.0
1282.95,11420.0
1283.20,10840.6
1283.46,10900.4
1283.71,11524.0
1283.96,11502.0
1284.21,12092.0
1284.46,3844.0
1284.71,0.0
1284.96,0.0
1285.21,0.0
1285.46,0.0
1285.71,0.0
1285.96,0.0
1286.21,0.0
1286.46,0.0
1286.71,0.0
1286.96,0.0
1287.21,0.0
1287.46,0.0
1287.71,0.0
1287.96,0.0
1288.21,0.0
1288.46,0.0
1288.71,0.0
1288.96,0.0
1289.22,10227.1
1289.47,11617.5
1289.72,11231.1
1289.97,2063.7
1290.22,0.0
1290.47,0.0
1290.72,0.0
1290.97,0.0
1291.22,0.0
1291.47,0.0
1291.72,0.0
1291.97,0.0
1292.22,0.0
1292.47,115.5
1292.72,11456.0
1292.97,11091.6
1293.22,11144.0
1293.47,10956.2
1293.72,11148.0
1293.98,7753.0
1294.23,0.0
1294.48,0.0
1294.73,0.0
1294.98,0.0
1295.23,0.0
1295.48,0.0
1295.73,0.0
1295.98,0.0
1296.23,0.0
1296.48,0.0
1296.73,0.0
1296.98,0.0
1297.23,0.0
1297.48,0.0
1297.73,0.0
1297.98,0.0
1298.23,0.0
1298.48,0.0
1298.73,0.0
1298.98,0.0
1299.24,6410.4
1299.49,11156.0
1299.74,10952.2
1299.99,3071.7
1300.24,0.0
1300.49,0.0
1300.74,0.0
1300.99,0.0
1301.24,0.0
1301.49,0.0
1301.74,0.0
1301.99,0.0
1302.24,0.0
1302.49,0.0
1302.74,5212.0
1302.99,11272.0
1303.24,11525.9
1303.49,11262.9
1303.74,11696.0
1303.99,11470.1
1304.24,11760.0
1304.50,338.6
1304.75,0.0
1305.00,0.0
1305.25,0.0
1305.50,0.0
1305.75,0.0
1306.00,0.0
1306.25,0.0
1306.50,104.0
1306.75,0.0
1307.00,0.0
1307.25,0.0
1307.50,0.0
1307.75,0.0
1308.00,0.0
1308.25,0.0
1308.50,0.0
1308.76,0.0
1309.01,768.0
1309.26,11545.8
1309.51,12036.0
1309.76,12164.0
1310.01,376.0
1310.26,0.0
1310.51,0.0
1310.76,0.0
1311.01,0.0
1311.26,0.0
1311.51,0.0
1311.76,0.0
1312.01,0.0
1312.26,1176.0
1312.51,11340.0
1312.76,11305.6
1313.01,11448.0
1313.26,11115.5
1313.51,10988.0
1313.76,10792.0
1314.02,0.0
1314.27,0.0
1314.52,0.0
1314.77,0.0
1315.02,0.0
1315.27,0.0
1315.52,0.0
1315.77,0.0
1316.02,0.0
1316.27,0.0
1316.52,0.0
1316.77,0.0
1317.02,0.0
1317.27,0.0
1317.52,0.0
1317.77,0.0
1318.02,0.0
1318.27,7664.0
1318.52,12211.2
1318.77,11227.1
1319.02,10964.0
1319.28,6219.1
1319.53,0.0
1319.78,0.0
1320.03,0.0
1320.28,0.0
1320.53,0.0
1320.78,0.0
1321.03,0.0
1321.28,0.0
1321.53,4272.0
1321.78,11290.8
1322.03,10816.0
1322.28,8960.2
1322.53,10676.0
1322.78,11188.0
1323.03,11091.6
1323.28,11288.0
1323.53,1083.3
1323.78,0.0
1324.04,0.0
1324.29,0.0
1324.54,0.0
1324.79,0.0
1325.04,0.0
1325.29,0.0
1325.54,0.0
1325.79,0.0
1326.04,0.0
1326.29,0.0
1326.54,0.0
1326.79,0.0
1327.04,0.0
1327.29,0.0
1327.54,0.0
1327.79,0.0
1328.04,7336.0
1328.29,12434.3
1328.54,11314.7
1328.79,4156.0
1329.04,0.0
1329.29,0.0
1329.54,0.0
1329.79,0.0
1330.05,0.0
1330.30,0.0
1330.55,0.0
1330.80,0.0
1331.05,0.0
1331.30,124.0
1331.55,0.0
1331.80,4272.0
1332.05,11868.5
1332.30,11600.0
1332.55,11188.0
1332.80,11868.0
1333.05,11259.0
1333.30,1904.4
1333.55,0.0
1333.80,0.0
1334.05,0.0
1334.30,0.0
1334.55,0.0
1334.80,0.0
1335.05,0.0
1335.30,0.0
1335.56,0.0
1335.81,0.0
1336.06,0.0
1336.31,0.0
1336.56,0.0
1336.81,0.0
1337.06,0.0
1337.31,0.0
1337.56,0.0
1337.81,0.0
1338.06,2864.5
1338.31,11023.9
1338.56,10556.0
1338.81,5282.9
1339.06,0.0
1339.31,0.0
1339.56,0.0
1339.81,0.0
1340.06,0.0
1340.31,0.0
1340.56,0.0
1340.81,0.0
1341.07,0.0
1341.32,1500.0
1341.57,10796.0
1341.82,10741.0
1342.07,10608.0
1342.32,10744.0
1342.57,11044.0
1342.82,11498.0
1343.07,8000.0
1343.32,0.0
1343.57,0.0
1343.82,0.0
1344.07,0.0
1344.32,0.0
1344.57,0.0
1344.82,0.0
1345.07,0.0
1345.32,0.0
1345.57,0.0
1345.82,0.0
1346.07,0.0
1346.32,0.0
1346.57,0.0
1346.82,0.0
1347.07,0.0
1347.32,0.0
1347.58,4856.6
1347.83,9402.4
1348.08,9860.0
1348.33,4677.3
1348.58,0.0
1348.83,0.0
1349.08,0.0
1349.33,0.0
1349.58,0.0
1349.83,0.0
1350.08,0.0
1350.33,0.0
1350.58,0.0
1350.83,0.0
1351.08,4088.0
1351.33,10115.5
1351.58,9964.0
1351.83,10259.0
1352.09,10581.7
1352.34,11135.5
1352.59,665.3
1352.84,0.0
1353.09,0.0
1353.34,0.0
1353.59,0.0
1353.84,0.0
1354.09,0.0
1354.34,0.0
1354.59,0.0
1354.84,0.0
1355.09,0.0
1355.34,0.0
1355.59,0.0
1355.84,0.0
1356.09,0.0
1356.34,0.0
1356.59,0.0
1356.84,0.0
1357.10,0.0
1357.35,0.0
1357.60,0.0
1357.85,6256.0
1358.10,11318.7
1358.35,10800.0
1358.60,3525.9
1358.85,0.0
1359.10,0.0
1359.35,0.0
1359.60,0.0
1359.85,0.0
1360.10,0.0
1360.35,0.0
1360.60,0.0
1360.85,0.0
1361.10,3330.7
1361.35,10868.0
1361.60,10600.0
1361.85,10700.0
1362.10,11159.4
1362.35,10856.0
1362.61,10916.3
1362.86,10604.0
1363.11,0.0
1363.36,0.0
1363.61,0.0
1363.86,0.0
1364.11,0.0
1364.36,0.0
1364.61,0.0
1364.86,0.0
1365.11,0.0
1365.36,0.0
1365.61,0.0
1365.86,0.0
1366.11,0.0
1366.36,0.0
1366.61,0.0
1366.86,0.0
1367.11,0.0
1367.36,2344.0
1367.62,4607.1
1367.87,0.0
1368.12,0.0
1368.37,0.0
1368.62,0.0
1368.87,0.0
1369.12,0.0
1369.37,0.0
1369.62,0.0
1369.87,0.0
1370.12,7640.0
1370.37,11649.4
1370.62,11520.0
1370.87,10816.7
1371.12,0.0
1371.38,0.0
1371.63,0.0
1371.88,0.0
1372.13,0.0
1372.38,0.0
1372.63,0.0
1372.88,0.0
1373.13,0.0
1373.38,0.0
1373.63,3920.0
1373.88,10510.0
1374.13,10668.0
1374.38,10988.0
1374.63,11565.7
1374.88,7908.0
1375.14,0.0
1375.39,0.0
1375.64,0.0
1375.89,0.0
1376.14,0.0
1376.39,0.0
1376.64,0.0
1376.89,0.0
1377.14,0.0
1377.39,0.0
1377.64,0.0
1377.89,0.0
1378.14,0.0
1378.39,0.0
1378.64,0.0
1378.89,0.0
1379.14,0.0
1379.39,0.0
1379.64,0.0
1379.89,1644.0
1380.14,11306.8
1380.39,10756.0
1380.65,8749.0
1380.90,0.0
1381.15,0.0
1381.40,0.0
1381.65,0.0
1381.90,0.0
1382.15,0.0
1382.40,0.0
1382.65,0.0
1382.90,0.0
1383.15,0.0
1383.40,10040.0
1383.65,10972.1
1383.90,10512.0
1384.15,876.5
1384.40,0.0
1384.65,0.0
1384.90,0.0
1385.15,0.0
1385.40,0.0
1385.65,0.0
1385.90,112.0
1386.16,0.0
1386.41,8596.0
1386.66,10430.3
1386.91,9848.0
1387.16,9872.5
1387.41,10108.0
1387.66,10304.0
1387.91,10446.2
1388.16,10292.0
1388.41,10231.1
1388.66,3892.4
1388.91,0.0
1389.16,0.0
1389.41,0.0
1389.66,0.0
1389.91,0.0
1390.16,0.0
1390.41,0.0
1390.66,0.0
1390.91,0.0
1391.16,0.0
1391.41,0.0
1391.67,0.0
1391.92,0.0
1392.17,0.0
1392.42,0.0
1392.67,0.0
1392.92,1996.0
1393.17,10039.8
1393.42,9980.0
1393.67,115.5
1393.92,0.0
1394.17,0.0
1394.42,0.0
1394.67,0.0
1394.92,0.0
1395.17,0.0
1395.42,0.0
1395.67,0.0
1395.92,0.0
1396.17,0.0
1396.42,0.0
1396.68,9513.9
1396.93,10036.0
1397.18,7466.4
1397.43,9500.0
1397.68,10116.0
1397.93,10143.4
1398.18,10685.3
1398.43,10760.0
1398.68,11184.0
1398.93,11354.6
1399.18,7294.8
1399.43,0.0
1399.68,0.0
1399.93,0.0
1400.18,0.0
1400.43,0.0
1400.69,0.0
1400.94,0.0
1401.19,0.0
1401.44,0.0
1401.69,0.0
1401.94,0.0
1402.19,0.0
1402.44,0.0
1402.69,0.0
1402.94,0.0
1403.19,115.1
1403.44,10120.0
1403.69,10468.0
1403.94,7621.5
1404.19,0.0
1404.44,0.0
1404.69,0.0
1404.94,0.0
1405.19,0.0
1405.44,0.0
1405.69,0.0
1405.94,0.0
1406.20,0.0
1406.45,0.0
1406.70,10360.0
1406.95,10510.0
1407.20,10119.5
1407.45,10580.0
1407.70,9776.0
1407.95,0.0
1408.20,0.0
1408.45,0.0
1408.70,0.0
1408.95,0.0
1409.20,0.0
1409.45,0.0
1409.70,0.0
1409.95,0.0
1410.20,0.0
1410.45,0.0
1410.70,0.0
1410.95,0.0
1411.20,0.0
1411.45,0.0
1411.70,0.0
1411.96,127.5
1412.21,3749.0
1412.46,10740.0
1412.71,10304.0
1412.96,3454.2
1413.21,0.0
1413.46,0.0
1413.71,0.0
1413.96,0.0
1414.21,0.0
1414.46,0.0
1414.71,0.0
1414.96,0.0
1415.21,0.0
1415.46,0.0
1415.71,3924.0
1415.96,10406.4
1416.21,9924.0
1416.46,8629.5
1416.72,0.0
1416.97,0.0
1417.22,0.0
1417.47,0.0
1417.72,0.0
1417.97,0.0
1418.22,0.0
1418.47,0.0
1418.72,0.0
1418.97,2561.8
1419.22,10549.8
1419.47,10592.0
1419.72,10420.0
1419.97,11406.4
1420.22,11243.0
1420.47,10840.0
1420.72,10820.0
1420.97,10860.0
1421.22,10980.0
1421.47,207.2
1421.72,0.0
1421.97,0.0
1422.22,0.0
1422.48,0.0
1422.73,0.0
1422.98,4541.8
1423.23,0.0
1423.48,0.0
1423.73,0.0
1423.98,0.0
1424.23,0.0
1424.48,0.0
1424.73,0.0
1424.98,0.0
1425.23,0.0
1425.48,7744.0
1425.73,10585.7
1425.98,4812.7
1426.23,0.0
1426.48,0.0
1426.73,0.0
1426.98,0.0
1427.23,0.0
1427.49,0.0
1427.74,0.0
1427.99,0.0
1428.24,0.0
1428.49,10708.0
1428.74,12705.2
1428.99,10500.0
1429.24,10768.9
1429.49,10812.0
1429.74,10868.5
1429.99,11488.0
1430.24,10924.0
1430.49,10665.3
1430.74,11180.0
1430.99,8884.0
1431.24,0.0
1431.49,0.0
1431.74,0.0
1431.99,0.0
1432.24,0.0
1432.49,0.0
1432.74,0.0
1432.99,0.0
1433.24,0.0
1433.50,0.0
1433.75,0.0
1434.00,0.0
1434.25,0.0
1434.50,0.0
1434.75,0.0
1435.00,0.0
1435.25,0.0
1435.50,8908.0
1435.75,10652.0
1436.00,9139.4
1436.25,0.0
1436.50,0.0
1436.75,0.0
1437.00,0.0
1437.25,0.0
1437.50,0.0
1437.75,0.0
1438.00,0.0
1438.26,0.0
1438.51,0.0
1438.76,0.0
1439.01,10656.0
1439.26,10944.2
1439.51,11064.0
1439.76,11000.0
1440.01,11043.8
1440.26,8984.1
1440.51,0.0
1440.76,0.0
1441.01,0.0
1441.26,0.0
1441.51,0.0
1441.76,0.0
1442.01,0.0
1442.26,0.0
1442.51,0.0
1442.76,0.0
1443.01,0.0
1443.26,0.0
1443.51,0.0
1443.77,0.0
1444.02,0.0
1444.27,103.6
1444.52,0.0
1444.77,6188.0
1445.02,10884.5
1445.27,11183.3
1445.52,0.0
1445.77,0.0
1446.02,0.0
1446.27,0.0
1446.52,0.0
1446.77,0.0
1447.02,0.0
1447.27,0.0
1447.52,0.0
1447.77,0.0
1448.02,3247.0
1448.27,11620.0
1448.52,11400.0
1448.78,5179.3
1449.03,0.0
1449.28,0.0
1449.53,0.0
1449.78,0.0
1450.03,0.0
1450.28,0.0
1450.53,0.0
1450.78,111.6
1451.03,2420.0
1451.28,11581.7
1451.53,11366.5
1451.78,11884.0
1452.03,11629.5
1452.28,11744.0
1452.53,12052.0
1452.78,11553.8
1453.03,11636.0
1453.28,7506.0
1453.53,0.0
1453.79,0.0
1454.04,0.0
1454.29,0.0
1454.55,0.0
1454.80,0.0
1455.05,0.0
1455.30,0.0
1455.55,0.0
1455.80,0.0
1456.05,0.0
1456.30,0.0
1456.55,0.0
1456.80,0.0
1457.05,0.0
1457.30,0.0
1457.55,0.0
1457.80,7200.0
1458.05,10448.0
1458.30,11292.0
1458.55,8259.0
1458.80,0.0
1459.05,0.0
1459.30,0.0
1459.55,0.0
1459.80,0.0
1460.05,0.0
1460.31,0.0
1460.56,0.0
1460.81,123.5
1461.06,11764.0
1461.31,12075.7
1461.56,11576.0
1461.81,10928.0
1462.06,11521.9
1462.31,12015.9
1462.56,11860.0
1462.81,11620.0
1463.06,11860.6
1463.31,8988.0
1463.56,0.0
1463.81,0.0
1464.06,0.0
1464.31,0.0
1464.56,0.0
1464.81,0.0
1465.06,8888.0
1465.32,10087.7
1465.57,0.0
1465.82,0.0
1466.07,0.0
1466.32,0.0
1466.57,0.0
1466.82,0.0
1467.07,0.0
1467.32,0.0
1467.57,0.0
1467.82,0.0
1468.07,11396.0
1468.32,11450.2
1468.57,11512.0
1468.82,11264.0
1469.07,10784.0
1469.32,11450.2
1469.57,2608.0
1469.82,0.0
1470.07,0.0
1470.32,0.0
1470.57,0.0
1470.83,0.0
1471.08,0.0
1471.33,0.0
1471.58,0.0
1471.83,0.0
1472.08,0.0
1472.33,0.0
1472.58,0.0
1472.83,0.0
1473.08,0.0
1473.33,0.0
1473.58,0.0
1473.83,0.0
1474.08,0.0
1474.33,0.0
1474.58,5079.7
1474.83,11180.0
1475.08,11204.0
1475.33,10326.7
1475.58,0.0
1475.83,0.0
1476.08,0.0
1476.33,0.0
1476.58,0.0
1476.83,0.0
1477.09,0.0
1477.34,0.0
1477.59,119.5
1477.84,11043.8
1478.09,11556.0
1478.34,11430.3
1478.59,10780.0
1478.84,10199.2
1479.09,0.0
1479.34,0.0
1479.59,0.0
1479.84,0.0
1480.09,0.0
1480.34,0.0
1480.59,0.0
1480.84,0.0
1481.09,0.0
1481.34,0.0
1481.59,0.0
1481.85,0.0
1482.10,0.0
1482.35,0.0
1482.60,0.0
1482.85,0.0
1483.10,0.0
1483.35,111.6
1483.60,3120.0
1483.85,13384.0
1484.10,13012.0
1484.35,12344.0
1484.60,10940.0
1484.85,545.8
1485.10,0.0
1485.35,0.0
1485.60,0.0
1485.85,0.0
1486.10,0.0
1486.35,0.0
1486.60,0.0
1486.85,0.0
1487.10,0.0
1487.35,2320.0
1487.60,11176.0
1487.86,11681.3
1488.11,11470.1
1488.36,8348.0
1488.61,10980.0
1488.86,11568.0
1489.11,11179.3
1489.36,3228.0
1489.61,0.0
1489.86,0.0
1490.11,0.0
1490.36,0.0
1490.61,0.0
1490.86,0.0
1491.11,0.0
1491.36,0.0
1491.61,0.0
1491.86,0.0
1492.11,0.0
1492.36,0.0
1492.61,0.0
1492.86,0.0
1493.11,0.0
1493.36,0.0
1493.62,0.0
1493.87,0.0
1494.12,4864.5
1494.37,10636.0
1494.62,10976.0
1494.87,4629.5
1495.12,0.0
1495.37,0.0
1495.62,0.0
1495.87,0.0
1496.12,0.0
1496.37,0.0
1496.62,0.0
1496.87,0.0
1497.12,0.0
1497.37,0.0
1497.62,4749.0
1497.87,10296.0
1498.12,11428.0
1498.37,11884.0
1498.62,11617.5
1498.87,11680.0
1499.12,11768.0
1499.38,8944.2
1499.62,1184.0
1499.88,0.0
1500.13,0.0
1500.38,0.0
1500.63,0.0
1500.88,0.0
1501.13,0.0
1501.38,0.0
1501.63,0.0
1501.88,9072.0
1502.13,6856.6
1502.38,0.0
1502.63,0.0
1502.88,0.0
1503.13,0.0
1503.38,0.0
1503.63,0.0
1503.88,0.0
1504.13,0.0
1504.38,0.0
1504.63,2832.0
1504.88,11498.0
1505.13,11772.0
1505.39,11510.0
1505.64,11636.0
1505.89,11713.1
1506.14,11288.0
1506.39,0.0
1506.64,0.0
1506.89,0.0
1507.14,0.0
1507.39,0.0
1507.64,0.0
1507.89,0.0
1508.14,0.0
1508.39,0.0
1508.64,0.0
1508.89,0.0
1509.14,0.0
1509.39,0.0
1509.64,0.0
1509.89,0.0
1510.14,0.0
1510.39,0.0
1510.65,0.0
1510.90,0.0
1511.15,6240.0
1511.40,11474.1
1511.65,11262.9
1511.90,5024.0
1512.15,0.0
1512.40,0.0
1512.65,0.0
1512.90,0.0
1513.15,0.0
1513.40,0.0
1513.65,0.0
1513.90,0.0
1514.15,3960.0
1514.40,11472.0
1514.65,11466.1
1514.90,11585.7
1515.15,11184.0
1515.40,11502.0
1515.65,12024.0
1515.91,8836.7
1516.16,0.0
1516.41,0.0
1516.66,0.0
1516.91,0.0
1517.16,0.0
1517.41,0.0
1517.66,0.0
1517.91,111.6
1518.16,6620.0
1518.41,11860.6
1518.66,10168.0
1518.91,0.0
1519.16,0.0
1519.41,0.0
1519.66,0.0
1519.91,0.0
1520.16,0.0
1520.41,0.0
1520.66,0.0
1520.91,0.0
1521.17,0.0
1521.42,4252.0
1521.67,11462.2
1521.92,11456.0
1522.17,11625.5
1522.42,11568.0
1522.67,9900.0
1522.92,0.0
1523.17,0.0
1523.42,0.0
1523.67,0.0
1523.92,0.0
1524.17,0.0
1524.42,0.0
1524.67,0.0
1524.92,0.0
1525.17,0.0
1525.42,0.0
1525.67,0.0
1525.92,0.0
1526.17,0.0
1526.42,0.0
1526.67,0.0
1526.92,0.0
1527.17,0.0
1527.43,0.0
1527.68,115.5
1527.93,6012.0
1528.18,11308.0
1528.43,11466.1
1528.87,1235.2
1529.12,1322.7
1529.37,0.0
1529.62,0.0
1529.87,0.0
1530.12,0.0
1530.37,0.0
1530.62,0.0
1530.87,0.0
1531.12,0.0
1531.37,0.0
1531.62,1668.0
1531.87,10984.1
1532.12,10952.0
1532.37,11112.0
1532.62,11368.0
1532.87,10757.0
1533.12,11224.0
1533.37,4633.5
1533.62,0.0
1533.88,0.0
1534.12,0.0
1534.38,0.0
1534.63,0.0
1534.88,0.0
1535.13,0.0
1535.38,3356.0
1535.63,11464.0
1535.88,13260.0
1536.13,13334.7
1536.38,13012.0
1536.63,13124.0
1536.88,13027.9
1537.13,13256.0
1537.38,13240.0
1537.63,13592.0
1537.88,13262.9
1538.13,13024.0
1538.38,2701.2
1538.63,0.0
1538.88,0.0
1539.13,0.0
1539.38,0.0
1539.63,0.0
1539.88,0.0
1540.13,0.0
1540.38,0.0
1540.63,7704.0
1540.88,12617.5
1541.13,13056.0
1541.39,13270.9
1541.64,13516.0
1541.89,13031.9
1542.14,13352.0
1542.39,13864.0
1542.64,13243.0
1542.89,13596.0
1543.14,13012.0
1543.39,13304.0
1543.64,13584.0
1543.89,13420.0
1544.14,13426.3
1544.39,9844.6
1544.64,0.0
1544.89,0.0
1545.14,0.0
1545.39,0.0
1545.64,0.0
1545.89,0.0
1546.14,0.0
1546.39,0.0
1546.65,1187.3
1546.90,13628.0
1547.15,13908.0
1547.40,13688.0
1547.65,13804.8
1547.90,14512.0
1548.15,13556.0
1548.40,14004.0
1548.65,13498.0
1548.90,13672.0
1549.15,334.7
1549.40,0.0
1549.65,0.0
1549.90,0.0
1550.15,0.0
1550.40,0.0
1550.65,0.0
1550.90,0.0
1551.15,0.0
1551.40,0.0
1551.65,9952.0
1551.90,13055.8
1552.15,13468.0
1552.41,12904.4
1552.66,13684.0
1552.91,13496.0
1553.16,13900.4
1553.41,13880.0
1553.66,13848.0
1553.91,7661.4
1554.16,0.0
1554.41,0.0
1554.66,0.0
1554.91,0.0
1555.16,0.0
1555.41,0.0
1555.66,0.0
1555.91,0.0
1556.16,0.0
1556.41,8892.0
1556.66,13516.0
1556.91,13572.0
1557.16,13669.3
1557.41,13757.0
1557.66,14080.0
1557.91,13684.0
1558.16,14140.0
1558.41,14290.8
1558.67,6251.0
1558.92,0.0
1559.17,0.0
1559.42,0.0
1559.67,0.0
1559.92,0.0
1560.17,0.0
1560.42,0.0
1560.67,0.0
1560.92,0.0
1561.17,10884.0
1561.42,14396.0
1561.67,14741.0
1561.92,14324.0
1562.17,13940.2
1562.42,14044.0
1562.67,13976.0
1562.92,13956.0
1563.17,14072.0
1563.42,964.1
1563.67,0.0
1563.92,0.0
1564.17,0.0
1564.42,0.0
1564.67,0.0
1564.92,0.0
1565.17,0.0
1565.42,0.0
1565.68,0.0
1565.93,6456.0
1566.18,14720.0
1566.43,14382.5
1566.68,14964.0
1566.93,14928.0
1567.18,14645.4
1567.43,13952.0
1567.68,13920.3
1567.93,14028.0
1568.18,3096.0
1568.43,0.0
1568.68,0.0
1568.93,0.0
1569.18,0.0
1569.43,0.0
1569.68,0.0
1569.93,0.0
1570.18,0.0
1570.43,96.0
1570.68,13392.0
1570.93,13796.8
1571.18,14128.0
1571.43,14306.8
1571.68,13792.0
1571.93,13932.0
1572.19,13478.1
1572.44,13484.0
1572.69,13484.0
1572.94,13640.0
1573.19,13952.2
1573.44,13689.2
1573.69,15832.0
1573.94,0.0
1574.19,0.0
1574.44,0.0
1574.69,0.0
1574.94,0.0
1575.19,0.0
1575.44,0.0
1575.69,0.0
1575.94,0.0
1576.19,0.0
1576.44,10988.0
1576.69,13912.4
1576.94,13444.0
1577.19,13164.0
1577.44,14816.0
1577.69,13314.7
1577.94,13764.0
1578.20,13059.8
1578.45,13244.0
1578.70,13717.1
1578.95,13372.0
1579.20,0.0
1579.45,0.0
1579.70,0.0
1579.95,0.0
1580.20,0.0
1580.45,0.0
1580.70,0.0
1580.95,0.0
1581.20,0.0
1581.45,6060.0
1581.70,13231.1
1581.95,14272.0
1582.20,13704.0
1582.45,13665.3
1582.70,13816.7
1582.95,14051.8
1583.20,14864.0
1583.45,13460.0
1583.71,14673.3
1583.96,14512.0
1584.21,13338.6
1584.46,13545.8
1584.71,13944.0
1584.96,13334.7
1585.21,13268.0
1585.46,13992.0
1585.71,13472.0
1585.96,13272.0
1586.21,13100.0
1586.46,13564.0
1586.71,13434.3
1586.96,13392.0
1587.21,13500.0
1587.46,13338.6
1587.71,10290.8
1587.96,0.0
1588.21,0.0
1588.46,0.0
1588.71,0.0
1588.96,0.0
1589.21,0.0
1589.47,0.0
1589.72,0.0
1589.97,0.0
1590.22,0.0
1590.47,0.0
1590.72,0.0
1590.97,0.0
1591.22,0.0
1591.47,0.0
1591.72,116.0
1591.97,5876.0
1592.22,13266.9
1592.47,13488.0
1592.72,13167.3
1592.97,13128.0
1593.22,13358.6
1593.47,13179.3
1593.72,14176.0
1593.97,13700.0
1594.22,13454.2
1594.47,2498.0
1594.73,0.0
1594.98,0.0
1595.23,0.0
1595.48,0.0
1595.73,0.0
1595.98,0.0
1596.23,0.0
1596.48,0.0
1596.73,0.0
1596.98,0.0
1597.23,11516.0
1597.48,14168.0
1597.73,13625.5
1597.98,776.9
1598.23,0.0
1598.48,0.0
1598.73,0.0
1598.98,0.0
1599.23,0.0
1599.48,0.0
1599.73,0.0
1599.99,0.0
1600.24,9298.8
1600.49,13592.0
1600.74,11809.3
1600.99,13020.0
1601.24,13716.0
1601.49,13757.0
1601.74,14032.0
1601.99,13952.0
1602.25,14510.0
1602.50,14420.0
1602.75,14135.5
1603.00,0.0
1603.25,0.0
1603.50,0.0
1603.75,0.0
1604.00,0.0
1604.25,0.0
1604.50,0.0
1604.75,0.0
1605.00,0.0
1605.25,0.0
1605.50,5396.0
1605.75,12204.0
1606.00,12565.7
1606.25,5808.8
1606.51,0.0
1606.76,0.0
1607.01,0.0
1607.26,0.0
1607.51,0.0
1607.76,0.0
1608.01,0.0
1608.26,0.0
1608.51,0.0
1608.76,0.0
1609.01,11613.5
1609.26,13380.0
1609.51,13772.9
1609.76,14844.6
1610.01,13244.0
1610.26,13394.4
1610.51,13268.0
1610.76,13342.6
1611.01,1338.6
1611.26,0.0
1611.52,0.0
1611.77,0.0
1612.02,0.0
1612.27,0.0
1612.52,0.0
1612.77,0.0
1613.02,0.0
1613.27,111.6
1613.52,13948.2
1613.77,15012.0
1614.02,14804.0
1614.27,8633.5
1614.52,0.0
1614.77,0.0
1615.02,0.0
1615.27,0.0
1615.52,0.0
1615.77,0.0
1616.02,0.0
1616.27,0.0
1616.52,0.0
1616.77,99.6
1617.02,14108.0
1617.27,15100.0
1617.53,14613.5
1617.78,14856.0
1618.03,14382.5
1618.28,14952.2
1618.53,14266.9
1618.78,14352.0
1619.03,14609.6
1619.28,14628.0
1619.53,14708.0
1619.78,15016.0
1620.03,15048.0
1620.28,14565.7
1620.53,14868.0
1620.78,14629.5
1621.03,14976.0
1621.28,14876.0
1621.53,13633.5
1621.78,434.3
1622.03,0.0
1622.28,0.0
1622.53,0.0
1622.78,0.0
1623.04,0.0
1623.29,0.0
1623.54,0.0
1623.79,0.0
1624.04,0.0
1624.29,0.0
1624.54,0.0
1624.79,0.0
1625.04,0.0
1625.29,0.0
1625.54,0.0
1625.79,0.0
1626.04,0.0
1626.29,0.0
1626.54,0.0
1626.79,557.8
1627.04,15652.0
1627.29,15996.0
1627.54,14440.0
1627.79,6207.2
1628.04,0.0
1628.29,0.0
1628.54,0.0
1628.80,0.0
1629.05,0.0
1629.30,0.0
1629.55,0.0
1629.80,0.0
1630.05,116.0
1630.30,13031.9
1630.55,14540.0
1630.80,15008.0
1631.05,15051.8
1631.30,15200.0
1631.55,3768.9
1631.80,0.0
1632.05,0.0
1632.30,0.0
1632.55,0.0
1632.80,0.0
1633.05,0.0
1633.30,0.0
1633.55,0.0
1633.80,0.0
1634.05,204.0
1634.31,14362.6
1634.56,13968.0
1634.81,14717.1
1635.06,15100.0
1635.31,14629.5
1635.56,14896.0
1635.81,14641.4
1636.06,557.8
1636.31,0.0
1636.56,0.0
1636.81,0.0
1637.06,0.0
1637.31,0.0
1637.56,0.0
1637.81,0.0
1638.06,0.0
1638.31,0.0
1638.56,11496.0
1638.81,14673.3
1639.07,14498.0
1639.32,14492.0
1639.57,14460.0
1639.82,14976.0
1640.07,14700.0
1640.32,14876.0
1640.57,11593.6
1640.82,0.0
1641.07,0.0
1641.32,0.0
1641.57,0.0
1641.82,0.0
1642.07,0.0
1642.32,0.0
1642.57,111.1
1642.82,0.0
1643.07,13334.7
1643.32,13629.5
1643.57,764.9
1643.82,0.0
1644.08,0.0
1644.33,0.0
1644.58,0.0
1644.83,0.0
1645.08,0.0
1645.33,0.0
1645.58,0.0
1645.83,0.0
1646.08,0.0
1646.33,9063.7
1646.58,15051.8
1646.83,14255.0
1647.08,14096.0
1647.33,14019.9
1647.58,14340.0
1647.83,14088.0
1648.08,13716.0
1648.33,14176.0
1648.58,5716.0
1648.83,0.0
1649.08,0.0
1649.33,0.0
1649.58,0.0
1649.84,0.0
1650.09,0.0
1650.34,0.0
1650.59,0.0
1650.84,0.0
1651.09,13613.5
1651.34,13460.0
1651.59,13424.0
1651.84,13438.2
1652.09,13856.0
1652.34,13876.0
1652.59,13848.6
1652.84,14024.0
1653.09,13641.4
1653.34,1876.5
1653.59,0.0
1653.84,0.0
1654.09,0.0
1654.34,0.0
1654.59,0.0
1654.84,0.0
1655.09,0.0
1655.34,0.0
1655.60,0.0
1655.85,8484.0
1656.10,14252.0
1656.35,13796.0
1656.60,13772.9
1656.85,13832.7
1657.10,13988.0
1657.35,14020.0
1657.60,14000.0
1657.85,15203.2
1658.10,14565.7
1658.35,13764.9
1658.60,13984.0
1658.85,13669.3
1659.10,3183.3
1659.35,0.0
1659.60,0.0
1659.85,0.0
1660.10,0.0
1660.35,0.0
1660.60,0.0
1660.86,0.0
1661.11,0.0
1661.36,7420.0
1661.61,13936.3
1661.86,14212.0
1662.11,13896.4
1662.36,13480.0
1662.61,13816.0
1662.86,9657.4
1663.11,0.0
1663.36,0.0
1663.61,0.0
1663.86,0.0
1664.11,0.0
1664.36,0.0
1664.61,0.0
1664.86,0.0
1665.11,0.0
1665.36,10428.0
1665.61,14012.0
1665.86,8450.2
1666.12,0.0
1666.37,0.0
1666.62,0.0
1666.87,0.0
1667.12,0.0
1667.37,0.0
1667.62,0.0
1667.87,0.0
1668.12,0.0
1668.37,4191.2
1668.62,15100.0
1668.87,15203.2
1669.12,15448.0
1669.37,15255.0
1669.62,15232.0
1669.87,6259.0
1670.12,0.0
1670.37,0.0
1670.62,0.0
1670.87,0.0
1671.12,0.0
1671.38,0.0
1671.62,0.0
1671.88,0.0
1672.13,7474.1
1672.38,15256.0
1672.63,15052.0
1672.88,15091.6
1673.13,14320.0
1673.38,14083.7
1673.63,14032.0
1673.88,14040.0
1674.13,14115.5
1674.38,14322.7
1674.63,11585.7
1674.88,0.0
1675.13,0.0
1675.38,0.0
1675.63,0.0
1675.88,0.0
1676.13,0.0
1676.38,0.0
1676.63,0.0
1676.88,0.0
1677.13,6388.0
1677.39,14625.5
1677.64,13633.5
1677.89,13960.0
1678.14,13920.0
1678.39,13332.0
1678.64,13561.8
1678.89,13720.0
1679.14,13756.0
1679.39,3824.7
1679.64,0.0
1679.89,0.0
1680.14,0.0
1680.39,0.0
1680.64,0.0
1680.89,0.0
1681.14,0.0
1681.39,0.0
1681.64,0.0
1681.89,4541.8
1682.14,13952.0
1682.39,13952.0
1682.64,14272.0
1682.89,14280.0
1683.14,14016.0
1683.39,14216.0
1683.64,13928.3
1683.89,14414.3
1684.14,14520.0
1684.39,14744.0
1684.64,14860.0
1684.90,14849.2
1685.15,15068.0
1685.40,14600.0
1685.65,14416.0
1685.90,3880.5
1686.15,0.0
1686.40,0.0
1686.65,0.0
1686.90,0.0
1687.15,0.0
1687.40,0.0
1687.65,0.0
1687.90,0.0
1688.15,7724.0
1688.40,14804.8
1688.65,14648.0
1688.90,14488.0
1689.15,15128.0
1689.40,15115.5
1689.65,14996.0
1689.90,15276.0
1690.15,14920.0
1690.40,15031.9
1690.65,14672.0
1690.90,15104.0
1691.15,14780.0
1691.40,14556.0
1691.65,14700.0
1691.90,14312.0
1692.15,6557.8
1692.41,0.0
1692.66,0.0
1692.91,0.0
1693.16,0.0
1693.41,0.0
1693.66,0.0
1693.91,0.0
1694.16,0.0
1694.41,0.0
1694.66,0.0
1694.91,0.0
1695.16,0.0
1695.41,0.0
1695.66,0.0
1695.91,0.0
1696.16,0.0
1696.41,112.0
1696.66,3708.0
1696.91,14665.3
1697.16,15020.0
1697.41,14820.0
1697.66,14964.1
1697.91,14884.0
1698.16,15096.0
1698.42,15035.9
1698.67,14996.0
1698.92,14346.6
1699.17,14920.0
1699.42,15128.0
1699.67,1864.5
1699.92,0.0
1700.17,0.0
1700.42,0.0
1700.67,0.0
1700.92,0.0
1701.17,0.0
1701.42,0.0
1701.67,0.0
1701.92,0.0
1702.17,2856.0
1702.42,15036.0
1702.67,14772.9
1702.92,15124.0
1703.17,15071.7
1703.42,15100.0
1703.67,15027.9
1703.92,15088.0
1704.18,7203.2
1704.43,0.0
1704.68,0.0
1704.93,0.0
1705.18,0.0
1705.43,0.0
1705.68,0.0
1705.93,0.0
1706.18,0.0
1706.43,0.0
1706.68,12685.3
1706.93,14924.3
1707.18,14737.1
1707.43,14768.0
1707.68,13176.0
1707.93,14164.0
1708.18,14172.0
1708.43,14084.0
1708.68,13948.0
1708.93,14068.0
1709.18,14398.4
1709.43,14200.0
1709.68,6537.8
1709.94,0.0
1710.19,0.0
1710.44,0.0
1710.69,0.0
1710.94,0.0
1711.19,0.0
1711.44,0.0
1711.69,0.0
1711.94,0.0
1712.19,0.0
1712.44,0.0
1712.69,0.0
1712.94,0.0
1713.19,0.0
1713.44,0.0
1713.69,0.0
1713.94,0.0
1714.19,0.0
1714.44,5020.0
1714.69,13549.8
1714.94,13436.0
1715.20,14083.7
1715.45,14171.3
1715.70,11300.0
1715.95,13728.0
1716.20,13640.0
1716.45,13660.0
1716.70,4155.4
1716.95,0.0
1717.20,0.0
1717.45,0.0
1717.70,0.0
1717.95,0.0
1718.20,0.0
1718.45,0.0
1718.70,95.6
1718.95,13072.0
1719.20,13844.0
1719.45,13251.0
1719.70,14000.0
1719.95,13888.0
1720.20,13592.0
1720.45,13940.2
1720.70,14076.0
1720.95,13692.0
1721.20,13952.2
1721.45,14284.0
1721.71,14083.7
1721.96,14640.0
1722.21,14442.2
1722.46,14940.0
1722.71,14420.0
1722.96,13960.2
1723.21,13976.0
1723.46,14223.1
1723.71,14368.0
1723.96,14484.0
1724.21,13812.0
1724.46,14581.7
1724.71,14084.0
1724.96,14286.9
1725.21,14248.0
1725.46,14406.4
1725.71,14876.5
1725.96,4681.3
1726.21,0.0
1726.46,0.0
1726.71,0.0
1726.97,0.0
1727.22,0.0
1727.47,0.0
1727.72,0.0
1727.97,0.0
1728.22,0.0
1728.47,0.0
1728.72,0.0
1728.97,0.0
1729.22,0.0
1729.47,0.0
1729.72,0.0
1729.97,8549.8
1730.22,14616.0
1730.47,14636.0
1730.72,14948.2
1730.97,15524.0
1731.22,14996.0
1731.47,13504.0
1731.72,14252.0
1731.97,3559.5
1732.22,0.0
1732.47,0.0
1732.73,0.0
1732.98,0.0
1733.23,0.0
1733.48,0.0
1733.73,0.0
1733.98,0.0
1734.23,0.0
1734.48,0.0
1734.73,104.0
1734.98,9784.0
1735.23,14418.3
1735.48,14084.0
1735.73,14649.4
1735.98,14220.0
1736.23,15092.0
1736.48,14228.0
1736.73,13996.0
1736.98,15004.0
1737.23,14416.0
1737.48,14159.4
1737.73,14324.0
1737.98,14123.5
1738.23,14324.0
1738.48,14294.8
1738.73,14500.0
1738.98,14496.0
1739.23,14436.0
1739.49,14183.3
1739.74,14428.0
1739.99,14266.9
1740.24,14376.0
1740.49,14312.0
1740.74,14268.0
1740.99,2944.4
1741.24,0.0
1741.49,0.0
1741.74,0.0
1741.99,0.0
1742.24,0.0
1742.49,0.0
1742.74,0.0
1742.99,0.0
1743.24,0.0
1743.49,0.0
1743.74,0.0
1743.99,0.0
1744.24,0.0
1744.49,0.0
1744.74,0.0
1745.00,0.0
1745.25,116.0
1745.50,0.0
1745.75,9016.0
1746.00,12916.0
1746.25,13629.5
1746.50,14039.8
1746.75,14512.0
1747.00,14486.1
1747.25,14496.0
1747.50,14326.7
1747.75,14400.0
1748.00,7458.2
1748.25,0.0
1748.50,0.0
1748.75,0.0
1749.00,0.0
1749.25,0.0
1749.50,0.0
1749.76,0.0
1750.01,0.0
1750.26,0.0
1750.51,8051.8
1750.76,14264.0
1751.01,2768.0
1751.26,0.0
1751.51,0.0
1751.76,0.0
1752.01,0.0
1752.26,0.0
1752.51,0.0
1752.76,0.0
1753.01,103.6
1753.26,11400.0
1753.51,14652.0
1753.76,15517.9
1754.01,15008.0
1754.26,14728.0
1754.51,14420.0
1754.76,14310.8
1755.01,14420.0
1755.27,14545.8
1755.52,14396.0
1755.77,13980.0
1756.02,14556.0
1756.27,14848.0
1756.52,14876.5
1756.77,14864.5
1757.02,14084.0
1757.27,14848.6
1757.52,15768.0
1757.77,16665.3
1758.02,2075.7
1758.27,0.0
1758.52,0.0
1758.77,0.0
1759.02,0.0
1759.27,0.0
1759.52,0.0
1759.77,0.0
1760.02,0.0
1760.27,0.0
1760.52,1992.0
1760.78,14314.7
1761.03,15212.0
1761.28,15040.0
1761.53,14506.0
1761.78,4924.3
1762.03,0.0
1762.28,0.0
1762.53,0.0
1762.78,0.0
1763.03,0.0
1763.28,0.0
1763.53,0.0
1763.78,0.0
1764.03,0.0
1764.28,621.5
1764.53,13952.2
1764.78,5753.0
1765.03,0.0
1765.29,0.0
1765.54,0.0
1765.79,0.0
1766.04,0.0
1766.29,0.0
1766.54,0.0
1766.79,0.0
1767.04,131.5
1767.29,10588.0
1767.54,14132.0
1767.79,14124.0
1768.04,13952.2
1768.29,14024.0
1768.54,14147.4
1768.79,14316.0
1769.04,13035.9
1769.29,0.0
1769.54,0.0
1769.79,0.0
1770.04,0.0
1770.29,0.0
1770.54,0.0
1770.80,0.0
1771.05,0.0
1771.30,0.0
1771.55,0.0
1771.80,2984.1
1772.05,14019.9
1772.30,14324.0
1772.55,14568.0
1772.80,14398.4
1773.05,15124.0
1773.30,13740.0
1773.55,14498.0
1773.80,14960.0
1774.05,2848.0
1774.30,0.0
1774.55,0.0
1774.80,0.0
1775.05,0.0
1775.30,0.0
1775.55,0.0
1775.80,0.0
1776.05,0.0
1776.31,12749.0
1776.56,14244.0
1776.81,14318.7
1777.06,15076.0
1777.31,16760.0
1777.56,15664.0
1777.81,15255.0
1778.06,14564.0
1778.31,14506.0
1778.56,14609.6
1778.81,14736.0
1779.06,15200.0
1779.31,15616.0
1779.56,14900.4
1779.81,14884.0
1780.06,4474.1
1780.31,0.0
1780.56,0.0
1780.81,0.0
1781.06,0.0
1781.31,0.0
1781.56,0.0
1781.82,0.0
1782.07,0.0
1782.32,0.0
1782.57,0.0
1782.82,0.0
1783.07,0.0
1783.32,0.0
1783.57,0.0
1783.82,0.0
1784.07,0.0
1784.32,0.0
1784.57,116.0
1784.82,11055.8
1785.07,14757.0
1785.32,14649.4
1785.57,15456.0
1785.82,14107.6
1786.07,13944.0
1786.32,14180.0
1786.57,14228.0
1786.82,14788.8
1787.08,2191.2
1787.33,0.0
1787.58,0.0
1787.83,0.0
1788.08,0.0
1788.33,0.0
1788.58,0.0
1788.83,0.0
1789.08,0.0
1789.33,0.0
1789.58,0.0
1789.83,10772.9
1790.08,14920.0
1790.33,15936.0
1790.58,15972.0
1790.83,15039.8
1791.08,15223.1
1791.33,14956.0
1791.58,14632.0
1791.83,14732.0
1792.08,15219.1
1792.33,15208.0
1792.58,15529.9
1792.83,15420.0
1793.09,14438.2
1793.34,0.0
1793.59,0.0
1793.84,0.0
1794.09,0.0
1794.34,0.0
1794.59,0.0
1794.84,0.0
1795.09,0.0
1795.34,0.0
1795.59,0.0
1795.84,1716.0
1796.09,15080.0
1796.34,16059.8
1796.59,15388.0
1796.84,14043.8
1797.09,15060.0
1797.34,14223.1
1797.59,14884.0
1797.84,14454.2
1798.10,14549.8
1798.35,13521.9
1798.60,0.0
1798.85,0.0
1799.10,0.0
1799.35,0.0
1799.60,0.0
1799.85,0.0
1800.10,0.0
1800.35,0.0
1800.60,107.6
1800.85,0.0
1801.10,0.0
1801.35,0.0
1801.60,0.0
1801.85,0.0
1802.10,0.0
1802.35,0.0
1802.60,0.0
1802.85,0.0
1803.11,0.0
1803.36,7528.0
1803.61,14132.0
1803.86,14376.0
1804.11,14143.4
1804.36,0.0
1804.61,0.0
1804.86,0.0
1805.11,0.0
1805.36,0.0
1805.61,0.0
1805.86,0.0
1806.11,0.0
1806.36,0.0
1806.61,0.0
1806.86,10872.5
1807.11,14332.0
1807.36,14240.0
1807.61,14577.7
1807.86,14712.0
1808.11,14884.0
1808.36,7581.7
1808.61,0.0
1808.86,0.0
1809.11,0.0
1809.36,0.0
1809.62,0.0
1809.87,0.0
1810.12,0.0
1810.37,0.0
1810.62,0.0
1810.87,9924.0
1811.12,14420.0
1811.37,14568.0
1811.62,14764.9
1811.87,15179.3
1812.12,14228.0
1812.37,14533.9
1812.62,14868.0
1812.87,11753.0
1813.12,0.0
1813.37,0.0
1813.62,0.0
1813.87,0.0
1814.12,0.0
1814.37,0.0
1814.62,0.0
1814.88,0.0
1815.12,0.0
1815.38,5068.0
1815.63,13498.0
1815.88,14820.0
1816.13,15148.0
1816.38,3436.0
1816.63,0.0
1816.88,0.0
1817.13,0.0
1817.38,0.0
1817.63,0.0
1817.88,0.0
1818.13,0.0
1818.38,0.0
1818.63,428.0
1818.88,14768.9
1819.13,14596.0
1819.38,14656.0
1819.63,14330.7
1819.88,14171.3
1820.13,4804.8
1820.38,0.0
1820.63,0.0
1820.88,0.0
1821.14,0.0
1821.39,0.0
1821.64,0.0
1821.89,0.0
1822.14,0.0
1822.39,5796.8
1822.64,14816.7
1822.89,14776.9
1823.14,14824.0
1823.39,14565.7
1823.64,14704.0
1823.89,14828.0
1824.14,14696.0
1824.39,14306.8
1824.64,3282.9
1824.89,0.0
1825.14,0.0
1825.39,0.0
1825.64,0.0
1825.89,0.0
1826.15,0.0
1826.40,0.0
1826.65,0.0
1826.90,9076.0
1827.15,15306.8
1827.40,15276.0
1827.65,14358.6
1827.90,15239.0
1828.15,14876.0
1828.40,15320.0
1828.65,14212.0
1828.90,10337.3
1829.15,0.0
1829.40,0.0
1829.65,0.0
1829.90,0.0
1830.15,0.0
1830.40,0.0
1830.65,0.0
1830.90,0.0
1831.15,0.0
1831.41,11231.1
1831.66,14552.0
1831.91,14364.0
1832.16,3091.6
1832.41,0.0
1832.66,0.0
1832.91,0.0
1833.16,0.0
1833.41,0.0
1833.66,0.0
1833.91,0.0
1834.16,0.0
1834.41,0.0
1834.66,6516.0
1834.91,14908.0
1835.16,15276.0
1835.41,14916.3
1835.66,14680.0
1835.91,15268.0
1836.16,14820.0
1836.41,15235.1
1836.66,14916.3
1836.91,14580.0
1837.16,14984.0
1837.41,14660.0
1837.66,14780.0
1837.91,14580.0
1838.16,14980.1
1838.42,15187.3
1838.67,14804.0
1838.92,14607.1
1839.17,14384.0
1839.42,14223.1
1839.67,14360.0
1839.92,14398.4
1840.17,14482.1
1840.42,15008.0
1840.67,1553.8
1840.92,0.0
1841.17,0.0
1841.42,0.0
1841.67,0.0
1841.92,0.0
1842.17,0.0
1842.42,0.0
1842.67,0.0
1842.93,0.0
1843.18,0.0
1843.43,0.0
1843.68,0.0
1843.93,0.0
1844.18,0.0
1844.43,0.0
1844.68,0.0
1844.93,0.0
1845.18,4408.0
1845.43,14208.0
1845.68,14096.0
1845.93,14032.0
1846.18,14119.5
1846.43,13812.8
1846.68,13800.0
1846.93,14306.8
1847.18,14426.3
1847.43,12203.2
1847.68,0.0
1847.93,0.0
1848.18,0.0
1848.44,0.0
1848.69,0.0
1848.94,0.0
1849.19,0.0
1849.44,0.0
1849.69,0.0
1849.94,6541.8
1850.19,14080.0
1850.44,14276.0
1850.69,14292.0
1850.94,14264.0
1851.19,14100.0
1851.44,14502.0
1851.69,14968.1
1851.94,14872.0
1852.19,14520.0
1852.44,15100.0
1852.69,15408.0
1852.94,15207.2
1853.19,14852.6
1853.44,15179.3
1853.69,14944.0
1853.94,14964.0
1854.19,14832.0
1854.44,14888.4
1854.69,15412.0
1854.94,14740.0
1855.19,14388.0
1855.44,14728.0
1855.70,11490.0
1855.95,0.0
1856.20,0.0
1856.45,0.0
1856.70,0.0
1856.95,0.0
1857.20,0.0
1857.45,0.0
1857.70,0.0
1857.95,0.0
1858.20,0.0
1858.45,0.0
1858.70,0.0
1858.95,0.0
1859.20,0.0
1859.45,0.0
1859.70,0.0
1859.95,107.6
1860.20,0.0
1860.45,0.0
1860.70,0.0
1860.96,7589.6
1861.21,13144.0
1861.46,13386.5
1861.71,13848.0
1861.96,13968.1
1862.21,14015.9
1862.46,13388.0
1862.71,14255.0
1862.96,14288.0
1863.21,14247.0
1863.46,6992.0
1863.71,0.0
1863.96,0.0
1864.21,0.0
1864.46,0.0
1864.71,0.0
1864.96,0.0
1865.21,0.0
1865.46,0.0
1865.72,0.0
1865.97,9212.0
1866.22,12896.4
1866.47,13932.0
1866.72,13940.2
1866.97,14155.4
1867.22,14376.0
1867.47,13816.0
1867.72,14180.0
1867.97,14342.6
1868.22,14155.4
1868.47,14212.0
1868.72,14262.9
1868.97,14540.0
1869.22,14788.0
1869.47,14764.9
1869.72,14976.0
1869.97,14661.4
1870.22,14924.3
1870.47,14636.0
1870.73,14533.9
1870.98,5545.8
1871.23,0.0
1871.48,0.0
1871.73,0.0
1871.98,0.0
1872.23,0.0
1872.48,0.0
1872.73,0.0
1872.98,0.0
1873.23,8800.8
1873.48,14450.2
1873.73,8044.0
1873.98,0.0
1874.23,0.0
1874.48,0.0
1874.73,0.0
1874.98,0.0
1875.23,0.0
1875.48,0.0
1875.74,0.0
1875.99,0.0
1876.24,7936.0
1876.49,14533.9
1876.74,14657.4
1876.99,14426.3
1877.24,14440.0
1877.49,3761.0
1877.74,0.0
1877.99,0.0
1878.24,0.0
1878.49,0.0
1878.74,0.0
1878.99,0.0
1879.24,0.0
1879.49,0.0
1879.74,0.0
1879.99,0.0
1880.24,9088.0
1880.49,14440.0
1880.74,15048.0
1880.99,13956.0
1881.24,14460.0
1881.50,13753.0
1881.75,0.0
1882.00,0.0
1882.25,0.0
1882.50,0.0
1882.75,0.0
1883.00,0.0
1883.25,0.0
1883.50,0.0
1883.75,0.0
1884.00,1540.0
1884.25,13673.3
1884.62,8980.8
1884.87,9468.0
1885.12,0.0
1885.37,0.0
1885.62,0.0
1885.87,0.0
1886.12,0.0
1886.37,0.0
1886.62,0.0
1886.87,0.0
1887.12,0.0
1887.37,8632.0
1887.62,13506.0
1887.87,14492.0
1888.12,14452.0
1888.37,15131.5
1888.62,14940.2
1888.87,15508.0
1889.12,15079.7
1889.38,14884.0
1889.62,14928.0
1889.88,15656.0
1890.13,15354.6
1890.38,15760.0
1890.63,5521.9
1890.88,0.0
1891.13,0.0
1891.38,0.0
1891.63,0.0
1891.88,0.0
1892.13,0.0
1892.38,0.0
1892.63,0.0
1892.88,6284.0
1893.13,14880.0
1893.38,14697.2
1893.63,14484.0
1893.88,14545.8
1894.13,14484.0
1894.38,14506.0
1894.63,14620.0
1894.88,14644.0
1895.13,14199.2
1895.38,14816.7
1895.64,15011.9
1895.89,15332.0
1896.14,14888.4
1896.39,15176.0
1896.64,14852.0
1896.89,15016.0
1897.14,15067.7
1897.39,15139.4
1897.64,15232.0
1897.89,14960.0
1898.14,14604.0
1898.39,2430.3
1898.64,0.0
1898.89,0.0
1899.14,0.0
1899.39,0.0
1899.64,0.0
1899.89,0.0
1900.14,6296.0
1900.39,14756.0
1900.64,14784.0
1900.89,14540.0
1901.14,14462.2
1901.39,14856.0
1901.64,14980.0
1901.90,14721.1
1902.15,13709.2
1902.40,14136.0
1902.65,14498.0
1902.90,14300.0
1903.15,14544.0
1903.40,13908.0
1903.65,7414.3
1903.90,0.0
1904.15,0.0
1904.40,0.0
1904.65,0.0
1904.90,0.0
1905.15,0.0
1905.40,0.0
1905.65,0.0
1905.90,0.0
1906.15,0.0
1906.40,0.0
1906.65,0.0
1906.90,0.0
1907.15,0.0
1907.41,0.0
1907.66,0.0
1907.91,0.0
1908.16,124.0
1908.41,0.0
1908.66,5808.0
1908.91,12764.0
1909.16,13428.0
1909.41,13394.4
1909.66,13800.0
1909.91,13692.0
1910.16,13764.0
1910.41,13428.0
1910.66,14104.0
1910.91,13980.1
1911.16,1334.7
1911.41,0.0
1911.66,0.0
1911.91,0.0
1912.16,0.0
1912.41,0.0
1912.66,0.0
1912.91,0.0
1913.16,0.0
1913.42,4681.3
1913.67,13636.0
1913.92,13988.0
1914.17,14067.7
1914.42,15232.0
1914.67,16310.8
1914.92,8296.0
1915.17,0.0
1915.42,0.0
1915.67,0.0
1915.92,0.0
1916.17,0.0
1916.42,0.0
1916.67,0.0
1916.92,0.0
1917.17,0.0
1917.42,11200.0
1917.67,14521.9
1917.92,15844.0
1918.17,15486.1
1918.42,14776.0
1918.67,14880.5
1918.93,2388.9
1919.18,0.0
1919.43,0.0
1919.68,0.0
1919.93,0.0
1920.18,0.0
1920.43,0.0
1920.68,0.0
1920.93,0.0
1921.18,0.0
1921.43,7040.0
1921.68,14132.0
1921.93,13752.0
1922.18,14278.9
1922.43,14228.0
1922.68,13908.4
1922.93,13988.0
1923.18,14342.6
1923.43,14446.2
1923.68,14416.0
1923.94,14095.6
1924.19,14120.0
1924.44,14244.0
1924.69,14215.1
1924.94,14268.0
1925.19,14508.0
1925.44,14669.3
1925.69,13676.0
1925.94,9644.0
1926.19,0.0
1926.44,0.0
1926.69,0.0
1926.94,0.0
1927.19,0.0
1927.44,0.0
1927.69,0.0
1927.94,0.0
1928.19,119.5
1928.44,0.0
1928.69,0.0
1928.94,0.0
1929.19,0.0
1929.44,0.0
1929.70,0.0
1929.95,0.0
1930.20,2820.7
1930.45,14512.0
1930.70,14160.0
1930.95,14116.0
1931.20,14240.0
1931.45,13657.4
1931.70,13573.7
1931.95,13928.0
1932.20,14290.8
1932.45,14664.0
1932.70,14745.0
1932.95,14608.0
1933.20,14580.0
1933.45,13996.0
1933.70,14248.0
1933.95,14452.0
1934.20,14266.9
1934.45,13304.0
1934.70,0.0
1934.95,0.0
1935.20,0.0
1935.45,0.0
1935.70,0.0
1935.95,0.0
1936.21,0.0
1936.46,0.0
1936.71,3456.0
1936.96,13936.3
1937.21,14900.0
1937.46,14476.0
1937.71,14956.2
1937.96,15044.0
1938.21,11184.0
1938.46,0.0
1938.71,0.0
1938.96,0.0
1939.21,0.0
1939.46,0.0
1939.71,0.0
1939.96,0.0
1940.21,0.0
1940.46,0.0
1940.71,0.0
1940.96,13568.0
1941.21,16215.1
1941.46,15620.0
1941.71,13996.0
1941.96,14856.0
1942.21,9641.4
1942.46,0.0
1942.72,0.0
1942.97,0.0
1943.22,0.0
1943.47,0.0
1943.72,0.0
1943.97,0.0
1944.22,0.0
1944.47,111.6
1944.72,0.0
1944.97,1068.0
1945.22,15108.0
1945.47,14824.7
1945.72,15604.0
1945.97,15168.0
1946.22,15840.6
1946.47,15396.0
1946.72,15140.0
1946.97,8916.3
1947.22,0.0
1947.47,0.0
1947.72,0.0
1947.97,0.0
1948.22,0.0
1948.48,0.0
1948.73,0.0
1948.98,0.0
1949.23,0.0
1949.48,2055.8
1949.73,14292.0
1949.98,15402.4
1950.23,8684.0
1950.48,0.0
1950.73,0.0
1950.98,0.0
1951.23,0.0
1951.48,0.0
1951.73,0.0
1951.98,0.0
1952.23,0.0
1952.48,0.0
1952.73,0.0
1952.98,4636.0
1953.23,14438.2
1953.48,14745.0
1953.74,13972.1
1953.99,14480.0
1954.24,13916.3
1954.49,14282.9
1954.74,14220.0
1954.99,14382.5
1955.24,14220.0
1955.49,14288.0
1955.74,13968.1
1955.99,13556.0
1956.24,13984.0
1956.49,14748.0
1956.74,14052.0
1956.99,14294.8
1957.24,14372.0
1957.49,14326.7
1957.74,14560.0
1957.99,14544.0
1958.24,13553.8
1958.49,2616.0
1958.74,0.0
1958.99,0.0
1959.24,0.0
1959.49,0.0
1959.74,0.0
1960.00,0.0
1960.25,4712.0
1960.50,13892.0
1960.75,14228.0
1961.00,14484.0
1961.25,14677.3
1961.50,15084.0
1961.75,14844.0
1962.00,14112.0
1962.25,14681.3
1962.50,15298.8
1962.75,13684.0
1963.00,14068.0
1963.25,14056.0
1963.50,13952.2
1963.75,14020.0
1964.00,14128.0
1964.25,14040.0
1964.50,14314.7
1964.75,5996.0
1965.00,0.0
1965.25,0.0
1965.50,0.0
1965.75,0.0
1966.00,0.0
1966.26,0.0
1966.51,0.0
1966.76,536.0
1967.01,12195.2
1967.26,13680.0
1967.51,4557.8
1967.76,0.0
1968.01,0.0
1968.26,0.0
1968.51,0.0
1968.76,0.0
1969.01,0.0
1969.26,0.0
1969.51,0.0
1969.76,0.0
1970.01,3276.0
1970.26,14648.0
1970.51,14972.1
1970.76,14027.9
1971.01,14148.0
1971.26,14266.9
1971.51,14344.0
1971.77,14095.2
1972.02,13864.0
1972.27,14344.0
1972.52,14276.0
1972.77,14148.0
1973.02,14251.0
1973.27,14581.7
1973.52,13912.0
1973.77,14255.0
1974.02,11270.9
1974.27,0.0
1974.52,0.0
1974.77,0.0
1975.02,0.0
1975.27,0.0
1975.52,0.0
1975.77,0.0
1976.02,0.0
1976.27,7864.0
1976.53,119.5
1976.78,0.0
1977.03,0.0
1977.28,0.0
1977.53,0.0
1977.78,0.0
1978.03,0.0
1978.28,0.0
1978.53,0.0
1978.78,112.0
1979.03,12557.8
1979.28,14151.4
1979.53,14204.0
1979.78,14095.6
1980.03,14124.0
1980.28,14354.6
1980.53,14280.0
1980.78,14552.0
1981.03,14310.8
1981.29,14107.6
1981.54,14040.0
1981.79,13748.0
1982.04,14792.0
1982.29,14657.4
1982.54,14968.0
1982.79,9784.9
1983.04,0.0
1983.29,0.0
1983.54,0.0
1983.79,0.0
1984.04,0.0
1984.29,0.0
1984.54,0.0
1984.79,0.0
1985.04,4800.0
1985.29,14560.0
1985.54,14143.4
1985.79,14436.0
1986.04,14712.0
1986.29,14187.3
1986.54,14664.0
1986.79,14928.3
1987.04,15088.0
1987.30,14996.0
1987.55,15044.0
1987.80,15247.0
1988.05,14124.0
1988.30,3848.0
1988.55,0.0
1988.80,0.0
1989.05,0.0
1989.30,0.0
1989.55,0.0
1989.80,0.0
1990.05,0.0
1990.30,0.0
1990.55,0.0
1990.80,10051.8
1991.05,14143.4
1991.30,8648.0
1991.55,0.0
1991.80,0.0
1992.05,0.0
1992.30,0.0
1992.56,0.0
1992.81,0.0
1993.06,0.0
1993.31,0.0
1993.56,119.5
1993.81,13864.0
1994.06,15232.0
1994.31,14976.0
1994.56,15020.0
1994.81,14968.0
1995.06,15860.0
1995.31,5577.7
1995.56,0.0
1995.81,0.0
1996.06,0.0
1996.31,0.0
1996.56,0.0
1996.81,0.0
1997.06,0.0
1997.31,0.0
1997.56,4084.0
1997.81,14824.0
1998.06,14521.9
1998.31,15124.0
1998.56,14168.0
1998.81,14408.0
1999.06,14191.2
1999.31,14396.0
1999.56,14366.5
1999.82,14370.5
2000.07,14336.0
2000.32,14458.2
2000.57,14396.0
2000.82,14996.0
2001.07,14549.8
2001.32,14976.1
2001.57,15040.0
2001.82,15322.7
2002.07,2517.9
2002.32,0.0
2002.57,0.0
2002.82,0.0
2003.07,0.0
2003.32,0.0
2003.57,0.0
2003.82,0.0
2004.07,0.0
2004.32,0.0
2004.57,2740.0
2004.83,0.0
2005.08,0.0
2005.33,0.0
2005.58,0.0
2005.83,0.0
2006.08,0.0
2006.33,0.0
2006.58,0.0
2006.83,0.0
2007.08,0.0
2007.33,2852.6
2007.58,14708.0
2007.83,14972.1
2008.08,14270.9
2008.33,14536.0
2008.58,15412.0
2008.83,14344.0
2009.08,14588.0
2009.33,14912.4
2009.58,15051.8
2009.83,14476.0
2010.09,10127.5
2010.34,0.0
2010.59,0.0
2010.84,0.0
2011.09,0.0
2011.34,0.0
2011.59,0.0
2011.84,0.0
2012.09,0.0
2012.34,0.0
2012.59,9039.8
2012.84,15120.0
2013.09,14804.8
2013.34,14864.0
2013.59,14668.0
2013.84,14628.0
2014.09,14772.0
2014.34,14900.4
2014.59,10848.6
2014.84,0.0
2015.10,0.0
2015.35,0.0
2015.60,0.0
2015.85,0.0
2016.10,0.0
2016.35,0.0
2016.60,0.0
2016.85,0.0
2017.10,1438.2
2017.35,0.0
2017.60,0.0
2017.85,0.0
2018.10,0.0
2018.35,0.0
2018.60,0.0
2018.85,0.0
2019.10,0.0
2019.35,0.0
2019.60,4032.0
2019.85,14744.0
2020.10,14912.4
2020.36,14804.8
2020.61,14848.0
2020.86,14685.3
2021.11,15112.0
2021.36,15008.0
2021.61,14688.0
2021.86,15332.0
2022.11,14804.0
2022.36,14804.0
2022.61,14565.7
2022.86,15200.0
2023.11,9502.0
2023.36,0.0
2023.61,0.0
2023.86,0.0
2024.11,0.0
2024.36,0.0
2024.61,0.0
2024.86,0.0
2025.11,107.6
2025.36,5302.8
2025.61,14776.0
2025.86,14976.0
2026.12,5398.4
2026.37,0.0
2026.62,0.0
2026.87,0.0
2027.12,0.0
2027.37,0.0
2027.62,0.0
2027.87,0.0
2028.12,0.0
2028.37,8128.0
2028.62,15124.0
2028.87,15196.0
2029.12,14840.6
2029.37,14736.0
2029.62,15644.0
2029.87,15480.0
2030.12,14653.4
2030.37,15108.0
2030.62,3183.3
2030.87,0.0
2031.12,0.0
2031.37,0.0
2031.62,0.0
2031.87,0.0
2032.12,0.0
2032.37,0.0
2032.62,0.0
2032.88,0.0
2033.13,0.0
2033.38,11388.0
2033.63,14733.1
2033.88,15236.0
2034.13,14721.1
2034.38,15132.0
2034.63,15629.5
2034.88,15585.7
2035.13,1424.0
2035.38,0.0
2035.63,0.0
2035.88,0.0
2036.13,0.0
2036.38,0.0
2036.63,0.0
2036.88,0.0
2037.13,0.0
2037.38,0.0
2037.63,10712.0
2037.88,15040.0
2038.14,15027.9
2038.39,14892.0
2038.64,14394.4
2038.89,14844.6
2039.14,7156.0
2039.39,0.0
2039.64,0.0
2039.89,0.0
2040.14,0.0
2040.39,0.0
2040.64,0.0
2040.89,0.0
2041.14,0.0
2041.39,0.0
2041.64,11836.7
2041.89,15152.0
2042.14,15270.9
2042.39,15812.0
2042.64,15657.4
2042.89,14920.0
2043.15,14749.0
2043.40,14936.0
2043.65,14764.9
2043.90,15056.0
2044.15,14920.3
2044.40,15260.0
2044.65,14920.3
2044.90,14768.0
2045.15,8789.7
2045.40,0.0
2045.65,0.0
2045.90,0.0
2046.15,0.0
2046.40,0.0
2046.65,0.0
2046.90,0.0
2047.15,0.0
2047.40,13376.0
2047.66,15378.5
2047.91,15561.8
2048.16,15216.0
2048.41,15047.8
2048.66,14652.0
2048.91,14944.2
2049.16,14988.0
2049.41,14880.0
2049.66,14912.4
2049.91,15040.0
2050.16,15284.0
2050.41,192.0
2050.66,0.0
2050.91,0.0
2051.16,0.0
2051.41,0.0
2051.66,0.0
2051.91,0.0
2052.16,0.0
2052.41,0.0
2052.67,0.0
2052.92,10352.0
2053.17,14224.0
2053.42,15004.0
2053.67,14944.0
2053.92,14665.3
2054.17,14964.0
2054.42,15012.0
2054.67,14438.2
2054.92,14756.0
2055.17,14705.2
2055.42,5625.5
2055.67,0.0
2055.92,0.0
2056.17,0.0
2056.42,0.0
2056.67,0.0
2056.92,0.0
2057.17,0.0
2057.43,103.6
2057.68,8326.7
2057.93,14352.0
2058.18,14653.4
2058.43,15100.0
2058.68,14924.3
2058.93,14892.0
2059.18,14884.5
2059.43,15087.7
2059.68,14872.0
2059.93,3609.6
2060.18,0.0
2060.43,0.0
2060.68,0.0
2060.93,0.0
2061.18,0.0
2061.43,0.0
2061.68,0.0
2061.93,0.0
2062.18,3740.0
2062.43,15000.0
2062.69,14713.1
2062.94,14500.0
2063.19,14880.0
2063.44,14680.0
2063.69,14864.5
2063.94,15056.0
2064.19,15116.0
2064.44,15104.0
2064.69,5804.8
2064.94,0.0
2065.19,0.0
2065.44,0.0
2065.69,0.0
2065.94,0.0
2066.19,0.0
2066.44,0.0
2066.69,0.0
2066.94,6464.0
2067.19,14996.0
2067.44,14104.0
2067.69,14388.0
2067.94,14684.0
2068.19,14380.0
2068.44,13713.1
2068.69,13980.0
2068.94,14660.0
2069.19,11685.3
2069.44,0.0
2069.70,0.0
2069.95,0.0
2070.20,0.0
2070.45,0.0
2070.70,0.0
2070.95,0.0
2071.20,0.0
2071.45,3824.7
2071.70,14756.0
2071.95,14436.0
2072.20,14092.0
2072.45,13880.5
2072.70,13796.0
2072.95,14380.0
2073.20,14748.0
2073.45,14661.4
2073.70,7282.9
2073.95,0.0
2074.20,0.0
2074.45,0.0
2074.70,0.0
2074.95,0.0
2075.20,0.0
2075.45,0.0
2075.70,0.0
2075.95,0.0
2076.20,9188.0
2076.46,14872.5
2076.71,15027.9
2076.96,14504.0
2077.21,14264.0
2077.46,14633.5
2077.71,14544.0
2077.96,14392.0
2078.21,14350.6
2078.46,0.0
2078.71,0.0
2078.96,0.0
2079.21,0.0
2079.46,0.0
2079.71,0.0
2079.96,0.0
2080.21,0.0
2080.46,1216.0
2080.71,14517.9
2080.96,14756.0
2081.22,14960.2
2081.47,14390.4
2081.72,14589.6
2081.97,14164.0
2082.22,14116.0
2082.47,13860.6
2082.72,8374.5
2082.97,0.0
2083.22,0.0
2083.47,0.0
2083.72,0.0
2083.97,0.0
2084.22,0.0
2084.47,0.0
2084.72,0.0
2084.97,0.0
2085.22,0.0
2085.47,4593.6
2085.72,14940.2
2085.97,15280.0
2086.23,14932.3
2086.48,14179.3
2086.73,14537.8
2086.98,15060.0
2087.23,12816.7
2087.48,0.0
2087.73,0.0
2087.98,0.0
2088.23,0.0
2088.48,0.0
2088.73,0.0
2088.98,0.0
2089.23,0.0
2089.48,0.0
2089.73,7148.0
2089.98,11516.0
2090.23,0.0
2090.48,0.0
2090.74,0.0
2090.99,0.0
2091.24,0.0
2091.49,0.0
2091.74,0.0
2091.99,0.0
2092.24,0.0
2092.49,0.0
2092.74,4370.5
2092.99,14488.0
2093.24,14528.0
2093.49,14672.0
2093.74,14492.0
2093.99,14620.0
2094.24,13980.0
2094.49,14366.5
2094.74,14716.0
2094.99,13378.5
2095.24,0.0
2095.49,0.0
2095.74,0.0
2095.99,0.0
2096.24,0.0
2096.49,0.0
2096.74,0.0
2096.99,0.0
2097.24,0.0
2097.49,212.0
2097.74,13944.0
2097.99,14444.0
2098.25,14215.1
2098.50,14924.0
2098.75,11259.0
2099.00,0.0
2099.25,0.0
2099.50,0.0
2099.75,0.0
2100.00,0.0
2100.25,0.0
2100.50,0.0
2100.75,0.0
2101.00,0.0
2101.25,0.0
2101.50,1322.7
2101.75,14612.0
2102.00,14784.0
2102.25,14960.2
2102.50,13721.1
2102.75,14200.0
2103.01,14884.5
2103.26,14900.0
2103.51,15510.0
2103.76,6948.2
2104.01,0.0
2104.26,0.0
2104.51,0.0
2104.76,0.0
2105.01,0.0
2105.26,0.0
2105.51,0.0
2105.76,0.0
2106.01,0.0
2106.26,10549.8
2106.51,14540.0
2106.76,15092.0
2107.01,14792.8
2107.26,15016.0
2107.51,15008.0
2107.76,14752.0
2108.01,14960.0
2108.26,11203.2
2108.51,0.0
2108.76,0.0
2109.01,0.0
2109.27,0.0
2109.52,0.0
2109.77,0.0
2110.02,0.0
2110.27,0.0
2110.52,0.0
2110.77,0.0
2111.02,119.5
2111.27,13068.0
2111.52,14036.0
2111.77,14428.0
2112.02,15059.8
2112.27,15039.8
2112.52,14940.0
2112.77,15100.0
2113.02,15155.4
2113.28,8761.9
2113.53,0.0
2113.78,0.0
2114.03,0.0
2114.28,0.0
2114.53,0.0
2114.78,0.0
2115.03,0.0
2115.28,0.0
2115.53,107.6
2115.78,14119.5
2116.03,14740.0
2116.28,14948.0
2116.53,14888.4
2116.78,15131.5
2117.03,15000.0
2117.28,15216.0
2117.53,15224.0
2117.78,5613.5
2118.03,0.0
2118.28,0.0
2118.53,0.0
2118.79,0.0
2119.04,0.0
2119.29,0.0
2119.54,0.0
2119.79,0.0
2120.04,0.0
2120.29,0.0
2120.54,10059.8
2120.79,15136.0
2121.04,15266.9
2121.29,14673.3
2121.54,15152.0
2121.79,15462.2
2122.04,15400.0
2122.29,14788.0
2122.54,15031.9
2122.79,1664.0
2123.04,0.0
2123.29,0.0
2123.55,0.0
2123.80,0.0
2124.05,0.0
2124.30,0.0
2124.55,0.0
2124.80,0.0
2125.05,0.0
2125.30,9012.0
2125.55,15944.0
2125.80,15247.0
2126.05,15466.1
2126.30,15152.0
2126.55,15274.9
2126.80,15164.0
2127.05,14402.4
2127.30,14184.0
2127.55,14262.9
2127.80,14107.6
2128.05,14179.3
2128.30,13996.0
2128.56,8741.0
2128.81,0.0
2129.06,0.0
2129.31,0.0
2129.56,0.0
2129.81,0.0
2130.06,0.0
2130.31,0.0
2130.56,0.0
2130.81,4262.9
2131.06,13824.0
2131.31,14880.5
2131.56,13868.5
2131.81,13180.0
2132.06,13716.0
2132.31,13334.7
2132.56,13872.0
2132.82,14063.7
2133.07,14136.0
2133.32,13976.1
2133.57,14027.9
2133.82,1796.0
2134.07,0.0
2134.32,0.0
2134.57,0.0
2134.82,0.0
2135.07,0.0
2135.32,0.0
2135.57,0.0
2135.82,0.0
2136.07,0.0
2136.32,5916.0
2136.57,13613.5
2136.82,13717.1
2137.07,13920.0
2137.32,13984.0
2137.57,14059.8
2137.82,14179.3
2138.08,13848.6
2138.33,13856.0
2138.58,7617.5
2138.83,0.0
2139.08,0.0
2139.33,0.0
2139.58,0.0
2139.83,0.0
2140.08,0.0
2140.33,0.0
2140.58,0.0
2140.83,116.0
2141.08,346.6
2141.33,0.0
2141.58,0.0
2141.83,0.0
2142.08,0.0
2142.33,0.0
2142.58,0.0
2142.84,0.0
2143.09,0.0
2143.34,0.0
2143.59,10418.3
2143.84,13448.0
2144.09,13820.7
2144.34,13800.0
2144.59,14008.0
2144.84,13996.0
2145.09,13920.3
2145.34,13980.0
2145.59,13916.0
2145.84,11725.1
2146.09,0.0
2146.34,0.0
2146.59,0.0
2146.84,0.0
2147.09,0.0
2147.34,0.0
2147.59,0.0
2147.84,0.0
2148.09,0.0
2148.34,0.0
2148.59,0.0
2148.84,8344.0
2149.09,13172.0
2149.35,13725.1
2149.60,13589.6
2149.85,14008.0
2150.10,14076.0
2150.35,14282.9
2150.60,7580.0
2150.85,0.0
2151.10,0.0
2151.35,0.0
2151.60,0.0
2151.85,0.0
2152.10,0.0
2152.35,0.0
2152.60,0.0
2152.85,5601.6
2153.10,14156.0
2153.35,14248.0
2153.60,14040.0
2153.85,14700.0
2154.10,14342.6
2154.36,14290.8
2154.61,14984.0
2154.86,14156.0
2155.11,14924.0
2155.36,14348.0
2155.61,14103.6
2155.86,14116.0
2156.11,14111.6
2156.36,14132.0
2156.61,14394.4
2156.86,14352.0
2157.11,14652.0
2157.36,14729.1
2157.61,446.2
2157.86,0.0
2158.11,0.0
2158.36,0.0
2158.61,0.0
2158.86,0.0
2159.11,0.0
2159.36,0.0
2159.61,0.0
2159.86,0.0
2160.11,0.0
2160.36,0.0
2160.61,0.0
2160.86,0.0
2161.11,0.0
2161.37,0.0
2161.62,0.0
2161.87,0.0
2162.12,0.0
2162.37,0.0
2162.62,11764.0
2162.87,14199.2
2163.12,14320.0
2163.37,6677.3
2163.62,0.0
2163.87,0.0
2164.12,0.0
2164.37,0.0
2164.62,0.0
2164.87,0.0
2165.12,0.0
2165.37,0.0
2165.62,0.0
2165.87,6436.0
2166.12,13672.0
2166.38,14270.9
2166.62,14908.0
2166.88,14616.0
2167.13,14737.1
2167.38,14832.0
2167.63,14290.8
2167.88,14968.0
2168.13,5211.2
2168.38,0.0
2168.63,0.0
2168.88,0.0
2169.13,0.0
2169.38,0.0
2169.63,0.0
2169.88,0.0
2170.13,0.0
2170.38,0.0
2170.63,0.0
2170.88,5896.0
2171.13,14788.0
2171.38,15204.0
2171.63,15227.1
2171.89,14761.0
2172.14,14288.0
2172.39,14944.0
2172.64,14508.0
2172.89,14612.0
2173.14,14482.1
2173.39,14644.0
2173.64,14600.0
2173.89,14368.0
2174.14,14537.8
2174.39,14408.0
2174.64,7408.0
2174.89,0.0
2175.14,0.0
2175.39,0.0
2175.64,0.0
2175.89,0.0
2176.14,0.0
2176.39,0.0
2176.64,0.0
2176.89,111.6
2177.14,0.0
2177.39,0.0
2177.64,0.0
2177.89,0.0
2178.14,0.0
2178.39,0.0
2178.64,0.0
2178.90,0.0
2179.15,6208.0
2179.40,14231.1
2179.65,14380.0
2179.90,14748.0
2180.15,14737.1
2180.40,14896.0
2180.65,14452.0
2180.90,14304.0
2181.15,14517.9
2181.40,580.0
2181.65,0.0
2181.90,0.0
2182.15,0.0
2182.40,0.0
2182.65,0.0
2182.90,0.0
2183.15,0.0
2183.40,0.0
2183.65,2352.0
2183.90,14200.0
2184.15,14356.0
2184.40,14368.0
2184.65,14388.0
2184.90,14617.5
2185.16,14131.5
2185.41,14780.0
2185.66,14864.0
2185.91,7259.0
2186.16,0.0
2186.41,0.0
2186.66,0.0
2186.91,0.0
2187.16,0.0
2187.41,0.0
2187.66,0.0
2187.91,0.0
2188.16,3693.2
2188.41,15529.9
2188.66,14924.3
2188.91,15079.7
2189.16,15557.8
2189.41,16012.0
2189.66,14342.6
2189.91,15240.0
2190.16,14732.0
2190.41,14504.0
2190.67,14553.8
2190.92,5280.0
2191.17,0.0
2191.42,0.0
2191.67,0.0
2191.92,0.0
2192.17,0.0
2192.42,0.0
2192.67,0.0
2192.92,0.0
2193.17,0.0
2193.42,0.0
2193.67,0.0
2193.92,13792.0
2194.17,14876.0
2194.42,15215.1
2194.67,15139.4
2194.93,10227.1
2195.18,0.0
2195.43,0.0
2195.68,0.0
2195.93,0.0
2196.18,0.0
2196.43,0.0
2196.68,0.0
2196.93,119.5
2197.18,0.0
2197.43,2270.9
2197.68,0.0
2197.93,0.0
2198.18,0.0
2198.43,0.0
2198.68,0.0
2198.93,0.0
2199.18,0.0
2199.43,0.0
2199.68,0.0
2199.94,119.5
2200.19,10864.0
2200.44,14330.7
2200.69,14852.0
2200.94,14688.0
2201.19,14302.8
2201.44,14468.0
2201.69,14456.0
2201.94,14099.6
2202.19,2956.2
2202.44,0.0
2202.69,0.0
2202.94,0.0
2203.19,0.0
2203.44,0.0
2203.69,0.0
2203.94,0.0
2204.19,0.0
2204.44,5700.0
2204.69,14330.7
2204.95,14677.3
2205.20,14768.0
2205.45,14804.0
2205.70,14533.9
2205.95,14568.0
2206.20,14680.0
2206.45,14251.0
2206.70,14376.0
2206.95,14520.0
2207.20,14561.8
2207.45,15051.8
2207.70,14660.0
2207.95,14673.3
2208.20,689.2
2208.45,0.0
2208.70,0.0
2208.95,0.0
2209.20,0.0
2209.45,0.0
2209.70,0.0
2209.95,0.0
2210.20,0.0
2210.45,0.0
2210.71,9151.4
2210.96,14255.0
2211.21,14512.0
2211.46,14528.0
2211.71,14140.0
2211.96,14000.0
2212.21,12808.8
2212.46,14344.0
2212.71,14031.9
2212.96,14448.0
2213.21,14524.0
2213.46,14609.6
2213.71,14432.0
2213.96,14172.0
2214.21,14223.1
2214.46,14520.0
2214.71,13080.0
2214.96,14151.4
2215.21,14484.0
2215.46,14255.0
2215.72,14374.5
2215.97,6673.3
2216.22,0.0
2216.47,0.0
2216.72,0.0
2216.97,0.0
2217.22,0.0
2217.47,0.0
2217.72,0.0
2217.97,0.0
2218.22,0.0
2218.47,0.0
2218.72,0.0
2218.97,0.0
2219.22,0.0
2219.47,0.0
2219.72,0.0
2219.97,111.6
2220.22,6468.0
2220.47,14334.7
2220.73,14251.0
2220.98,14048.0
2221.23,14255.0
2221.48,14260.0
2221.73,14432.0
2221.98,14660.0
2222.23,14442.2
2222.48,14404.0
2222.73,14532.0
2222.98,14496.0
2223.23,14412.0
2223.48,6015.9
2223.73,0.0
2223.98,0.0
2224.23,0.0
2224.48,0.0
2224.73,0.0
2224.98,0.0
2225.23,0.0
2225.48,0.0
2225.73,0.0
2225.98,0.0
2226.23,3892.0
2226.48,14199.2
2226.73,14552.0
2226.99,13633.5
2227.24,14648.0
2227.49,14676.0
2227.74,14784.0
2227.99,14689.2
2228.24,14644.0
2228.49,14700.0
2228.74,14553.8
2228.99,14580.0
2229.24,14232.0
2229.49,14243.0
2229.74,14484.0
2229.99,14474.1
2230.24,14334.7
2230.49,14296.0
2230.74,14259.0
2230.99,14432.0
2231.24,14282.9
2231.49,11724.0
2231.74,0.0
2231.99,0.0
2232.24,0.0
2232.49,0.0
2232.74,0.0
2232.99,0.0
2233.24,0.0
2233.50,0.0
2233.75,0.0
2234.00,0.0
2234.25,0.0
2234.50,0.0
2234.75,0.0
2235.00,0.0
2235.25,0.0
2235.50,0.0
2235.75,0.0
2236.00,103.6
2236.25,0.0
2236.50,9219.1
2236.75,13960.0
2237.00,14144.0
2237.25,14223.1
2237.50,14059.8
2237.75,3212.0
2238.01,0.0
2238.26,0.0
2238.51,0.0
2238.76,0.0
2239.01,0.0
2239.26,0.0
2239.51,0.0
2239.76,0.0
2240.01,0.0
2240.26,5872.5
2240.51,14360.0
2240.76,14227.1
2241.01,14334.7
2241.26,11609.6
2241.51,0.0
2241.76,0.0
2242.01,0.0
2242.26,0.0
2242.51,0.0
2242.76,0.0
2243.01,0.0
2243.26,0.0
2243.52,0.0
2243.77,0.0
2244.02,6601.6
2244.27,14528.0
2244.52,14693.2
2244.77,14540.0
2245.02,14744.0
2245.27,14468.0
2245.52,14188.0
2245.77,14290.8
2246.02,3533.9
2246.27,0.0
2246.52,0.0
2246.77,0.0
2247.02,0.0
2247.27,0.0
2247.52,0.0
2247.77,0.0
2248.02,0.0
2248.27,0.0
2248.53,7613.5
2248.78,8320.0
2249.03,0.0
2249.28,0.0
2249.53,0.0
2249.78,0.0
2250.03,0.0
2250.28,0.0
2250.53,0.0
2250.78,0.0
2251.03,0.0
2251.28,12892.4
2251.53,14384.0
2251.78,14366.5
2252.03,14352.0
2252.28,14388.0
2252.53,14384.0
2252.78,15155.4
2253.03,14904.4
2253.28,14560.0
2253.53,14616.0
2253.78,10342.6
2254.03,0.0
2254.28,0.0
2254.53,0.0
2254.79,0.0
2255.04,0.0
2255.29,0.0
2255.54,0.0
2255.79,0.0
2256.04,326.7
2256.29,15400.0
2256.54,16593.6
2256.79,15565.7
2257.04,15448.0
2257.29,15354.6
2257.54,15088.0
2257.79,5183.3
2258.04,0.0
2258.29,0.0
2258.54,0.0
2258.79,0.0
2259.04,0.0
2259.30,0.0
2259.55,0.0
2259.80,0.0
2260.05,0.0
2260.30,6684.0
2260.55,15024.0
2260.80,5171.3
2261.05,0.0
2261.30,0.0
2261.55,0.0
2261.80,0.0
2262.05,0.0
2262.30,0.0
2262.55,0.0
2262.80,0.0
2263.05,0.0
2263.30,0.0
2263.55,0.0
2263.80,12199.2
2264.05,14576.0
2264.30,14580.0
2264.55,14430.3
2264.80,14852.0
2265.05,14660.0
2265.30,14720.0
2265.55,14398.4
2265.81,9904.4
2266.06,0.0
2266.31,0.0
2266.56,0.0
2266.81,0.0
2267.06,0.0
2267.31,0.0
2267.56,0.0
2267.81,0.0
2268.06,2808.8
2268.31,14844.0
2268.56,14932.0
2268.81,14665.3
2269.06,14972.0
2269.31,7388.9
2269.56,0.0
2269.82,0.0
2270.07,0.0
2270.32,0.0
2270.57,0.0
2270.82,0.0
2271.07,0.0
2271.32,0.0
2271.57,2004.0
2271.82,14593.6
2272.07,14506.0
2272.32,14932.0
2272.57,14916.3
2272.82,11366.5
2273.07,0.0
2273.32,0.0
2273.57,0.0
2273.82,0.0
2274.07,0.0
2274.32,0.0
2274.57,0.0
2274.82,0.0
2275.07,0.0
2275.33,8091.6
2275.58,14572.0
2275.83,14616.0
2276.08,14589.6
2276.33,14314.7
2276.58,13056.0
2276.83,14360.0
2277.08,14212.0
2277.33,14400.0
2277.58,14342.6
2277.83,14454.2
2278.08,14088.0
2278.33,4211.2
2278.58,0.0
2278.83,0.0
2279.08,0.0
2279.33,0.0
2279.58,0.0
2279.83,0.0
2280.08,0.0
2280.33,0.0
2280.59,0.0
2280.84,848.0
2281.09,13760.0
2281.34,14128.0
2281.59,14219.1
2281.84,14344.0
2282.09,14406.4
2282.34,14264.0
2282.59,14298.8
2282.84,14440.0
2283.09,14256.0
2283.34,14468.0
2283.59,14408.0
2283.84,14103.6
2284.09,14548.0
2284.34,14472.0
2284.59,14828.0
2284.84,14472.0
2285.09,14460.0
2285.34,8372.0
2285.59,0.0
2285.84,0.0
2286.09,0.0
2286.34,0.0
2286.59,0.0
2286.84,0.0
2287.09,0.0
2287.34,0.0
2287.59,120.0
2287.84,0.0
2288.09,0.0
2288.34,0.0
2288.59,0.0
2288.84,0.0
2289.10,0.0
2289.35,0.0
2289.60,0.0
2289.85,0.0
2290.10,4223.1
2290.35,15072.0
2290.60,14692.0
2290.85,14521.9
2291.10,14244.0
2291.35,14540.0
2291.60,13832.7
2291.85,14712.0
2292.10,14696.0
2292.35,14633.5
2292.60,3804.0
2292.85,0.0
2293.10,0.0
2293.35,0.0
2293.60,0.0
2293.85,0.0
2294.10,0.0
2294.35,0.0
2294.61,0.0
2294.86,8628.0
2295.11,14428.0
2295.36,14549.8
2295.61,14296.0
2295.86,14760.0
2296.11,14557.8
2296.36,13864.5
2296.61,0.0
2296.86,0.0
2297.11,0.0
2297.36,0.0
2297.61,0.0
2297.86,0.0
2298.11,0.0
2298.36,0.0
2298.61,0.0
2298.86,513.9
2299.11,14641.4
2299.36,14640.0
2299.61,14235.1
2299.86,14416.0
2300.11,14244.0
2300.36,6143.4
2300.62,0.0
2300.87,0.0
2301.12,0.0
2301.37,0.0
2301.62,0.0
2301.87,0.0
2302.12,0.0
2302.37,0.0
2302.62,5732.0
2302.87,14056.0
2303.12,14548.0
2303.37,14665.3
2303.62,14784.0
2303.87,14668.0
2304.12,12147.4
2304.37,13716.0
2304.62,14708.0
2304.87,14940.0
2305.12,14576.0
2305.37,14446.2
2305.62,14444.0
2305.87,14517.9
2306.12,14660.0
2306.37,14828.0
2306.62,13676.0
2306.87,13740.0
2307.12,14051.8
2307.38,13780.9
2307.63,7992.0
2307.88,0.0
2308.13,0.0
2308.38,0.0
2308.63,0.0
2308.88,0.0
2309.13,0.0
2309.38,0.0
2309.63,0.0
2309.88,0.0
2310.13,0.0
2310.38,0.0
2310.63,0.0
2310.88,0.0
2311.13,0.0
2311.38,0.0
2311.63,0.0
2311.88,0.0
2312.13,3208.0
2312.38,14480.0
2312.63,14328.0
2312.89,14099.6
2313.14,14332.0
2313.39,14584.0
2313.64,14569.7
2313.89,15056.0
2314.14,15104.0
2314.39,9844.0
2314.64,0.0
2314.89,0.0
2315.14,0.0
2315.39,0.0
2315.64,0.0
2315.89,0.0
2316.14,0.0
2316.39,0.0
2316.64,0.0
2316.89,0.0
2317.14,6187.3
2317.39,14725.1
2317.64,14502.0
2317.89,14664.0
2318.14,14768.9
2318.39,14804.0
2318.64,14504.0
2318.90,14776.9
2319.15,14368.0
2319.40,14749.0
2319.65,14388.0
2319.90,1000.0
2320.15,0.0
2320.40,0.0
2320.65,0.0
2320.90,0.0
2321.15,0.0
2321.40,0.0
2321.65,0.0
2321.90,0.0
2322.15,107.6
2322.40,7244.0
2322.65,14278.9
2322.90,15292.0
2323.15,14592.0
2323.40,5167.3
2323.65,0.0
2323.91,0.0
2324.16,0.0
2324.41,0.0
2324.66,0.0
2324.91,0.0
2325.16,0.0
2325.41,0.0
2325.66,0.0
2325.91,9832.0
2326.16,14494.0
2326.41,14416.0
2326.66,14637.5
2326.91,7984.1
2327.16,0.0
2327.41,0.0
2327.66,0.0
2327.91,0.0
2328.16,0.0
2328.41,0.0
2328.66,0.0
2328.91,0.0
2329.16,0.0
2329.41,11688.0
2329.66,14472.0
2329.92,14345.2
2330.17,14544.0
2330.42,14352.0
2330.67,14396.0
2330.92,14372.0
2331.17,15060.0
2331.42,15625.5
2331.67,15640.0
2331.92,12171.3
2332.17,0.0
2332.42,0.0
2332.67,0.0
2332.92,0.0
2333.17,0.0
2333.42,0.0
2333.67,0.0
2333.92,0.0
2334.17,0.0
2334.42,0.0
2334.67,5151.4
2334.93,15390.4
2335.18,15444.0
2335.43,15212.0
2335.68,15211.2
2335.93,15348.0
2336.18,15366.5
2336.43,15444.0
2336.68,15438.2
2336.93,15636.0
2337.18,15396.0
2337.43,14960.2
2337.68,15083.7
2337.93,15099.6
2338.18,15232.0
2338.43,14920.3
2338.68,15266.9
2338.93,15500.0
2339.18,15928.0
2339.43,14984.0
2339.68,13780.0
2339.93,14023.9
2340.18,15112.0
2340.43,15580.0
2340.68,15348.0
2340.93,15071.7
2341.18,15756.0
2341.43,15508.0
2341.69,10370.5
2341.94,0.0
2342.19,0.0
2342.44,0.0
2342.69,0.0
2342.94,0.0
2343.19,0.0
2343.44,0.0
2343.69,0.0
2343.94,0.0
2344.19,0.0
2344.44,0.0
2344.69,0.0
2344.94,0.0
2345.19,0.0
2345.44,0.0
2345.69,0.0
2345.94,0.0
2346.19,7573.7
2346.45,15290.8
2346.70,15533.9
2346.95,15308.0
2347.20,15344.0
2347.45,15352.0
2347.70,4908.4
2347.95,0.0
2348.20,0.0
2348.45,0.0
2348.70,0.0
2348.95,0.0
2349.20,0.0
2349.45,0.0
2349.70,0.0
2349.95,0.0
2350.20,6055.8
2350.45,15330.7
2350.70,15414.3
2350.95,15382.5
2351.21,15414.3
2351.46,15392.0
2351.71,15725.1
2351.96,15724.0
2352.21,16208.0
2352.46,17573.7
2352.71,16633.5
2352.96,15532.0
2353.21,16104.0
2353.46,16800.8
2353.71,16464.0
2353.96,15856.0
2354.21,5071.7
2354.46,0.0
2354.71,0.0
2354.96,0.0
2355.21,0.0
2355.46,0.0
2355.71,0.0
2355.96,0.0
2356.22,0.0
2356.47,0.0
2356.72,0.0
2356.97,0.0
2357.22,0.0
2357.47,0.0
2357.72,0.0
2357.97,0.0
2358.22,0.0
2358.47,115.5
2358.72,0.0
2358.97,12728.0
2359.22,14516.0
2359.47,14633.5
2359.72,11784.9
2359.97,0.0
2360.22,0.0
2360.47,0.0
2360.72,0.0
2360.97,0.0
2361.22,0.0
2361.47,0.0
2361.72,0.0
2361.98,0.0
2362.23,0.0
2362.48,4693.2
2362.73,14528.0
2362.98,14740.0
2363.23,14980.0
2363.48,14780.0
2363.73,12004.0
2363.98,0.0
2364.23,0.0
2364.48,0.0
2364.73,0.0
2364.98,0.0
2365.23,0.0
2365.48,0.0
2365.73,0.0
2365.98,1928.3
2366.23,14091.6
2366.48,14240.0
2366.73,14148.0
2366.98,14712.0
2367.23,14648.0
2367.48,14348.0
2367.73,14008.0
2367.99,119.5
2368.24,0.0
2368.49,0.0
2368.74,0.0
2368.99,0.0
2369.24,0.0
2369.49,0.0
2369.74,0.0
2369.99,0.0
2370.24,10880.0
2370.49,15601.6
2370.74,15440.0
2370.99,15552.0
2371.24,14932.0
2371.49,14577.7
2371.74,15348.0
2371.99,15024.0
2372.24,14636.0
2372.49,14804.0
2372.74,14532.0
2372.99,15063.7
2373.24,9116.0
2373.49,0.0
2373.74,0.0
2373.99,0.0
2374.24,0.0
2374.49,0.0
2374.74,0.0
2375.00,0.0
2375.25,0.0
2375.50,324.0
2375.75,15131.5
2376.00,15316.0
2376.25,11661.4
2376.50,0.0
2376.75,0.0
2377.00,0.0
2377.25,0.0
2377.50,0.0
2377.75,0.0
2378.00,0.0
2378.25,0.0
2378.50,772.0
2378.75,15012.0
2379.00,15601.6
2379.25,14912.0
2379.50,14252.0
2379.75,14764.9
2380.00,15464.0
2380.25,15448.0
2380.51,14506.0
2380.76,14812.0
2381.01,14392.0
2381.26,15236.0
2381.51,14633.5
2381.76,9940.0
2382.01,0.0
2382.26,0.0
2382.51,0.0
2382.76,0.0
2383.01,0.0
2383.26,0.0
2383.51,0.0
2383.76,0.0
2384.01,0.0
2384.26,0.0
2384.51,4060.0
2384.76,14392.0
2385.01,14537.8
2385.26,14488.0
2385.51,14632.0
2385.76,7067.7
2386.01,0.0
2386.26,0.0
2386.51,0.0
2386.76,0.0
2387.01,0.0
2387.27,0.0
2387.52,0.0
2387.77,0.0
2388.02,0.0
2388.27,3628.0
2388.52,14624.0
2388.77,14641.4
2389.02,14480.0
2389.27,14540.0
2389.52,15460.0
2389.77,14724.0
2390.02,14529.9
2390.27,784.9
2390.52,0.0
2390.77,0.0
2391.02,0.0
2391.27,0.0
2391.52,0.0
2391.77,0.0
2392.02,0.0
2392.27,0.0
2392.52,9272.0
2392.77,14544.0
2393.02,14740.0
2393.27,14444.0
2393.53,14633.5
2393.78,14836.0
2394.03,14936.0
2394.28,12612.0
2394.53,0.0
2394.78,0.0
2395.03,0.0
2395.28,0.0
2395.53,0.0
2395.78,0.0
2396.03,0.0
2396.28,0.0
2396.53,0.0
2396.78,9964.1
2397.03,14597.6
2397.28,14752.0
2397.53,14596.0
2397.78,14696.0
2398.03,14617.5
2398.28,14612.0
2398.53,14356.0
2398.78,14524.0
2399.03,9108.0
2399.28,0.0
2399.53,0.0
2399.78,0.0
2400.03,0.0
2400.28,0.0
2400.53,0.0
2400.79,0.0
2401.04,0.0
2401.29,0.0
2401.54,12176.0
2401.79,10220.0
2402.04,0.0
2402.29,0.0
2402.54,0.0
2402.79,0.0
2403.04,0.0
2403.29,0.0
2403.54,0.0
2403.79,0.0
2404.04,0.0
2404.29,107.6
2404.54,13617.5
2404.79,14960.0
2405.04,14844.6
2405.30,0.0
2405.55,0.0
2405.80,0.0
2406.05,0.0
2406.30,0.0
2406.55,0.0
2406.80,0.0
2407.05,0.0
2407.30,0.0
2407.55,1346.6
2407.80,0.0
2408.05,0.0
2408.30,0.0
2408.55,0.0
2408.80,0.0
2409.05,0.0
2409.30,0.0
2409.55,0.0
2409.80,3912.4
2410.05,14537.8
2410.30,15180.0
2410.55,15124.0
2410.80,15039.8
2411.06,15215.1
2411.31,15032.0
2411.56,15128.0
2411.81,15456.0
2412.06,15414.3
2412.31,14656.0
2412.56,15076.0
2412.81,15051.8
2413.06,15231.1
2413.31,15068.0
2413.56,6506.0
2413.81,0.0
2414.06,0.0
2414.31,0.0
2414.56,0.0
2414.81,0.0
2415.06,0.0
2415.31,0.0
2415.56,0.0
2415.82,0.0
2416.07,8744.0
2416.32,15232.0
2416.57,14548.0
2416.82,14144.0
2417.07,14288.0
2417.32,5615.1
2417.57,0.0
2417.82,0.0
2418.07,0.0
2418.32,0.0
2418.57,0.0
2418.82,0.0
2419.07,0.0
2419.32,0.0
2419.57,0.0
2419.82,12748.0
2420.07,14200.0
2420.32,15119.5
2420.57,16472.0
2420.82,16332.0
2421.07,16745.0
2421.32,16544.0
2421.57,15872.0
2421.82,15880.0
2422.07,15135.5
2422.32,1208.0
2422.57,0.0
2422.82,0.0
2423.08,0.0
2423.33,0.0
2423.58,0.0
2423.83,0.0
2424.08,0.0
2424.33,0.0
2424.58,0.0
2424.83,0.0
2425.08,0.0
2425.33,12924.0
2425.58,16139.4
2425.83,15088.0
2426.08,15732.0
2426.33,15372.0
2426.58,7490.0
2426.83,0.0
2427.08,0.0
2427.33,0.0
2427.58,0.0
2427.83,0.0
2428.08,0.0
2428.33,0.0
2428.59,0.0
2428.84,1856.0
2429.09,15088.0
2429.34,15239.0
2429.59,15328.0
2429.84,15252.0
2430.09,15032.0
2430.34,15151.4
2430.59,15212.0
2430.84,15247.0
2431.09,15368.0
2431.34,6709.2
2431.59,0.0
2431.84,0.0
2432.09,0.0
2432.34,0.0
2432.59,0.0
2432.84,0.0
2433.09,0.0
2433.34,0.0
2433.59,0.0
2433.84,14060.0
2434.09,15816.7
2434.34,15764.0
2434.59,15516.0
2434.84,15780.0
2435.09,9625.5
2435.35,0.0
2435.60,0.0
2435.85,0.0
2436.10,0.0
2436.35,0.0
2436.60,0.0
2436.85,0.0
2437.10,0.0
2437.35,116.0
2437.60,13736.0
2437.85,15948.2
2438.10,2293.7
2438.35,0.0
2438.60,0.0
2438.85,0.0
2439.10,0.0
2439.35,0.0
2439.60,0.0
2439.86,0.0
2440.11,0.0
2440.36,7748.0
2440.61,14888.4
2440.86,15212.0
2441.11,15306.8
2441.36,15484.0
2441.61,15816.7
2441.86,15520.0
2442.11,15239.0
2442.36,15520.0
2442.61,15545.8
2442.86,15621.5
2443.11,15620.0
2443.36,15537.8
2443.61,13884.0
2443.86,0.0
2444.11,0.0
2444.36,0.0
2444.61,0.0
2444.86,0.0
2445.11,0.0
2445.36,0.0
2445.62,0.0
2445.87,0.0
2446.12,0.0
2446.37,107.6
2446.62,13780.0
2446.87,15224.0
2447.12,15338.6
2447.37,13072.0
2447.62,0.0
2447.87,0.0
2448.12,0.0
2448.37,0.0
2448.62,0.0
2448.87,0.0
2449.12,0.0
2449.37,0.0
2449.62,0.0
2449.87,9039.8
2450.12,15348.0
2450.38,15270.9
2450.62,15340.0
2450.88,15280.0
2451.13,15294.8
2451.38,15063.7
2451.63,15392.0
2451.88,16378.5
2452.13,15608.0
2452.38,16039.8
2452.63,16428.0
2452.88,15632.0
2453.13,15708.0
2453.38,15227.1
2453.63,15394.4
2453.88,15168.0
2454.13,1932.3
2454.38,0.0
2454.63,0.0
2454.88,0.0
2455.13,0.0
2455.38,0.0
2455.63,0.0
2455.89,0.0
2456.14,0.0
2456.39,4248.0
2456.64,14669.3
2456.89,14840.0
2457.14,14852.6
2457.39,15076.0
2457.64,14780.9
2457.89,15350.6
2458.14,15693.2
2458.39,15788.0
2458.64,15696.0
2458.89,15541.8
2459.14,15820.0
2459.39,15422.3
2459.64,15243.0
2459.89,15444.0
2460.14,15396.0
2460.39,15677.3
2460.64,2312.0
2460.89,0.0
2461.14,0.0
2461.40,0.0
2461.65,0.0
2461.90,0.0
2462.15,0.0
2462.40,0.0
2462.65,0.0
2462.90,2524.0
2463.15,15430.3
2463.40,15278.9
2463.65,15336.0
2463.90,15151.4
2464.15,15224.0
2464.40,15306.8
2464.65,15280.0
2464.90,15227.1
2465.15,15616.0
2465.40,16692.0
2465.65,9027.9
2465.90,0.0
2466.16,0.0
2466.41,0.0
2466.66,0.0
2466.91,0.0
2467.16,0.0
2467.41,0.0
2467.66,0.0
2467.91,3721.1
2468.16,15328.0
2468.41,15128.0
2468.66,6318.7
2468.91,0.0
2469.16,0.0
2469.41,0.0
2469.66,0.0
2469.91,0.0
2470.16,0.0
2470.41,0.0
2470.66,0.0
2470.91,0.0
2471.16,4035.9
2471.41,14624.0
2471.66,14716.0
2471.91,15660.0
2472.16,15452.0
2472.41,15581.7
2472.67,15147.4
2472.92,12080.0
2473.17,0.0
2473.42,0.0
2473.67,0.0
2473.92,0.0
2474.17,0.0
2474.42,0.0
2474.67,0.0
2474.92,0.0
2475.17,0.0
2475.42,9924.0
2475.67,15422.3
2475.92,15340.0
2476.17,15216.0
2476.42,10972.1
2476.67,0.0
2476.92,0.0
2477.17,0.0
2477.42,0.0
2477.67,0.0
2477.93,0.0
2478.18,0.0
2478.43,0.0
2478.68,1560.0
2478.93,14924.0
2479.18,15251.0
2479.43,15512.0
2479.68,15164.0
2479.93,15255.0
2480.18,15310.8
2480.43,15460.0
2480.68,15436.0
2480.93,15593.6
2481.18,5956.2
2481.43,0.0
2481.68,0.0
2481.93,0.0
2482.18,0.0
2482.43,0.0
2482.68,0.0
2482.93,0.0
2483.18,0.0
2483.43,2298.8
2483.68,15912.0
2483.94,15266.9
2484.19,220.0
2484.44,0.0
2484.69,0.0
2484.94,0.0
2485.19,0.0
2485.44,0.0
2485.69,0.0
2485.94,0.0
2486.19,0.0
2486.44,2844.0
2486.69,14588.0
2486.94,14677.3
2487.19,14741.0
2487.44,14788.0
2487.69,14661.4
2487.94,15452.0
2488.19,14608.0
2488.44,14116.0
2488.69,2533.9
2488.95,0.0
2489.20,0.0
2489.45,0.0
2489.70,0.0
2489.95,0.0
2490.20,0.0
2490.45,0.0
2490.70,0.0
2490.95,10140.0
2491.20,14552.0
2491.45,7725.1
2491.70,0.0
2491.95,0.0
2492.20,0.0
2492.45,0.0
2492.70,0.0
2492.95,0.0
2493.20,0.0
2493.45,0.0
2493.70,0.0
2493.95,9064.0
2494.20,14440.0
2494.45,14552.0
2494.70,14736.0
2494.95,14561.8
2495.20,11964.1
2495.45,0.0
2495.71,0.0
2495.96,0.0
2496.21,0.0
2496.46,0.0
2496.71,0.0
2496.96,0.0
2497.21,0.0
2497.46,0.0
2497.71,9012.0
2497.96,15136.0
2498.21,15428.0
2498.46,16075.7
2498.71,15724.0
2498.96,15565.7
2499.21,15394.4
2499.46,15348.0
2499.71,15212.0
2499.96,15470.1
2500.21,15648.0
2500.46,15211.2
2500.71,0.0
2500.97,0.0
2501.22,0.0
2501.47,0.0
2501.72,0.0
2501.97,0.0
2502.22,0.0
2502.47,0.0
2502.72,0.0
2502.97,1660.0
2503.22,15468.0
2503.47,2956.3
2503.72,0.0
2503.97,0.0
2504.22,0.0
2504.47,0.0
2504.72,0.0
2504.97,0.0
2505.22,0.0
2505.47,0.0
2505.72,0.0
2505.97,10536.0
2506.22,8243.0
2506.48,0.0
2506.73,0.0
2506.98,0.0
2507.23,0.0
2507.48,0.0
2507.73,0.0
2507.98,0.0
2508.23,0.0
2508.48,0.0
2508.73,11191.2
2508.98,15215.1
2509.23,15556.0
2509.48,15545.8
2509.73,15884.0
2509.98,16116.0
2510.23,16036.0
2510.48,15390.4
2510.73,15808.0
2510.98,15652.0
2511.23,15370.5
2511.48,15332.0
2511.74,15589.6
2511.99,8308.0
2512.24,0.0
2512.49,0.0
2512.74,0.0
2512.99,0.0
2513.24,0.0
2513.49,0.0
2513.74,0.0
2513.99,0.0
2514.24,0.0
2514.49,0.0
2514.74,14328.0
2514.99,15452.0
2515.24,15628.0
2515.49,15506.0
2515.74,15516.0
2515.99,15476.0
2516.24,15199.2
2516.49,2294.8
2516.74,0.0
2516.99,0.0
2517.24,0.0
2517.49,0.0
2517.74,0.0
2518.00,0.0
2518.25,0.0
2518.50,0.0
2518.75,5496.0
2519.00,6276.0
2519.25,0.0
2519.50,0.0
2519.75,0.0
2520.00,0.0
2520.25,0.0
2520.50,0.0
2520.75,0.0
2521.00,103.6
2521.25,5764.0
2521.50,15588.0
2521.75,15713.1
2522.00,15772.0
2522.25,6609.6
2522.50,0.0
2522.75,0.0
2523.01,0.0
2523.26,0.0
2523.51,0.0
2523.76,0.0
2524.01,0.0
2524.26,0.0
2524.51,1179.3
2524.76,15071.7
2525.01,15292.0
2525.26,5904.4
2525.51,0.0
2525.76,0.0
2526.01,0.0
2526.26,0.0
2526.51,0.0
2526.76,0.0
2527.01,0.0
2527.26,0.0
2527.51,0.0
2527.76,0.0
2528.01,6360.0
2528.26,15396.0
2528.51,15506.0
2528.77,15478.1
2529.02,15536.0
2529.27,15716.0
2529.52,15725.1
2529.77,15132.0
2530.02,15346.6
2530.27,15892.0
2530.52,15888.4
2530.77,15513.9
2531.02,15328.0
2531.27,15476.0
2531.52,15083.7
2531.77,14892.4
2532.02,0.0
2532.27,0.0
2532.52,0.0
2532.77,0.0
2533.02,0.0
2533.28,0.0
2533.53,0.0
2533.78,0.0
2534.03,0.0
2534.28,11736.0
2534.53,15316.0
2534.78,15132.0
2535.03,15408.0
2535.28,15613.5
2535.53,15808.0
2535.78,15516.0
2536.03,15394.4
2536.28,15488.0
2536.53,15458.2
2536.78,14406.4
2537.03,9892.4
2537.28,0.0
2537.53,0.0
2537.78,0.0
2538.03,0.0
2538.28,0.0
2538.53,0.0
2538.78,0.0
2539.03,0.0
2539.28,0.0
2539.54,0.0
2539.79,8912.0
2540.04,14924.0
2540.29,14665.3
2540.54,14733.1
2540.79,8224.0
2541.04,0.0
2541.29,0.0
2541.54,0.0
2541.79,0.0
2542.04,0.0
2542.29,0.0
2542.54,0.0
2542.79,0.0
2543.04,0.0
2543.29,10864.5
2543.54,14668.0
2543.79,14633.5
2544.04,14996.0
2544.29,15152.0
2544.54,16832.0
2544.79,15276.0
2545.05,15103.6
2545.30,14637.5
2545.55,15521.9
2545.80,15600.0
2546.05,10916.3
2546.30,0.0
2546.55,0.0
2546.80,0.0
2547.05,0.0
2547.30,0.0
2547.55,0.0
2547.80,0.0
2548.05,0.0
2548.30,1620.0
2548.55,14520.0
2548.80,14749.0
2549.05,13609.6
2549.30,0.0
2549.55,0.0
2549.80,0.0
2550.05,0.0
2550.30,0.0
2550.55,0.0
2550.81,0.0
2551.06,0.0
2551.31,2940.0
2551.56,14604.0
2551.81,14553.8
2552.06,15064.0
2552.31,14541.8
2552.56,12597.6
2552.81,0.0
2553.06,0.0
2553.31,0.0
2553.56,0.0
2553.81,0.0
2554.06,0.0
2554.31,0.0
2554.56,0.0
2554.81,0.0
2555.06,0.0
2555.31,139.4
2555.56,6088.0
2555.82,14422.3
2556.07,14576.0
2556.32,14320.0
2556.57,14704.0
2556.82,14768.9
2557.07,14928.0
2557.32,15116.0
2557.57,14680.0
2557.82,14725.1
2558.07,5188.0
2558.32,0.0
2558.57,0.0
2558.82,0.0
2559.07,0.0
2559.32,0.0
2559.57,0.0
2559.82,0.0
2560.07,0.0
2560.32,0.0
2560.57,0.0
2560.82,13092.0
2561.07,14737.1
2561.32,14729.1
2561.58,1980.2
2561.83,0.0
2562.08,0.0
2562.33,0.0
2562.58,0.0
2562.83,0.0
2563.08,0.0
2563.33,0.0
2563.58,0.0
2563.83,0.0
2564.08,12592.0
2564.33,14988.0
2564.58,14621.5
2564.83,14548.0
2565.08,15032.0
2565.33,15123.5
2565.58,14605.6
2565.83,11354.6
2566.09,0.0
2566.34,0.0
2566.59,0.0
2566.84,0.0
2567.09,0.0
2567.34,0.0
2567.59,0.0
2567.84,0.0
2568.09,0.0
2568.34,8039.8
2568.59,14888.0
2568.84,14733.1
2569.09,14468.0
2569.34,14940.0
2569.59,14960.0
2569.84,14924.3
2570.09,14912.0
2570.34,14521.9
2570.59,15031.9
2570.84,15044.0
2571.09,14900.0
2571.34,2231.1
2571.59,0.0
2571.84,0.0
2572.09,0.0
2572.35,0.0
2572.60,0.0
2572.85,0.0
2573.10,0.0
2573.35,0.0
2573.60,0.0
2573.85,0.0
2574.10,0.0
2574.35,0.0
2574.60,0.0
2574.85,0.0
2575.10,0.0
2575.35,0.0
2575.60,0.0
2575.85,0.0
2576.10,0.0
2576.35,1504.0
2576.60,9824.0
2576.85,10684.0
2577.10,10864.5
2577.36,3346.6
2577.61,0.0
2577.86,0.0
2578.11,0.0
2578.36,0.0
2578.61,0.0
2578.86,0.0
2579.11,0.0
2579.36,0.0
2579.61,0.0
2579.86,0.0
2580.11,2512.0
2580.36,9649.4
2580.61,9528.0
2580.86,5964.1
2581.11,0.0
2581.36,0.0
2581.61,0.0
2581.86,0.0
2582.11,0.0
2582.36,0.0
2582.61,0.0
2582.87,0.0
2583.12,0.0
2583.37,6136.0
2583.62,9712.0
2583.87,10196.0
2584.12,10059.8
2584.37,5660.0
2584.62,0.0
2584.87,0.0
2585.12,0.0
2585.37,0.0
2585.62,0.0
2585.87,0.0
2586.12,0.0
2586.37,0.0
2586.62,0.0
2586.87,533.9
2587.12,9648.0
2587.37,2824.7
2587.62,0.0
2587.87,0.0
2588.12,0.0
2588.37,0.0
2588.62,0.0
2588.88,0.0
2589.13,0.0
2589.38,0.0
2589.63,0.0
2589.88,7456.0
2590.13,9310.8
2590.38,5067.7
2590.63,0.0
2590.88,0.0
2591.13,0.0
2591.38,0.0
2591.63,0.0
2591.88,0.0
2592.13,0.0
2592.38,0.0
2592.63,0.0
2592.88,3952.2
2593.13,9724.0
2593.39,0.0
2593.64,0.0
2593.89,0.0
2594.14,0.0
2594.39,0.0
2594.64,0.0
2594.89,0.0
2595.14,0.0
2595.39,0.0
2595.64,3748.0
2595.89,9749.0
2596.14,9224.0
2596.39,9984.0
2596.64,3928.3
2596.89,0.0
2597.14,0.0
2597.39,0.0
2597.64,0.0
2597.89,0.0
2598.14,0.0
2598.39,0.0
2598.64,0.0
2598.89,0.0
2599.14,7816.7
2599.39,10216.0
2599.65,10067.7
2599.90,3156.0
2600.15,0.0
2600.40,0.0
2600.65,0.0
2600.90,0.0
2601.15,0.0
2601.40,0.0
2601.65,0.0
2601.90,0.0
2602.15,1384.0
2602.40,10500.0
2602.65,214.3
2602.90,0.0
2603.15,0.0
2603.40,0.0
2603.65,0.0
2603.90,0.0
2604.15,0.0
2604.41,0.0
2604.66,0.0
2604.91,2063.7
2605.16,8144.0
2605.41,0.0
2605.66,0.0
2605.91,0.0
2606.16,0.0
2606.41,0.0
2606.66,0.0
2606.91,0.0
2607.16,0.0
2607.41,3032.0
2607.66,10362.6
2607.91,11151.4
2608.16,10434.3
2608.41,6761.0
2608.66,0.0
2608.91,0.0
2609.17,0.0
2609.42,0.0
2609.67,0.0
2609.92,0.0
2610.17,0.0
2610.42,0.0
2610.67,0.0
2610.92,8876.0
2611.17,10422.3
2611.42,10120.0
2611.67,2729.1
2611.92,0.0
2612.17,0.0
2612.42,0.0
2612.67,0.0
2612.92,0.0
2613.17,0.0
2613.42,0.0
2613.68,0.0
2613.93,0.0
2614.18,7004.0
2614.43,9804.8
2614.68,4672.0
2614.93,0.0
2615.18,0.0
2615.43,0.0
2615.68,0.0
2615.93,0.0
2616.18,0.0
2616.43,0.0
2616.68,0.0
2616.93,0.0
2617.18,884.0
2617.43,10470.1
2617.68,11128.0
2617.93,10428.0
2618.18,10280.0
2618.43,0.0
2618.68,0.0
2618.93,0.0
2619.19,0.0
2619.44,0.0
2619.69,0.0
2619.94,0.0
2620.19,0.0
2620.44,0.0
2620.69,8040.0
2620.94,0.0
2621.19,0.0
2621.44,0.0
2621.69,0.0
2621.94,0.0
2622.19,0.0
2622.44,0.0
2622.69,0.0
2622.94,0.0
2623.19,0.0
2623.44,9572.0
2623.69,10212.0
2623.94,10004.0
2624.19,9960.0
2624.45,1677.3
2624.70,0.0
2624.95,0.0
2625.20,0.0
2625.45,0.0
2625.70,0.0
2625.95,0.0
2626.20,0.0
2626.45,0.0
2626.70,4972.1
2626.95,10168.0
2627.20,10120.0
2627.45,8008.0
2627.70,0.0
2627.95,0.0
2628.20,0.0
2628.45,0.0
2628.70,0.0
2628.95,0.0
2629.20,0.0
2629.45,0.0
2629.70,0.0
2629.95,0.0
2630.20,8264.0
2630.45,10414.3
2630.70,3204.0
2630.96,0.0
2631.21,0.0
2631.46,0.0
2631.71,0.0
2631.96,0.0
2632.21,0.0
2632.46,0.0
2632.71,0.0
2632.96,0.0
2633.21,7796.0
2633.46,9780.9
2633.71,0.0
2633.96,0.0
2634.21,0.0
2634.46,0.0
2634.71,0.0
2634.96,0.0
2635.21,0.0
2635.46,0.0
2635.71,0.0
2635.96,5424.0
2636.21,9740.0
2636.47,10796.8
2636.72,1876.0
2636.97,0.0
2637.22,0.0
2637.47,0.0
2637.72,0.0
2637.97,0.0
2638.22,0.0
2638.47,0.0
2638.72,111.6
2638.97,9565.7
2639.22,1996.0
2639.47,0.0
2639.72,0.0
2639.97,0.0
2640.22,0.0
2640.47,0.0
2640.72,0.0
2640.97,0.0
2641.22,0.0
2641.47,5108.0
2641.72,10023.9
2641.98,6147.4
2642.23,0.0
2642.48,0.0
2642.73,0.0
2642.98,0.0
2643.23,0.0
2643.48,0.0
2643.73,0.0
2643.98,0.0
2644.23,0.0
2644.48,5852.0
2644.73,9637.5
2644.98,10264.0
2645.23,11060.0
2645.48,10788.0
2645.73,8593.6
2645.98,0.0
2646.23,0.0
2646.49,0.0
2646.74,0.0
2646.99,0.0
2647.24,0.0
2647.49,0.0
2647.74,0.0
2647.99,0.0
2648.24,159.4
2648.49,2852.6
2648.74,7160.0
2648.99,0.0
2649.24,0.0
2649.49,0.0
2649.74,0.0
2649.99,0.0
2650.24,0.0
2650.49,0.0
2650.74,0.0
2650.99,0.0
2651.24,6376.0
2651.49,2733.1
2651.75,0.0
2652.00,0.0
2652.25,0.0
2652.50,0.0
2652.75,0.0
2653.00,0.0
2653.25,0.0
2653.50,103.6
2653.75,7268.0
2654.00,9215.1
2654.25,9192.0
2654.50,9557.8
2654.75,9888.4
2655.00,1924.3
2655.25,0.0
2655.51,0.0
2655.76,0.0
2656.01,0.0
2656.26,0.0
2656.51,0.0
2656.76,0.0
2657.01,107.6
2657.26,0.0
2657.51,372.0
2657.76,11900.0
2658.01,11388.0
2658.26,11537.8
2658.51,10684.0
2658.76,5520.0
2659.01,0.0
2659.26,0.0
2659.51,0.0
2659.76,0.0
2660.01,0.0
2660.26,0.0
2660.51,0.0
2660.76,0.0
2661.01,120.0
2661.26,10676.0
2661.51,6454.2
2661.76,0.0
2662.01,0.0
2662.26,0.0
2662.52,0.0
2662.77,0.0
2663.02,0.0
2663.27,0.0
2663.52,0.0
2663.77,0.0
2664.02,103.6
2664.27,8672.0
2664.52,5358.6
2664.77,0.0
2665.02,0.0
2665.27,0.0
2665.52,0.0
2665.77,0.0
2666.02,0.0
2666.27,0.0
2666.52,0.0
2666.77,0.0
2667.02,8708.0
2667.28,10115.5
2667.53,10255.0
2667.78,10430.3
2668.03,10448.0
2668.28,6092.0
2668.53,0.0
2668.78,0.0
2669.03,0.0
2669.28,0.0
2669.53,0.0
2669.78,0.0
2670.03,0.0
2670.28,0.0
2670.53,3948.0
2670.78,10661.4
2671.03,4211.2
2671.28,0.0
2671.53,0.0
2671.78,0.0
2672.03,0.0
2672.29,0.0
2672.54,0.0
2672.79,0.0
2673.04,0.0
2673.29,3119.5
2673.54,10416.0
2673.79,972.1
2674.04,0.0
2674.29,0.0
2674.54,0.0
2674.79,0.0
2675.04,0.0
2675.29,0.0
2675.54,0.0
2675.79,0.0
2676.04,0.0
2676.29,5540.0
2676.54,10212.0
2676.80,5996.0
2677.05,0.0
2677.30,0.0
2677.55,0.0
2677.80,0.0
2678.05,0.0
2678.30,0.0
2678.55,0.0
2678.80,0.0
2679.05,0.0
2679.30,6148.0
2679.55,9812.0
2679.80,7781.7
2680.05,0.0
2680.30,0.0
2680.55,0.0
2680.80,0.0
2681.05,0.0
2681.30,0.0
2681.55,0.0
2681.80,0.0
2682.05,119.5
2682.31,8374.5
2682.56,9948.2
2682.81,10496.0
2683.06,10428.0
2683.31,10047.6
2683.56,0.0
2683.81,0.0
2684.06,0.0
2684.31,0.0
2684.56,0.0
2684.81,0.0
2685.06,0.0
2685.31,0.0
2685.56,0.0
2685.81,0.0
2686.06,5632.0
2686.31,3151.4
2686.57,0.0
2686.82,0.0
2687.07,0.0
2687.32,0.0
2687.57,0.0
2687.82,0.0
2688.07,0.0
2688.32,0.0
2688.57,0.0
2688.82,0.0
2689.07,8446.2
2689.32,10768.9
2689.57,5440.0
2689.82,0.0
2690.07,0.0
2690.32,0.0
2690.57,0.0
2690.82,0.0
2691.07,0.0
2691.32,0.0
2691.57,0.0
2691.82,0.0
2692.07,2553.8
2692.32,11072.0
2692.57,10904.0
2692.82,9664.0
2693.08,222.2
2693.33,0.0
2693.58,0.0
2693.83,0.0
2694.08,0.0
2694.33,0.0
2694.58,0.0
2694.83,0.0
2695.08,0.0
2695.33,5520.0
2695.58,10460.0
2695.83,10326.7
2696.08,10892.4
2696.33,10616.0
2696.58,10581.7
2696.83,10492.0
2697.08,8888.4
2697.34,0.0
2697.59,0.0
2697.84,0.0
2698.09,0.0
2698.34,0.0
2698.59,0.0
2698.84,0.0
2699.09,0.0
2699.34,0.0
2699.59,0.0
2699.84,0.0
2700.09,0.0
2700.34,0.0
2700.59,0.0
2700.84,0.0
2701.09,0.0
2701.34,0.0
2701.59,111.6
2701.84,3676.0
2702.09,9904.4
2702.34,1414.3
2702.60,0.0
2702.85,0.0
2703.10,0.0
2703.35,0.0
2703.60,0.0
2703.85,0.0
2704.10,0.0
2704.35,0.0
2704.61,0.0
2704.86,9660.0
2705.11,10406.4
2705.36,199.2
2705.61,0.0
2705.86,0.0
2706.11,0.0
2706.36,0.0
2706.61,0.0
2706.86,0.0
2707.11,0.0
2707.36,0.0
2707.61,7144.0
2707.87,10135.5
2708.12,10288.0
2708.37,653.4
2708.62,0.0
2708.87,0.0
2709.12,0.0
2709.37,0.0
2709.62,0.0
2709.87,0.0
2710.12,0.0
2710.37,0.0
2710.62,5637.5
2710.87,10200.0
2711.12,9023.9
2711.37,0.0
2711.62,0.0
2711.87,0.0
2712.12,0.0
2712.38,0.0
2712.62,0.0
2712.88,0.0
2713.13,0.0
2713.38,0.0
2713.63,1740.0
2713.88,10096.0
2714.13,9143.4
2714.38,0.0
2714.63,0.0
2714.88,0.0
2715.13,0.0
2715.38,0.0
2715.63,0.0
2715.88,0.0
2716.13,0.0
2716.38,0.0
2716.63,3474.1
2716.88,10248.0
2717.13,10044.0
2717.38,4075.7
2717.64,0.0
2717.89,0.0
2718.14,0.0
2718.39,0.0
2718.64,0.0
2718.89,0.0
2719.14,0.0
2719.39,111.1
2719.64,5560.0
2719.89,10091.6
2720.14,10932.3
2720.39,10732.0
2720.64,10203.2
2720.89,442.2
2721.14,0.0
2721.39,0.0
2721.64,0.0
2721.89,0.0
2722.14,0.0
2722.39,0.0
2722.65,0.0
2722.90,0.0
2723.15,111.6
2723.40,9408.0
2723.65,9964.1
2723.90,9960.2
2724.15,3187.3
2724.40,0.0
2724.65,0.0
2724.90,0.0
2725.15,0.0
2725.40,0.0
2725.65,0.0
2725.90,0.0
2726.15,0.0
2726.41,4980.1
2726.66,9657.4
2726.91,115.5
2727.16,0.0
2727.41,0.0
2727.66,0.0
2727.91,0.0
2728.16,0.0
2728.41,0.0
2728.66,0.0
2728.91,0.0
2729.16,0.0
2729.41,8800.0
2729.66,10444.0
2729.91,9816.0
2730.16,10091.6
2730.41,10340.0
2730.66,9725.1
2730.91,10059.8
2731.16,9605.6
2731.41,9440.0
2731.67,1091.6
2731.92,0.0
2732.17,0.0
2732.42,0.0
2732.67,0.0
2732.92,0.0
2733.17,0.0
2733.42,0.0
2733.67,0.0
2733.92,0.0
2734.17,0.0
2734.42,0.0
2734.67,0.0
2734.92,0.0
2735.17,0.0
2735.42,0.0
2735.67,0.0
2735.92,5108.0
2736.17,10144.0
2736.42,9733.1
2736.68,3757.0
2736.93,0.0
2737.18,0.0
2737.43,0.0
2737.68,0.0
2737.93,0.0
2738.18,0.0
2738.43,0.0
2738.68,0.0
2738.93,0.0
2739.18,2306.8
2739.43,9733.1
2739.68,9324.0
2739.93,9644.0
2740.18,0.0
2740.43,0.0
2740.68,0.0
2740.93,0.0
2741.18,0.0
2741.43,0.0
2741.68,0.0
2741.93,0.0
2742.18,0.0
2742.43,0.0
2742.68,8496.0
2742.94,11669.3
2743.19,11928.0
2743.44,10696.0
2743.69,9796.0
2743.94,9601.6
2744.19,9468.0
2744.44,10148.0
2744.69,1322.7
2744.94,0.0
2745.19,0.0
2745.44,0.0
2745.69,0.0
2745.94,0.0
2746.19,111.6
2746.44,0.0
2746.69,0.0
2746.94,0.0
2747.19,0.0
2747.44,0.0
2747.69,0.0
2747.94,0.0
2748.19,0.0
2748.45,0.0
2748.70,0.0
2748.95,0.0
2749.20,0.0
2749.45,0.0
2749.70,7680.0
2749.95,9382.5
2750.20,9304.0
2750.45,8804.8
2750.70,9187.3
2750.95,9496.0
2751.20,884.5
2751.45,0.0
2751.70,0.0
2751.95,0.0
2752.20,0.0
2752.45,0.0
2752.70,0.0
2752.95,0.0
2753.20,0.0
2753.45,0.0
2753.70,212.0
2753.95,9681.3
2754.20,1440.0
2754.46,0.0
2754.71,0.0
2754.96,0.0
2755.21,0.0
2755.46,0.0
2755.71,0.0
2755.96,0.0
2756.21,0.0
2756.46,0.0
2756.71,3513.9
2756.96,9394.4
2757.21,9436.0
2757.46,752.0
2757.71,0.0
2757.96,0.0
2758.21,0.0
2758.46,0.0
2758.71,0.0
2758.96,0.0
2759.21,0.0
2759.47,0.0
2759.72,0.0
2759.97,115.5
2760.22,7884.5
2760.47,9052.0
2760.72,9332.0
2760.97,9780.9
2761.22,10192.0
2761.47,9625.5
2761.72,9768.9
2761.97,10172.0
2762.22,1852.6
2762.47,0.0
2762.72,0.0
2762.97,0.0
2763.22,0.0
2763.47,0.0
2763.72,0.0
2763.97,0.0
2764.22,0.0
2764.47,0.0
2764.72,0.0
2764.98,0.0
2765.23,0.0
2765.48,0.0
2765.73,104.0
2765.98,0.0
2766.23,9152.0
2766.48,10270.9
2766.73,9382.5
2766.98,1468.0
2767.23,0.0
2767.48,0.0
2767.73,0.0
2767.98,0.0
2768.23,0.0
2768.48,0.0
2768.73,0.0
2768.98,0.0
2769.23,1908.0
2769.48,9852.6
2769.73,9736.0
2769.98,9792.0
2770.24,960.2
2770.49,0.0
2770.74,0.0
2770.99,0.0
2771.24,0.0
2771.49,0.0
2771.74,0.0
2771.99,0.0
2772.24,0.0
2772.49,0.0
2772.74,4272.0
2772.99,9203.2
2773.24,8744.0
2773.49,9228.0
2773.74,7454.2
2773.99,0.0
2774.24,0.0
2774.49,0.0
2774.74,0.0
2774.99,0.0
2775.24,0.0
2775.49,0.0
2775.74,0.0
2775.99,0.0
2776.25,3223.1
2776.50,9498.0
2776.75,10604.0
2777.00,11282.9
2777.25,10633.5
2777.50,10728.0
2777.75,10541.8
2778.00,11120.0
2778.25,10896.4
2778.50,10633.5
2778.75,9268.0
2779.00,0.0
2779.25,0.0
2779.50,0.0
2779.75,0.0
2780.01,0.0
2780.26,0.0
2780.51,0.0
2780.76,0.0
2781.01,0.0
2781.26,0.0
2781.51,0.0
2781.76,0.0
2782.01,0.0
2782.26,0.0
2782.51,0.0
2782.76,10067.7
2783.01,11220.0
2783.26,11208.0
2783.51,7282.9
2783.76,0.0
2784.01,0.0
2784.26,0.0
2784.51,0.0
2784.76,0.0
2785.01,0.0
2785.26,0.0
2785.51,0.0
2785.76,0.0
2786.02,1553.8
2786.27,10968.1
2786.52,4820.7
2786.77,0.0
2787.02,0.0
2787.27,0.0
2787.52,0.0
2787.77,0.0
2788.02,0.0
2788.27,0.0
2788.52,0.0
2788.77,7296.0
2789.02,10924.3
2789.27,5693.2
2789.52,0.0
2789.77,0.0
2790.02,0.0
2790.28,0.0
2790.53,0.0
2790.78,0.0
2791.03,0.0
2791.28,0.0
2791.53,0.0
2791.78,3988.0
2792.03,10676.0
2792.28,10808.8
2792.53,1900.4
2792.78,0.0
2793.03,0.0
2793.28,0.0
2793.53,0.0
2793.78,0.0
2794.03,0.0
2794.28,0.0
2794.53,0.0
2794.78,6424.0
2795.03,10657.4
2795.28,9876.5
2795.53,0.0
2795.78,0.0
2796.03,0.0
2796.28,0.0
2796.54,0.0
2796.79,0.0
2797.04,0.0
2797.29,0.0
2797.54,0.0
2797.79,0.0
2798.04,4432.0
2798.29,11059.8
2798.54,11224.0
2798.79,10824.0
2799.04,7175.3
2799.29,0.0
2799.54,0.0
2799.79,0.0
2800.04,0.0
2800.29,0.0
2800.54,0.0
2800.79,0.0
2801.04,0.0
2801.29,0.0
2801.54,6127.5
2801.79,10912.0
2802.05,11669.3
2802.30,11264.0
2802.55,10980.1
2802.80,4280.0
2803.05,0.0
2803.30,0.0
2803.55,0.0
2803.80,0.0
2804.05,0.0
2804.30,0.0
2804.55,0.0
2804.80,0.0
2805.05,0.0
2805.30,9580.0
2805.55,11012.0
2805.80,11232.0
2806.05,10944.2
2806.30,10948.0
2806.55,2398.4
2806.80,0.0
2807.05,0.0
2807.30,0.0
2807.55,0.0
2807.80,0.0
2808.05,0.0
2808.31,0.0
2808.56,0.0
2808.81,1676.0
2809.06,10844.6
2809.31,10912.0
2809.56,10725.1
2809.81,10900.4
2810.06,11064.0
2810.31,10828.0
2810.56,4266.9
2810.81,0.0
2811.06,0.0
2811.31,0.0
2811.56,0.0
2811.81,0.0
2812.06,0.0
2812.31,0.0
2812.56,0.0
2812.81,0.0
2813.07,0.0
2813.32,0.0
2813.57,0.0
2813.82,0.0
2814.07,0.0
2814.32,0.0
2814.57,0.0
2814.82,4406.4
2815.07,10428.0
2815.32,11228.0
2815.57,10812.8
2815.82,7621.5
2816.07,0.0
2816.32,0.0
2816.57,0.0
2816.82,0.0
2817.07,0.0
2817.32,0.0
2817.57,0.0
2817.82,0.0
2818.07,0.0
2818.32,5680.0
2818.57,10772.0
2818.82,11300.0
2819.07,11103.6
2819.32,5268.0
2819.57,0.0
2819.83,0.0
2820.08,0.0
2820.33,0.0
2820.58,0.0
2820.83,0.0
2821.08,0.0
2821.33,0.0
2821.58,0.0
2821.83,0.0
2822.08,0.0
2822.33,0.0
2822.58,0.0
2822.83,0.0
2823.08,0.0
2823.33,0.0
2823.58,0.0
2823.83,1332.0
2824.08,12498.0
2824.33,12864.0
2824.59,11840.6
2824.84,10968.1
2825.09,2868.5
2825.34,0.0
2825.59,0.0
2825.84,0.0
2826.09,0.0
2826.34,0.0
2826.59,0.0
2826.84,0.0
2827.09,0.0
2827.34,6637.5
2827.59,10812.0
2827.84,10956.0
2828.09,2063.7
2828.34,0.0
2828.59,0.0
2828.84,0.0
2829.09,0.0
2829.34,0.0
2829.60,0.0
2829.85,0.0
2830.10,1204.0
2830.35,10984.0
2830.60,11088.0
2830.85,11047.8
2831.10,11132.0
2831.35,11390.4
2831.60,3697.2
2831.85,0.0
2832.10,0.0
2832.35,0.0
2832.60,0.0
2832.85,0.0
2833.10,0.0
2833.35,0.0
2833.60,0.0
2833.85,0.0
2834.10,8244.0
2834.35,11188.0
2834.60,10852.6
2834.85,11172.0
2835.11,11354.6
2835.36,4952.2
2835.61,0.0
2835.86,0.0
2836.11,0.0
2836.36,0.0
2836.61,0.0
2836.86,0.0
2837.11,0.0
2837.36,0.0
2837.61,0.0
2837.86,0.0
2838.11,0.0
2838.36,0.0
2838.61,0.0
2838.86,0.0
2839.11,0.0
2839.36,0.0
2839.61,0.0
2839.86,107.1
2840.11,0.0
2840.37,0.0
2840.62,0.0
2840.87,0.0
2841.12,0.0
2841.37,0.0
2841.62,0.0
2841.87,0.0
2842.12,2508.0
2842.37,11382.5
2842.62,11412.0
2842.87,11055.8
2843.12,7717.1
2843.37,0.0
2843.62,0.0
2843.87,0.0
2844.12,0.0
2844.37,0.0
2844.62,0.0
2844.87,0.0
2845.12,0.0
2845.38,0.0
2845.62,0.0
2845.88,0.0
2846.13,7326.7
2846.38,11280.0
2846.63,10960.2
2846.88,2044.0
2847.13,0.0
2847.38,0.0
2847.63,0.0
2847.88,0.0
2848.13,0.0
2848.38,0.0
2848.63,0.0
2848.88,0.0
2849.13,7064.0
2849.38,10488.0
2849.63,10912.4
2849.88,10952.0
2850.13,11008.0
2850.38,10564.0
2850.64,1203.2
2850.89,0.0
2851.14,0.0
2851.39,0.0
2851.64,0.0
2851.89,0.0
2852.14,0.0
2852.39,0.0
2852.64,0.0
2852.89,7159.4
2853.14,0.0
2853.39,0.0
2853.64,0.0
2853.89,0.0
2854.14,0.0
2854.39,0.0
2854.64,0.0
2854.89,0.0
2855.14,0.0
2855.39,0.0
2855.64,6298.8
2855.89,10426.3
2856.15,99.6
2856.40,0.0
2856.65,0.0
2856.90,0.0
2857.15,0.0
2857.40,0.0
2857.65,0.0
2857.90,0.0
2858.15,0.0
2858.40,3231.1
2858.65,10368.0
2858.90,9099.6
2859.15,0.0
2859.40,0.0
2859.65,0.0
2859.90,0.0
2860.15,0.0
2860.40,0.0
2860.65,0.0
2860.90,0.0
2861.15,0.0
2861.41,414.3
2861.66,10524.0
2861.91,3043.8
2862.16,0.0
2862.41,0.0
2862.66,0.0
2862.91,0.0
2863.16,0.0
2863.41,0.0
2863.66,0.0
2863.91,0.0
2864.16,0.0
2864.41,0.0
2864.66,8960.0
2864.91,10474.1
2865.16,10324.0
2865.41,10151.4
2865.66,8254.0
2865.91,0.0
2866.16,0.0
2866.41,0.0
2866.66,0.0
2866.92,0.0
2867.17,0.0
2867.42,0.0
2867.67,0.0
2867.92,111.6
2868.17,0.0
2868.42,0.0
2868.67,0.0
2868.92,0.0
2869.17,0.0
2869.42,0.0
2869.67,0.0
2869.92,0.0
2870.17,0.0
2870.42,0.0
2870.67,7456.0
2870.92,10408.0
2871.17,10844.0
2871.42,10486.1
2871.68,1182.5
2871.93,0.0
2872.18,0.0
2872.43,0.0
2872.68,0.0
2872.93,0.0
2873.18,0.0
2873.43,0.0
2873.68,0.0
2873.93,7944.2
2874.18,11036.0
2874.43,4709.2
2874.68,0.0
2874.93,0.0
2875.18,0.0
2875.43,0.0
2875.68,0.0
2875.93,0.0
2876.18,0.0
2876.43,0.0
2876.68,0.0
2876.93,7424.0
2877.18,11164.0
2877.44,10633.5
2877.69,11028.0
2877.94,10888.0
2878.19,10092.0
2878.44,11019.9
2878.69,10286.9
2878.94,4760.0
2879.19,0.0
2879.44,0.0
2879.69,0.0
2879.94,0.0
2880.19,0.0
2880.44,0.0
2880.69,0.0
2880.94,0.0
2881.19,0.0
2881.44,0.0
2881.69,0.0
2881.94,0.0
2882.20,0.0
2882.45,0.0
2882.70,0.0
2882.95,0.0
2883.20,4721.1
2883.45,10576.0
2883.70,10139.4
2883.95,9996.0
2884.20,10143.4
2884.45,9868.0
2884.70,7330.7
2884.95,0.0
2885.20,0.0
2885.45,0.0
2885.70,0.0
2885.95,0.0
2886.20,0.0
2886.45,0.0
2886.70,0.0
2886.95,0.0
2887.20,3737.1
2887.46,0.0
2887.71,0.0
2887.96,0.0
2888.21,0.0
2888.46,0.0
2888.71,0.0
2888.96,0.0
2889.21,0.0
2889.46,0.0
2889.71,6688.0
2889.96,10370.5
2890.21,10438.2
2890.46,10745.0
2890.71,11112.0
2890.96,11844.6
2891.21,11572.0
2891.46,8565.7
2891.71,0.0
2891.97,0.0
2892.22,0.0
2892.47,0.0
2892.72,0.0
2892.97,0.0
2893.22,0.0
2893.47,0.0
2893.72,0.0
2893.97,0.0
2894.22,0.0
2894.47,0.0
2894.72,0.0
2894.97,0.0
2895.22,0.0
2895.47,0.0
2895.72,0.0
2895.97,0.0
2896.22,143.4
2896.47,8585.7
2896.72,10408.0
2896.97,8952.2
2897.22,0.0
2897.48,0.0
2897.73,0.0
2897.98,0.0
2898.23,0.0
2898.48,0.0
2898.73,0.0
2898.98,0.0
2899.23,0.0
2899.48,7228.0
2899.73,9968.0
2899.98,10088.0
2900.23,7617.5
2900.48,0.0
2900.73,0.0
2900.98,0.0
2901.23,0.0
2901.48,0.0
2901.73,0.0
2901.98,0.0
2902.23,0.0
2902.48,0.0
2902.74,0.0
2902.99,7908.0
2903.24,1268.0
2903.49,0.0
2903.74,0.0
2903.99,0.0
2904.24,0.0
2904.49,0.0
2904.74,0.0
2904.99,0.0
2905.24,0.0
2905.49,0.0
2905.74,5052.0
2905.99,11348.0
2906.24,10693.2
2906.49,11060.0
2906.74,10264.0
2906.99,10928.3
2907.24,11292.0
2907.49,10872.5
2907.74,6968.1
2907.99,0.0
2908.24,0.0
2908.49,0.0
2908.75,0.0
2909.00,0.0
2909.25,0.0
2909.50,0.0
2909.75,0.0
2910.00,0.0
2910.25,0.0
2910.50,0.0
2910.75,0.0
2911.00,0.0
2911.25,0.0
2911.50,0.0
2911.75,0.0
2912.00,1876.0
2912.25,10374.5
2912.50,10612.0
2912.75,5861.1
2913.00,0.0
2913.26,0.0
2913.51,0.0
2913.76,0.0
2914.01,0.0
2914.26,0.0
2914.51,0.0
2914.76,0.0
2915.01,8187.3
2915.26,10736.0
2915.51,9677.3
2915.76,0.0
2916.01,0.0
2916.26,0.0
2916.51,0.0
2916.76,0.0
2917.01,0.0
2917.26,0.0
2917.51,0.0
2917.76,0.0
2918.01,2298.8
2918.26,10528.0
2918.51,10278.9
2918.77,7549.8
2919.02,0.0
2919.27,0.0
2919.52,0.0
2919.77,0.0
2920.02,0.0
2920.27,0.0
2920.52,0.0
2920.77,0.0
2921.02,0.0
2921.27,0.0
2921.52,0.0
2921.77,0.0
2922.02,0.0
2922.27,0.0
2922.52,0.0
2922.77,0.0
2923.02,0.0
2923.27,0.0
2923.53,0.0
2923.78,7532.0
2924.03,9964.1
2924.28,10068.0
2924.53,8290.8
2924.78,0.0
2925.03,0.0
2925.28,0.0
2925.53,0.0
2925.78,0.0
2926.03,0.0
2926.28,0.0
2926.53,0.0
2926.78,0.0
2927.03,4696.0
2927.28,10605.6
2927.53,9876.5
2927.78,10316.0
2928.03,10100.0
2928.28,4115.5
2928.53,0.0
2928.78,0.0
2929.03,0.0
2929.29,0.0
2929.54,0.0
2929.79,0.0
2930.04,0.0
2930.29,0.0
2930.54,112.0
2930.79,0.0
2931.04,0.0
2931.29,0.0
2931.54,0.0
2931.79,0.0
2932.04,0.0
2932.29,0.0
2932.54,0.0
2932.79,0.0
2933.04,0.0
2933.29,8196.0
2933.54,4191.2
2933.79,0.0
2934.05,0.0
2934.30,0.0
2934.55,0.0
2934.80,0.0
2935.05,0.0
2935.30,0.0
2935.55,0.0
2935.80,107.6
2936.05,3490.0
2936.30,10163.3
2936.55,1617.5
2936.80,0.0
2937.05,0.0
2937.30,0.0
2937.55,0.0
2937.80,0.0
2938.05,0.0
2938.30,0.0
2938.55,0.0
2938.80,0.0
2939.06,541.8
2939.31,10344.0
2939.56,10016.0
2939.81,6737.1
2940.06,0.0
2940.31,0.0
2940.56,0.0
2940.81,0.0
2941.06,0.0
2941.31,0.0
2941.56,0.0
2941.81,0.0
2942.06,0.0
2942.31,1456.0
2942.56,10239.0
2942.81,10184.0
2943.06,5506.0
2943.31,0.0
2943.57,0.0
2943.82,0.0
2944.07,0.0
2944.32,0.0
2944.57,0.0
2944.82,0.0
2945.07,0.0
2945.32,0.0
2945.57,5488.0
2945.82,9676.0
2946.07,2661.4
2946.32,0.0
2946.57,0.0
2946.82,0.0
2947.07,0.0
2947.32,0.0
2947.57,0.0
2947.82,0.0
2948.07,0.0
2948.32,0.0
2948.57,5544.0
2948.82,3370.5
2949.07,0.0
2949.32,0.0
2949.57,0.0
2949.83,0.0
2950.08,0.0
2950.33,0.0
2950.58,119.5
2950.83,0.0
2951.08,0.0
2951.33,0.0
2951.58,10280.0
2951.83,7382.5
2952.08,0.0
2952.33,0.0
2952.58,0.0
2952.83,0.0
2953.08,0.0
2953.33,0.0
2953.58,0.0
2953.83,0.0
2954.08,0.0
2954.33,617.5
2954.58,11588.0
2954.84,7972.1
2955.09,0.0
2955.34,0.0
2955.59,0.0
2955.84,0.0
2956.09,0.0
2956.34,0.0
2956.59,0.0
2956.84,0.0
2957.09,0.0
2957.34,0.0
2957.59,3476.0
2957.84,10296.0
2958.09,10816.0
2958.34,10294.8
2958.59,10466.1
2958.84,4466.1
2959.09,0.0
2959.34,0.0
2959.59,0.0
2959.84,0.0
2960.09,0.0
2960.34,0.0
2960.60,0.0
2960.85,0.0
2961.10,0.0
2961.35,0.0
2961.60,7470.1
2961.85,10480.0
2962.10,3211.2
2962.35,0.0
2962.60,0.0
2962.85,0.0
2963.10,0.0
2963.35,0.0
2963.60,0.0
2963.85,0.0
2964.10,0.0
2964.35,0.0
2964.60,4592.0
2964.85,11704.0
2965.10,10724.0
2965.35,10223.1
2965.61,4553.8
2965.86,0.0
2966.11,0.0
2966.36,0.0
2966.61,0.0
2966.86,0.0
2967.11,0.0
2967.36,115.5
2967.61,0.0
2967.86,0.0
2968.11,0.0
2968.36,7533.9
2968.61,10016.0
2968.86,9908.0
2969.11,91.6
2969.36,0.0
2969.61,0.0
2969.86,0.0
2970.11,0.0
2970.36,0.0
2970.61,0.0
2970.86,0.0
2971.12,0.0
2971.37,0.0
2971.62,3232.0
2971.87,10012.0
2972.12,10468.0
2972.37,2167.3
2972.62,0.0
2972.87,0.0
2973.12,0.0
2973.37,0.0
2973.62,0.0
2973.87,0.0
2974.12,0.0
2974.37,0.0
2974.62,3119.5
2974.87,10248.0
2975.12,10083.7
2975.37,5244.0
2975.62,0.0
2975.88,0.0
2976.13,0.0
2976.38,0.0
2976.63,0.0
2976.88,0.0
2977.13,0.0
2977.38,0.0
2977.63,0.0
2977.88,0.0
2978.13,6008.0
2978.38,10484.0
2978.63,10199.2
2978.88,99.6
2979.13,0.0
2979.38,0.0
2979.63,0.0
2979.88,0.0
2980.13,0.0
2980.38,0.0
2980.64,0.0
2980.89,0.0
2981.14,4741.0
2981.39,11504.0
2981.64,11047.8
2981.89,1968.1
2982.14,0.0
2982.39,0.0
2982.64,0.0
2982.89,0.0
2983.14,0.0
2983.39,0.0
2983.64,0.0
2983.89,0.0
2984.14,0.0
2984.39,320.0
2984.64,10660.0
2984.89,11108.0
2985.14,10856.6
2985.39,1880.5
2985.64,0.0
2985.89,0.0
2986.15,0.0
2986.40,0.0
2986.65,0.0
2986.90,0.0
2987.15,0.0
2987.40,0.0
2987.65,0.0
2987.90,7478.1
2988.15,10721.1
2988.40,10608.0
2988.65,95.6
2988.90,0.0
2989.15,0.0
2989.40,0.0
2989.65,0.0
2989.90,0.0
2990.15,0.0
2990.40,0.0
2990.65,0.0
2990.91,5370.5
2991.16,9000.0
2991.41,0.0
2991.66,0.0
2991.91,0.0
2992.16,0.0
2992.41,0.0
2992.66,0.0
2992.91,0.0
2993.16,0.0
2993.41,0.0
2993.66,0.0
2993.91,1432.0
2994.16,11812.8
2994.41,11298.8
2994.66,11290.8
2994.91,9008.0
2995.16,0.0
2995.41,0.0
2995.66,0.0
2995.92,0.0
2996.17,0.0
2996.42,0.0
2996.67,0.0
2996.92,0.0
2997.17,0.0
2997.42,0.0
2997.67,2416.0
2997.92,11434.3
2998.17,11392.0
2998.42,9115.5
2998.67,0.0
2998.92,0.0
2999.17,0.0
2999.42,0.0
2999.67,0.0
2999.92,0.0
3000.17,0.0
3000.42,0.0
3000.67,0.0
3000.93,4904.4
3001.18,11628.0
3001.43,11940.2
3001.68,5346.6
3001.93,0.0
3002.18,0.0
3002.43,0.0
3002.68,0.0
3002.93,0.0
3003.18,0.0
3003.43,0.0
3003.68,0.0
3003.93,0.0
3004.18,0.0
3004.43,7864.5
3004.68,11380.0
3004.93,5976.1
3005.18,0.0
3005.43,0.0
3005.68,0.0
3005.94,0.0
3006.19,0.0
3006.44,0.0
3006.69,0.0
3006.94,0.0
3007.19,0.0
3007.44,7540.0
3007.69,11480.0
3007.94,1187.3
3008.19,0.0
3008.44,0.0
3008.69,0.0
3008.94,0.0
3009.19,0.0
3009.44,0.0
3009.69,0.0
3009.94,0.0
3010.19,10340.0
3010.44,11019.9
3010.69,11284.0
3010.95,3346.6
3011.20,0.0
3011.45,0.0
3011.70,0.0
3011.95,0.0
3012.20,0.0
3012.45,0.0
3012.70,0.0
3012.95,0.0
3013.20,0.0
3013.45,0.0
3013.70,8776.0
3013.95,2382.5
3014.20,0.0
3014.45,0.0
3014.70,0.0
3014.95,0.0
3015.20,0.0
3015.45,0.0
3015.70,0.0
3015.95,0.0
3016.20,0.0
3016.45,8824.0
3016.71,12386.5
3016.96,12692.0
3017.21,11324.0
3017.46,7227.1
3017.71,0.0
3017.96,0.0
3018.21,0.0
3018.46,0.0
3018.71,0.0
3018.96,0.0
3019.21,0.0
3019.46,0.0
3019.71,0.0
3019.96,4660.0
3020.21,10820.7
3020.46,10852.0
3020.71,2872.5
3020.96,0.0
3021.21,0.0
3021.46,0.0
3021.72,0.0
3021.97,0.0
3022.22,0.0
3022.47,0.0
3022.72,0.0
3022.97,5944.0
3023.22,10836.7
3023.47,10892.0
3023.72,3753.0
3023.97,0.0
3024.22,0.0
3024.47,0.0
3024.72,0.0
3024.97,0.0
3025.22,0.0
3025.47,0.0
3025.72,0.0
3025.97,2100.0
3026.22,10768.9
3026.47,10664.0
3026.72,11116.0
3026.97,10601.6
3027.22,7916.3
3027.47,0.0
3027.73,0.0
3027.98,0.0
3028.23,0.0
3028.48,0.0
3028.73,0.0
3028.98,0.0
3029.23,0.0
3029.48,0.0
3029.73,0.0
3029.98,111.6
3030.23,3320.0
3030.48,0.0
3030.73,0.0
3030.98,0.0
3031.23,0.0
3031.48,0.0
3031.73,0.0
3031.98,0.0
3032.23,0.0
3032.49,1996.0
3032.74,9488.0
3032.99,9952.0
3033.24,6589.6
3033.49,0.0
3033.74,0.0
3033.99,0.0
3034.24,0.0
3034.49,0.0
3034.74,0.0
3034.99,0.0
3035.24,0.0
3035.49,0.0
3035.74,0.0
3035.99,0.0
3036.24,2584.0
3036.49,10192.0
3036.74,10362.6
3036.99,10490.0
3037.24,10524.0
3037.49,7286.9
3037.75,0.0
3038.00,0.0
3038.25,0.0
3038.50,0.0
3038.75,0.0
3039.00,0.0
3039.25,0.0
3039.50,0.0
3039.75,107.6
3040.00,0.0
3040.25,0.0
3040.50,0.0
3040.75,0.0
3041.00,0.0
3041.25,0.0
3041.50,0.0
3041.75,0.0
3042.00,0.0
3042.25,0.0
3042.51,0.0
3042.76,9420.0
3043.01,11482.1
3043.26,11188.0
3043.51,1714.3
3043.76,0.0
3044.01,0.0
3044.26,0.0
3044.51,0.0
3044.76,0.0
3045.01,0.0
3045.26,0.0
3045.51,0.0
3045.76,0.0
3046.01,10556.0
3046.26,11084.0
3046.51,10533.9
3046.76,0.0
3047.01,0.0
3047.26,0.0
3047.51,0.0
3047.76,0.0
3048.01,0.0
3048.27,0.0
3048.52,0.0
3048.77,0.0
3049.02,0.0
3049.27,4541.8
3049.52,11104.0
3049.77,10749.0
3050.02,4444.0
3050.27,0.0
3050.52,0.0
3050.77,0.0
3051.02,0.0
3051.27,0.0
3051.52,0.0
3051.77,0.0
3052.02,0.0
3052.27,1553.8
3052.52,0.0
3052.78,0.0
3053.03,0.0
3053.28,0.0
3053.53,0.0
3053.78,0.0
3054.03,0.0
3054.28,0.0
3054.53,104.0
3054.78,0.0
3055.03,9569.7
3055.28,11486.1
3055.53,8992.0
3055.78,0.0
3056.03,0.0
3056.28,0.0
3056.53,0.0
3056.78,0.0
3057.03,0.0
3057.28,0.0
3057.53,0.0
3057.78,0.0
3058.03,0.0
3058.28,0.0
3058.54,9462.2
3058.79,11228.0
3059.04,11328.0
3059.29,10553.8
3059.54,2247.0
3059.79,0.0
3060.04,0.0
3060.29,0.0
3060.54,0.0
3060.79,0.0
3061.04,0.0
3061.29,0.0
3061.54,0.0
3061.79,0.0
3062.04,0.0
3062.29,6310.8
3062.54,11120.0
3062.79,5163.3
3063.04,0.0
3063.30,0.0
3063.55,0.0
3063.80,0.0
3064.05,0.0
3064.30,0.0
3064.55,0.0
3064.80,0.0
3065.05,3116.0
3065.30,10840.6
3065.55,10828.0
3065.80,10095.6
3066.05,0.0
3066.30,0.0
3066.55,0.0
3066.80,0.0
3067.05,0.0
3067.30,0.0
3067.55,0.0
3067.80,0.0
3068.05,0.0
3068.30,10760.0
3068.55,10348.0
3068.81,10713.1
3069.06,4036.0
3069.31,0.0
3069.56,0.0
3069.81,0.0
3070.06,0.0
3070.31,0.0
3070.56,0.0
3070.81,0.0
3071.06,0.0
3071.31,5800.0
3071.56,10569.7
3071.81,9924.0
3072.06,4446.2
3072.31,0.0
3072.56,0.0
3072.81,0.0
3073.06,0.0
3073.31,0.0
3073.57,0.0
3073.82,0.0
3074.07,0.0
3074.32,6488.0
3074.57,11168.0
3074.82,10386.5
3075.07,6537.8
3075.32,0.0
3075.57,0.0
3075.82,0.0
3076.07,0.0
3076.32,0.0
3076.57,0.0
3076.82,0.0
3077.07,0.0
3077.32,0.0
3077.57,0.0
3077.82,7211.2
3078.07,11116.0
3078.32,10745.0
3078.57,1753.0
3078.82,0.0
3079.08,0.0
3079.33,0.0
3079.58,0.0
3079.83,0.0
3080.08,0.0
3080.33,0.0
3080.58,0.0
3080.83,0.0
3081.08,120.0
3081.33,6908.4
3081.58,10772.0
3081.83,10848.0
3082.08,2484.1
3082.33,0.0
3082.58,0.0
3082.83,0.0
3083.08,0.0
3083.33,0.0
3083.58,0.0
3083.84,0.0
3084.09,0.0
3084.34,0.0
3084.59,0.0
3084.84,9508.0
3085.09,10306.8
3085.34,10352.0
3085.59,426.3
3085.84,0.0
3086.09,0.0
3086.34,0.0
3086.59,0.0
3086.84,0.0
3087.09,0.0
3087.34,0.0
3087.59,0.0
3087.84,5486.1
3088.09,11143.4
3088.34,11692.0
3088.59,10350.6
3088.84,10448.0
3089.09,8346.6
3089.34,0.0
3089.60,0.0
3089.85,0.0
3090.10,0.0
3090.35,0.0
3090.60,0.0
3090.85,0.0
3091.10,0.0
3091.35,0.0
3091.60,0.0
3091.85,3432.0
3092.10,9732.0
3092.35,9725.1
3092.60,4500.0
3092.85,0.0
3093.10,0.0
3093.35,0.0
3093.60,0.0
3093.85,0.0
3094.10,0.0
3094.35,0.0
3094.60,0.0
3094.85,0.0
3095.11,0.0
3095.36,3374.5
3095.61,9572.0
3095.86,9446.2
3096.11,3657.4
3096.36,0.0
3096.61,0.0
3096.86,0.0
3097.11,0.0
3097.36,0.0
3097.61,0.0
3097.86,0.0
3098.11,0.0
3098.36,8027.9
3098.61,10344.0
3098.86,10227.1
3099.11,338.6
3099.36,0.0
3099.61,0.0
3099.87,0.0
3100.12,0.0
3100.37,0.0
3100.62,0.0
3100.87,0.0
3101.12,0.0
3101.37,0.0
3101.62,4888.0
3101.87,10294.8
3102.12,10952.0
3102.37,5561.8
3102.62,0.0
3102.87,0.0
3103.12,0.0
3103.37,0.0
3103.62,0.0
3103.87,0.0
3104.12,0.0
3104.37,0.0
3104.62,111.6
3104.88,6358.6
3105.13,10255.0
3105.38,10517.9
3105.63,0.0
3105.88,0.0
3106.13,0.0
3106.38,0.0
3106.63,0.0
3106.88,0.0
3107.13,0.0
3107.38,0.0
3107.63,0.0
3107.88,0.0
3108.13,0.0
3108.38,9572.0
3108.63,9872.5
3108.88,10055.8
3109.13,3640.0
3109.39,0.0
3109.64,0.0
3109.89,0.0
3110.14,0.0
3110.39,0.0
3110.64,0.0
3110.89,0.0
3111.14,0.0
3111.39,0.0
3111.64,0.0
3111.89,6312.0
3112.14,3860.6
3112.39,0.0
3112.64,0.0
3112.89,0.0
3113.14,0.0
3113.39,0.0
3113.64,0.0
3113.89,0.0
3114.14,0.0
3114.39,2689.2
3114.64,9260.0
3114.90,9091.6
3115.15,4324.0
3115.40,0.0
3115.65,0.0
3115.90,0.0
3116.15,0.0
3116.40,0.0
3116.65,0.0
3116.90,0.0
3117.15,0.0
3117.40,0.0
3117.65,0.0
3117.90,0.0
3118.15,7936.0
3118.40,9621.5
3118.65,10127.5
3118.90,964.1
3119.15,0.0
3119.40,0.0
3119.66,0.0
3119.91,0.0
3120.16,0.0
3120.41,0.0
3120.66,0.0
3120.91,0.0
3121.16,4876.0
3121.41,10784.0
3121.66,10163.3
3121.91,3796.8
3122.16,0.0
3122.41,0.0
3122.66,0.0
3122.91,0.0
3123.16,0.0
3123.41,0.0
3123.66,0.0
3123.91,0.0
3124.16,0.0
3124.41,0.0
3124.66,5091.6
3124.91,10004.0
3125.16,10304.0
3125.42,541.8
3125.67,0.0
3125.92,0.0
3126.17,0.0
3126.42,0.0
3126.67,0.0
3126.92,0.0
3127.17,0.0
3127.42,0.0
3127.67,0.0
3127.92,2796.8
3128.17,10216.0
3128.42,10632.0
3128.67,6749.0
3128.92,0.0
3129.17,0.0
3129.42,0.0
3129.67,0.0
3129.92,0.0
3130.17,0.0
3130.42,0.0
3130.68,0.0
3130.93,3852.0
3131.18,10462.2
3131.43,10396.0
3131.68,3996.0
3131.93,0.0
3132.18,0.0
3132.43,0.0
3132.68,0.0
3132.93,0.0
3133.18,0.0
3133.43,0.0
3133.68,0.0
3133.93,0.0
3134.18,3844.6
3134.43,10704.0
3134.68,10370.5
3134.93,10223.1
3135.18,665.3
3135.43,0.0
3135.68,0.0
3135.94,0.0
3136.19,0.0
3136.44,0.0
3136.69,0.0
3136.94,0.0
3137.19,0.0
3137.44,6432.0
3137.69,6876.5
3137.94,0.0
3138.19,0.0
3138.44,0.0
3138.69,0.0
3138.94,0.0
3139.19,0.0
3139.44,0.0
3139.69,0.0
3139.94,0.0
3140.19,116.0
3140.44,7828.7
3140.69,10804.0
3140.94,10496.0
3141.20,2657.4
3141.45,0.0
3141.70,0.0
3141.95,0.0
3142.20,0.0
3142.45,0.0
3142.70,0.0
3142.95,0.0
3143.20,0.0
3143.45,5059.8
3143.70,9744.0
3143.95,9928.0
3144.20,5964.1
3144.45,0.0
3144.70,0.0
3144.95,0.0
3145.20,0.0
3145.45,0.0
3145.70,0.0
3145.95,0.0
3146.20,0.0
3146.45,0.0
3146.70,9426.3
3146.95,10552.0
3147.20,8476.0
3147.45,0.0
3147.71,0.0
3147.96,0.0
3148.21,0.0
3148.46,0.0
3148.71,0.0
3148.96,0.0
3149.21,0.0
3149.46,0.0
3149.71,1108.0
3149.96,9316.0
3150.21,9928.3
3150.46,6980.1
3150.71,0.0
3150.96,0.0
3151.21,0.0
3151.46,0.0
3151.71,0.0
3151.96,0.0
3152.22,0.0
3152.47,0.0
3152.72,0.0
3152.97,2928.3
3153.22,11588.0
3153.47,11808.0
3153.72,10616.0
3153.97,8836.7
3154.22,0.0
3154.47,0.0
3154.72,0.0
3154.97,0.0
3155.22,0.0
3155.47,0.0
3155.72,0.0
3155.97,0.0
3156.22,0.0
3156.47,0.0
3156.72,5908.0
3156.97,10310.8
3157.22,10144.0
3157.47,1928.3
3157.72,0.0
3157.97,0.0
3158.22,0.0
3158.48,0.0
3158.73,0.0
3158.98,0.0
3159.23,0.0
3159.48,0.0
3159.73,0.0
3159.98,4633.5
3160.23,10028.0
3160.48,10028.0
3160.73,10452.0
3160.98,9693.2
3161.23,0.0
3161.48,0.0
3161.73,0.0
3161.98,0.0
3162.23,0.0
3162.48,0.0
3162.73,0.0
3162.98,0.0
3163.23,0.0
3163.49,8035.9
3163.74,10274.9
3163.99,10172.0
3164.24,10452.0
3164.49,729.1
3164.74,0.0
3164.99,0.0
3165.24,0.0
3165.49,0.0
3165.74,0.0
3165.99,0.0
3166.24,0.0
3166.49,0.0
3166.74,3128.0
3166.99,10824.0
3167.24,10730.2
3167.49,10464.0
3167.74,8964.1
3167.99,0.0
3168.24,0.0
3168.50,0.0
3168.75,0.0
3169.00,0.0
3169.25,0.0
3169.50,0.0
3169.75,0.0
3170.00,0.0
3170.25,100.0
3170.50,0.0
3170.75,0.0
3171.00,0.0
3171.25,0.0
3171.50,0.0
3171.75,0.0
3172.00,0.0
3172.25,0.0
3172.50,0.0
3172.75,0.0
3173.00,2828.0
3173.26,10474.1
3173.51,10474.1
3173.76,5135.5
3174.01,0.0
3174.26,0.0
3174.51,0.0
3174.76,0.0
3175.01,0.0
3175.26,0.0
3175.51,0.0
3175.76,0.0
3176.01,0.0
3176.26,0.0
3176.51,3159.4
3176.76,10504.0
3177.01,11440.0
3177.26,11596.0
3177.51,1916.3
3177.76,0.0
3178.01,0.0
3178.26,0.0
3178.51,0.0
3178.77,0.0
3179.02,0.0
3179.27,0.0
3179.52,0.0
3179.77,0.0
3180.02,7115.5
3180.27,10741.0
3180.52,10912.0
3180.77,10700.0
3181.02,10749.0
3181.27,5848.6
3181.52,0.0
3181.77,0.0
3182.02,0.0
3182.27,0.0
3182.52,0.0
3182.77,0.0
3183.02,0.0
3183.28,0.0
3183.53,2112.0
3183.78,10968.0
3184.03,4099.6
3184.28,0.0
3184.53,0.0
3184.78,0.0
3185.03,0.0
3185.28,0.0
3185.53,0.0
3185.78,0.0
3186.03,0.0
3186.28,2733.1
3186.53,10220.0
3186.78,9848.0
3187.03,10083.7
3187.28,11156.0
3187.53,10620.0
3187.78,10043.8
3188.03,5880.0
3188.28,0.0
3188.53,0.0
3188.78,0.0
3189.03,0.0
3189.28,0.0
3189.53,0.0
3189.79,0.0
3190.04,0.0
3190.29,0.0
3190.54,0.0
3190.79,0.0
3191.04,0.0
3191.29,0.0
3191.54,0.0
3191.79,0.0
3192.04,0.0
3192.29,0.0
3192.54,0.0
3192.79,0.0
3193.04,5916.3
3193.29,9700.0
3193.54,10231.1
3193.80,1438.2
3194.05,0.0
3194.30,0.0
3194.55,0.0
3194.80,0.0
3195.05,0.0
3195.30,0.0
3195.55,0.0
3195.80,0.0
3196.05,0.0
3196.30,7426.3
3196.55,10664.0
3196.80,10216.0
3197.05,2716.0
3197.30,0.0
3197.55,0.0
3197.80,0.0
3198.05,0.0
3198.30,0.0
3198.55,0.0
3198.80,0.0
3199.05,0.0
3199.30,2524.0
3199.55,10067.7
3199.81,10796.8
3200.06,8486.1
3200.31,0.0
3200.56,0.0
3200.81,0.0
3201.06,0.0
3201.31,0.0
3201.56,0.0
3201.81,0.0
3202.06,0.0
3202.31,0.0
3202.56,10764.0
3202.81,11136.0
3203.06,10593.6
3203.31,0.0
3203.56,0.0
3203.81,0.0
3204.06,0.0
3204.31,0.0
3204.56,0.0
3204.82,0.0
3205.07,0.0
3205.32,0.0
3205.57,9172.0
3205.82,11364.0
3206.07,11207.2
3206.32,1788.8
3206.57,0.0
3206.82,0.0
3207.07,0.0
3207.32,0.0
3207.57,0.0
3207.82,0.0
3208.07,0.0
3208.32,0.0
3208.57,5696.0
3208.82,13448.0
3209.07,12808.8
3209.32,11400.0
3209.57,11031.9
3209.82,11352.0
3210.07,11059.8
3210.33,11067.7
3210.58,11019.9
3210.83,1988.0
3211.08,0.0
3211.33,0.0
3211.58,0.0
3211.83,0.0
3212.08,0.0
3212.33,0.0
3212.58,0.0
3212.83,0.0
3213.08,0.0
3213.33,0.0
3213.58,0.0
3213.83,0.0
3214.08,0.0
3214.33,0.0
3214.59,0.0
3214.84,0.0
3215.09,0.0
3215.34,2812.7
3215.59,10548.0
3215.84,10490.0
3216.09,4494.0
3216.34,0.0
3216.59,0.0
3216.84,0.0
3217.09,0.0
3217.34,0.0
3217.59,0.0
3217.84,0.0
3218.09,0.0
3218.34,0.0
3218.59,9426.3
3218.84,10824.0
3219.09,9027.9
3219.34,0.0
3219.59,0.0
3219.84,0.0
3220.09,0.0
3220.34,0.0
3220.60,0.0
3220.85,0.0
3221.10,0.0
3221.35,0.0
3221.60,0.0
3221.85,1099.6
3222.10,10612.0
3222.35,10828.7
3222.60,6836.7
3222.85,0.0
3223.10,0.0
3223.35,0.0
3223.60,0.0
3223.85,0.0
3224.10,0.0
3224.35,0.0
3224.60,0.0
3224.85,0.0
3225.11,231.1
3225.36,10752.0
3225.61,11000.0
3225.86,11135.5
3226.11,10278.9
3226.36,10216.0
3226.61,5776.9
3226.86,0.0
3227.11,0.0
3227.36,0.0
3227.61,0.0
3227.86,0.0
3228.11,0.0
3228.36,0.0
3228.61,0.0
3228.86,0.0
3229.11,9040.0
3229.36,9856.6
3229.61,9952.0
3229.86,9585.7
3230.11,9868.0
3230.36,9772.9
3230.62,10952.2
3230.87,11128.0
3231.12,1386.5
3231.37,0.0
3231.62,0.0
3231.87,0.0
3232.12,0.0
3232.37,0.0
3232.62,0.0
3232.87,0.0
3233.12,0.0
3233.37,0.0
3233.62,0.0
3233.87,0.0
3234.12,0.0
3234.37,0.0
3234.62,0.0
3234.87,0.0
3235.12,6426.3
3235.38,10336.0
3235.63,10665.3
3235.88,2262.9
3236.13,0.0
3236.38,0.0
3236.63,0.0
3236.88,0.0
3237.13,0.0
3237.38,0.0
3237.63,0.0
3237.88,0.0
3238.13,0.0
3238.38,3928.3
3238.63,11124.0
3238.88,10380.0
3239.13,4502.0
3239.38,0.0
3239.63,0.0
3239.89,0.0
3240.14,0.0
3240.39,0.0
3240.64,0.0
3240.89,0.0
3241.14,0.0
3241.39,0.0
3241.64,3127.5
3241.89,10484.0
3242.14,10119.5
3242.39,9956.0
3242.64,10024.0
3242.89,10406.4
3243.14,10784.0
3243.39,3645.4
3243.64,0.0
3243.89,0.0
3244.14,0.0
3244.39,0.0
3244.64,0.0
3244.89,0.0
3245.14,0.0
3245.39,0.0
3245.64,0.0
3245.89,0.0
3246.15,0.0
3246.40,0.0
3246.65,0.0
3246.90,0.0
3247.15,0.0
3247.40,0.0
3247.65,2596.0
3247.90,11243.0
3248.15,11880.0
3248.40,13422.3
3248.65,14252.0
3248.90,11386.5
3249.15,0.0
3249.40,0.0
3249.65,0.0
3249.90,0.0
3250.15,0.0
3250.40,0.0
3250.65,0.0
3250.91,0.0
3251.16,0.0
3251.41,0.0
3251.66,10156.0
3251.91,12776.0
3252.16,12828.0
3252.41,13048.0
3252.66,12820.7
3252.91,4788.8
3253.16,0.0
3253.41,0.0
3253.66,0.0
3253.91,0.0
3254.16,0.0
3254.41,0.0
3254.66,0.0
3254.91,0.0
3255.16,4048.0
3255.41,13270.9
3255.66,13520.0
3255.91,13568.0
3256.16,13394.4
3256.41,2940.2
3256.67,0.0
3256.92,0.0
3257.17,0.0
3257.42,0.0
3257.67,0.0
3257.92,0.0
3258.17,0.0
3258.42,0.0
3258.67,880.0
3258.92,13382.5
3259.17,13262.9
3259.42,12988.0
3259.67,12517.9
3259.92,13168.0
3260.17,12764.0
3260.42,12916.3
3260.67,13103.6
3260.93,13318.7
3261.18,10932.3
3261.43,0.0
3261.68,0.0
3261.93,0.0
3262.18,0.0
3262.43,0.0
3262.68,0.0
3262.93,0.0
3263.18,0.0
3263.43,0.0
3263.68,108.0
3263.93,12056.0
3264.18,13960.2
3264.43,14160.0
3264.68,13653.4
3264.93,13645.4
3265.18,12928.0
3265.43,13248.0
3265.68,11972.1
3265.93,12568.0
3266.18,13312.0
3266.43,13564.0
3266.68,13508.0
3266.93,13968.0
3267.18,13099.6
3267.44,1398.4
3267.69,0.0
3267.94,0.0
3268.19,0.0
3268.44,0.0
3268.69,0.0
3268.94,0.0
3269.19,0.0
3269.44,0.0
3269.69,108.0
3269.94,0.0
3270.19,0.0
3270.44,0.0
3270.69,0.0
3270.94,0.0
3271.19,0.0
3271.44,0.0
3271.69,0.0
3271.95,11717.1
3272.20,12430.3
3272.45,12660.0
3272.70,13868.0
3272.95,13438.2
3273.20,13988.0
3273.45,13732.0
3273.70,5872.5
3273.95,0.0
3274.20,0.0
3274.45,0.0
3274.70,0.0
3274.95,0.0
3275.20,0.0
3275.45,0.0
3275.70,0.0
3275.95,0.0
3276.20,9960.2
3276.45,13276.0
3276.70,13414.3
3276.95,13152.0
3277.20,13428.0
3277.46,13553.8
3277.71,13164.0
3277.96,13776.9
3278.21,13776.0
3278.46,14454.2
3278.71,13792.0
3278.96,14398.4
3279.21,14581.7
3279.46,14195.2
3279.71,14568.0
3279.96,14513.9
3280.21,14832.0
3280.46,14804.0
3280.71,14362.6
3280.96,14740.0
3281.21,14633.5
3281.47,14721.1
3281.72,14510.0
3281.97,12716.0
3282.22,0.0
3282.47,0.0
3282.72,0.0
3282.97,0.0
3283.22,0.0
3283.47,0.0
3283.72,0.0
3283.97,0.0
3284.22,0.0
3284.47,9988.0
3284.72,13553.8
3284.97,14216.0
3285.22,13376.0
3285.47,13772.0
3285.72,14532.0
3285.97,14382.5
3286.22,14561.8
3286.47,14380.0
3286.72,14716.0
3286.97,14701.2
3287.22,14724.0
3287.48,14414.3
3287.73,13748.0
3287.98,13764.0
3288.23,13780.0
3288.48,13820.0
3288.73,14116.0
3288.98,9406.4
3289.23,0.0
3289.48,0.0
3289.73,0.0
3289.98,0.0
3290.23,0.0
3290.48,0.0
3290.73,0.0
3290.98,111.6
3291.23,0.0
3291.48,0.0
3291.73,0.0
3291.98,0.0
3292.23,0.0
3292.48,0.0
3292.74,0.0
3292.99,0.0
3293.24,10721.1
3293.49,13800.0
3293.74,13284.0
3293.99,13632.0
3294.24,13541.8
3294.49,14470.1
3294.74,13553.8
3294.99,13736.0
3295.24,13685.3
3295.49,13708.0
3295.74,2412.0
3295.99,0.0
3296.24,0.0
3296.49,0.0
3296.74,0.0
3296.99,0.0
3297.24,0.0
3297.49,0.0
3297.74,0.0
3297.99,8736.0
3298.24,13764.9
3298.50,13693.2
3298.75,13708.0
3299.00,13544.0
3299.25,14176.0
3299.50,9968.1
3299.75,0.0
3300.00,0.0
3300.25,0.0
3300.50,0.0
3300.75,0.0
3301.00,0.0
3301.25,0.0
3301.50,0.0
3301.75,2107.6
3302.00,14392.0
3302.25,13912.0
3302.50,14388.0
3302.75,14520.0
3303.00,14601.6
3303.25,13848.0
3303.50,0.0
3303.75,0.0
3304.00,0.0
3304.25,0.0
3304.51,0.0
3304.76,0.0
3305.01,0.0
3305.26,0.0
3305.51,111.6
3305.76,13624.0
3306.01,14736.0
3306.26,10206.3
3306.51,0.0
3306.76,0.0
3307.01,0.0
3307.26,0.0
3307.51,0.0
3307.76,0.0
3308.01,0.0
3308.26,0.0
3308.51,0.0
3308.76,0.0
3309.01,3176.0
3309.26,14456.0
3309.51,14227.1
3309.76,14604.0
3310.01,14657.4
3310.26,14508.0
3310.52,14354.6
3310.77,13616.0
3311.02,7972.1
3311.27,0.0
3311.52,0.0
3311.77,0.0
3312.02,0.0
3312.27,0.0
3312.52,0.0
3312.77,0.0
3313.02,0.0
3313.27,116.0
3313.52,13342.6
3313.77,13608.0
3314.02,13400.0
3314.27,13748.0
3314.52,13561.8
3314.77,13548.0
3315.02,13532.0
3315.27,13693.2
3315.53,2820.7
3315.78,0.0
3316.03,0.0
3316.28,0.0
3316.53,0.0
3316.78,0.0
3317.03,0.0
3317.28,0.0
3317.53,0.0
3317.78,7223.1
3318.03,13744.0
3318.28,13748.0
3318.53,13700.0
3318.78,13476.0
3319.03,13856.0
3319.28,13784.9
3319.53,12123.5
3319.78,0.0
3320.03,0.0
3320.28,0.0
3320.53,0.0
3320.78,0.0
3321.03,0.0
3321.28,0.0
3321.53,0.0
3321.79,0.0
3322.04,11616.0
3322.29,13529.9
3322.54,14000.0
3322.79,14120.0
3323.04,13748.0
3323.29,13764.0
3323.54,13446.2
3323.79,13396.0
3324.04,13486.1
3324.29,13656.0
3324.54,13712.0
3324.79,13820.0
3325.04,13764.9
3325.29,14584.0
3325.54,14282.9
3325.79,13768.0
3326.04,13972.0
3326.29,13916.3
3326.54,14402.4
3326.79,14240.0
3327.04,14524.0
3327.29,14508.0
3327.55,13757.0
3327.80,13728.0
3328.05,13776.0
3328.30,14004.0
3328.55,14529.9
3328.80,14600.0
3329.05,10167.3
3329.30,0.0
3329.55,0.0
3329.80,0.0
3330.05,0.0
3330.30,0.0
3330.55,0.0
3330.80,0.0
3331.05,0.0
3331.30,0.0
3331.55,0.0
3331.80,0.0
3332.05,0.0
3332.30,0.0
3332.55,0.0
3332.80,0.0
3333.05,107.6
3333.30,8456.0
3333.56,13609.6
3333.81,13576.0
3334.06,13736.0
3334.31,13616.0
3334.56,13748.0
3334.81,13709.2
3335.06,13430.3
3335.31,13576.0
3335.56,11984.0
3335.81,0.0
3336.06,0.0
3336.31,0.0
3336.56,0.0
3336.81,0.0
3337.06,0.0
3337.31,0.0
3337.56,0.0
3337.81,107.6
3338.06,13076.0
3338.31,13428.0
3338.56,13470.1
3338.81,13512.0
3339.07,13223.1
3339.32,12761.0
3339.57,13888.0
3339.82,13452.0
3340.07,6191.2
3340.32,0.0
3340.57,0.0
3340.82,0.0
3341.07,0.0
3341.32,0.0
3341.57,0.0
3341.82,0.0
3342.07,0.0
3342.32,0.0
3342.57,5388.0
3342.82,13171.3
3343.07,13244.0
3343.32,13294.8
3343.57,12484.0
3343.82,12532.0
3344.07,12804.8
3344.32,13088.0
3344.58,13808.8
3344.83,5980.1
3345.08,0.0
3345.33,0.0
3345.58,0.0
3345.83,0.0
3346.08,0.0
3346.33,0.0
3346.58,0.0
3346.83,0.0
3347.08,2660.0
3347.33,13653.4
3347.58,13235.1
3347.83,13175.3
3348.08,13418.3
3348.33,13136.0
3348.59,12155.4
3348.84,0.0
3349.09,0.0
3349.34,0.0
3349.59,0.0
3349.84,0.0
3350.09,0.0
3350.34,0.0
3350.59,0.0
3350.84,0.0
3351.09,108.0
3351.34,11414.3
3351.59,12696.0
3351.84,12792.8
3352.09,12916.3
3352.34,10633.5
3352.59,0.0
3352.84,0.0
3353.09,0.0
3353.34,0.0
3353.59,0.0
3353.84,0.0
3354.10,0.0
3354.35,0.0
3354.60,0.0
3354.85,0.0
3355.10,11344.0
3355.35,12860.6
3355.60,13259.0
3355.85,13135.5
3356.10,12992.0
3356.35,13324.0
3356.60,13248.0
3356.85,13143.4
3357.10,14692.0
3357.35,6768.9
3357.60,0.0
3357.85,0.0
3358.10,0.0
3358.35,0.0
3358.60,0.0
3358.86,0.0
3359.11,0.0
3359.36,0.0
3359.61,3063.7
3359.86,14396.0
3360.11,14704.0
3360.36,15004.0
3360.61,13676.0
3360.86,14124.0
3361.11,13768.0
3361.36,13800.8
3361.61,13430.3
3361.86,13172.0
3362.11,1194.4
3362.36,0.0
3362.61,0.0
3362.86,0.0
3363.11,0.0
3363.36,0.0
3363.61,0.0
3363.86,0.0
3364.11,107.6
3364.36,0.0
3364.62,0.0
3364.87,0.0
3365.12,0.0
3365.37,0.0
3365.62,0.0
3365.87,0.0
3366.12,0.0
3366.37,0.0
3366.62,0.0
3366.87,11167.3
3367.12,13148.0
3367.37,13306.8
3367.62,13528.0
3367.87,13204.0
3368.12,11972.1
3368.37,12156.0
3368.62,12252.0
3368.87,5650.8
3369.12,0.0
3369.38,0.0
3369.62,0.0
3369.88,0.0
3370.13,0.0
3370.38,0.0
3370.63,0.0
3370.88,0.0
3371.13,6577.7
3371.38,13346.6
3371.63,14156.0
3371.88,14312.0
3372.13,13988.0
3372.38,13884.0
3372.63,13060.0
3372.88,12641.4
3373.13,13688.0
3373.38,13500.0
3373.63,13247.0
3373.88,2095.6
3374.13,0.0
3374.38,0.0
3374.64,0.0
3374.89,0.0
3375.14,0.0
3375.39,0.0
3375.64,0.0
3375.89,116.0
3376.14,0.0
3376.39,11092.0
3376.64,12568.0
3376.89,13426.3
3377.14,12700.0
3377.39,12560.0
3377.64,12904.0
3377.89,12370.5
3378.14,12688.0
3378.39,12908.4
3378.64,5729.1
3378.89,0.0
3379.14,0.0
3379.39,0.0
3379.64,0.0
3379.89,0.0
3380.14,0.0
3380.39,0.0
3380.64,0.0
3380.90,0.0
3381.15,6828.0
3381.40,12386.5
3381.65,12864.0
3381.90,12972.0
3382.15,10155.4
3382.40,13016.0
3382.65,13290.8
3382.90,13143.4
3383.15,12832.0
3383.40,13036.0
3383.65,13168.0
3383.90,13256.0
3384.15,12844.0
3384.40,14115.5
3384.65,14079.7
3384.90,13988.0
3385.15,14012.0
3385.40,14396.0
3385.65,13888.0
3385.90,14228.0
