time,used_memory_rss(bytes)
0.00,17647804416
0.32,17647804416
0.62,17651081216
0.92,17658044416
1.22,17664188416
1.52,17670332416
1.82,17676476416
2.10,17682620416
2.40,17688764416
2.70,17694498816
2.99,17701052416
3.29,17707606016
3.57,17714159616
3.87,17720713216
4.17,17726857216
4.47,17733001216
4.76,17737097216
5.10,17743650816
5.39,17750204416
5.69,17756758016
5.99,17763721216
6.29,17770274816
6.59,17776828416
6.89,17783791616
7.18,17790345216
7.48,17796898816
7.78,17803452416
8.08,17809186816
8.38,17815330816
8.68,17822294016
8.98,17828438016
9.27,17835401216
9.57,17841954816
9.88,17848098816
10.17,17854242816
10.47,17859977216
10.77,17866940416
11.07,17873494016
11.36,17880457216
11.65,17887010816
11.95,17893564416
12.25,17900527616
12.56,17907490816
12.86,17914044416
13.16,17920598016
13.46,17927970816
13.77,17934934016
14.06,17941487616
14.36,17948041216
14.66,17952956416
14.96,17959510016
15.26,17965654016
15.55,17972207616
15.85,17978351616
16.15,17985314816
16.44,17991458816
16.75,17997193216
17.05,18003337216
17.34,18009481216
17.64,18015625216
17.93,18022178816
18.23,18029142016
18.53,18036105216
18.84,18042658816
19.13,18049212416
19.42,18056175616
19.71,18062729216
20.01,18068873216
20.30,18075426816
20.60,18081980416
20.90,18087714816
21.19,18093858816
21.48,18100822016
21.78,18107375616
22.07,18113929216
22.37,18120482816
22.67,18126626816
22.96,18133180416
23.26,18140143616
23.56,18147106816
23.86,18153660416
24.15,18160214016
24.44,18166358016
24.73,18170454016
25.03,18175778816
25.32,18181922816
25.62,18188476416
25.92,18194620416
26.22,18201174016
26.51,18207318016
26.81,18213462016
27.10,18219606016
27.39,18225750016
27.69,18232303616
27.99,18238857216
28.29,18245410816
28.59,18251964416
28.89,18258518016
29.19,18264662016
29.48,18271215616
29.78,18277769216
30.07,18284322816
30.37,18290057216
30.67,18296610816
30.97,18302754816
31.26,18309308416
31.56,18315452416
31.85,18321596416
32.15,18327740416
32.43,18334294016
32.73,18340847616
33.02,18347401216
33.32,18353954816
33.62,18360098816
33.91,18366652416
34.21,18372796416
34.51,18379350016
34.80,18383446016
35.10,18389590016
35.39,18396143616
35.69,18402287616
35.99,18408841216
36.28,18414985216
36.57,18420719616
36.87,18426863616
37.16,18433007616
37.45,18439151616
37.75,18444886016
38.04,18451030016
38.34,18457583616
38.63,18464546816
38.93,18470690816
39.23,18476015616
39.51,18482569216
39.81,18488713216
40.10,18494857216
40.41,18500182016
40.70,18505916416
41.01,18511650816
41.30,18517385216
41.60,18522710016
41.89,18528444416
42.19,18534178816
42.49,18539503616
42.79,18545647616
43.08,18551382016
43.37,18557116416
43.67,18562850816
43.97,18568994816
44.27,18574729216
44.57,18577186816
44.87,18583330816
45.17,18589065216
45.47,18595209216
45.77,18600943616
46.07,18607497216
46.37,18613641216
46.66,18619375616
46.96,18625110016
47.26,18630844416
47.55,18636578816
47.84,18641903616
48.13,18647638016
48.42,18653372416
48.70,18659106816
49.00,18664841216
49.29,18670575616
49.59,18676310016
49.88,18682044416
50.17,18687778816
50.47,18693922816
50.76,18699657216
51.05,18706210816
51.35,18711945216
51.65,18718089216
51.94,18724233216
52.23,18729967616
52.53,18735292416
52.83,18741026816
53.13,18746761216
53.43,18752086016
53.73,18757820416
54.02,18763554816
54.31,18769289216
54.61,18773385216
54.90,18778710016
55.20,18784444416
55.49,18790178816
55.79,18795913216
56.09,18801238016
56.39,18807382016
56.69,18813116416
56.98,18819260416
57.28,18825404416
57.57,18830729216
57.86,18836463616
58.16,18841788416
58.45,18847113216
58.74,18852847616
59.04,18858991616
59.33,18864726016
59.63,18870460416
59.93,18875785216
60.24,18881519616
60.54,18887254016
60.84,18892988416
61.14,18898313216
61.43,18904457216
61.73,18909782016
62.03,18915516416
62.33,18920841216
62.62,18926166016
62.92,18931490816
63.22,18936815616
63.51,18941730816
63.80,18947465216
64.09,18952790016
64.39,18958114816
64.69,18961391616
64.98,18966716416
65.27,18972041216
65.57,18977366016
65.87,18982690816
66.16,18988015616
66.45,18993340416
66.75,18998665216
67.05,19003580416
67.35,19009314816
67.65,19014639616
67.94,19019964416
68.24,19024879616
68.54,19030614016
68.83,19035529216
69.12,19040854016
69.42,19045769216
69.72,19051094016
70.02,19056828416
70.31,19062562816
70.61,19067887616
70.91,19073212416
71.21,19078946816
71.51,19084271616
71.80,19090415616
72.10,19096150016
72.40,19101474816
72.70,19106390016
72.99,19111714816
73.28,19116630016
73.57,19121545216
73.87,19126870016
74.17,19132194816
74.46,19137929216
74.76,19140796416
75.05,19146121216
75.34,19151855616
75.64,19157180416
75.94,19162505216
76.24,19168649216
76.54,19173564416
76.83,19178889216
77.13,19184623616
77.42,19189948416
77.72,19195273216
78.02,19200598016
78.31,19205922816
78.61,19211657216
78.90,19216982016
79.20,19222716416
79.49,19228041216
79.78,19232956416
80.08,19237871616
80.37,19242786816
80.66,19247702016
80.96,19253436416
81.25,19258761216
81.55,19263676416
81.84,19269001216
82.14,19273916416
82.44,19279650816
82.72,19284975616
83.02,19290300416
83.31,19295625216
83.61,19300950016
83.90,19306684416
84.19,19312009216
84.49,19317743616
84.79,19321430016
85.09,19326754816
85.38,19331670016
85.67,19336994816
85.96,19342319616
86.26,19347234816
86.56,19352969216
86.85,19357884416
87.15,19363618816
87.44,19368943616
87.74,19374268416
88.03,19379183616
88.33,19384508416
88.63,19389833216
88.93,19394748416
89.23,19399663616
89.52,19404988416
89.82,19410313216
90.11,19415228416
90.41,19420553216
90.71,19425878016
91.00,19431202816
91.29,19436118016
91.60,19441442816
91.89,19446767616
92.19,19452092416
92.49,19457417216
92.79,19462332416
93.09,19467247616
93.38,19472572416
93.67,19477897216
93.97,19482812416
94.26,19487727616
94.56,19493052416
94.86,19495919616
95.16,19501244416
95.45,19506978816
95.75,19512303616
96.04,19517218816
96.34,19522543616
96.63,19527458816
96.93,19532783616
97.23,19538108416
97.52,19542614016
97.82,19547529216
98.12,19552034816
98.42,19557359616
98.71,19562274816
99.01,19567599616
99.30,19572924416
99.59,19578249216
99.89,19583164416
100.18,19588489216
100.48,19593814016
100.77,19599138816
101.06,19604463616
101.36,19609788416
101.66,19614703616
101.95,19618799616
102.24,19624124416
102.54,19629039616
102.83,19633954816
103.12,19638870016
103.42,19644194816
103.71,19649929216
104.01,19654844416
104.31,19660169216
104.60,19665084416
104.90,19668361216
105.19,19673686016
105.49,19678191616
105.78,19683516416
106.07,19688841216
106.37,19693346816
106.67,19698671616
106.96,19704815616
107.26,19709730816
107.56,19715055616
107.86,19720380416
108.15,19725295616
108.44,19731030016
108.74,19735535616
109.04,19740860416
109.34,19745775616
109.64,19750690816
109.94,19755606016
110.23,19760930816
110.53,19765846016
110.82,19770761216
111.12,19775676416
111.42,19780591616
111.71,19785916416
112.01,19790831616
112.31,19796156416
112.60,19801071616
112.90,19805986816
113.19,19810902016
113.49,19815817216
113.78,19820732416
114.08,19826057216
114.38,19830562816
114.67,19833020416
114.97,19838754816
115.27,19843670016
115.56,19848994816
115.87,19854319616
116.17,19859644416
116.47,19864559616
116.77,19869884416
117.06,19874799616
117.35,19879714816
117.65,19885039616
117.95,19889545216
118.24,19894870016
118.54,19899785216
118.83,19904700416
119.13,19909615616
119.43,19914530816
119.73,19919446016
120.03,19924770816
120.32,19929686016
120.62,19935010816
120.92,19939926016
121.22,19945250816
121.52,19950166016
121.81,19955490816
122.11,19960406016
122.40,19964502016
122.70,19969417216
123.00,19974332416
123.30,19979247616
123.59,19984162816
123.89,19988668416
124.19,19993583616
124.48,19998498816
124.78,20001366016
125.07,20006690816
125.36,20011606016
125.65,20016930816
125.95,20022255616
126.25,20027580416
126.54,20032905216
126.84,20037820416
127.14,20043145216
127.42,20048060416
127.71,20053385216
128.00,20058300416
128.30,20063625216
128.60,20068540416
128.90,20073865216
129.19,20078780416
129.49,20084105216
129.79,20089020416
130.09,20094345216
130.38,20099260416
130.67,20104175616
130.97,20109090816
131.27,20114006016
131.57,20118921216
131.86,20123836416
132.16,20129161216
132.46,20134076416
132.76,20138991616
133.06,20144316416
133.36,20149641216
133.66,20154556416
133.96,20159881216
134.25,20164796416
134.55,20170121216
134.84,20173398016
135.14,20178313216
135.44,20183228416
135.73,20188553216
136.03,20193468416
136.33,20197974016
136.62,20202889216
136.92,20207804416
137.22,20213129216
137.51,20218044416
137.81,20223369216
138.10,20227874816
138.39,20232790016
138.69,20237705216
138.98,20242620416
139.28,20247535616
139.57,20252450816
139.86,20257366016
140.16,20262281216
140.45,20267196416
140.75,20272111616
141.05,20276617216
141.35,20281532416
141.64,20286857216
141.94,20291772416
142.24,20296687616
142.53,20301602816
142.83,20306518016
143.13,20311842816
143.42,20316348416
143.72,20320034816
144.02,20324540416
144.31,20329046016
144.60,20333551616
144.90,20335599616
145.19,20340105216
145.48,20344610816
145.78,20349116416
146.07,20353622016
146.36,20358127616
146.66,20363042816
146.96,20367138816
147.27,20371234816
147.56,20376150016
147.87,20380655616
148.16,20384751616
148.45,20389257216
148.75,20393762816
149.05,20398268416
149.35,20402774016
149.64,20407689216
149.94,20411785216
150.25,20417110016
150.54,20422025216
150.84,20427350016
151.13,20432265216
151.44,20437180416
151.73,20442505216
152.03,20447420416
152.32,20451516416
152.62,20456431616
152.91,20460937216
153.21,20465442816
153.50,20470358016
153.80,20474863616
154.09,20479778816
154.38,20484284416
154.67,20486742016
154.96,20491657216
155.25,20495753216
155.55,20500258816
155.84,20504764416
156.13,20509270016
156.42,20514594816
156.71,20519100416
157.01,20523606016
157.31,20528521216
157.61,20533436416
157.91,20537942016
158.20,20542857216
158.50,20547772416
158.79,20551868416
159.07,20556783616
159.37,20561289216
159.67,20566204416
159.97,20571119616
160.26,20575625216
160.56,20580130816
160.86,20584636416
161.15,20589551616
161.45,20593647616
161.75,20598153216
162.04,20602658816
162.32,20607574016
162.62,20612079616
162.92,20616585216
163.21,20621500416
163.50,20626825216
163.80,20631330816
164.09,20636246016
164.39,20641161216
164.69,20643618816
164.97,20648534016
165.27,20653449216
165.56,20657954816
165.86,20662870016
166.16,20667785216
166.46,20672290816
166.75,20677615616
167.06,20682530816
167.35,20687036416
167.65,20691951616
167.94,20696866816
168.24,20701372416
168.53,20706287616
168.83,20711202816
169.13,20716118016
169.42,20722262016
169.71,20727586816
170.00,20733730816
170.30,20739055616
170.59,20745199616
170.88,20750934016
171.17,20756668416
171.47,20762812416
171.75,20768546816
172.04,20774281216
172.34,20780015616
172.63,20785750016
172.91,20791484416
173.21,20797218816
173.50,20802953216
173.79,20809097216
174.08,20814831616
174.37,20820566016
174.66,20825071616
174.95,20829986816
175.24,20835721216
175.53,20841455616
175.82,20846780416
176.11,20851695616
176.40,20857430016
176.69,20863164416
176.99,20868489216
177.28,20873814016
177.58,20879548416
177.87,20884873216
178.16,20890198016
178.46,20895932416
178.75,20901257216
179.04,20907401216
179.34,20912726016
179.63,20918460416
179.92,20923785216
180.21,20928700416
180.50,20934434816
180.80,20939759616
181.09,20945084416
181.38,20950409216
181.67,20955734016
181.97,20961058816
182.26,20966383616
182.55,20971708416
182.84,20977442816
183.12,20982767616
183.42,20988502016
183.72,20993826816
184.01,20999151616
184.30,21004886016
184.60,21010210816
184.89,21012668416
185.19,21017993216
185.47,21023727616
185.77,21029052416
186.06,21035196416
186.36,21040521216
186.65,21046665216
186.95,21052399616
187.25,21057724416
187.54,21063458816
187.84,21069193216
188.13,21074518016
188.42,21079842816
188.72,21085577216
189.01,21090902016
189.30,21096226816
189.60,21101551616
189.88,21107286016
190.18,21112610816
190.47,21118345216
190.76,21123670016
191.05,21128994816
191.34,21134729216
191.64,21140463616
191.94,21145788416
192.23,21151522816
192.52,21156847616
192.81,21162582016
193.10,21167906816
193.40,21173641216
193.69,21179375616
193.99,21184700416
194.28,21190025216
194.57,21195759616
194.87,21199036416
195.16,21204361216
195.45,21209686016
195.74,21215420416
196.03,21220745216
196.33,21226479616
196.62,21232214016
196.92,21237538816
197.21,21242863616
197.50,21248188416
197.79,21253513216
198.08,21259247616
198.38,21264982016
198.67,21270716416
198.96,21276041216
199.25,21281366016
199.54,21287100416
199.82,21292425216
200.12,21297750016
200.41,21303074816
200.69,21308809216
200.99,21314134016
201.28,21319049216
201.57,21324374016
201.87,21330108416
202.16,21335023616
202.45,21340348416
202.75,21345673216
203.03,21350998016
203.32,21356732416
203.62,21362057216
203.90,21367791616
204.19,21373935616
204.49,21379670016
204.78,21383356416
205.07,21389090816
205.37,21394825216
205.66,21400150016
205.95,21405065216
206.25,21409980416
206.54,21414895616
206.83,21419810816
207.12,21425135616
207.41,21430050816
207.69,21434966016
207.98,21439881216
208.27,21445206016
208.56,21450121216
208.86,21455446016
209.16,21460770816
209.45,21466095616
209.74,21471010816
210.03,21476745216
210.33,21482070016
210.62,21487394816
210.90,21492719616
211.19,21498454016
211.48,21503778816
211.76,21508694016
212.05,21514018816
212.34,21519343616
212.63,21523849216
212.92,21528764416
213.21,21533679616
213.50,21539004416
213.79,21543510016
214.07,21548834816
214.36,21553340416
214.64,21558255616
214.93,21560713216
215.21,21566038016
215.49,21571362816
215.78,21577097216
216.07,21582422016
216.35,21587337216
216.64,21591842816
216.93,21597167616
217.22,21602082816
217.50,21606998016
217.80,21612322816
218.09,21618057216
218.37,21623791616
218.66,21628706816
218.94,21634031616
219.23,21638946816
219.52,21644271616
219.81,21649186816
220.10,21654511616
220.40,21659836416
220.69,21665161216
220.98,21670486016
221.27,21676220416
221.55,21681545216
221.85,21686460416
222.14,21691375616
222.43,21697110016
222.73,21702025216
223.03,21707350016
223.32,21712674816
223.61,21714313216
223.91,21719638016
224.20,21725372416
224.49,21730697216
224.78,21733154816
225.07,21738479616
225.36,21744214016
225.66,21749538816
225.94,21755273216
226.24,21760598016
226.53,21766332416
226.82,21771657216
227.12,21776982016
227.41,21782306816
227.70,21787631616
227.99,21792956416
228.28,21798281216
228.57,21803196416
228.86,21808521216
229.16,21813436416
229.45,21818351616
229.74,21823266816
230.02,21828591616
230.32,21833506816
230.60,21838422016
230.90,21843746816
231.19,21849071616
231.48,21853986816
231.77,21858902016
232.06,21864636416
232.36,21869551616
232.65,21874057216
232.95,21879382016
233.24,21884706816
233.53,21890441216
233.83,21895356416
234.12,21901090816
234.42,21906415616
234.71,21911330816
235.00,21915426816
235.29,21920342016
235.59,21924847616
235.88,21930172416
236.18,21934678016
236.47,21940002816
236.76,21944508416
237.06,21949423616
237.35,21954338816
237.65,21959663616
237.94,21964578816
238.24,21969494016
238.53,21975228416
238.82,21980143616
239.12,21992431616
239.42,22013730816
239.71,22030114816
240.00,22044041216
240.29,22055100416
240.58,22064111616
240.88,22071484416
241.17,22078447616
241.46,22084591616
241.76,22090326016
242.05,22095650816
242.34,22100566016
242.63,22105481216
242.92,22109986816
243.21,22114902016
243.50,22119407616
243.79,22123913216
244.08,22127599616
244.37,22132105216
244.66,22136610816
244.95,22138249216
245.24,22142754816
245.53,22147260416
245.82,22150946816
246.12,22155452416
246.42,22159958016
246.71,22164463616
247.00,22168969216
247.28,22173474816
247.58,22177980416
247.87,22182486016
248.19,22187401216
248.49,22191497216
248.78,22196002816
249.08,22200508416
249.37,22205014016
249.66,22209519616
249.97,22213615616
250.26,22218121216
250.55,22222217216
250.85,22226313216
251.15,22230818816
251.44,22235734016
251.74,22239830016
252.03,22244335616
252.32,22249250816
252.61,22253756416
252.90,22258671616
253.19,22263177216
253.48,22267273216
253.78,22271778816
254.07,22276284416
254.36,22280790016
254.65,22284886016
254.94,22287343616
255.22,22291849216
255.51,22296354816
255.81,22300860416
256.10,22304956416
256.39,22309052416
256.68,22313148416
256.97,22317654016
257.26,22321750016
257.55,22326665216
257.85,22330761216
258.14,22334857216
258.43,22339362816
258.72,22343868416
259.02,22347964416
259.31,22352879616
259.60,22357385216
259.89,22362300416
260.19,22366806016
260.48,22371721216
260.78,22375407616
261.08,22379913216
261.37,22384009216
261.66,22388514816
261.95,22393020416
262.25,22397526016
262.54,22402031616
262.83,22406537216
263.12,22411042816
263.41,22415958016
263.71,22420463616
264.00,22424969216
264.30,22429884416
264.59,22434799616
264.88,22436847616
265.17,22441353216
265.47,22446268416
265.77,22450774016
266.06,22455279616
266.35,22459785216
266.64,22464290816
266.94,22468796416
267.23,22473711616
267.52,22478217216
267.82,22482722816
268.11,22487638016
268.39,22492143616
268.69,22496649216
268.98,22501564416
269.27,22506070016
269.56,22510166016
269.85,22514671616
270.15,22519177216
270.44,22523682816
270.74,22528188416
271.03,22531874816
271.33,22535970816
271.62,22540066816
271.91,22544572416
272.21,22548668416
272.51,22553583616
272.81,22557679616
273.10,22562185216
273.40,22566281216
273.69,22570786816
273.98,22574882816
274.28,22579388416
274.57,22583074816
274.86,22585122816
275.15,22589628416
275.45,22594134016
275.74,22598639616
276.03,22603145216
276.31,22607241216
276.60,22611337216
276.89,22615842816
277.18,22619529216
277.48,22623625216
277.77,22628130816
278.06,22632226816
278.35,22636322816
278.65,22640828416
278.94,22645334016
279.23,22649839616
279.52,22653935616
279.81,22658441216
280.10,22662946816
280.39,22667452416
280.69,22671548416
280.97,22675644416
281.26,22680150016
281.56,22685065216
281.85,22689570816
282.14,22694076416
282.44,22698172416
282.73,22702268416
283.02,22706774016
283.31,22711279616
283.61,22714966016
283.90,22719881216
284.19,22724386816
284.49,22728892416
284.78,22731350016
285.07,22736265216
285.36,22740361216
285.65,22744457216
285.95,22748553216
286.24,22753468416
286.53,22757564416
286.82,22762070016
287.11,22766166016
287.40,22770262016
287.69,22774358016
287.99,22778863616
288.27,22782550016
288.56,22786646016
288.86,22791151616
289.14,22795247616
289.44,22799343616
289.72,22803439616
290.01,22807535616
290.31,22811631616
290.60,22815727616
290.89,22820233216
291.18,22824329216
291.47,22828015616
291.75,22832521216
292.05,22836617216
292.34,22841122816
292.63,22845628416
292.92,22850134016
293.22,22854639616
293.51,22858326016
293.81,22862831616
294.10,22866518016
294.39,22871023616
294.67,22874710016
294.96,22875938816
295.25,22879625216
295.55,22883721216
295.84,22887817216
296.12,22891503616
296.41,22895599616
296.72,22899695616
297.01,22904201216
297.30,22908297216
297.58,22911983616
297.88,22916079616
298.17,22920175616
298.46,22924271616
298.75,22928367616
299.05,22932463616
299.34,22936559616
299.63,22940655616
299.92,22944751616
300.21,22948847616
300.50,22952943616
300.81,22957449216
301.11,22961135616
301.40,22965641216
301.69,22969737216
301.98,22973423616
302.27,22977519616
302.57,22981615616
302.86,22985711616
303.15,22956400640
303.44,22960906240
303.74,22965411840
304.03,22969507840
304.33,22973194240
304.61,22976880640
304.91,22978928640
305.20,22982615040
305.50,22986711040
305.78,22990807040
306.07,22994903040
306.37,22998589440
306.66,23002275840
306.95,23006371840
307.25,23010058240
307.54,23014154240
307.84,23017840640
308.13,23021936640
308.42,23025623040
308.71,23029309440
309.00,23033405440
309.29,23037091840
309.58,23041187840
309.88,23045283840
310.17,23049379840
310.47,23053066240
310.76,23057162240
311.06,23060848640
311.35,23064944640
311.64,23069040640
311.93,23073136640
312.23,23077232640
312.52,23081328640
312.81,23085015040
313.10,23089111040
313.39,23093207040
313.68,23096893440
313.97,23100579840
314.27,23105085440
314.56,23109181440
314.85,23111229440
315.14,23115735040
315.44,23119831040
315.73,23123517440
316.03,23127613440
316.32,23131709440
316.61,23135805440
316.91,23139901440
317.20,23143587840
317.49,23147683840
317.79,23151370240
318.08,23155056640
318.37,23159152640
318.66,23163248640
318.95,23166935040
319.24,23170621440
319.53,23174307840
319.82,23178403840
320.11,23182090240
320.39,23185776640
320.69,23189463040
320.98,23193149440
321.27,23197245440
321.56,23200931840
321.85,23204618240
322.13,23208304640
322.42,23211991040
322.72,23215267840
323.01,23218544640
323.30,23222231040
323.60,23225917440
323.88,23229603840
324.17,23233290240
324.46,23236976640
324.76,23240663040
325.05,23242711040
325.34,23246807040
325.63,23250493440
325.92,23254179840
326.22,23257866240
326.51,23261552640
326.81,23265239040
327.10,23268925440
327.40,23273021440
327.69,23276707840
327.98,23280394240
328.27,23283671040
328.56,23287357440
328.85,23291043840
329.14,23294730240
329.43,23298007040
329.72,23301693440
330.01,23305789440
330.30,23309475840
330.59,23313162240
330.88,23316439040
331.17,23320125440
331.47,23323402240
331.76,23327088640
332.06,23330775040
332.35,23334461440
332.64,23338147840
332.93,23341834240
333.22,23345111040
333.51,23349207040
333.80,23352893440
334.09,23356989440
334.38,23360266240
334.67,23363952640
334.96,23365181440
335.24,23368867840
335.53,23372554240
335.82,23376240640
336.11,23379927040
336.40,23384023040
336.69,23387709440
336.98,23391805440
337.27,23395491840
337.56,23399587840
337.85,23403274240
338.14,23407370240
338.43,23411466240
338.72,23415152640
339.01,23419248640
339.31,23423344640
339.60,23427031040
339.90,23430307840
340.18,23433994240
340.47,23437680640
340.76,23440957440
341.06,23444643840
341.35,23448330240
341.64,23452016640
341.94,23455293440
342.23,23458979840
342.52,23462666240
342.81,23465943040
343.10,23469219840
343.39,23472496640
343.68,23476183040
343.96,23479869440
344.26,23483965440
344.55,23487651840
344.83,23490519040
345.12,23494615040
345.41,23497891840
345.70,23501578240
346.00,23504855040
346.28,23508541440
346.57,23512227840
346.86,23515914240
347.15,23519600640
347.44,23523287040
347.73,23526563840
348.02,23530250240
348.31,23533527040
348.60,23537213440
348.89,23541309440
349.19,23544586240
349.48,23548272640
349.76,23551549440
350.06,23555645440
350.35,23558922240
350.64,23562608640
350.93,23566295040
351.23,23569571840
351.52,23573258240
351.81,23576535040
352.10,23580631040
352.40,23583907840
352.69,23587594240
352.99,23591280640
353.27,23594967040
353.56,23598653440
353.86,23602339840
354.15,23605616640
354.44,23609303040
354.74,23612579840
355.03,23613808640
355.32,23617085440
355.61,23620771840
355.90,23624458240
356.18,23627735040
356.48,23631011840
356.77,23635107840
357.06,23638384640
357.35,23641661440
357.64,23645347840
357.94,23649034240
358.23,23652311040
358.52,23655587840
358.81,23659274240
359.10,23662960640
359.39,23666647040
359.69,23670333440
359.98,23674019840
360.27,23677706240
360.56,23680983040
360.84,23684259840
361.14,23688355840
361.43,23692451840
361.73,23696138240
362.02,23699824640
362.31,23703101440
362.60,23706787840
362.90,23710064640
363.18,23713341440
363.48,23717027840
363.77,23720304640
364.06,23723581440
364.36,23726858240
364.65,23730954240
364.94,23733002240
365.25,23736688640
365.55,23739965440
365.84,23743651840
366.14,23747338240
366.43,23750615040
366.71,23753891840
367.00,23757578240
367.29,23760855040
367.58,23764131840
367.88,23766999040
368.17,23769866240
368.46,23773143040
368.75,23776419840
369.05,23779287040
369.34,23782563840
369.64,23785431040
369.93,23788707840
370.22,23791984640
370.52,23795671040
370.81,23799357440
371.11,23803043840
371.40,23805911040
371.70,23809597440
372.00,23813283840
372.28,23816970240
372.57,23820656640
372.87,23824343040
373.17,23827619840
373.46,23831715840
373.75,23834992640
374.05,23838679040
374.34,23841955840
374.64,23845232640
374.93,23846871040
375.21,23850147840
375.50,23853424640
375.79,23857520640
376.09,23860797440
376.38,23864483840
376.67,23867760640
376.97,23871447040
377.26,23874723840
377.56,23878410240
377.85,23881687040
378.14,23885373440
378.44,23888650240
378.74,23892336640
379.03,23895613440
379.32,23898890240
379.62,23902167040
379.91,23905853440
380.21,23908720640
380.50,23911997440
380.79,23915683840
381.08,23918551040
381.38,23921827840
381.67,23925514240
381.97,23928791040
382.26,23932477440
382.55,23935344640
382.84,23938621440
383.14,23941898240
383.43,23945175040
383.72,23948451840
384.02,23950909440
384.30,23950909440
384.59,23950909440
384.89,23948861440
385.18,23948861440
385.48,23948861440
385.77,23948861440
386.06,23948861440
386.35,23948861440
386.65,23948861440
386.93,23948861440
387.23,23948861440
387.52,23948861440
387.81,23948861440
388.10,23948861440
388.39,23948861440
388.69,23948861440
388.97,23948861440
389.27,47896223744
389.57,47892537344
389.86,47875743744
390.15,47854854144
390.44,47837650944
390.74,47823314944
391.03,47802015744
391.32,47780306944
391.61,47759417344
391.90,47738527744
392.19,47718457344
392.49,47700025344
392.79,47681183744
393.08,47660294144
393.37,47637766144
393.67,47615238144
393.96,47593529344
394.25,47572639744
394.54,47550930944
394.83,47527993344
395.13,47506694144
395.42,47487852544
395.71,47464914944
396.00,47442386944
396.30,47419858944
396.59,47397330944
396.88,47374802944
397.18,47352274944
397.47,47328927744
397.76,47305990144
398.05,47284281344
398.34,47260934144
398.64,47237996544
398.93,47216287744
399.21,47194578944
399.51,47172870144
399.80,47150751744
400.09,47129862144
400.38,47107743744
400.67,47086444544
400.96,47068422144
401.26,47046303744
401.55,47026642944
401.84,47013535744
402.13,47002066944
402.42,46981996544
402.71,46959468544
403.00,46938169344
403.30,46916870144
403.59,46895161344
403.88,46874271744
404.17,46853382144
404.46,46834130944
404.75,46812012544
405.05,46789484544
405.34,46767366144
405.63,46745657344
405.92,46724767744
406.21,46702649344
406.50,46680940544
406.80,46659231744
407.09,46637522944
407.38,46616223744
407.67,46593286144
407.97,46571577344
408.26,46549458944
408.55,46529388544
408.84,46508908544
409.13,46487609344
409.43,46465490944
409.72,46449106944
410.02,46428626944
410.31,46407327744
410.60,46386028544
410.90,46365958144
411.19,46346706944
411.49,46328684544
411.78,46308614144
412.07,46288543744
412.36,46268063744
412.65,46248402944
412.94,46228742144
413.23,46208262144
413.52,46189830144
413.81,46168121344
414.11,46151327744
414.40,46128799744
414.70,46106681344
414.99,46084562944
415.28,46062854144
415.57,46041554944
415.86,46020255744
416.15,45997727744
416.44,45976018944
416.73,45954719744
417.02,45934239744
417.31,45912121344
417.60,45890822144
417.89,45869522944
418.18,45847814144
418.48,45826514944
418.76,45804806144
419.05,45783916544
419.35,45764255744
419.64,45753196544
419.93,45748281344
420.23,45727391744
420.52,45706911744
420.81,45686022144
421.10,45663903744
421.39,45641785344
421.69,45620895744
421.98,45598777344
422.28,45577068544
422.57,45554950144
422.87,45533241344
423.16,45511942144
423.46,45491462144
423.75,45470982144
424.04,45448863744
424.33,45427974144
424.62,45407084544
424.90,45384146944
425.20,45363666944
425.49,45343596544
425.78,45321887744
426.07,45300178944
426.36,45280518144
426.65,45258399744
426.95,45236281344
427.24,45214162944
427.53,45193273344
427.82,45172793344
428.11,45151903744
428.41,45130604544
428.70,45109305344
428.99,45087186944
429.28,45065068544
429.58,45044178944
429.87,45023289344
430.16,45008543744
430.45,44987244544
430.75,44965535744
431.04,44943826944
431.33,44922118144
431.62,44900409344
431.92,44884025344
432.21,44862316544
432.51,44840198144
432.81,44818489344
433.10,44797190144
433.39,44775071744
433.68,44752543744
433.98,44731654144
434.27,44709945344
434.56,44695199744
434.86,44673490944
435.15,44656697344
435.44,44641951744
435.79,44621881344
436.09,44601401344
436.39,44580102144
436.68,44559622144
436.97,44538322944
437.27,44516614144
437.57,44496134144
437.86,44476063744
438.15,44453945344
438.45,44434694144
438.75,44422406144
439.04,44401516544
439.33,44378988544
439.63,44357689344
439.92,44336390144
440.21,44315090944
440.50,44293791744
440.80,44272082944
441.09,44251602944
441.38,44229484544
441.68,44209823744
441.97,44193439744
442.26,44170092544
442.56,44148793344
442.85,44126265344
443.14,44103327744
443.44,44084076544
443.73,44064006144
444.02,44047212544
444.31,44024274944
444.61,44001746944
444.90,43977990144
445.19,43957100544
445.48,43934982144
445.77,43919417344
446.06,43897298944
446.35,43875999744
446.64,43853062144
446.93,43829305344
447.23,43808006144
447.52,43784658944
447.82,43762950144
448.11,43750252544
448.40,43738374144
448.69,43717894144
448.98,43695366144
449.27,43672428544
449.57,43649900544
449.86,43628601344
450.14,43607711744
450.43,43585593344
450.73,43564703744
451.02,43542994944
451.30,43520466944
451.59,43498758144
451.88,43481145344
452.17,43461484544
452.46,43438956544
452.75,43416838144
453.05,43394310144
453.33,43374649344
453.62,43357446144
453.91,43334508544
454.21,43311980544
454.50,43289452544
454.79,43266514944
455.09,43243167744
455.38,43221049344
455.67,43205894144
455.97,43184594944
456.26,43163295744
456.55,43139948544
456.84,43121926144
457.13,43108409344
457.42,43087110144
457.71,43070726144
458.00,43050655744
458.29,43029766144
458.58,43007647744
458.87,42986348544
459.16,42963820544
459.45,42942521344
459.74,42920812544
460.04,42898694144
460.33,42877804544
460.62,42856914944
460.91,42835206144
461.20,42818412544
461.49,42797522944
461.79,42780729344
462.08,42758610944
462.37,42736492544
462.77,42717650944
463.07,42698809344
463.37,42679148544
463.66,42656620544
463.95,42634911744
464.25,42614431744
464.54,42593132544
464.83,42571014144
465.13,42545618944
465.42,42523090944
465.71,42502201344
476.72,42501791744
477.00,42481721344
477.29,42460831744
477.58,42439532544
477.88,42419462144
478.17,42398162944
478.46,42376863744
478.75,42356793344
479.04,42335084544
479.34,42314194944
479.63,42291257344
479.93,42270777344
480.22,42248249344
480.51,42227359744
480.80,42205650944
481.10,42184761344
481.39,42165919744
481.69,42144210944
481.98,42127417344
482.27,42106937344
482.56,42085638144
482.85,42065158144
483.13,42043858944
483.43,42021740544
483.71,42000850944
484.00,41984466944
484.30,41963577344
484.58,41942278144
484.87,41922207744
485.16,41900908544
485.46,41882886144
485.75,41861177344
486.04,41839468544
486.33,41818169344
486.62,41805471744
486.91,41787449344
487.21,41765330944
487.50,41744031744
487.79,41722322944
488.08,41700204544
488.38,41683410944
488.67,41662930944
488.96,41641222144
489.26,41618694144
489.55,41596985344
489.84,41575276544
490.14,41554386944
490.43,41533497344
490.72,41513426944
491.02,41492537344
491.31,41474514944
491.60,41451986944
491.89,41430278144
492.19,41408159744
492.48,41387270144
492.78,41368018944
493.07,41355730944
493.37,41338527744
493.66,41316818944
493.95,41295519744
494.24,41274630144
494.53,41253330944
494.82,41232031744
495.11,41212780544
495.40,41191890944
495.70,41170591744
495.99,41148063744
496.28,41126354944
496.57,41103007744
496.87,41083346944
497.15,41061228544
497.45,41040338944
497.74,41019039744
498.03,40998559744
498.31,40977260544
498.61,40955551744
498.91,40935481344
499.20,40913772544
499.50,40891244544
499.79,40869945344
500.08,40855609344
500.37,40835948544
500.66,40814649344
500.95,40793350144
501.24,40772050944
501.53,40751980544
501.82,40733138944
502.11,40711839744
502.40,40690950144
502.69,40669650944
502.99,40649580544
503.28,40629919744
503.57,40615993344
503.86,40606162944
504.15,40592646144
504.44,40575033344
504.73,40553734144
505.02,40534892544
505.31,40517279744
505.61,40497209344
505.90,40475910144
506.19,40459526144
506.49,40438636544
506.78,40417746944
507.07,40397266944
507.36,40375148544
507.66,40352620544
507.95,40332959744
508.25,40310841344
508.55,40289951744
508.84,40269471744
509.13,40246943744
509.43,40224825344
509.72,40203116544
510.01,40182636544
510.30,40161746944
510.59,40140038144
510.88,40118329344
511.18,40097439744
511.47,40084332544
511.76,40068358144
512.05,40046239744
512.35,40024940544
512.64,40002822144
512.93,39980703744
513.22,39958175744
513.51,39940972544
513.80,39919673344
514.09,39896735744
514.39,39878713344
514.69,39858233344
514.98,39841030144
515.27,39825055744
515.57,39804985344
515.87,39784095744
516.16,39762796544
516.46,39741087744
516.75,39720198144
517.04,39698489344
517.34,39680876544
517.63,39663263744
517.93,39640326144
518.22,39619026944
518.51,39598137344
518.81,39579295744
519.10,39560863744
519.40,39539154944
519.69,39518674944
519.98,39496556544
520.28,39475257344
520.57,39455596544
520.87,39435116544
521.16,39418322944
521.44,24820080640
521.74,24822538240
522.03,24824586240
522.33,24826634240
522.62,24829091840
522.91,24831549440
523.20,24834007040
523.49,24836055040
523.78,24838512640
524.07,24840560640
524.36,24843427840
524.65,24845475840
524.94,24847933440
525.24,24850391040
525.53,24852848640
525.83,24855306240
526.12,24857763840
526.40,24860221440
526.70,24861859840
526.99,24864317440
527.27,24866775040
527.56,24869232640
527.86,24871690240
528.15,24874557440
528.44,24877015040
528.74,24879472640
529.02,24881930240
529.31,24884387840
529.60,24887255040
529.89,24889303040
530.18,24891760640
530.49,24894218240
530.78,24896675840
531.07,24899133440
531.35,24901591040
531.64,24904048640
531.93,24906915840
532.22,24909373440
532.51,24911831040
532.80,24914288640
533.09,24916336640
533.38,24919203840
533.67,24921661440
533.95,24924119040
534.25,24926576640
534.54,24929443840
534.83,24931901440
535.12,24934359040
535.41,24937226240
535.70,24939683840
535.99,24942551040
536.28,24945008640
536.57,24946237440
536.86,24948285440
537.15,24950743040
537.45,24953200640
537.74,24955658240
538.03,24957706240
538.32,24959754240
538.61,24962211840
538.91,24965079040
539.20,24967127040
539.50,24969584640
539.78,24972042240
540.07,24974499840
540.36,24976957440
540.65,24979824640
540.94,24982282240
541.24,24984330240
541.53,24986787840
541.83,24989245440
542.12,24991293440
542.41,24994160640
542.70,24996618240
542.99,24999075840
543.28,25001533440
543.58,25003991040
543.88,25006039040
544.17,25008496640
544.47,25010954240
544.77,25013411840
545.06,25015869440
545.36,25018736640
545.65,25021194240
545.95,25023242240
546.24,25025699840
546.53,25026928640
546.82,25029386240
547.12,25031434240
547.41,25034301440
547.70,25036349440
547.99,25038807040
548.28,25041264640
548.57,25043312640
548.87,25045770240
549.16,25048227840
549.45,25050685440
549.74,25053143040
550.03,25055191040
550.32,25057648640
550.61,25060106240
550.90,25062563840
551.19,25064611840
551.48,25067069440
551.77,25069117440
552.07,25071575040
552.36,25074442240
552.65,25076490240
552.95,25078947840
553.25,25080995840
553.54,25083453440
553.83,25085911040
554.13,25087959040
554.42,25090416640
554.71,25092874240
555.00,25095331840
555.29,25097379840
555.59,25099837440
555.88,25102295040
556.17,25104752640
556.48,25105981440
556.77,25108439040
557.06,25110896640
557.36,25112944640
557.65,25115402240
557.95,25117859840
558.24,25120317440
558.53,25122775040
558.83,25124823040
559.12,25127280640
559.42,25129738240
559.71,25131786240
560.00,25133834240
560.29,25136291840
560.59,25138749440
560.88,25141207040
561.17,25143255040
561.46,25145303040
561.75,25147760640
562.05,25149808640
562.34,25152266240
562.63,25154723840
562.93,25156771840
563.22,25159229440
563.51,25161687040
563.80,25163735040
564.09,25165783040
564.38,25167831040
564.67,25169879040
564.96,25172336640
565.25,25174794240
565.54,25177251840
565.84,25179709440
566.13,25181757440
566.42,25184215040
566.72,25185034240
567.01,25187082240
567.30,25189539840
567.60,25191587840
567.89,25194045440
568.18,25196503040
568.47,25198551040
568.76,25200599040
569.06,25203056640
569.35,25205104640
569.63,25207562240
569.92,25210019840
570.22,25212477440
570.52,25214525440
570.81,25216983040
571.10,25219031040
571.39,25221079040
571.69,25223127040
571.98,25225584640
572.27,25228042240
572.56,25230090240
572.86,25232138240
573.15,25234595840
573.45,25236643840
573.73,25239101440
574.02,25241149440
574.31,25243607040
574.61,25245245440
574.90,25247703040
575.19,25249341440
575.48,25251389440
575.77,25253437440
576.07,25255485440
576.36,25257533440
576.65,25258762240
576.94,25260400640
577.23,25262448640
577.52,25264496640
577.82,25266135040
578.11,25268592640
578.40,25270640640
578.69,25272688640
578.98,25274736640
579.27,25277194240
579.56,25279242240
579.85,25281290240
580.14,25283338240
580.43,25285386240
580.72,25287843840
581.01,25289891840
581.31,25291939840
581.59,25293987840
581.88,25296445440
582.18,25298493440
582.48,25300541440
582.77,25302589440
583.06,25305047040
583.36,25307095040
583.64,25309552640
583.94,25311600640
584.23,25313648640
584.53,25316106240
584.82,25317744640
585.11,25319792640
585.40,25322250240
585.69,25324707840
585.98,25327165440
586.26,25328803840
586.56,25330032640
586.85,25331671040
587.14,25333719040
587.43,25335767040
587.99,25337815040
588.28,25339863040
588.58,25341501440
588.86,25343959040
589.15,25346007040
589.45,25348055040
589.74,25349693440
590.03,25351741440
590.33,25353789440
590.62,25356247040
590.92,25358295040
591.21,25360343040
591.50,25362391040
591.79,25364439040
592.08,25366487040
592.37,25368535040
592.67,25370583040
592.96,25372631040
593.25,25374679040
593.54,25376727040
593.83,25378775040
594.12,25380823040
594.41,25382871040
594.71,25384919040
595.00,25386557440
595.29,25388605440
595.59,25390653440
595.88,25392701440
596.18,25394749440
596.47,25395159040
596.76,25397616640
597.06,25399664640
597.35,25401303040
597.65,25403760640
597.94,25405399040
598.23,25407447040
598.52,25409495040
598.82,25411543040
599.11,25413591040
599.40,25415229440
599.70,25417687040
599.99,25419735040
600.28,25421373440
600.58,25423831040
600.87,25425879040
601.17,25427927040
601.46,25430384640
601.75,25432023040
602.04,25434071040
602.34,25436119040
602.64,25438167040
602.93,25439805440
603.23,25441853440
603.52,25443491840
603.81,25445539840
604.10,25447178240
604.39,25449635840
604.69,25451683840
604.98,25453322240
605.27,25455370240
605.56,25457418240
605.86,25459466240
606.15,25461104640
606.45,25463152640
606.74,25465200640
607.03,25466839040
607.32,25468887040
607.61,25470525440
607.90,25472163840
608.19,25473802240
608.48,25475850240
608.78,25477898240
609.06,25479946240
609.36,25481994240
609.65,25483632640
609.94,25485680640
610.23,25487319040
610.52,25489367040
610.81,25491005440
611.10,25493053440
611.39,25495101440
611.68,25497149440
611.97,25499197440
612.27,25500835840
612.57,25502883840
612.86,25504522240
613.15,25506570240
613.45,25508618240
613.74,25510666240
614.02,25512714240
614.32,25514762240
614.62,25516810240
614.91,25518858240
615.19,25520906240
615.47,25523363840
615.76,25525002240
616.05,25527050240
616.34,25529098240
616.64,25529917440
616.93,25531965440
617.22,25534013440
617.52,25535651840
617.81,25537290240
618.11,25539338240
618.40,25541386240
618.70,25543024640
618.99,25545072640
619.28,25547120640
619.57,25548759040
619.87,25550807040
620.17,25552855040
620.46,25554903040
620.75,25556951040
621.04,25558999040
621.34,25561047040
621.63,25563095040
621.92,25565143040
622.21,25567191040
622.50,25569239040
622.80,25570877440
623.09,25572925440
623.39,25574973440
623.68,25577021440
623.98,25579069440
624.27,25581527040
624.56,25583165440
624.86,25585213440
625.15,25587261440
625.44,25589309440
625.74,25591357440
626.03,25593405440
626.33,25595453440
626.62,25595863040
626.91,25597911040
627.21,25599549440
627.50,25601597440
627.80,25603645440
628.10,25605693440
628.39,25607741440
628.69,25609379840
628.98,25611837440
629.28,25613475840
629.57,25615523840
629.86,25617981440
630.16,25620029440
630.45,25621667840
630.74,25623715840
631.04,25625763840
631.34,25627811840
631.63,25629859840
631.93,25631907840
632.23,25633546240
632.51,25635184640
632.81,25637232640
633.10,25638871040
633.40,25640509440
633.69,25642557440
633.98,25644605440
634.28,25646243840
634.57,25648291840
634.87,25649930240
635.16,25651568640
635.45,25653207040
635.75,25655255040
636.04,25657303040
636.33,25659351040
636.63,25659351040
636.93,25661399040
637.22,25663037440
637.51,25665085440
637.81,25666723840
638.11,25668771840
638.40,25670819840
638.70,25672458240
638.99,25674096640
639.28,25676144640
639.58,25677783040
639.88,25679421440
640.18,25681469440
640.48,25683517440
640.77,25685155840
641.06,25686794240
641.36,25688842240
641.65,25690480640
641.96,25692119040
642.25,25694167040
642.54,25695805440
642.84,25697443840
643.13,25699491840
643.43,25701539840
643.72,25703178240
644.02,25704816640
644.31,25706864640
644.60,25708503040
644.89,25710551040
645.18,25712189440
645.48,25713827840
645.77,25715875840
646.07,25717514240
646.36,25719152640
646.66,25720791040
646.95,25722429440
647.24,25724067840
647.53,25725706240
647.82,25727754240
648.12,25729392640
648.40,25731031040
648.70,25733079040
649.00,25734717440
649.29,25736765440
649.58,25738813440
649.88,25740451840
650.17,25742499840
650.46,25744138240
650.75,25745776640
651.04,25747824640
651.34,25749463040
651.63,25751511040
651.92,25753149440
652.21,25755197440
652.49,25756835840
652.79,25758883840
653.08,25760931840
653.37,25762570240
653.66,25764618240
653.96,25766666240
654.24,25768304640
654.53,25769943040
654.83,25771991040
655.12,25773629440
655.41,25775677440
655.70,25777315840
655.99,25779363840
656.28,25781002240
656.57,25782231040
656.86,25783869440
657.15,25785917440
657.44,25787965440
657.73,25789603840
658.02,25791651840
658.31,25793290240
658.61,25794928640
658.89,25796976640
659.18,25798615040
659.48,25800663040
659.77,25802301440
660.07,25804349440
660.35,25805987840
660.64,25808035840
660.94,25810083840
661.24,25812131840
661.53,25813770240
661.82,25815818240
662.12,25817456640
662.41,25819095040
662.70,25821143040
662.99,25823191040
663.29,25824829440
663.58,25826467840
663.88,25828515840
664.17,25830154240
664.47,25831792640
664.75,25833431040
665.04,25835479040
665.34,25837117440
665.62,25838755840
665.91,25840394240
666.21,25842032640
666.50,25842851840
666.79,25844490240
667.08,25846128640
667.37,25848176640
667.66,25849815040
667.95,25851863040
668.25,25853501440
668.54,25855549440
668.83,25857187840
669.12,25858826240
669.42,25860464640
669.71,25862103040
670.00,25863741440
670.29,25865789440
670.58,25867427840
670.87,25869066240
671.16,25870704640
671.46,25872343040
671.74,25873981440
672.03,25875619840
672.32,25877258240
672.60,25879306240
672.90,25880944640
673.19,25882583040
673.48,25884631040
673.76,25886269440
674.06,25888317440
674.35,25889955840
674.65,25892003840
674.94,25893642240
675.23,25895690240
675.52,25896919040
675.81,25898557440
676.10,25900605440
676.39,25902243840
676.69,25902653440
676.98,25904291840
677.27,25906339840
677.56,25907978240
677.85,25909616640
678.14,25911255040
678.44,25912893440
678.73,25914941440
679.03,25916579840
679.32,25918218240
679.61,25919856640
679.91,25921085440
680.19,25922723840
680.48,25924362240
680.78,25926000640
681.08,25927639040
681.37,25929687040
681.66,25931325440
681.96,25932963840
682.25,25935011840
682.54,25936650240
682.83,25938288640
683.13,25939927040
683.42,25941565440
683.71,25943203840
684.01,25944842240
684.30,25946480640
684.59,25948119040
684.91,25949757440
685.20,25951395840
685.49,25953034240
685.79,25954672640
686.08,25956311040
686.38,25957949440
686.66,25958359040
686.96,25959997440
687.25,25961226240
687.55,25962864640
687.84,25964912640
688.14,25966551040
688.43,25968189440
688.73,25969827840
689.02,25971466240
689.31,25972695040
689.71,25974333440
690.00,25975971840
690.30,25977610240
690.59,25979248640
690.88,25980887040
691.17,25982525440
691.46,25983754240
691.75,25985392640
692.04,25987031040
692.34,25988259840
692.63,25989898240
692.92,25991946240
693.22,25993175040
693.51,25994813440
693.80,25996451840
694.09,25997680640
694.39,25999319040
694.67,26000957440
694.97,26002595840
695.26,26004234240
695.55,26005872640
695.84,26007511040
696.13,26008739840
696.42,26010378240
696.71,26011607040
697.00,26012835840
697.29,26014474240
697.59,26015703040
697.87,26017751040
698.16,26018979840
698.46,26020618240
698.75,26022256640
699.05,26023485440
699.34,26025123840
699.63,26026762240
699.93,26028400640
700.22,26030039040
700.51,26031677440
700.80,26032906240
701.09,26034544640
701.38,26036183040
701.68,26037821440
701.97,26039459840
702.27,26041098240
702.56,26042327040
702.86,26043965440
703.15,26045603840
703.44,26046832640
703.74,26048471040
704.03,26050109440
704.33,26051747840
704.62,26053386240
704.92,26055024640
705.21,26056253440
705.50,26057891840
705.79,26059530240
706.08,26061168640
706.38,26062397440
706.67,26063216640
706.97,26064855040
707.26,26066083840
707.55,26067312640
707.85,26068951040
708.13,26070589440
708.42,26071818240
708.71,26073456640
709.01,26075095040
709.30,26076733440
709.59,26078371840
709.89,26079600640
710.18,26081239040
710.47,26082877440
710.76,26084106240
711.06,26085335040
711.35,26086973440
711.64,26088611840
711.93,26089840640
712.23,26091479040
712.52,26092707840
712.82,26094346240
713.10,26095575040
713.40,26097213440
713.69,26098851840
713.98,26100080640
714.28,26101719040
714.57,26103357440
714.86,26104586240
715.16,26106224640
715.46,26107863040
715.75,26109501440
716.04,26110730240
716.33,26112368640
716.63,26112778240
716.92,26114416640
717.21,26115235840
717.50,26116874240
717.80,26118512640
718.09,26119741440
718.38,26121379840
718.67,26123018240
718.96,26124656640
719.25,26125885440
719.54,26127523840
719.83,26129162240
720.12,26130800640
720.41,26132439040
720.70,26134077440
720.99,26135306240
721.28,26136944640
721.57,26138173440
721.87,26139811840
722.16,26141040640
722.46,26142269440
722.75,26143907840
723.04,26145546240
723.34,26146775040
723.63,26148413440
723.92,26149642240
724.25,26150871040
724.55,26152509440
724.85,26154147840
725.14,26155376640
725.43,26157015040
725.72,26158653440
726.02,26159882240
726.31,26161111040
726.61,26161111040
726.90,26162749440
727.19,26164387840
727.48,26165616640
727.78,26167255040
728.07,26168483840
728.36,26169712640
728.67,26171351040
728.96,26172989440
729.25,26174218240
729.55,26175856640
729.85,26177495040
730.14,26178723840
730.44,26179952640
730.74,26180771840
731.03,26182410240
731.33,26184048640
731.62,26185687040
731.91,26186915840
732.20,26188554240
732.50,26189783040
732.80,26191421440
733.09,26192650240
733.39,26194288640
733.68,26195927040
733.97,26197565440
734.26,26198794240
734.56,26200023040
734.85,26201661440
735.15,26202890240
735.44,26204528640
735.74,26205757440
736.03,26206986240
736.32,26208624640
736.61,26209443840
736.91,26210672640
737.20,26212311040
737.49,26213539840
737.79,26214768640
738.08,26216407040
738.37,26217635840
738.67,26218864640
738.96,26220503040
739.25,26221731840
739.54,26222960640
739.83,26224599040
740.12,26225827840
740.41,26227466240
740.71,26228695040
741.00,26229923840
741.29,26231152640
741.59,26232791040
741.88,26234019840
742.17,26235248640
742.46,26236887040
742.75,26238115840
743.04,26239344640
743.33,26240983040
743.63,26242211840
743.92,26243850240
744.21,26245079040
744.50,26246717440
744.79,26247946240
745.08,26249584640
745.37,26250403840
745.66,26250403840
745.95,26250403840
746.25,26251223040
746.54,26251223040
746.83,26252451840
747.11,26253680640
747.40,26255319040
747.70,26256547840
747.99,26257776640
748.28,26259415040
748.58,26260643840
748.87,26261872640
749.16,26263511040
749.45,26264330240
749.74,26265968640
750.03,26266787840
750.31,26268426240
750.61,26270064640
750.90,26271293440
751.19,26272522240
751.48,26274160640
751.77,26275799040
752.07,26277027840
752.36,26278666240
752.65,26279895040
752.94,26281123840
753.23,26282762240
753.52,26283991040
753.82,26285219840
754.11,26286858240
754.40,26288087040
754.69,26289315840
754.99,26290954240
755.28,26292592640
755.58,26293821440
755.87,26294640640
756.17,26294640640
756.46,26294640640
756.75,26294231040
757.04,26295050240
757.34,26296279040
757.62,26297507840
757.91,26299146240
758.20,26300375040
758.50,26302013440
758.80,26303242240
759.09,26304880640
759.38,26306109440
759.68,26307338240
759.97,26308567040
760.26,26309795840
760.55,26311024640
760.84,26312663040
761.13,26313891840
761.42,26315120640
761.71,26316349440
762.00,26317987840
762.30,26319216640
762.58,26320445440
762.88,26322083840
763.17,26322903040
763.46,26324541440
763.76,26325770240
764.05,26326589440
764.35,26328227840
764.64,26329456640
764.93,26331095040
765.22,26332323840
765.52,26332323840
765.81,26332323840
766.10,26332323840
766.39,26332323840
766.68,26330685440
766.97,26330685440
767.27,26330685440
767.55,26331914240
767.85,26333143040
768.14,26334371840
768.44,26335600640
768.73,26337239040
769.02,26338467840
769.32,26340106240
769.61,26340925440
769.90,26342154240
770.20,26343792640
770.49,26344202240
770.77,26344202240
771.07,26344202240
771.36,26344202240
771.65,26344202240
771.94,26344202240
772.24,26344202240
772.52,26344202240
772.81,26345431040
773.11,26347069440
773.40,26348298240
773.69,26349936640
773.98,26351165440
774.27,26352394240
774.57,26354032640
774.86,26355261440
775.15,26356080640
775.44,26356899840
775.73,26356899840
776.02,26356899840
776.32,26356899840
776.61,26356899840
776.90,26356899840
777.19,26356899840
777.48,26356899840
777.77,26358128640
778.06,26359357440
778.35,26360586240
778.64,26361815040
778.93,26363043840
779.23,26364682240
779.52,26365911040
779.82,26367139840
780.12,26368368640
780.41,26369597440
780.70,26369597440
780.99,26369597440
781.28,26369597440
781.57,26369597440
781.86,26369597440
782.15,26369597440
782.45,26369597440
782.74,26370007040
783.03,26371645440
783.32,26372874240
783.62,26373693440
783.91,26374922240
784.20,26376560640
784.49,26377789440
784.78,26379018240
785.07,26380247040
785.36,26381475840
785.65,26381885440
785.94,26382295040
786.23,26382295040
786.52,26381475840
786.82,26381475840
787.11,26381475840
787.40,26381475840
787.70,26381475840
787.99,26381885440
788.28,26383114240
788.57,26384343040
788.87,26385571840
789.16,26387210240
789.46,26388439040
789.75,26389667840
790.04,26391306240
790.34,26392535040
790.62,26393763840
790.91,26393763840
791.21,26393763840
791.50,26393763840
791.79,26393763840
792.08,26393763840
792.37,26393763840
792.66,26393763840
792.95,26394173440
793.24,26395402240
793.54,26396631040
793.83,26397859840
794.12,26399498240
794.41,26400727040
794.71,26401955840
795.00,26403184640
795.29,26404413440
795.58,26406051840
795.87,26406051840
796.16,26406051840
796.45,26406051840
796.74,26405642240
797.04,26405642240
797.33,26405642240
797.62,26405642240
797.91,26406051840
798.20,26407280640
798.49,26408919040
798.79,26410557440
799.08,26411786240
799.37,26413015040
799.66,26414243840
799.95,26415472640
800.24,26416701440
800.53,26417930240
800.82,26417930240
801.11,26417930240
801.40,26417930240
801.69,26417930240
801.98,26417930240
802.27,26417930240
802.57,26417930240
802.86,26418749440
803.15,26419978240
803.45,26421207040
803.74,26422845440
804.03,26424074240
804.32,26424893440
804.61,26426531840
804.90,26427760640
805.20,26428989440
805.49,26429808640
805.78,26429808640
806.08,26429808640
806.37,26429808640
806.66,26428989440
806.95,26428989440
807.24,26428989440
807.54,26428989440
807.83,26430218240
808.12,26431447040
808.41,26432266240
808.71,26433904640
809.00,26435133440
809.30,26436362240
809.60,26437591040
809.89,26439229440
810.18,26440458240
810.48,26440867840
810.76,26440867840
811.06,26440867840
811.36,26440867840
811.66,26440867840
811.95,26440867840
812.25,26440867840
812.54,26441277440
812.83,26442506240
813.13,26442915840
813.43,26444554240
813.72,26445373440
814.01,26446602240
814.30,26448240640
814.60,26449469440
814.90,26450698240
815.20,26451927040
815.49,26453155840
815.78,26453155840
816.07,26453155840
816.37,26453155840
816.66,26453155840
816.96,26453155840
817.26,26453155840
817.55,26453155840
817.84,26453565440
818.13,26454794240
818.42,26456023040
818.71,26456842240
819.00,26458480640
819.30,26459709440
819.59,26460938240
819.88,26462167040
820.18,26463395840
820.47,26464215040
820.76,26464215040
821.06,26464215040
821.35,26464215040
821.64,26464215040
821.93,26464215040
822.23,26464215040
822.52,26464215040
822.82,26465443840
823.11,26466263040
823.40,26467901440
823.69,26469130240
823.99,26469949440
824.27,26471178240
824.57,26472407040
824.85,26473226240
825.14,26474455040
825.44,26475683840
825.73,26475683840
826.02,26475683840
826.31,26475683840
826.61,26475274240
826.90,26475274240
827.19,26475274240
827.49,26475274240
827.78,26475683840
828.08,26476912640
828.37,26478141440
828.66,26479779840
828.95,26481008640
829.24,26482237440
829.53,26483466240
829.82,26484695040
830.11,26485923840
830.40,26486743040
830.69,26486743040
830.98,26486743040
831.28,26486743040
831.57,26486743040
831.86,26486743040
832.15,26486743040
832.45,26486743040
832.74,26487562240
833.04,26488791040
833.33,26490019840
833.62,26491248640
833.91,26492067840
834.21,26493296640
834.51,26494525440
834.80,26495754240
835.09,26496983040
835.38,26498211840
835.68,26498211840
835.97,26498211840
836.26,26498211840
836.55,26497392640
836.85,26497392640
837.14,26497392640
837.44,26497392640
837.73,26497802240
838.02,26499031040
838.32,26500259840
838.60,26501488640
838.89,26502717440
839.19,26503946240
839.48,26504765440
839.77,26505994240
840.07,26507223040
840.36,26508451840
840.65,26508861440
840.94,26508861440
841.23,26508861440
841.52,26508861440
841.81,26508861440
842.10,26508861440
842.39,26508861440
842.68,26508861440
842.97,26510090240
843.26,26510909440
843.55,26512547840
843.84,26513367040
844.13,26514595840
844.42,26515824640
844.72,26517053440
845.01,26518282240
845.30,26519511040
845.60,26519920640
845.89,26519920640
846.19,26519920640
846.48,26519920640
846.77,26519511040
847.07,26519511040
847.36,26519511040
847.65,26519511040
847.94,26520739840
848.23,26521968640
848.52,26523197440
848.82,26524426240
849.11,26525655040
849.40,26526883840
849.70,26527703040
849.99,26528931840
850.28,26530570240
850.58,26530979840
850.87,26530979840
851.16,26530979840
851.45,26530979840
851.74,26530979840
852.04,26530979840
852.33,26530979840
852.62,26530979840
852.91,26532208640
853.19,26533437440
853.49,26534666240
853.78,26535485440
854.08,26536714240
854.36,26538352640
854.65,26539581440
854.94,26540810240
855.24,26542039040
855.53,26542448640
855.82,26542448640
856.11,26542448640
856.39,26542448640
856.68,26542448640
856.98,26542448640
857.27,26542448640
857.57,26542448640
857.85,26543677440
858.14,26544906240
858.43,26546135040
858.72,26547363840
859.02,26548592640
859.30,26549821440
859.60,26550640640
859.89,26551869440
860.18,26553098240
860.47,26553507840
860.77,26553507840
861.06,26553507840
861.35,26553507840
861.64,26553507840
861.93,26553507840
862.23,26553507840
862.52,26553507840
862.82,26554736640
863.11,26555965440
863.40,26557194240
863.69,26558423040
863.99,26559651840
864.28,26560471040
864.59,26561699840
864.88,26562519040
865.18,26563338240
865.47,26564157440
865.77,26564157440
866.06,26564157440
866.35,26564157440
866.64,26562928640
866.94,26562928640
867.23,26562928640
867.52,26562928640
867.81,26563747840
868.15,26564976640
868.45,26566205440
868.74,26567434240
869.03,26568253440
869.33,26569482240
869.62,26570711040
869.92,26571530240
870.21,26572759040
870.50,26573578240
870.79,26573578240
871.09,26573578240
871.38,26573578240
871.67,26573578240
871.97,26573578240
872.26,26573578240
872.55,26573578240
872.85,26574397440
873.13,26575626240
873.42,26576855040
873.72,26577674240
874.01,26579312640
874.30,26580131840
874.60,26581360640
874.89,26582589440
875.18,26583818240
875.47,26583818240
875.76,26583818240
876.06,26583818240
876.35,26583818240
876.65,26583818240
876.94,26583818240
877.23,26583818240
877.52,26584227840
877.81,26585047040
878.11,26586275840
878.40,26587095040
878.69,26588323840
878.98,26589552640
879.28,26590371840
879.57,26591191040
879.87,26592419840
880.16,26593648640
880.44,26594058240
880.72,26594058240
881.01,26594058240
881.30,26594058240
881.59,26594058240
881.89,26594058240
882.18,26594058240
882.47,26594058240
882.75,26594877440
883.05,26596106240
883.34,26597335040
883.63,26598563840
883.92,26599383040
884.24,26600611840
884.53,26601840640
884.82,26602659840
885.12,26603888640
885.41,26605117440
885.70,26605117440
886.00,26605117440
886.29,26605117440
886.58,26604707840
886.87,26604707840
887.17,26604707840
887.47,26604707840
887.76,26605117440
888.05,26606346240
888.34,26607165440
888.63,26608394240
888.93,26609213440
889.22,26610442240
889.53,26611261440
889.83,26612490240
890.12,26613719040
890.41,26614538240
890.71,26614947840
891.01,26614947840
891.30,26614947840
891.60,26614947840
891.89,26614947840
892.18,26614947840
892.47,26614947840
892.76,26614947840
893.05,26616176640
893.34,26617405440
893.64,26618634240
893.93,26619453440
894.23,26620682240
894.52,26621911040
894.81,26623139840
895.10,26623959040
895.40,26625187840
895.68,26625597440
895.98,26625597440
896.27,26625597440
896.55,26624778240
896.84,26624778240
897.13,26624778240
897.42,26624778240
897.71,26624778240
898.00,26625597440
898.30,26626826240
898.59,26628055040
898.88,26629283840
899.17,26630103040
899.47,26631741440
899.76,26632970240
900.04,26633789440
900.33,26635018240
900.63,26635427840
900.92,26635427840
901.22,26635427840
901.51,26635427840
901.80,26635427840
902.10,26635427840
902.39,26635427840
902.68,26635427840
902.96,26636656640
903.26,26637885440
903.56,26638704640
903.85,26639933440
904.14,26640752640
904.43,26641981440
904.72,26642800640
905.01,26644029440
905.30,26644848640
905.59,26645667840
905.89,26645667840
906.18,26645667840
906.47,26645667840
906.76,26645667840
907.05,26645667840
907.34,26645667840
907.63,26645667840
907.93,26646487040
908.22,26647306240
908.51,26648535040
908.80,26649354240
909.09,26650173440
909.38,26651402240
909.67,26652631040
909.96,26653450240
910.25,26654679040
910.54,26655088640
910.83,26655088640
911.12,26655088640
911.42,26655088640
911.71,26655088640
912.00,26655088640
912.29,26655088640
912.58,26655088640
912.87,26656317440
913.16,26657136640
913.46,26658365440
913.75,26659594240
914.05,26660413440
914.34,26661642240
914.63,26662461440
914.93,26663690240
915.22,26664919040
915.51,26665738240
915.81,26665738240
916.09,26665738240
916.39,26665738240
916.68,26665328640
916.97,26665328640
917.27,26665328640
917.56,26665328640
917.85,26666147840
918.14,26666967040
918.43,26668195840
918.73,26669015040
919.02,26670243840
919.32,26671472640
919.62,26672701440
919.91,26673930240
920.20,26675159040
920.50,26675568640
920.79,26675568640
921.09,26675568640
921.39,26675568640
921.68,26675568640
921.97,26675568640
922.26,26675568640
922.56,26675568640
922.85,26676387840
923.14,26677616640
923.43,26678435840
923.72,26679664640
924.02,26680893440
924.31,26681712640
924.60,26682941440
924.89,26683760640
925.19,26684579840
925.48,26685399040
925.77,26685399040
926.07,26685399040
926.36,26685399040
926.65,26684989440
926.94,26684989440
927.23,26684989440
927.52,26684989440
927.81,26685808640
928.10,26686627840
928.39,26687856640
928.68,26689085440
928.98,26689904640
929.27,26691133440
929.56,26691952640
929.85,26693181440
930.15,26694000640
930.44,26694410240
930.74,26694410240
931.03,26694410240
931.32,26694410240
931.61,26694410240
931.91,26694410240
932.20,26694410240
932.49,26694410240
932.79,26695639040
933.09,26696458240
933.38,26697687040
933.67,26698506240
933.97,26699325440
934.26,26700554240
934.56,26701373440
934.85,26702602240
935.14,26703831040
935.43,26704240640
935.72,26704240640
936.02,26704240640
936.31,26704240640
936.60,26703831040
936.89,26703831040
937.19,26703831040
937.48,26703831040
937.77,26704650240
938.06,26705469440
938.35,26706288640
938.64,26707517440
938.93,26708746240
939.23,26709565440
939.52,26710794240
939.81,26711613440
940.10,26712432640
940.39,26713661440
940.68,26713661440
940.97,26713661440
941.27,26713661440
941.56,26713661440
941.85,26713661440
942.15,26713661440
942.44,26713661440
942.73,26714071040
943.02,26714890240
943.31,26715709440
943.60,26716528640
943.89,26717757440
944.18,26718986240
944.48,26719805440
944.77,26720624640
945.06,26721853440
945.36,26723082240
945.65,26723491840
945.94,26723491840
946.24,26723491840
946.53,26723082240
946.83,26723082240
947.12,26723082240
947.41,26723082240
947.71,26723082240
948.00,26723901440
948.29,26725130240
948.59,26725949440
948.88,26726768640
949.17,26727587840
949.46,26728816640
949.76,26729226240
950.05,26730455040
950.35,26731274240
950.64,26731683840
950.93,26731683840
951.22,26731683840
951.51,26731683840
951.81,26731683840
952.10,26731683840
952.39,26731683840
952.68,26731683840
952.97,26732503040
953.26,26733731840
953.55,26734551040
953.84,26735370240
954.14,26736599040
954.43,26737418240
954.73,26738647040
955.02,26739466240
955.32,26740695040
955.61,26741104640
955.90,26741104640
956.20,26741104640
956.49,26741104640
956.78,26740285440
957.07,26740285440
957.36,26740285440
957.65,26740285440
957.95,26741514240
958.24,26742333440
958.52,26743152640
958.81,26744381440
959.10,26745200640
959.39,26746429440
959.69,26747248640
959.98,26748477440
960.27,26749296640
960.56,26749706240
960.85,26749706240
961.14,26749706240
961.42,26749706240
961.72,26749706240
962.01,26749706240
962.30,26749706240
962.59,26749706240
962.88,26750525440
963.17,26751754240
963.47,26752983040
963.77,26753802240
964.07,26754621440
964.35,26755850240
964.64,26756669440
964.93,26757488640
965.23,26758307840
965.52,26758307840
965.82,26758307840
966.11,26758307840
966.40,26758307840
966.69,26758307840
966.98,26758307840
967.27,26758307840
967.57,26758717440
967.85,26759946240
968.15,26760765440
968.44,26761584640
968.73,26762403840
969.02,26763632640
969.32,26764451840
969.61,26765271040
969.90,26766090240
970.19,26766909440
970.49,26766909440
970.78,26766909440
971.07,26766909440
971.36,26766909440
971.66,26766909440
971.95,26766909440
972.24,26766909440
972.54,26767319040
972.83,26768547840
973.12,26769367040
973.41,26770595840
973.71,26771415040
974.00,26772234240
974.29,26773463040
974.59,26774282240
974.87,26775511040
975.17,26775920640
975.46,26775920640
975.75,26775920640
976.04,26775920640
976.33,26775920640
976.62,26775511040
976.91,26775511040
977.20,26775511040
977.49,26776330240
977.78,26777149440
978.07,26777968640
978.36,26779197440
978.65,26779607040
978.95,26780835840
979.23,26781655040
979.52,26782883840
979.83,26783703040
980.12,26784522240
980.42,26784522240
980.71,26784522240
981.00,26784522240
981.33,26784522240
981.63,26784522240
981.91,26784522240
982.21,26784522240
982.50,26785341440
982.80,26786160640
983.12,26786979840
983.42,26787799040
983.72,26789027840
984.01,26789847040
984.30,26790666240
984.59,26791895040
984.87,26792714240
985.16,26793533440
985.46,26793533440
985.75,26793533440
986.04,26793533440
986.33,26793533440
986.63,26793123840
986.92,26793123840
987.22,26793123840
987.51,26793943040
987.80,26794762240
988.09,26795581440
988.38,26796810240
988.66,26797629440
988.96,26798448640
989.24,26799677440
989.53,26800496640
989.82,26801315840
990.10,26802135040
990.40,26802135040
990.69,26802135040
990.98,26802135040
991.26,26802135040
991.55,26802135040
991.84,26802135040
992.14,26802135040
992.43,26802544640
992.72,26803773440
993.01,26804592640
993.30,26805821440
993.59,26806640640
993.88,26807459840
994.17,26808279040
994.46,26809507840
994.75,26810327040
995.03,26811146240
995.32,26811146240
995.61,26811146240
995.91,26811146240
996.20,26811146240
996.50,26811146240
996.78,26811146240
997.07,26811146240
997.36,26811555840
997.65,26812375040
997.95,26813194240
998.24,26814013440
998.53,26815242240
998.82,26816061440
999.11,26816880640
999.40,26817699840
999.69,26818928640
999.98,26819747840
1000.27,26819747840
1000.57,26819747840
1000.86,26819747840
1001.15,26819747840
1001.44,26819747840
1001.73,26819747840
1002.02,26819747840
1002.32,26820157440
1002.61,26821386240
1002.90,26822205440
1003.19,26823024640
1003.48,26824253440
1003.77,26825072640
1004.06,26825891840
1004.35,26826711040
1004.64,26827939840
1004.93,26828349440
1005.22,26828349440
1005.52,26828349440
1005.80,26828349440
1006.10,26828349440
1006.40,26828349440
1006.69,26827939840
1006.98,26827939840
1007.27,26828759040
1007.56,26829578240
1007.85,26830397440
1008.14,26831216640
1008.43,26831626240
1008.72,26832855040
1009.01,26833674240
1009.31,26834493440
1009.60,26835722240
1009.88,26836131840
1010.18,26836131840
1010.46,26836131840
1010.76,26836131840
1011.05,26836131840
1011.35,26836131840
1011.64,26836131840
1011.93,26836131840
1012.23,26836951040
1012.52,26837770240
1012.81,26838179840
1013.11,26839408640
1013.40,26840227840
1013.70,26841047040
1013.99,26841866240
1014.29,26842685440
1014.58,26843504640
1014.88,26843914240
1015.17,26843914240
1015.46,26843914240
1015.75,26843914240
1016.04,26843914240
1016.34,26843914240
1016.62,26843504640
1016.91,26843504640
1017.20,26844323840
1017.50,26845552640
1017.79,26846371840
1018.08,26847191040
1018.37,26848010240
1018.66,26848829440
1018.95,26849648640
1019.24,26850467840
1019.53,26851696640
1019.83,26851696640
1020.12,26851696640
1020.41,26851696640
1020.70,26851696640
1020.99,26851696640
1021.29,26851696640
1021.58,26851696640
1021.87,26851696640
1022.16,26852925440
1022.46,26853744640
1022.75,26854563840
1023.04,26854973440
1023.33,26856202240
1023.62,26857021440
1023.92,26857840640
1024.21,26858659840
1024.51,26859888640
1024.79,26859888640
1025.08,26859888640
1025.37,26859888640
1025.67,26859888640
1025.96,26859888640
1026.25,26859888640
1026.54,26859069440
1026.84,26859479040
1027.13,26859888640
1027.42,26861117440
1027.72,26861936640
1028.01,26863165440
1028.31,26863984640
1028.60,26864803840
1028.88,26865623040
1029.17,26866442240
1029.47,26867261440
1029.76,26867261440
1030.06,26867261440
1030.35,26867261440
1030.64,26867261440
1030.93,26867261440
1031.22,26867261440
1031.51,26867261440
1031.81,26867671040
1032.10,26868490240
1032.39,26869309440
1032.69,26870538240
1032.98,26870947840
1033.27,26872176640
1033.57,26872995840
1033.87,26873815040
1034.15,26874634240
1034.45,26875453440
1034.74,26875453440
1035.03,26875453440
1035.32,26875453440
1035.61,26875453440
1035.90,26875453440
1036.20,26875453440
1036.49,26875453440
1036.78,26876272640
1037.07,26876682240
1037.36,26877501440
1037.65,26878730240
1037.94,26879549440
1038.23,26880368640
1038.53,26881187840
1038.82,26882007040
1039.11,26882826240
1039.40,26883235840
1039.69,26883235840
1039.98,26883235840
1040.28,26883235840
1040.57,26883235840
1040.86,26883235840
1041.15,26883235840
1041.44,26883235840
1041.73,26884055040
1042.02,26884874240
1042.31,26885693440
1042.60,26886512640
1042.89,26887741440
1043.19,26888560640
1043.48,26889379840
1043.78,26890608640
1044.07,26891427840
1044.37,26891837440
1044.66,26891837440
1044.95,26891837440
1045.24,26891837440
1045.53,26891837440
1045.82,26891837440
1046.11,26891837440
1046.41,26891837440
1046.69,26891837440
1046.99,26892656640
1047.28,26893475840
1047.58,26894704640
1047.88,26895523840
1048.18,26896343040
1048.47,26897162240
1048.76,26897981440
1049.05,26898800640
1049.34,26899210240
1049.64,26899210240
1049.93,26899210240
1050.22,26899210240
1050.51,26899210240
1050.80,26899210240
1051.10,26899210240
1051.39,26899210240
1051.68,26900439040
1051.98,26901258240
1052.27,26902077440
1052.57,26902896640
1052.86,26903715840
1053.15,26904944640
1053.45,26905763840
1053.74,26906583040
1054.04,26907402240
1054.32,26907402240
1054.62,26907402240
1054.91,26907402240
1055.20,26907402240
1055.49,26907402240
1055.79,26907402240
1056.08,26907402240
1056.37,26907811840
1056.66,26908221440
1056.95,26909040640
1057.25,26910269440
1057.54,26911088640
1057.83,26911907840
1058.12,26912727040
1058.42,26913546240
1058.72,26914775040
1059.01,26914775040
1059.31,26914775040
1059.59,26914775040
1059.89,26914775040
1060.18,26914775040
1060.49,26914775040
1060.79,26914775040
1061.07,26915184640
1061.37,26916003840
1061.66,26916823040
1061.95,26917642240
1062.24,26918461440
1062.53,26919280640
1062.83,26920099840
1063.11,26920919040
1063.41,26921738240
1063.70,26922557440
1064.00,26922557440
1064.29,26922557440
1064.58,26922557440
1064.87,26922557440
1065.16,26922557440
1065.45,26922557440
1065.74,26922557440
1066.04,26922967040
1066.33,26923786240
1066.61,26924195840
1066.91,26925015040
1067.19,26925834240
1067.48,26927063040
1067.77,26927882240
1068.05,26928291840
1068.35,26929111040
1068.64,26929930240
1068.93,26929930240
1069.23,26929930240
1069.52,26929930240
1069.81,26929930240
1070.11,26929930240
1070.39,26929930240
1070.68,26929930240
1070.97,26930749440
1071.27,26931159040
1071.58,26931978240
1071.87,26932797440
1072.16,26933616640
1072.46,26934845440
1072.75,26935255040
1073.04,26936074240
1073.33,26936893440
1073.63,26937303040
1073.92,26937303040
1074.21,26937303040
1074.50,26937303040
1074.80,26937303040
1075.08,26937303040
1075.38,26937303040
1075.67,26937303040
1075.96,26938122240
1076.25,26938531840
1076.54,26938941440
1076.84,26939760640
1077.13,26940579840
1077.42,26941399040
1077.71,26942218240
1078.00,26943037440
1078.30,26943856640
1078.59,26944675840
1078.89,26944675840
1079.18,26944675840
1079.48,26944675840
1079.77,26944675840
1080.07,26944675840
1080.36,26944675840
1080.64,26944675840
1080.94,26944675840
1081.24,26945495040
1081.53,26946314240
1081.82,26947133440
1082.11,26947133440
1082.40,26947133440
1082.69,26947133440
1082.99,26947133440
1083.27,26947133440
1083.57,26947133440
1083.86,26947133440
1084.15,26947133440
1084.45,26947133440
1084.74,26947133440
1085.03,26947133440
1085.32,26947133440
1085.61,26947133440
1085.90,26947133440
1086.19,26947133440
1086.49,53893337088
1086.78,53893746688
1087.07,53881868288
1087.36,53858930688
1087.65,53850738688
1087.94,53850738688
1088.23,53850738688
1088.53,53850738688
1088.82,53850738688
1089.11,53850738688
1089.40,53850738688
1089.69,53850738688
1089.98,53832716288
1090.28,53809369088
1090.57,53786021888
1090.86,53773324288
1091.15,53773324288
1091.44,53773324288
1091.74,53773324288
1092.03,53773324288
1092.33,53773324288
1092.62,53773324288
1092.91,53773324288
1093.20,53763903488
1093.49,53741375488
1093.79,53721305088
1094.08,53711065088
1094.37,53711065088
1094.66,53711065088
1094.96,53711065088
1095.25,53711065088
1095.54,53711065088
1095.83,53711065088
1096.12,53710655488
1096.41,53690585088
1096.70,53667647488
1096.99,53646348288
1097.28,53646348288
1097.56,53646348288
1097.85,53646348288
1098.14,53646348288
1098.43,53646348288
1098.72,53646348288
1099.01,53646348288
1099.30,53646348288
1099.59,53630373888
1099.88,53608255488
1100.17,53589413888
1100.46,53566476288
1100.75,53544357888
1101.05,53521829888
1101.34,53498482688
1101.63,53475135488
1101.92,53451788288
1102.22,53428031488
1102.51,53404274688
1102.81,53382156288
1103.10,53363314688
1103.40,53340786688
1103.68,53317029888
1103.98,53293682688
1104.27,53270745088
1104.56,53249036288
1104.85,53228965888
1105.14,53207666688
1105.44,53183500288
1105.73,53160972288
1106.02,53140082688
1106.31,53118373888
1106.61,53102809088
1106.90,53082329088
1107.19,53061849088
1107.49,53038501888
1107.78,53014745088
1108.08,52992217088
1108.37,52969689088
1108.66,52947161088
1108.95,52923813888
1109.25,52900057088
1109.54,52883673088
1109.84,52861964288
1110.13,52838207488
1110.42,52823871488
1110.72,52801753088
1111.01,52778405888
1111.31,52755468288
1111.60,52732121088
1111.90,52707545088
1112.19,52682969088
1112.48,52660031488
1112.78,52636274688
1113.07,52616613888
1113.37,52594085888
1113.66,52572786688
1113.94,52557221888
1114.24,52535922688
1114.53,52512575488
1114.82,52494553088
1115.11,52471205888
1115.40,52447449088
1115.70,52424101888
1115.99,52401573888
1116.28,52377817088
1116.57,52353241088
1116.86,52329484288
1117.16,52312281088
1117.45,52289753088
1117.75,52269273088
1118.04,52250841088
1118.33,52231589888
1118.63,52212338688
1118.92,52193087488
1119.20,52172607488
1119.50,52154585088
1119.80,52132057088
1120.09,52110348288
1120.38,52089458688
1120.67,52067749888
1120.96,52046450688
1121.25,52025561088
1121.54,52005081088
1121.84,51984601088
1122.13,51962482688
1122.42,51941183488
1122.72,51919474688
1123.01,51897765888
1123.31,51876466688
1123.60,51856805888
1123.89,51840012288
1124.18,51818713088
1124.48,51797413888
1124.77,51774885888
1125.06,51751538688
1125.34,51728191488
1125.64,51704844288
1125.93,51681906688
1126.22,51659788288
1126.51,51637260288
1126.80,51615141888
1127.09,51592613888
1127.38,51569676288
1127.67,51547148288
1127.96,51522981888
1128.25,51499225088
1128.55,51475468288
1128.84,51450482688
1129.14,51427135488
1129.44,51402969088
1129.73,51379212288
1130.03,51356274688
1130.32,51338252288
1130.61,51316543488
1130.90,51294834688
1131.19,51273945088
1131.48,51252236288
1131.78,51231756288
1132.07,51211685888
1132.36,51191615488
1132.65,51170316288
1132.94,51147788288
1133.24,51128537088
1133.53,51106418688
1133.82,51083890688
1134.11,51062591488
1134.40,51040882688
1134.69,51016716288
1134.98,50995007488
1135.28,50974937088
1135.57,50957324288
1135.86,50933977088
1136.15,50910220288
1136.44,50885644288
1136.74,50860658688
1137.03,50837311488
1137.33,50837311488
1137.62,50837311488
1137.91,50837311488
1138.20,50837311488
1138.49,50837311488
1138.79,50837311488
1139.08,50837311488
1139.37,50837311488
1139.67,50836082688
1139.96,50816831488
1140.24,50792255488
1140.54,50786111488
1140.83,50786111488
1141.13,50786111488
1141.42,50786111488
1141.71,50786111488
1142.01,50786111488
1142.30,50786111488
1142.59,50786111488
1142.88,50763583488
1143.18,50740236288
1143.47,50730815488
1143.77,50730815488
1144.06,50730815488
1144.36,50730815488
1144.65,50730815488
1144.94,50730815488
1145.23,50730815488
1145.52,50730815488
1145.82,50729996288
1146.11,50730815488
1146.40,50711564288
1146.69,50687397888
1146.99,50680434688
1147.28,50680434688
1147.57,50680434688
1147.86,50680434688
1148.16,50680434688
1148.45,50680434688
1148.74,50680434688
1149.03,50680434688
1149.33,50680434688
1149.62,50666098688
1149.91,50641522688
1150.20,50618585088
1150.50,50595237888
1150.79,50572300288
1151.08,50551820288
1151.36,50551820288
1151.66,50551820288
1151.95,50551820288
1152.24,50551820288
1152.54,50551820288
1152.83,50551820288
1153.12,50551820288
1153.42,50551820288
1153.71,50551820288
1154.00,50551820288
1154.30,50551820288
1154.59,50551820288
1154.89,50551820288
1155.18,50551820288
1155.47,50551820288
1155.77,50551820288
1156.06,50551820288
1156.34,50545676288
1156.63,50522738688
1156.92,50500620288
1157.21,50500620288
1157.50,50500620288
1157.79,50500620288
1158.08,50500620288
1158.37,50500620288
1158.66,50500620288
1158.95,50500620288
1159.24,50493247488
1159.53,50470719488
1159.82,50447781888
1160.11,50443685888
1160.40,50443685888
1160.69,50443685888
1160.99,50443685888
1161.28,50443685888
1161.57,50443685888
1161.85,50443685888
1162.14,50443685888
1162.43,50434265088
1162.72,50416652288
1163.02,50416652288
1163.31,50416652288
1163.60,50416652288
1163.89,50416652288
1164.19,50416652288
1164.48,50416652288
1164.77,50416652288
1165.06,50416652288
1165.35,50416652288
1165.63,50409279488
1165.92,50387570688
1166.22,50363813888
1166.51,50351525888
1166.81,50351091712
1167.11,50351091712
1167.40,50351091712
1167.69,50351091712
1167.98,50351091712
1168.27,50351091712
1168.56,50351091712
1168.85,50351091712
1169.14,50340032512
1169.43,50319552512
1169.72,50298253312
1170.01,50275315712
1170.31,50252378112
1170.60,50230259712
1170.89,50224934912
1171.19,50224934912
1171.48,50224934912
1171.78,50224934912
1172.07,50224934912
1172.36,50224934912
1172.65,50224934912
1172.93,50224934912
1173.23,50224934912
1173.52,50221248512
1173.81,50221248512
1174.10,50221248512
1174.40,50221248512
1174.68,50221248512
1174.98,50221248512
1175.28,50221248512
1175.56,50209370112
1175.85,50188070912
1176.14,50172506112
1176.44,50172506112
1176.74,50172035072
1177.02,50172035072
1177.32,50172035072
1177.61,50172035072
1177.90,50172035072
1178.20,50172035072
1178.49,50172035072
1178.78,50172035072
1179.07,50165891072
1179.36,50143772672
1179.65,50120015872
1179.94,50105270272
1180.23,50105270272
1180.52,50105270272
1180.81,50105270272
1181.10,50105270272
1181.39,50105270272
1181.67,50105270272
1181.96,50105270272
1182.25,50105270272
1182.55,50101174272
1182.84,50079055872
1183.14,50058985472
1183.43,50035638272
1183.72,50012700672
1184.02,49997545472
1184.31,49997545472
1184.60,49997545472
1184.90,49997545472
1185.18,49997545472
1185.48,49997545472
1185.77,49997545472
1186.06,49997545472
1186.36,49994678272
1186.65,49972146176
1186.94,49949208576
1187.22,49928318976
1187.52,49904562176
1187.81,49885720576
1188.10,49861963776
1188.40,49839026176
1188.69,49815269376
1188.98,49812811776
1189.28,49812811776
1189.56,49812811776
1189.86,49812811776
1190.15,49812811776
1190.43,49812811776
1190.73,49812811776
1191.02,49812811776
1191.31,49812811776
1191.61,49812811776
1191.90,49812811776
1192.19,49812811776
1192.48,49812811776
1192.78,49812811776
1193.07,49802981376
1193.36,49779634176
1193.65,49769803776
1193.95,49769803776
1194.24,49769803776
1194.53,49769803776
1194.82,49769803776
1195.11,49769803776
1195.40,49769803776
1195.70,49769803776
1195.99,49759563776
1196.28,49737035776
1196.58,49716965376
1196.87,49694437376
1197.16,49671499776
1197.45,49648971776
1197.74,49637502976
1198.04,49637502976
1198.33,49637502976
1198.63,49637502976
1198.91,49637502976
1199.21,49637502976
1199.50,49637502976
1199.79,49637502976
1200.09,49637502976
1200.38,49637502976
1200.68,49637502976
1200.97,49637502976
1201.26,49637502976
1201.56,49637502976
1201.85,49637502976
1202.14,49637502976
1202.44,49637093376
1202.72,49637912576
1203.01,49637502976
1203.31,49614155776
1203.60,49600638976
1203.89,49599819776
1204.18,49599819776
1204.46,49599819776
1204.76,49599819776
1205.05,49599819776
1205.34,49599819776
1205.63,49599819776
1205.92,49599819776
1206.21,49592037376
1206.50,49571147776
1206.79,49548611584
1207.09,49548611584
1207.38,49548611584
1207.67,49548611584
1207.96,49548611584
1208.25,49548611584
1208.55,49548611584
1208.84,49548611584
1209.13,49545334784
1209.42,49524445184
1209.72,49503555584
1210.01,49485533184
1210.30,49465053184
1210.59,49465053184
1210.90,49465053184
1211.20,49465053184
1211.49,49465053184
1211.78,49465053184
1212.07,49465053184
1212.36,49465053184
1212.65,49465053184
1212.95,49465053184
1213.24,49465053184
1213.53,49465053184
1213.82,49465053184
1214.11,49465053184
1214.40,49465053184
1214.69,49465053184
1214.98,49465053184
1215.27,49465053184
1215.55,49451945984
1215.84,49429417984
1216.14,49416720384
1216.43,49416720384
1216.72,49416302592
1217.01,49416302592
1217.31,49416302592
1217.60,49416302592
1217.89,49416302592
1218.18,49416302592
1218.47,49416302592
1218.77,49408110592
1219.05,49387220992
1219.34,49367560192
1219.63,49365512192
1219.93,49365512192
1220.21,49365512192
1220.51,49365512192
1220.80,49365512192
1221.09,49365512192
1221.38,49365512192
1221.67,49365512192
1221.96,49352404992
1222.25,49336020992
1222.54,49319636992
1222.83,49297518592
1223.11,49278267392
1223.41,49275809792
1223.70,49275809792
1223.99,49275809792
1224.29,49275809792
1224.58,49275809792
1224.88,49275809792
1225.17,49275809792
1225.46,49275809792
1225.75,49269256192
1226.05,49253281792
1226.34,49235668992
1226.63,49212268544
1226.92,49190150144
1227.22,49167622144
1227.50,49147142144
1227.79,49147142144
1228.08,49147142144
1228.38,49147142144
1228.68,49147142144
1228.97,49147142144
1229.25,49147142144
1229.55,49147142144
1229.84,49147142144
1230.14,49147142144
1230.44,49147142144
1230.73,49147142144
1231.03,49147142144
1231.32,49147142144
1231.61,49147142144
1231.90,49147142144
1232.19,49142636544
1232.48,49120108544
1232.78,49105772544
1233.07,49099218944
1233.36,49099218944
1233.66,49099218944
1233.95,49099218944
1234.24,49099218944
1234.54,49099218944
1234.83,49099218944
1235.13,49099218944
1235.43,49099218944
1235.72,49082834944
1236.02,49068908544
1236.31,49055391744
1236.60,49039007744
1236.88,49032863744
1237.18,49032863744
1237.48,49032863744
1237.77,49032863744
1238.06,49032863744
1238.35,49032863744
1238.64,49032863744
1238.93,49032863744
1239.22,49031634944
1239.54,49016070144
1239.83,49003782144
1240.11,48982892544
1240.41,48967327744
1240.70,48945209344
1240.98,48923500544
1241.28,48900972544
1241.58,48879263744
1241.86,48869433344
1242.16,48869433344
1242.45,48869433344
1242.75,48869433344
1243.03,48869433344
1243.33,48869023744
1243.63,48848953344
1243.92,48834207744
1244.22,48834207744
1244.51,48834207744
1244.81,48834207744
1245.11,48834207744
1245.40,48834207744
1245.69,48834207744
1245.98,48834207744
1246.27,48834207744
1246.57,48831340544
1246.86,48810283008
1247.15,48788164608
1247.44,48770961408
1247.73,48748433408
1248.02,48725086208
1248.31,48703787008
1248.61,48680849408
1248.90,48662417408
1249.19,48660779008
1249.48,48660779008
1249.77,48660779008
1250.07,48660779008
1250.36,48660779008
1250.65,48659550208
1250.95,48643166208
1251.24,48628420608
1251.53,48628420608
1251.82,48628420608
1252.12,48628420608
1252.41,48628420608
1252.68,48628420608
1252.99,48628420608
1253.28,48628420608
1253.58,48623095808
1253.87,48608759808
1254.16,48586231808
1254.45,48571895808
1254.74,48553054208
1255.03,48530526208
1255.32,48516190208
1255.62,48516190208
1255.90,48516190208
1256.19,48516190208
1256.48,48516190208
1256.76,48516190208
1257.05,48516190208
1257.35,48516190208
1257.63,48516190208
1257.92,48516190208
1258.21,48516190208
1258.50,48516190208
1258.79,48516190208
1259.09,48516190208
1259.37,48516190208
1259.66,48514551808
1259.95,48496119808
1260.24,48475230208
1260.53,48467038208
1260.82,48467038208
1261.11,48467038208
1261.40,48467038208
1261.69,48467038208
1261.98,48467038208
1262.27,48467038208
1262.56,48467038208
1262.86,48467038208
1263.15,48464990208
1263.44,48465809408
1263.73,48453521408
1264.03,48431812608
1264.31,48412971008
1264.61,48392081408
1264.89,48370782208
1265.19,48368734208
1265.48,48368734208
1265.78,48368734208
1266.08,48368734208
1266.37,48368734208
1266.66,48368734208
1266.96,48368734208
1267.25,48368734208
1267.55,48364638208
1267.84,48364638208
1268.13,48364638208
1268.42,48364638208
1268.72,48364638208
1269.01,48364638208
1269.30,48364638208
1269.60,48364638208
1269.89,48356036608
1270.18,48333918208
1270.47,48314667008
1270.77,48314667008
1271.06,48314667008
1271.35,48314667008
1271.64,48314667008
1271.93,48314667008
1272.22,48314667008
1272.50,48314667008
1272.80,48314667008
1273.08,48314667008
1273.37,48300331008
1273.65,48282718208
1273.95,48263057408
1274.24,48241348608
1274.54,48220049408
1274.83,48208990208
1275.12,48208990208
1275.41,48208990208
1275.71,48208990208
1275.99,48208990208
1276.28,48208990208
1276.58,48208560128
1276.87,48208560128
1277.16,48208560128
1277.45,48208560128
1277.74,48204873728
1278.03,48204873728
1278.32,48204873728
1278.61,48204873728
1278.90,48204873728
1279.19,48204873728
1279.48,48204873728
1279.77,48202006528
1280.06,48181116928
1280.36,48164323328
1280.65,48158588928
1280.94,48158588928
1281.23,48158588928
1281.52,48158588928
1281.81,48158588928
1282.11,48158588928
1282.40,48158588928
1282.70,48158588928
1282.99,48158588928
1283.28,48154492928
1283.57,48135651328
1283.87,48113123328
1284.16,48091414528
1284.45,48070115328
1284.74,48049225728
1285.03,48045948928
1285.32,48045948928
1285.62,48045948928
1285.91,48045948928
1286.21,48045948928
1286.49,48045948928
1286.78,48045948928
1287.07,48045948928
1287.36,48045948928
1287.64,48045948928
1287.93,48045948928
1288.23,48045948928
1288.52,48045948928
1288.82,48045948928
1289.11,48045948928
1289.40,48045948928
1289.69,48037347328
1289.99,48018915328
1290.28,47999254528
1290.57,47999254528
1290.86,47999254528
1291.15,47999254528
1291.43,47999254528
1291.72,47999254528
1292.01,47999254528
1292.30,47999254528
1292.59,47999254528
1292.87,47999254528
1293.16,47989424128
1293.46,47967305728
1293.75,47948054528
1294.04,47928803328
1294.34,47907913728
1294.63,47904227328
1294.92,47904227328
1295.21,47904227328
1295.50,47904227328
1295.79,47904227328
1296.08,47904227328
1296.37,47904227328
1296.67,47903817728
1296.96,47903817728
1297.25,47903817728
1297.54,47903817728
1297.83,47903817728
1298.12,47903817728
1298.41,47903817728
1298.70,47903817728
1298.99,47903817728
1299.28,47903817728
1299.57,47903817728
1299.86,47887433728
1300.15,47866544128
1300.44,47855075328
1300.74,47855075328
1301.02,47855075328
1301.32,47855075328
1301.61,47855075328
1301.90,47855075328
1302.18,47855075328
1302.47,47855075328
1302.76,47855075328
1303.06,47855075328
1303.35,47842377728
1303.65,47819440128
1303.94,47796912128
1304.23,47774793728
1304.52,47751856128
1304.81,47732604928
1305.11,47732604928
1305.40,47732604928
1305.70,47732604928
1305.99,47732604928
1306.28,47732604928
1306.57,47732146176
1306.87,47732146176
1307.16,47732146176
1307.45,47732146176
1307.74,47732146176
1308.03,47732146176
1308.32,47732146176
1308.62,47732146176
1308.92,47732146176
1309.21,47732146176
1309.50,47731736576
1309.79,47714123776
1310.07,47697330176
1310.37,47685861376
1310.66,47685861376
1310.95,47685861376
1311.25,47685861376
1311.54,47685861376
1311.83,47685861376
1312.12,47685861376
1312.42,47685861376
1312.70,47685861376
1313.00,47670296576
1313.29,47655141376
1313.59,47632203776
1313.88,47610904576
1314.17,47589195776
1314.47,47580184576
1314.76,47580184576
1315.05,47580184576
1315.34,47580184576
1315.64,47580184576
1315.93,47580184576
1316.22,47580184576
1316.51,47580184576
1316.81,47580184576
1317.09,47580184576
1317.38,47580184576
1317.67,47580184576
1317.96,47580184576
1318.25,47580184576
1318.54,47580184576
1318.83,47581003776
1319.12,47581003776
1319.41,47558885376
1319.70,47541272576
1319.99,47541272576
1320.28,47541272576
1320.58,47541272576
1320.87,47541272576
1321.16,47541272576
1321.46,47541272576
1321.75,47541272576
1322.04,47535947776
1322.33,47513419776
1322.63,47490072576
1322.92,47470002176
1323.22,47454437376
1323.51,47437234176
1323.80,47414296576
1324.09,47413886976
1324.38,47413886976
1324.67,47413886976
1324.97,47413886976
1325.26,47413886976
1325.56,47413886976
1325.86,47413886976
1326.16,47413886976
1326.45,47413886976
1326.74,47413477376
1327.03,47413477376
1327.31,47413477376
1327.61,47413477376
1327.89,47413477376
1328.18,47413477376
1328.47,47410200576
1328.76,47395864576
1329.05,47373336576
1329.34,47365144576
1329.63,47365144576
1329.92,47365144576
1330.21,47365144576
1330.51,47365144576
1330.80,47365144576
1331.09,47365144576
1331.38,47365144576
1331.67,47365144576
1331.96,47365144576
1332.25,47363096576
1332.54,47348760576
1332.83,47329509376
1333.12,47310258176
1333.42,47295922176
1333.71,47279538176
1334.00,47279538176
1334.30,47279538176
1334.59,47279538176
1334.88,47279538176
1335.18,47279538176
1335.47,47279538176
1335.77,47279538176
1336.06,47279538176
1336.35,47279538176
1336.63,47279124480
1336.92,47279124480
1337.21,47279124480
1337.51,47279124480
1337.80,47279124480
1338.09,47279124480
1338.38,47279124480
1338.67,47271342080
1338.96,47249223680
1339.25,47232430080
1339.53,47232430080
1339.83,47232430080
1340.12,47232430080
1340.40,47232430080
1340.68,47232430080
1340.97,47232430080
1341.24,47232430080
1341.53,47232430080
1341.81,47231201280
1342.10,47216865280
1342.38,47193927680
1342.67,47171809280
1342.96,47149281280
1343.24,47131258880
1343.53,47112007680
1343.82,47112007680
1344.12,47112007680
1344.41,47112007680
1344.69,47112007680
1344.98,47112007680
1345.27,47112007680
1345.56,47112007680
1345.85,47112007680
1346.14,47112007680
1346.43,47112007680
1346.72,47111573504
1347.02,47111573504
1347.30,47111573504
1347.59,47111573504
1347.88,47111573504
1348.17,47100104704
1348.47,47078395904
1348.76,47062421504
1349.05,47062421504
1349.34,47062421504
1349.63,47062421504
1349.92,47062421504
1350.21,47062421504
1350.51,47062421504
1350.80,47062421504
1351.09,47062421504
1351.38,47062421504
1351.67,47051771904
1351.96,47030063104
1352.25,47008354304
1352.53,46985416704
1352.82,46962888704
1353.12,46960840704
1353.41,46960840704
1353.71,46960840704
1354.00,46960840704
1354.29,46960840704
1354.59,46960840704
1354.88,46960840704
1355.17,46960840704
1355.47,46960840704
1355.76,46960840704
1356.05,46960840704
1356.34,46960840704
1356.63,46960840704
1356.93,46960840704
1357.22,46960840704
1357.51,46960840704
1357.81,46960840704
1358.10,46960840704
1358.38,46953058304
1358.67,46929711104
1358.97,46910459904
1359.26,46910459904
1359.55,46910459904
1359.84,46910459904
1360.13,46910459904
1360.42,46910459904
1360.71,46910459904
1361.01,46910459904
1361.30,46910459904
1361.59,46907592704
1361.88,46887931904
1362.17,46866632704
1362.46,46844923904
1362.76,46821576704
1363.05,46801096704
1363.34,46780207104
1363.63,46779797504
1363.92,46779797504
1364.22,46779797504
1364.51,46779797504
1364.80,46779797504
1365.09,46779797504
1365.38,46779797504
1365.68,46779797504
1365.97,46775701504
1366.27,46775701504
1366.57,46774882304
1366.87,46774882304
1367.16,46774882304
1367.45,46774882304
1367.75,46775291904
1368.03,46763413504
1368.32,46763413504
1368.62,46763413504
1368.92,46763413504
1369.21,46763413504
1369.51,46763413504
1369.81,46763413504
1370.10,46763413504
1370.39,46763413504
1370.69,46763413504
1370.99,46763823104
1371.28,46743752704
1371.57,46737199104
1371.86,46737199104
1372.17,46737199104
1372.47,46737199104
1372.76,46737199104
1373.05,46737199104
1373.35,46737199104
1373.64,46737199104
1373.94,46737199104
1374.23,46726549504
1374.52,46704840704
1374.82,46681903104
1375.11,46663471104
1375.40,46645448704
1375.69,46645448704
1375.98,46645448704
1376.28,46645448704
1376.57,46645448704
1376.86,46645448704
1377.15,46645448704
1377.44,46645448704
1377.73,46645448704
1378.02,46645448704
1378.31,46645448704
1378.60,46645448704
1378.89,46645448704
1379.19,46645448704
1379.48,46645448704
1379.78,46645448704
1380.07,46645448704
1380.36,46645448704
1380.64,46632751104
1380.93,46610632704
1381.23,46599163904
1381.53,46599163904
1381.82,46599163904
1382.12,46599163904
1382.41,46599163904
1382.70,46599163904
1382.99,46599163904
1383.28,46599163904
1383.57,46599163904
1383.87,46588104704
1384.16,46568443904
1384.46,46549192704
1384.75,46548373504
1385.04,46548373504
1385.33,46548373504
1385.62,46548373504
1385.90,46548373504
1386.20,46548373504
1386.49,46548373504
1386.78,46543200256
1387.08,46520672256
1387.37,46496915456
1387.66,46474387456
1387.95,46453907456
1388.23,46437113856
1388.52,46417453056
1388.81,46394105856
1389.10,46376083456
1389.39,46376083456
1389.69,46376083456
1389.98,46376083456
1390.27,46376083456
1390.57,46376083456
1390.86,46376083456
1391.15,46376083456
1391.44,46376083456
1391.74,46376083456
1392.03,46376083456
1392.33,46376083456
1392.62,46376083456
1392.92,46376083456
1393.23,46376083456
1393.52,46369529856
1393.81,46346592256
1394.10,46337171456
1394.39,46337171456
1394.68,46337171456
1394.97,46337171456
1395.27,46337171456
1395.56,46337171456
1395.85,46337171456
1396.15,46337171456
1396.44,46337171456
1396.74,46337171456
1397.03,46332665856
1397.32,46310547456
1397.61,46287200256
1397.97,46266720256
1398.27,46244601856
1398.56,46220845056
1398.85,46196678656
1399.13,46177427456
1399.43,46155309056
1399.72,46139334656
1400.02,46139334656
1400.31,46139334656
1400.60,46139334656
1400.88,46139334656
1401.17,46139334656
1401.46,46139334656
1401.75,46139334656
1402.04,46139334656
1402.33,46139334656
1402.63,46139334656
1402.92,46139334656
1403.22,46139334656
1403.51,46139334656
1403.80,46135238656
1404.09,46112710656
1404.38,46090182656
1404.68,46090182656
1404.97,46090182656
1405.26,46090182656
1405.55,46090182656
1405.84,46090182656
1406.13,46090182656
1406.42,46090182656
1406.72,46089773056
1407.01,46088134656
1407.29,46066425856
1407.59,46041849856
1407.88,46018093056
1408.17,45999661056
1408.46,45999251456
1408.76,45999251456
1409.05,45999251456
1409.33,45999251456
1409.63,45999251456
1409.92,45999251456
1410.21,45999251456
1410.50,45997203456
1410.79,45996384256
1411.08,45996384256
1411.37,45996384256
1411.66,45996384256
1411.95,45996384256
1412.24,45996384256
1412.53,45996384256
1412.82,45986553856
1413.11,45961977856
1413.40,45947232256
1413.69,45947232256
1413.98,45947232256
1414.28,45947232256
1414.57,45947232256
1414.86,45947232256
1415.15,45947232256
1415.44,45947232256
1415.73,45947232256
1416.03,45947232256
1416.31,45936992256
1416.60,45912326144
1416.89,45887750144
1417.18,45885702144
1417.48,45885702144
1417.77,45885702144
1418.06,45885702144
1418.34,45885702144
1418.64,45885702144
1418.92,45885702144
1419.20,45885702144
1419.48,45881606144
1419.78,45862354944
1420.07,45841874944
1420.36,45820166144
1420.65,45801734144
1420.94,45779615744
1421.23,45757497344
1421.52,45734559744
1421.81,45718994944
1422.10,45718994944
1422.38,45718994944
1422.66,45718994944
1422.96,45718994944
1423.24,45718994944
1423.54,45711212544
1423.83,45711212544
1424.11,45711212544
1424.41,45711212544
1424.70,45711212544
1424.98,45711212544
1425.27,45711212544
1425.56,45711212544
1425.85,45709164544
1426.14,45691142144
1426.44,45674758144
1426.73,45674758144
1427.03,45674758144
1427.31,45674758144
1427.60,45674758144
1427.90,45674758144
1428.20,45674758144
1428.48,45674758144
1428.78,45674758144
1429.06,45673938944
1429.35,45672300544
1429.65,45652230144
1429.95,45631340544
1430.24,45609222144
1430.54,45592838144
1430.83,45570310144
1431.12,45547782144
1431.42,45527711744
1431.72,45521158144
1432.01,45521158144
1432.30,45521158144
1432.59,45521158144
1432.88,45521158144
1433.18,45521158144
1433.49,45521158144
1433.78,45521158144
1434.07,45521158144
1434.36,45521158144
1434.64,45521158144
1434.93,45521158144
1435.24,45521158144
1435.53,45521158144
1435.83,45519110144
1436.12,45496582144
1436.42,45474463744
1436.71,45471555584
1437.00,45471555584
1437.29,45471555584
1437.59,45471555584
1437.88,45471555584
1438.17,45471555584
1438.46,45471555584
1438.76,45471555584
1439.05,45471555584
1439.34,45468278784
1439.64,45448617984
1439.93,45425680384
1440.22,45403561984
1440.51,45383491584
1440.80,45371203584
1441.10,45371203584
1441.39,45371203584
1441.68,45371203584
1441.98,45371203584
1442.28,45371203584
1442.57,45371203584
1442.86,45371203584
1443.15,45367517184
1443.44,45367517184
1443.73,45367517184
1444.02,45367517184
1444.31,45367517184
1444.60,45367517184
1444.90,45367517184
1445.20,45363830784
1445.49,45341712384
1445.78,45320822784
1446.07,45320822784
1446.36,45320822784
1446.65,45320413184
1446.94,45320413184
1447.23,45320413184
1447.53,45320413184
1447.82,45320413184
1448.11,45320413184
1448.41,45320413184
1448.70,45306896384
1448.99,45283549184
1449.27,45271261184
1449.57,45271261184
1449.86,45271261184
1450.16,45271261184
1450.45,45271261184
1450.74,45271261184
1451.03,45271261184
1451.32,45267574784
1451.60,45259382784
1451.88,45241769984
1452.17,45219241984
1452.46,45197123584
1452.75,45175005184
1453.04,45158621184
1453.33,45138550784
1453.62,45116841984
1453.91,45111517184
1454.19,45111517184
1454.49,45111517184
1454.78,45111517184
1455.10,45111517184
1455.39,45111517184
1455.68,45111517184
1455.98,45111517184
1456.27,45111517184
1456.56,45111517184
1456.86,45111517184
1457.15,45111517184
1457.45,45111517184
1457.75,45111517184
1458.04,45111517184
1458.34,45100867584
1458.63,45079568384
1458.92,45057040384
1459.21,45052125184
1459.50,45052125184
1459.80,45052125184
1460.09,45052125184
1460.38,45052125184
1460.67,45052125184
1460.98,45052125184
1461.28,45052125184
1461.57,45036150784
1461.87,45019357184
1462.15,44998467584
1462.44,44977577984
1462.74,44955459584
1463.03,44940304384
1463.32,44917776384
1463.60,44896477184
1463.89,44882960384
1464.18,44882960384
1464.48,44882960384
1464.77,44882960384
1465.07,44882960384
1465.36,44882960384
1465.65,44864118784
1465.95,44858793984
1466.24,44858793984
1466.53,44858793984
1466.82,44858793984
1467.11,44858793984
1467.39,44858793984
1467.68,44858793984
1467.98,44858793984
1468.28,44858793984
1468.57,44843638784
1468.86,44826435584
1469.16,44803907584
1469.45,44781789184
1469.74,44760080384
1470.03,44751888384
1470.32,44751888384
1470.61,44751888384
1470.90,44751888384
1471.19,44751888384
1471.48,44751888384
1471.77,44751888384
1472.06,44751888384
1472.35,44751888384
1472.64,44751888384
1472.93,44751888384
1473.22,44751888384
1473.51,44751888384
1473.80,44751888384
1474.10,44751888384
1474.38,44751888384
1474.68,44751888384
1474.97,44751888384
1475.26,44734685184
1475.55,44712566784
1475.84,44692086784
1476.13,44692086784
1476.42,44692086784
1476.71,44691456000
1477.01,44691456000
1477.30,44691456000
1477.59,44691456000
1477.88,44691456000
1478.18,44684492800
1478.47,44661145600
1478.76,44639027200
1479.04,44616908800
1479.34,44595609600
1479.63,44595609600
1479.92,44595609600
1480.21,44595609600
1480.51,44595609600
1480.80,44595609600
1481.09,44595609600
1481.38,44595609600
1481.68,44595609600
1481.97,44591104000
1482.26,44591104000
1482.56,44591104000
1482.85,44591104000
1483.14,44591104000
1483.44,44591104000
1483.73,44591104000
1484.03,44591104000
1484.32,44591513600
1484.62,44589875200
1484.91,44571852800
1485.20,44557926400
1485.49,44557926400
1485.78,44557926400
1486.07,44557926400
1486.36,44557926400
1486.66,44557926400
1486.94,44557926400
1487.23,44557926400
1487.53,44557926400
1487.82,44557107200
1488.11,44539494400
1488.40,44521881600
1488.69,44500582400
1489.06,44478464000
1489.36,44460851200
1489.64,44439142400
1489.93,44436275200
1490.23,44436275200
1490.53,44436275200
1490.83,44436275200
1491.12,44436275200
1491.41,44436275200
1491.70,44436275200
1492.00,44436275200
1492.29,44436275200
1492.58,44436275200
1492.88,44436275200
1493.18,44436275200
1493.48,44436275200
1493.77,44436275200
1494.07,44436275200
1494.36,44436275200
1494.65,44428492800
1494.95,44406374400
1495.24,44385894400
1495.54,44385894400
1495.84,44385894400
1496.13,44385894400
1496.42,44385894400
1496.71,44385484800
1497.01,44385484800
1497.30,44385484800
1497.60,44385484800
1497.89,44385484800
1498.18,44375654400
1498.47,44354355200
1498.77,44331008000
1499.07,44308070400
1499.36,44288000000
1499.65,44267110400
1499.94,44252774400
1500.24,44252774400
1500.53,44252774400
1500.83,44252774400
1501.12,44252774400
1501.41,44252774400
1501.70,44252774400
1501.99,44252774400
1502.29,44248678400
1502.57,44231884800
1502.87,44231884800
1503.16,44231884800
1503.45,44231884800
1503.75,44231884800
1504.04,44231884800
1504.33,44231884800
1504.62,44231884800
1504.91,44231884800
1505.20,44225740800
1505.49,44202393600
1505.79,44180275200
1506.08,44163072000
1506.37,44143001600
1506.66,44122521600
1506.95,44122521600
1507.24,44122521600
1507.53,44122521600
1507.82,44122521600
1508.11,44122521600
1508.40,44122521600
1508.69,44122521600
1508.98,44122521600
1509.27,44122521600
1509.56,44122521600
1509.86,44122521600
1510.15,44122521600
1510.45,44122521600
1510.74,44122521600
1511.03,44122521600
1511.33,44122521600
1511.62,44117196800
1511.91,44099174400
1512.21,44077056000
1512.50,44073779200
1512.79,44073779200
1513.09,44073779200
1513.38,44073779200
1513.67,44073779200
1513.96,44073779200
1514.26,44073779200
1514.55,44073779200
1514.84,44058214400
1515.13,44036096000
1515.42,44012339200
1515.71,43990220800
1516.01,43967692800
1516.30,43946393600
1516.59,43941068800
1516.88,43941068800
1517.17,43941068800
1517.46,43941068800
1517.75,43941068800
1518.05,43941068800
1518.35,43941068800
1518.64,43931648000
1518.93,43908710400
1519.22,43893555200
1519.52,43893555200
1519.81,43893555200
1520.10,43893555200
1520.40,43893555200
1520.69,43893555200
1520.98,43893555200
1521.28,43893555200
1521.57,43893555200
1521.86,43891916800
1522.16,43870208000
1522.45,43848089600
1522.74,43832524800
1523.03,43816550400
1523.32,43808768000
1523.61,43808768000
1523.90,43808768000
1524.20,43808768000
1524.48,43808768000
1524.77,43808768000
1525.06,43808768000
1525.35,43808768000
1525.64,43805900800
1525.94,43805900800
1526.23,43805900800
1526.52,43805900800
1526.80,43805224960
1527.09,43805224960
1527.38,43805224960
1527.69,43805224960
1527.99,43805224960
1528.28,43805634560
1528.58,43790479360
1528.87,43768360960
1529.40,43757711360
1529.69,43756482560
1529.97,43756482560
1530.27,43756482560
1530.56,43756482560
1530.85,43756482560
1531.15,43756482560
1531.45,43756482560
1531.75,43756482560
1532.04,43756482560
1532.33,43740098560
1532.63,43717980160
1532.92,43700776960
1533.22,43677839360
1533.52,43656540160
1533.80,43645071360
1534.10,43645071360
1534.40,43645071360
1534.69,43645071360
1534.98,43645071360
1535.28,43645071360
1535.57,43645071360
1535.87,43639336960
1536.16,43624181760
1536.46,43624591360
1536.75,27200602112
1537.04,27201421312
1537.33,27201830912
1537.63,27202240512
1537.93,27203059712
1538.23,27203469312
1538.52,27203878912
1538.81,27204288512
1539.10,27204288512
1539.39,27204288512
1539.68,27204288512
1539.98,27204288512
1540.27,27204288512
1540.56,27204288512
1540.86,27204288512
1541.15,27204288512
1541.44,27205107712
1541.73,27205517312
1542.03,27205926912
1542.32,27206746112
1542.61,27207155712
1542.90,27207565312
1543.20,27208384512
1543.49,27208794112
1543.78,27209203712
1544.08,27210022912
1544.38,27210432512
1544.67,27210842112
1544.97,27211251712
1545.26,27211251712
1545.56,27211251712
1545.85,27211251712
1546.15,27211251712
1546.44,27211251712
1546.73,27211251712
1547.03,27211251712
1547.32,27211661312
1547.61,27212070912
1547.91,27212480512
1548.20,27213299712
1548.50,27213709312
1548.80,27214528512
1549.08,27214938112
1549.38,27215347712
1549.67,27215757312
1549.96,27215757312
1550.25,27215757312
1550.54,27215757312
1550.84,27215757312
1551.13,27215757312
1551.42,27215757312
1551.71,27215757312
1552.01,27215757312
1552.30,27216166912
1552.60,27216576512
1552.89,27216986112
1553.17,27217805312
1553.46,27218214912
1553.76,27218624512
1554.05,27219034112
1554.34,27219853312
1554.63,27219853312
1554.93,27219853312
1555.22,27219853312
1555.51,27219853312
1555.80,27219853312
1556.10,27219853312
1556.39,27219853312
1556.68,27219443712
1556.98,27219853312
1557.27,27220262912
1557.57,27220672512
1557.86,27221491712
1558.16,27221901312
1558.45,27222310912
1558.74,27222720512
1559.03,27223539712
1559.33,27223539712
1559.62,27223539712
1559.91,27223539712
1560.20,27223539712
1560.49,27223539712
1560.78,27223539712
1561.08,27223539712
1561.37,27223539712
1561.67,27223539712
1561.96,27224358912
1562.24,27224768512
1562.54,27225587712
1562.83,27225997312
1563.12,27226816512
1563.41,27227226112
1563.70,27227635712
1563.99,27227635712
1564.29,27227635712
1564.58,27227635712
1564.87,27227635712
1565.16,27227635712
1565.46,27227635712
1565.75,27227635712
1566.04,27227635712
1566.33,27227635712
1566.62,27228016640
1566.91,27228835840
1567.20,27229245440
1567.50,27229655040
1567.79,27230474240
1568.08,27230883840
1568.37,27231293440
1568.66,27231703040
1568.96,27231703040
1569.25,27231703040
1569.54,27231703040
1569.84,27231703040
1570.13,27231703040
1570.42,27231703040
1570.71,27231703040
1571.00,27231703040
1571.29,27232112640
1571.58,27232931840
1571.88,27233751040
1572.17,27234160640
1572.47,27234570240
1572.76,27234979840
1573.05,27235799040
1573.34,27236208640
1573.63,27236618240
1573.93,27237027840
1574.22,27237847040
1574.52,27237847040
1574.80,27237847040
1575.10,27237847040
1575.39,27237847040
1575.68,27237847040
1575.97,27237847040
1576.26,27237847040
1576.56,27237847040
1576.85,27237847040
1577.14,27238666240
1577.43,27239075840
1577.73,27239485440
1578.02,27239895040
1578.31,27240304640
1578.60,27241123840
1578.89,27241533440
1579.19,27241943040
1579.48,27242352640
1579.78,27242352640
1580.07,27242352640
1580.36,27242352640
1580.65,27242352640
1580.94,27242352640
1581.23,27242352640
1581.52,27242352640
1581.81,27242352640
1582.11,27242762240
1582.40,27243581440
1582.70,27243991040
1582.99,27244400640
1583.28,27245219840
1583.57,27245629440
1583.87,27245629440
1584.16,27246448640
1584.45,27247267840
1584.74,27247267840
1585.04,27248087040
1585.34,27248496640
1585.62,27248906240
1585.92,27249725440
1586.21,27250135040
1586.50,27250544640
1586.79,27250954240
1587.09,27251363840
1587.37,27252183040
1587.66,27252592640
1587.95,27253002240
1588.24,27253411840
1588.54,27253411840
1588.83,27253411840
1589.12,27253411840
1589.42,27253411840
1589.71,27253411840
1590.00,27253411840
1590.29,27253411840
1590.57,27253411840
1590.87,27253411840
1591.16,27253411840
1591.45,27253411840
1591.74,27253411840
1592.03,27253411840
1592.32,27253411840
1592.61,27253821440
1592.91,27254231040
1593.20,27254640640
1593.49,27255459840
1593.78,27255869440
1594.07,27256279040
1594.36,27256688640
1594.65,27257098240
1594.94,27257098240
1595.24,27257098240
1595.53,27257098240
1595.83,27257098240
1596.12,27257098240
1596.41,27257098240
1596.71,27256688640
1597.00,27256688640
1597.29,27256688640
1597.58,27257098240
1597.87,27257507840
1598.16,27257917440
1598.44,27258327040
1598.74,27258327040
1599.03,27258327040
1599.31,27258327040
1599.60,27258327040
1599.89,27258327040
1600.18,27258327040
1600.47,27258327040
1600.76,27258327040
1601.05,27259146240
1601.34,27259555840
1601.65,27259965440
1601.95,27260375040
1602.24,27260784640
1602.54,27261194240
1602.82,27262013440
1603.12,27262423040
1603.41,27262832640
1603.71,27262832640
1604.00,27262832640
1604.30,27262832640
1604.60,27262832640
1604.89,27262832640
1605.18,27262832640
1605.47,27262832640
1605.76,27262832640
1606.06,27262832640
1606.36,27263651840
1606.65,27263651840
1606.95,27263651840
1607.25,27263651840
1607.55,27263651840
1607.83,27263651840
1608.12,27263651840
1608.41,27263651840
1608.70,27263651840
1608.99,27263651840
1609.28,27263651840
1609.57,27264471040
1609.86,27264880640
1610.15,27265290240
1610.43,27265699840
1610.73,27266109440
1611.02,27266519040
1611.31,27266928640
1611.60,27266928640
1611.90,27266928640
1612.18,27266928640
1612.48,27266928640
1612.77,27266928640
1613.07,27266928640
1613.36,27266928640
1613.65,27266928640
1613.94,27267338240
1614.23,27267747840
1614.53,27268157440
1614.82,27268567040
1615.12,27268567040
1615.41,27268567040
1615.71,27268567040
1616.00,27268567040
1616.29,27268567040
1616.58,27268567040
1616.87,27268157440
1617.17,27268157440
1617.46,27268567040
1617.75,27268976640
1618.05,27269795840
1618.35,27270205440
1618.64,27270615040
1618.94,27271434240
1619.23,27271843840
1619.52,27272253440
1619.82,27273072640
1620.11,27273072640
1620.41,27273891840
1620.70,27274301440
1620.99,27274711040
1621.28,27275120640
1621.58,27275939840
1621.88,27276349440
1622.18,27276349440
1622.48,27276349440
1622.78,27276349440
1623.07,27276349440
1623.36,27276349440
1623.66,27276349440
1623.96,27276349440
1624.26,27276349440
1624.55,27276349440
1624.84,27276349440
1625.13,27276349440
1625.43,27276349440
1625.71,27276349440
1626.01,27276349440
1626.30,27276349440
1626.59,27275866112
1626.89,27275866112
1627.18,27275866112
1627.47,27276685312
1627.76,27277094912
1628.06,27277504512
1628.36,27277504512
1628.65,27277504512
1628.94,27277504512
1629.24,27277504512
1629.52,27277504512
1629.82,27277504512
1630.11,27277504512
1630.41,27277504512
1630.70,27277914112
1630.99,27278733312
1631.28,27278733312
1631.58,27279552512
1631.87,27279962112
1632.17,27279962112
1632.47,27279962112
1632.76,27279962112
1633.06,27279962112
1633.35,27279962112
1633.65,27279962112
1633.93,27279962112
1634.23,27279962112
1634.52,27279962112
1634.81,27280371712
1635.11,27281190912
1635.40,27281600512
1635.70,27282010112
1635.99,27282419712
1636.29,27283238912
1636.58,27283238912
1636.88,27283238912
1637.17,27283238912
1637.46,27283238912
1637.75,27283238912
1638.04,27283238912
1638.34,27283238912
1638.63,27283238912
1638.92,27283238912
1639.22,27283648512
1639.51,27284467712
1639.80,27284877312
1640.10,27285286912
1640.39,27285696512
1640.68,27286515712
1640.97,27286925312
1641.27,27286925312
1641.56,27286925312
1641.86,27286925312
1642.15,27286925312
1642.44,27286925312
1642.74,27286925312
1643.03,27286925312
1643.32,27286925312
1643.61,27287334912
1643.90,27287744512
1644.19,27287744512
1644.49,27287744512
1644.78,27287744512
1645.08,27287744512
1645.37,27287744512
1645.67,27287744512
1645.96,27287744512
1646.25,27287744512
1646.55,27287744512
1646.84,27287670784
1647.13,27288080384
1647.43,27288899584
1647.72,27289309184
1648.02,27289718784
1648.31,27290537984
1648.60,27290537984
1648.89,27291357184
1649.18,27291357184
1649.48,27291357184
1649.77,27291357184
1650.07,27291357184
1650.36,27291357184
1650.65,27291357184
1650.94,27291357184
1651.23,27291357184
1651.52,27291766784
1651.81,27292176384
1652.10,27292585984
1652.39,27292995584
1652.69,27293405184
1652.98,27294224384
1653.27,27294633984
1653.57,27295043584
1653.86,27295453184
1654.15,27295453184
1654.45,27295453184
1654.74,27295453184
1655.04,27295453184
1655.34,27295453184
1655.63,27295453184
1655.92,27295453184
1656.21,27295453184
1656.51,27295862784
1656.80,27296272384
1657.09,27296681984
1657.38,27297091584
1657.67,27297910784
1657.96,27298320384
1658.26,27298729984
1658.55,27299139584
1658.85,27299549184
1659.14,27300368384
1659.43,27300777984
1659.72,27300777984
1660.02,27300777984
1660.32,27300777984
1660.61,27300777984
1660.91,27300777984
1661.20,27300777984
1661.49,27300777984
1661.78,27300777984
1662.07,27301187584
1662.36,27302006784
1662.65,27302416384
1662.95,27302825984
1663.24,27303235584
1663.53,27303235584
1663.82,27303235584
1664.11,27303235584
1664.41,27303235584
1664.71,27303235584
1665.00,27303235584
1665.29,27303235584
1665.58,27303235584
1665.87,27303645184
1666.16,27304054784
1666.45,27304054784
1666.74,27304054784
1667.04,27304054784
1667.33,27304054784
1667.62,27304054784
1667.92,27304054784
1668.21,27304054784
1668.50,27304054784
1668.80,27304054784
1669.09,27304464384
1669.38,27305283584
1669.67,27305693184
1669.96,27306102784
1670.25,27306512384
1670.54,27306512384
1670.83,27306512384
1671.11,27306512384
1671.41,27306512384
1671.69,27306512384
1671.99,27306512384
1672.28,27306512384
1672.57,27306921984
1672.86,27307331584
1673.14,27307741184
1673.44,27308150784
1673.73,27308560384
1674.02,27309379584
1674.31,27309379584
1674.61,27310198784
1674.90,27311017984
1675.20,27311017984
1675.49,27311017984
1675.79,27311017984
1676.08,27311017984
1676.37,27311017984
1676.67,27310608384
1676.96,27310608384
1677.26,27310608384
1677.55,27310608384
1677.84,27311017984
1678.13,27311837184
1678.42,27312246784
1678.71,27312656384
1679.00,27313065984
1679.30,27313475584
1679.59,27313885184
1679.88,27314294784
1680.17,27314294784
1680.47,27314294784
1680.76,27314294784
1681.05,27314294784
1681.34,27314294784
1681.63,27314294784
1681.92,27314294784
1682.21,27314294784
1682.51,27314294784
1682.80,27315113984
1683.10,27315523584
1683.39,27315933184
1683.68,27316342784
1683.98,27316752384
1684.28,27317161984
1684.57,27317981184
1684.86,27318390784
1685.15,27318800384
1685.45,27319619584
1685.74,27320029184
1686.04,27320438784
1686.33,27320848384
1686.63,27320848384
1686.92,27320848384
1687.21,27320848384
1687.51,27320848384
1687.80,27320848384
1688.09,27320848384
1688.39,27320848384
1688.67,27320848384
1688.97,27321257984
1689.26,27321667584
1689.55,27322077184
1689.84,27322896384
1690.13,27323305984
1690.42,27323715584
1690.71,27324125184
1691.00,27324534784
1691.29,27324944384
1691.58,27325763584
1691.87,27326173184
1692.16,27326582784
1692.45,27326992384
1692.74,27327401984
1693.04,27327401984
1693.33,27327401984
1693.62,27327401984
1693.91,27327401984
1694.21,27327401984
1694.50,27327401984
1694.79,27327401984
1695.09,27327401984
1695.38,27327401984
1695.67,27327401984
1695.96,27327401984
1696.25,27327401984
1696.54,27327401984
1696.83,27327401984
1697.12,27327401984
1697.41,27327811584
1697.70,27328221184
1698.00,27328630784
1698.29,27329040384
1698.57,27329859584
1698.86,27330269184
1699.16,27330678784
1699.45,27331497984
1699.74,27331907584
1700.04,27332317184
1700.33,27332317184
1700.61,27332317184
1700.90,27332317184
1701.20,27332317184
1701.48,27332317184
1701.78,27332317184
1702.07,27332317184
1702.37,27332317184
1702.66,27332317184
1702.95,27332726784
1703.25,27333545984
1703.54,27333955584
1703.84,27334365184
1704.13,27334774784
1704.42,27335184384
1704.72,27335593984
1705.01,27335593984
1705.31,27335593984
1705.60,27335593984
1705.89,27335593984
1706.18,27335593984
1706.47,27335593984
1706.77,27335184384
1707.06,27335184384
1707.35,27335593984
1707.63,27336413184
1707.92,27336822784
1708.21,27337232384
1708.52,27337232384
1708.81,27338051584
1709.11,27338461184
1709.41,27338870784
1709.70,27339280384
1709.99,27339689984
1710.28,27339689984
1710.57,27339689984
1710.86,27339689984
1711.15,27339689984
1711.45,27339689984
1711.74,27339689984
1712.03,27339689984
1712.32,27339689984
1712.61,27339689984
1712.90,27339689984
1713.20,27339689984
1713.49,27339689984
1713.79,27339689984
1714.08,27339689984
1714.37,27339689984
1714.66,27339689984
1714.95,27340099584
1715.25,27340509184
1715.54,27340918784
1715.83,27341328384
1716.15,27341737984
1716.44,27342147584
1716.73,27342450688
1717.03,27342450688
1717.32,27342450688
1717.61,27342450688
1717.91,27342450688
1718.20,27342450688
1718.49,27342450688
1718.78,27342450688
1719.07,27342450688
1719.36,27342450688
1719.66,27342860288
1719.95,27343269888
1720.24,27344089088
1720.54,27344498688
1720.82,27344498688
1721.11,27345317888
1721.41,27345727488
1721.70,27346137088
1721.98,27346546688
1722.28,27346956288
1722.58,27347365888
1722.87,27347775488
1723.17,27348185088
1723.46,27348594688
1723.75,27349413888
1724.04,27349413888
1724.34,27349823488
1724.62,27350233088
1724.91,27351052288
1725.20,27351461888
1725.50,27351871488
1725.79,27352690688
1726.08,27353100288
1726.38,27353509888
1726.67,27353509888
1726.97,27353509888
1727.26,27353509888
1727.55,27353509888
1727.84,27353509888
1728.13,27353509888
1728.42,27353509888
1728.71,27353509888
1729.00,27353509888
1729.29,27353509888
1729.59,27353509888
1729.88,27353509888
1730.17,27353509888
1730.47,27353509888
1730.76,27353919488
1731.04,27354329088
1731.34,27354738688
1731.63,27355557888
1731.92,27355557888
1732.22,27355967488
1732.51,27356377088
1732.80,27356377088
1733.09,27356377088
1733.38,27356377088
1733.67,27356377088
1733.97,27356377088
1734.26,27356377088
1734.55,27356377088
1734.85,27356377088
1735.14,27356377088
1735.42,27356377088
1735.72,27356786688
1736.01,27357196288
1736.30,27357605888
1736.60,27358015488
1736.89,27358425088
1737.18,27358834688
1737.47,27359244288
1737.75,27360063488
1738.04,27360063488
1738.34,27360882688
1738.63,27360882688
1738.92,27361292288
1739.21,27361701888
1739.51,27362521088
1739.80,27362930688
1740.09,27362930688
1740.38,27363749888
1740.67,27364159488
1740.96,27364569088
1741.25,27364978688
1741.54,27364978688
1741.83,27364978688
1742.13,27364978688
1742.42,27364978688
1742.73,27364978688
1743.03,27364978688
1743.32,27364978688
1743.61,27364978688
1743.91,27364978688
1744.20,27364978688
1744.49,27364978688
1744.79,27364978688
1745.08,27364978688
1745.38,27364978688
1745.67,27364978688
1745.96,27364978688
1746.25,27364978688
1746.55,27365797888
1746.83,27365326848
1747.12,27365736448
1747.41,27366146048
1747.70,27366555648
1747.99,27366965248
1748.29,27367374848
1748.58,27367374848
1748.88,27367374848
1749.18,27367374848
1749.47,27367374848
1749.77,27367374848
1750.06,27367374848
1750.36,27367374848
1750.65,27367374848
1750.94,27367374848
1751.22,27367784448
1751.52,27367784448
1751.81,27367784448
1752.12,27367784448
1752.41,27367784448
1752.70,27367784448
1753.00,27367784448
1753.29,27367784448
1753.58,27367784448
1753.87,27368194048
1754.16,27369013248
1754.46,27369422848
1754.75,27369832448
1755.05,27370242048
1755.34,27370651648
1755.63,27371061248
1755.92,27371470848
1756.21,27372290048
1756.50,27372699648
1756.80,27373109248
1757.09,27373518848
1757.38,27374338048
1757.67,27374338048
1757.97,27375157248
1758.26,27375566848
1758.56,27375566848
1758.85,27375566848
1759.15,27375566848
1759.44,27375566848
1759.73,27375566848
1760.03,27375566848
1760.32,27375566848
1760.61,27375566848
1760.90,27375566848
1761.19,27375976448
1761.49,27376386048
1761.78,27376795648
1762.07,27377614848
1762.36,27377614848
1762.66,27377614848
1762.95,27377614848
1763.25,27377614848
1763.54,27377614848
1763.84,27377614848
1764.13,27377614848
1764.42,27377614848
1764.72,27377614848
1765.01,27377614848
1765.30,27378024448
1765.60,27378024448
1765.88,27378024448
1766.18,27378024448
1766.46,27378024448
1766.75,27378024448
1767.05,27378024448
1767.34,27378024448
1767.64,27378024448
1767.93,27378434048
1768.23,27378843648
1768.52,27379662848
1768.81,27379662848
1769.10,27380072448
1769.40,27380891648
1769.69,27380891648
1769.98,27380891648
1770.27,27380891648
1770.56,27380891648
1770.85,27380891648
1771.14,27380891648
1771.43,27380891648
1771.72,27380891648
1772.01,27380891648
1772.30,27380891648
1772.60,27381301248
1772.89,27381710848
1773.19,27382120448
1773.48,27382530048
1773.78,27383349248
1774.08,27383758848
1774.37,27384168448
1774.67,27384168448
1774.96,27384168448
1775.26,27384168448
1775.54,27384168448
1775.83,27384168448
1776.13,27384168448
1776.42,27384168448
1776.70,27384168448
1776.99,27384578048
1777.29,27384987648
1777.58,27385397248
1777.87,27386216448
1778.16,27386626048
1778.45,27387035648
1778.75,27387445248
1779.04,27387854848
1779.33,27388264448
1779.62,27388674048
1779.92,27389083648
1780.21,27389493248
1780.50,27389902848
1780.80,27389902848
1781.09,27389902848
1781.38,27389902848
1781.66,27389902848
1781.95,27389902848
1782.25,27389902848
1782.54,27389902848
1782.83,27389902848
1783.13,27389902848
1783.42,27389902848
1783.71,27389902848
1784.00,27389902848
1784.30,27389902848
1784.59,27389902848
1784.88,27389902848
1785.18,27389902848
1785.46,27390312448
1785.76,27390722048
1786.05,27391131648
1786.33,27391541248
1786.62,27391541248
1786.91,27391950848
1787.20,27392360448
1787.49,27392360448
1787.78,27392360448
1788.07,27392360448
1788.36,27392360448
1788.65,27392360448
1788.95,27392360448
1789.24,27392360448
1789.53,27392360448
1789.83,27392360448
1790.11,27392360448
1790.40,27392770048
1790.69,27393179648
1790.98,27393589248
1791.26,27393998848
1791.55,27394408448
1791.84,27395227648
1792.13,27395227648
1792.41,27396046848
1792.70,27396456448
1792.99,27396866048
1793.28,27397275648
1793.58,27397685248
1793.87,27397685248
1794.16,27397685248
1794.45,27397685248
1794.75,27397685248
1795.04,27397685248
1795.34,27397685248
1795.63,27397685248
1795.92,27397685248
1796.21,27397685248
1796.51,27398094848
1796.79,27398504448
1797.08,27398914048
1797.37,27399323648
1797.66,27399733248
1797.95,27400142848
1798.24,27400142848
1798.54,27400552448
1798.83,27400962048
1799.13,27400962048
1799.41,27400962048
1799.70,27400962048
1799.99,27400962048
1800.29,27400962048
1800.58,27400962048
1800.87,27400962048
1801.16,27400962048
1801.45,27400962048
1801.74,27400962048
1802.03,27400962048
1802.32,27400962048
1802.62,27400962048
1802.91,27400962048
1803.20,27400962048
1803.50,27400962048
1803.79,27401371648
1804.08,27401371648
1804.37,27401781248
1804.67,27402190848
1804.96,27402190848
1805.25,27402190848
1805.55,27402190848
1805.84,27402190848
1806.13,27402190848
1806.42,27402190848
1806.72,27401781248
1807.00,27401781248
1807.31,27402190848
1807.60,27403010048
1807.89,27403419648
1808.18,27403829248
1808.48,27404238848
1808.77,27404648448
1809.06,27404648448
1809.36,27404648448
1809.64,27404648448
1809.93,27404648448
1810.22,27404648448
1810.51,27404648448
1810.80,27404648448
1811.09,27404648448
1811.39,27404648448
1811.68,27405058048
1811.97,27405467648
1812.26,27405877248
1812.55,27406286848
1812.84,27406696448
1813.13,27407106048
1813.43,27407515648
1813.72,27407515648
1814.01,27407515648
1814.31,27407515648
1814.59,27407515648
1814.88,27407515648
1815.18,27407515648
1815.47,27407515648
1815.75,27407515648
1816.05,27407925248
1816.34,27407925248
1816.63,27408334848
1816.92,27408334848
1817.21,27408334848
1817.51,27408334848
1817.80,27408334848
1818.10,27408334848
1818.40,27408334848
1818.69,27408334848
1818.98,27408334848
1819.28,27408334848
1819.57,27409154048
1819.87,27409154048
1820.16,27409563648
1820.45,27410382848
1820.75,27410382848
1821.05,27410382848
1821.34,27410382848
1821.63,27410382848
1821.92,27410382848
1822.21,27410382848
1822.51,27410382848
1822.80,27410382848
1823.09,27410382848
1823.38,27410792448
1823.67,27411202048
1823.96,27412021248
1824.26,27412430848
1824.55,27412840448
1824.85,27413250048
1825.14,27413250048
1825.43,27413250048
1825.72,27413250048
1826.01,27413250048
1826.30,27413250048
1826.58,27413250048
1826.88,27413250048
1827.17,27413250048
1827.45,27413659648
1827.74,27414069248
1828.03,27414478848
1828.33,27414888448
1828.62,27415298048
1828.91,27415707648
1829.20,27415707648
1829.50,27416117248
1829.80,27416117248
1830.09,27416117248
1830.38,27416117248
1830.67,27416117248
1830.97,27416117248
1831.26,27416117248
1831.56,27416117248
1831.85,27416117248
1832.14,27416526848
1832.43,27417346048
1832.73,27417346048
1833.02,27417346048
1833.32,27417346048
1833.60,27417346048
1833.89,27417346048
1834.19,27417346048
1834.48,27417346048
1834.78,27417346048
1835.07,27417346048
1835.36,27417346048
1835.66,27417755648
1835.96,27418574848
1836.24,27418574848
1836.54,27418984448
1836.83,27419205632
1837.13,27419615232
1837.42,27420024832
1837.71,27420434432
1838.01,27420844032
1838.30,27421253632
1838.58,27421663232
1838.87,27422072832
1839.17,27422482432
1839.46,27422892032
1839.74,27423301632
1840.04,27423301632
1840.33,27423711232
1840.63,27424120832
1840.92,27424530432
1841.22,27424940032
1841.51,27424940032
1841.80,27424940032
1842.08,27424940032
1842.38,27424940032
1842.66,27424940032
1842.96,27424940032
1843.24,27424940032
1843.53,27424940032
1843.82,27424940032
1844.11,27424940032
1844.40,27424940032
1844.69,27424940032
1844.99,27424940032
1845.28,27424940032
1845.57,27424940032
1845.86,27424940032
1846.15,27425349632
1846.45,27425759232
1846.74,27426168832
1847.03,27426578432
1847.32,27426988032
1847.60,27427807232
1847.89,27428216832
1848.19,27428216832
1848.48,27428216832
1848.77,27428216832
1849.06,27428216832
1849.36,27428216832
1849.65,27428216832
1849.94,27428216832
1850.23,27428216832
1850.53,27428216832
1850.81,27428626432
1851.11,27429036032
1851.40,27429855232
1851.69,27429855232
1851.98,27430264832
1852.28,27430674432
1852.57,27431084032
1852.86,27431493632
1853.15,27431903232
1853.44,27432312832
1853.74,27432722432
1854.03,27433132032
1854.32,27433541632
1854.61,27433951232
1854.90,27433951232
1855.19,27434360832
1855.48,27435180032
1855.78,27435589632
1856.07,27435999232
1856.37,27435999232
1856.66,27435999232
1856.96,27435999232
1857.24,27435999232
1857.54,27435999232
1857.84,27435999232
1858.13,27435999232
1858.42,27435999232
1858.72,27435999232
1859.02,27435999232
1859.31,27435999232
1859.61,27435999232
1859.91,27435999232
1860.21,27435999232
1860.50,27435999232
1860.79,27435999232
1861.09,27435999232
1861.40,27435999232
1861.69,27436408832
1861.98,27436818432
1862.28,27437228032
1862.58,27437637632
1862.88,27438047232
1863.18,27438456832
1863.48,27438866432
1863.77,27438866432
1864.07,27439276032
1864.37,27439276032
1864.65,27439276032
1864.95,27439276032
1865.24,27439276032
1865.53,27439276032
1865.83,27439276032
1866.12,27439276032
1866.42,27439276032
1866.71,27439685632
1867.00,27440095232
1867.30,27440504832
1867.59,27440914432
1867.88,27441324032
1868.17,27441733632
1868.46,27441733632
1868.75,27442143232
1869.05,27442552832
1869.34,27442962432
1869.63,27443372032
1869.92,27444191232
1870.21,27444191232
1870.50,27444600832
1870.79,27445010432
1871.08,27445420032
1871.38,27445829632
1871.67,27445829632
1871.96,27445829632
1872.25,27445829632
1872.55,27445829632
1872.83,27445829632
1873.12,27445829632
1873.42,27445829632
1873.72,27445829632
1874.01,27446239232
1874.30,27446239232
1874.59,27446239232
1874.88,27446239232
1875.17,27446239232
1875.46,27446239232
1875.76,27446239232
1876.05,27446239232
1876.34,27446239232
1876.63,27445829632
1876.92,27446648832
1877.21,27446648832
1877.51,27447058432
1877.80,27447468032
1878.09,27447468032
1878.38,27447468032
1878.67,27447468032
1878.96,27447468032
1879.26,27447468032
1879.55,27447468032
1879.84,27447468032
1880.13,27447468032
1880.42,27447468032
1880.71,27447468032
1881.01,27448287232
1881.30,27448287232
1881.59,27448696832
1881.89,27449106432
1882.19,27449516032
1882.48,27449516032
1882.78,27449516032
1883.07,27449516032
1883.36,27449516032
1883.65,27449516032
1883.95,27449516032
1884.24,27449516032
1884.54,27449516032
1884.83,27449925632
1885.15,27449925632
1885.45,27450335232
1885.75,27450335232
1886.04,27450335232
1886.33,27450335232
1886.62,27450335232
1886.92,27450335232
1887.22,27450335232
1887.52,27450335232
1887.81,27450335232
1888.11,27450335232
1888.41,27450744832
1888.69,27451154432
1888.98,27451564032
1889.28,27451973632
1889.57,27452383232
1889.86,27453202432
1890.15,27453202432
1890.44,27454021632
1890.74,27454021632
1891.03,27454431232
1891.32,27454431232
1891.61,27454431232
1891.90,27454431232
1892.19,27454431232
1892.49,27454431232
1892.78,27454431232
1893.07,27454431232
1893.36,27454840832
1893.66,27454840832
1893.95,27455250432
1894.25,27455250432
1894.55,27455660032
1894.83,27456069632
1895.12,27456479232
1895.41,27456888832
1895.70,27456888832
1895.99,27457298432
1896.28,27457708032
1896.57,27458527232
1896.85,27458117632
1897.15,27458527232
1897.44,27458936832
1897.73,27459346432
1898.02,27459756032
1898.32,27460165632
1898.61,27460575232
1898.91,27460575232
1899.20,27460575232
1899.49,27460575232
1899.78,27460575232
1900.08,27460575232
1900.37,27460575232
1900.66,27460575232
1900.95,27461394432
1901.24,27461394432
1901.53,27462213632
1901.82,27462213632
1902.12,27462623232
1902.41,27463032832
1902.69,27463442432
1902.99,27463852032
1903.29,27464261632
1903.58,27464261632
1903.87,27464671232
1904.16,27465080832
1904.45,27465080832
1904.74,27465080832
1905.03,27465080832
1905.32,27465080832
1905.62,27465080832
1905.91,27465080832
1906.19,27465080832
1906.49,27465080832
1906.78,27464474624
1907.07,27464474624
1907.36,27464474624
1907.65,27464474624
1907.95,27464474624
1908.23,27464474624
1908.53,27464474624
1908.81,27464474624
1909.10,27464474624
1909.38,27464884224
1909.68,27465293824
1909.97,27465703424
1910.27,27466113024
1910.56,27466522624
1910.86,27466522624
1911.16,27467341824
1911.45,27467341824
1911.75,27467341824
1912.04,27467341824
1912.33,27467341824
1912.62,27467341824
1912.91,27467341824
1913.21,27467341824
1913.49,27467341824
1913.78,27467341824
1914.07,27467751424
1914.37,27468161024
1914.66,27468570624
1914.96,27468980224
1915.25,27469389824
1915.54,27469389824
1915.83,27469389824
1916.12,27469389824
1916.42,27469389824
1916.71,27468943360
1917.00,27468943360
1917.30,27468943360
1917.59,27468943360
1917.87,27469762560
1918.16,27470172160
1918.45,27470581760
1918.74,27470991360
1919.04,27471400960
1919.33,27471400960
1919.62,27471400960
1919.91,27471400960
1920.21,27471400960
1920.50,27471400960
1920.79,27471400960
1921.08,27471400960
1921.38,27471400960
1921.67,27471400960
1921.96,27471810560
1922.25,27472220160
1922.55,27472220160
1922.84,27472629760
1923.14,27473039360
1923.43,27473448960
1923.72,27473858560
1924.01,27474268160
1924.30,27474268160
1924.59,27474677760
1924.88,27475087360
1925.17,27475496960
1925.47,27475906560
1925.76,27475906560
1926.06,27476316160
1926.35,27476725760
1926.64,27476725760
1926.94,27476725760
1927.23,27476725760
1927.53,27476725760
1927.82,27476725760
1928.11,27476725760
1928.40,27476725760
1928.69,27476725760
1928.99,27476725760
1929.28,27476725760
1929.57,27476725760
1929.86,27476725760
1930.15,27476725760
1930.45,27476725760
1930.74,27477135360
1931.03,27477135360
1931.32,27477544960
1931.61,27477954560
1931.90,27478364160
1932.20,27478773760
1932.48,27479183360
1932.78,27479183360
1933.07,27479592960
1933.36,27480002560
1933.65,27480002560
1933.94,27480412160
1934.23,27480821760
1934.52,27481231360
1934.81,27481640960
1935.10,27481640960
1935.40,27481640960
1935.69,27481640960
1935.98,27481640960
1936.27,27481640960
1936.56,27481640960
1936.85,27481640960
1937.14,27481640960
1937.43,27482050560
1937.72,27482460160
1938.01,27482869760
1938.29,27482869760
1938.58,27483279360
1938.87,27483279360
1939.17,27483279360
1939.46,27483279360
1939.74,27483279360
1940.04,27483279360
1940.33,27483279360
1940.62,27483279360
1940.92,27483279360
1941.21,27483279360
1941.50,27484098560
1941.80,27484508160
1942.09,27484917760
1942.38,27484917760
1942.68,27485327360
1942.97,27485327360
1943.27,27485327360
1943.56,27485327360
1943.85,27485327360
1944.14,27485327360
1944.43,27485327360
1944.72,27485327360
1945.01,27485327360
1945.30,27485327360
1945.59,27485327360
1945.88,27485736960
1946.17,27485736960
1946.47,27486556160
1946.76,27486556160
1947.05,27486965760
1947.34,27487375360
1947.63,27487375360
1947.92,27487375360
1948.21,27487375360
1948.50,27487375360
1948.80,27487375360
1949.10,27487375360
1949.39,27487375360
1949.67,27487375360
1949.96,27487375360
1950.26,27487784960
1950.55,27488194560
1950.84,27488194560
1951.14,27488194560
1951.43,27488194560
1951.72,27488194560
1952.01,27488194560
1952.30,27488194560
1952.59,27488194560
1952.89,27488194560
1953.18,27488194560
1953.47,27488194560
1953.76,27488604160
1954.05,27489013760
1954.35,27489423360
1954.64,27489423360
1954.94,27489832960
1955.23,27490242560
1955.52,27490652160
1955.81,27491061760
1956.10,27491061760
1956.40,27491880960
1956.69,27491471360
1956.99,27491880960
1957.29,27491880960
1957.58,27492290560
1957.87,27492700160
1958.16,27493109760
1958.46,27493519360
1958.75,27493928960
1959.05,27493928960
1959.34,27493928960
1959.63,27493928960
1959.93,27493928960
1960.22,27493928960
1960.52,27493928960
1960.81,27493928960
1961.10,27494338560
1961.40,27494748160
1961.69,27495157760
1961.99,27495567360
1962.28,27495567360
1962.57,27495976960
1962.86,27496386560
1963.15,27496796160
1963.45,27497205760
1963.74,27497615360
1964.03,27498024960
1964.32,27498024960
1964.61,27498434560
1964.89,27498844160
1965.19,27499253760
1965.48,27499253760
1965.77,27499253760
1966.06,27499253760
1966.36,27499253760
1966.64,27499253760
1966.94,27499253760
1967.23,27499253760
1967.52,27499253760
1967.81,27499663360
1968.10,27499663360
1968.39,27499663360
1968.68,27499663360
1968.97,27499663360
1969.26,27499663360
1969.55,27499663360
1969.84,27499663360
1970.13,27499663360
1970.42,27499663360
1970.71,27500072960
1970.99,27500072960
1971.28,27500482560
1971.57,27500892160
1971.87,27501301760
1972.15,27501711360
1972.44,27501711360
1972.73,27502120960
1973.01,27502530560
1973.30,27502940160
1973.59,27502940160
1973.88,27503349760
1974.16,27503759360
1974.45,27504168960
1974.74,27504168960
1975.04,27504168960
1975.33,27504168960
1975.62,27504168960
1975.92,27504168960
1976.22,27504168960
1976.51,27504168960
1976.80,27503759360
1977.10,27503759360
1977.39,27503759360
1977.68,27503759360
1977.96,27503759360
1978.25,27503759360
1978.54,27503759360
1978.84,27503759360
1979.13,27503759360
1979.42,27503759360
1979.71,27504168960
1980.00,27504578560
1980.30,27504988160
1980.58,27504988160
1980.87,27505397760
1981.16,27505807360
1981.45,27506216960
1981.75,27506626560
1982.04,27506626560
1982.33,27507445760
1982.62,27507445760
1982.92,27507855360
1983.22,27508264960
1983.51,27508264960
1983.80,27508264960
1984.09,27508264960
1984.37,27508264960
1984.66,27508264960
1984.95,27508264960
1985.24,27508264960
1985.52,27508264960
1985.81,27508674560
1986.10,27509084160
1986.39,27509084160
1986.68,27509493760
1986.97,27509903360
1987.26,27510312960
1987.55,27510312960
1987.85,27510722560
1988.14,27511132160
1988.43,27511541760
1988.72,27511951360
1989.02,27511951360
1989.31,27511951360
1989.61,27511951360
1989.90,27511951360
1990.19,27511951360
1990.48,27511951360
1990.76,27511951360
1991.06,27511951360
1991.35,27511951360
1991.64,27512360960
1991.93,27512360960
1992.23,27512360960
1992.52,27512360960
1992.81,27512360960
1993.11,27512360960
1993.40,27512360960
1993.68,27512360960
1993.97,27512360960
1994.26,27512360960
1994.55,27513180160
1994.84,27513180160
1995.14,27513589760
1995.43,27513999360
1995.72,27513999360
1996.01,27513999360
1996.31,27513999360
1996.59,27513999360
1996.88,27513413632
1997.17,27513413632
1997.46,27513413632
1997.75,27513413632
1998.04,27513823232
1998.33,27514232832
1998.62,27514642432
1998.91,27514642432
