time,used_memory_rss(bytes)
0.00,28419764224
0.30,28392321024
0.58,28368564224
0.87,28350541824
1.16,28333748224
1.45,28314497024
1.74,28301799424
2.03,28284186624
2.33,28271489024
2.62,17687789568
2.91,17693933568
3.21,35385249792
3.49,35390984192
3.78,35382382592
4.07,35365179392
4.36,35347156992
4.65,35329544192
4.94,35313979392
5.24,35295956992
5.53,35283668992
5.82,35266465792
6.11,35248443392
6.40,35234926592
6.69,35216494592
6.99,35196424192
7.28,35183726592
7.58,35164065792
7.86,35145633792
8.15,35127201792
8.44,35111636992
8.74,35099758592
9.03,35081736192
9.32,35065761792
9.61,35047329792
9.90,35032174592
10.19,35021524992
10.48,35003502592
10.78,34985070592
11.07,34967457792
11.36,34950254592
11.65,34931003392
11.94,34917076992
12.23,34899873792
12.52,34881032192
12.82,34866286592
13.10,34852769792
13.39,34839662592
13.69,34823688192
13.98,34804436992
14.27,34787643392
14.56,34775764992
14.85,34756513792
15.14,34738491392
15.44,34720059392
15.73,34702446592
16.02,34684833792
16.32,34665992192
16.61,34647969792
16.90,34634862592
17.19,34618068992
17.48,34600456192
17.77,34582024192
18.07,34565230592
18.36,34551304192
18.65,34540244992
18.94,34524680192
19.23,34505838592
19.53,34487816192
19.83,34469384192
20.13,34449723392
20.42,34430881792
20.72,34410811392
21.01,34392379392
21.30,34379681792
21.59,34363707392
21.88,34344865792
22.18,34326024192
22.48,34307592192
22.77,34288750592
23.06,34273595392
23.35,34255163392
23.64,34235092992
23.94,34216251392
24.23,34197000192
24.52,34178158592
24.82,34158497792
25.11,34140065792
25.40,34120814592
25.70,34101153792
26.00,34082721792
26.29,34063470592
26.58,34052001792
26.87,34036846592
27.16,34024148992
27.45,34004897792
27.74,33986465792
28.04,33969672192
28.33,33958612992
28.62,33940180992
28.91,33922568192
29.20,33904545792
29.49,33886113792
29.79,33867681792
30.08,33848840192
30.38,33830408192
30.67,33809108992
30.95,33790676992
31.24,33772654592
31.54,33754222592
31.83,33735380992
32.12,33716948992
32.41,33698926592
32.71,33680494592
32.99,33662881792
33.29,33644449792
33.58,33626017792
33.87,33607176192
34.16,33588744192
34.45,33574408192
34.74,33555566592
35.03,33537544192
35.32,33519931392
35.61,33502318592
35.90,33483886592
36.19,33464635392
36.49,33446203392
36.78,33427771392
37.07,33408929792
37.36,33390088192
37.65,33375752192
37.94,33359368192
38.23,33345032192
38.52,33329467392
38.81,33322913792
39.10,33318408192
39.39,33300795392
39.68,33280724992
39.98,33263521792
40.26,33245908992
40.55,33226248192
40.84,33210683392
41.13,33190203392
41.42,33170952192
41.71,33152110592
42.00,33133268992
42.29,33113608192
42.59,33095585792
42.88,33076334592
43.17,33057902592
43.46,33038241792
43.75,33018990592
44.04,33000148992
44.33,32980488192
44.62,32961646592
44.91,32944443392
45.21,32928059392
45.50,32908808192
45.79,32890376192
46.08,32871534592
46.37,32852283392
46.67,32833032192
46.95,32814600192
47.24,32795348992
47.53,32775278592
47.82,32756027392
48.11,32737595392
48.40,32718753792
48.70,32700321792
48.99,32685576192
49.28,32666324992
49.58,32646664192
49.87,32628232192
50.16,32608980992
50.45,32589320192
50.75,32567611392
51.05,32548360192
51.34,32529108992
51.63,32510267392
51.92,32490606592
52.21,32471355392
52.50,32452104192
52.79,32432443392
53.09,32416468992
53.38,32398856192
53.66,32379195392
53.96,32359124992
54.25,32340283392
54.54,32319803392
54.83,32300142592
55.12,32282529792
55.41,32262868992
55.70,32244027392
55.99,32224366592
56.29,32204296192
56.57,32185864192
56.86,32165793792
57.15,32146132992
57.44,32127291392
57.73,32107630592
58.03,32087969792
58.32,32068308992
58.61,32050696192
58.89,32037179392
59.18,32017518592
59.47,32001953792
59.76,31982292992
60.05,31963451392
60.35,31949115392
60.64,31927816192
60.93,31908564992
61.22,31888494592
61.51,31868833792
61.81,31848353792
62.10,31828283392
62.40,31809441792
62.69,31788961792
62.98,31768481792
63.27,31758241792
63.56,31738990592
63.85,31719329792
64.14,31698849792
64.43,31679188992
64.72,31666491392
65.02,31647240192
65.31,31627169792
65.61,31606280192
65.90,31587028992
66.19,31567777792
66.49,31547707392
66.78,31532961792
67.07,31513300992
67.37,31493640192
67.66,31473569792
67.96,31453089792
68.25,31432609792
68.54,31414177792
68.83,31396974592
69.12,31376494592
69.42,31357243392
69.72,31337172992
70.01,31320788992
70.31,31324065792
70.59,31301128192
70.89,31283105792
71.17,31267131392
71.46,31246651392
71.75,31228219392
72.04,31209787392
72.33,31189716992
72.62,31169646592
72.92,31149576192
73.20,31129096192
73.50,31109025792
73.79,31088955392
74.08,31069704192
74.37,31049224192
74.66,31034068992
74.96,31015636992
75.25,30996385792
75.54,30977544192
75.83,30957883392
76.12,30938632192
76.42,30927572992
76.72,30912008192
77.00,30891937792
77.29,30874734592
77.58,30855892992
77.87,30835412992
78.17,30816161792
78.46,30796091392
78.74,30776020992
79.03,30755540992
79.32,30735470592
79.62,30716219392
79.91,30699016192
80.20,30678945792
80.49,30658875392
80.78,30636347392
81.07,30616686592
81.36,30596616192
81.66,30576955392
81.95,30556884992
82.24,30537224192
82.53,30517972992
82.83,30499540992
83.11,30481928192
83.41,30462267392
83.70,30443425792
83.99,30424174592
84.28,30404923392
84.58,30384852992
84.87,30365601792
85.16,30345531392
85.45,30325460992
85.74,30305390592
86.04,30286548992
86.33,30271803392
86.62,30251732992
86.91,30232891392
87.20,30213230592
87.49,30194388992
87.78,30175137792
88.08,30167355392
88.37,19393363968
88.66,19400327168
88.96,19406880768
89.25,19413843968
89.54,19420807168
89.83,19427770368
90.13,19434733568
90.43,19441696768
90.72,19447021568
91.02,19454394368
91.31,19461767168
91.60,19468730368
91.89,19475693568
92.19,19483066368
92.48,19490848768
92.77,19497811968
93.06,19504775168
93.35,19512557568
93.64,19519930368
93.93,19527303168
94.22,19534266368
94.51,19541639168
94.80,19548602368
95.09,19555565568
95.38,19562938368
95.66,19569491968
95.95,19576455168
96.25,19583418368
96.54,19590381568
96.83,19597754368
97.12,19604717568
97.41,19611680768
97.70,19618643968
97.99,19625197568
98.29,19631751168
98.58,19638304768
98.86,19645267968
99.15,19651821568
99.44,19658375168
99.73,19665747968
100.02,19672711168
100.31,19679264768
100.61,19683360768
100.89,19689504768
101.18,19696058368
101.47,19703431168
101.77,19710394368
102.06,19717767168
102.34,19725139968
102.63,19732103168
102.92,19738656768
103.21,19746029568
103.50,19752583168
103.79,19758727168
104.08,19765690368
104.36,19772243968
104.66,19778797568
104.95,19785760768
105.24,19792723968
105.53,19799277568
105.82,19805831168
106.11,19813203968
106.41,19819757568
106.70,19826720768
106.99,19833274368
107.28,19839418368
107.58,19846791168
107.87,19853754368
108.16,19860307968
108.46,19866861568
108.75,19873824768
109.04,19880378368
109.33,19886931968
109.62,19893485568
109.92,19900039168
110.21,19906592768
110.51,19913555968
110.80,19917242368
111.09,19923386368
111.38,19929939968
111.67,19936083968
111.97,19942637568
112.25,19949600768
112.55,19956154368
112.84,19962298368
113.12,19968442368
113.41,19974586368
113.70,19981549568
113.99,19987693568
114.27,19994247168
114.56,20000391168
114.85,20006535168
115.14,20012679168
115.43,20019232768
115.72,20025786368
116.01,20031930368
116.31,20039303168
116.60,20045856768
116.89,20052410368
117.18,20058963968
117.47,20065107968
117.76,20071661568
118.05,20077805568
118.35,20084768768
118.64,20090503168
118.93,20097056768
119.22,20103200768
119.50,20109754368
119.79,20116307968
120.09,20122451968
120.37,20129005568
120.66,20133101568
120.95,20139245568
121.24,20145389568
121.53,20151943168
121.82,20158496768
122.11,20164640768
122.40,20171194368
122.69,20177338368
122.98,20183891968
123.28,20190035968
123.57,20196179968
123.87,20202323968
124.16,20208877568
124.46,20215431168
124.75,20221984768
125.05,20228128768
125.35,20234272768
125.64,20240007168
125.93,20246151168
126.22,20252295168
126.51,20258439168
126.80,20264992768
127.09,20271136768
127.39,20277280768
127.68,20284243968
127.97,20290387968
128.26,20296122368
128.56,20302266368
128.85,20308000768
129.14,20314554368
129.43,20320698368
129.73,20326842368
130.02,20332986368
130.31,20339130368
130.60,20344045568
130.89,20348551168
131.18,20354695168
131.48,20360839168
131.77,20366983168
132.06,20373536768
132.35,20379680768
132.64,20385824768
132.94,20392378368
133.23,20398522368
133.52,20404666368
133.81,20411219968
134.10,20416954368
134.39,20423098368
134.69,20429242368
134.98,20435386368
135.28,20441530368
135.56,20447674368
135.85,20453818368
136.15,20459552768
136.44,20465696768
136.74,20471840768
137.03,20477984768
137.32,20484128768
137.61,20490272768
137.90,20496826368
138.19,20502970368
138.48,20508704768
138.77,20514848768
139.06,20520992768
139.36,20527546368
139.65,20533280768
139.94,20539424768
140.24,20545568768
140.53,20552122368
140.82,20555808768
141.12,20561952768
141.41,20568096768
141.70,20574650368
141.99,20580384768
142.28,20586528768
142.57,20592672768
142.86,20598407168
143.15,20604551168
143.45,20610695168
143.74,20617248768
144.03,20623392768
144.32,20629536768
144.62,20635680768
144.91,20642234368
145.20,20648787968
145.49,20654931968
145.79,20661075968
146.08,20667219968
146.38,20673773568
146.67,20679917568
146.96,20686471168
147.24,20692615168
147.53,20698349568
147.82,20704083968
148.11,20709818368
148.40,20715962368
148.69,20722106368
148.98,20728250368
149.27,20733984768
149.56,20740538368
149.85,20746272768
150.14,20752416768
150.44,20758560768
150.73,20762247168
151.03,20767981568
151.32,20774125568
151.62,20779859968
151.91,20786003968
152.20,20791738368
152.49,20797882368
152.78,20804026368
153.07,20809760768
153.37,20815904768
153.66,20821639168
153.94,20827783168
154.24,20833517568
154.53,20839251968
154.82,20844986368
155.11,20851130368
155.41,20857274368
155.70,20863008768
155.99,20868333568
156.28,20874067968
156.57,20879802368
156.86,20885536768
157.15,20891271168
157.44,20897415168
157.73,20903149568
158.03,20909293568
158.32,20915027968
158.60,20920762368
158.89,20926906368
159.19,20933050368
159.47,20939194368
159.77,20944519168
160.05,20950663168
160.34,20956397568
160.64,20960493568
160.93,20966227968
161.22,20971962368
161.51,20978106368
161.79,20983840768
162.09,20989575168
162.38,20995309568
162.67,21001043968
162.97,21006778368
163.26,21012512768
163.55,21018247168
163.84,21023981568
164.13,21029715968
164.42,21035040768
164.71,21040775168
165.00,21046919168
165.30,21052653568
165.59,21057978368
165.89,21063712768
166.18,21069447168
166.47,21074771968
166.77,21080096768
167.06,21086240768
167.35,21091565568
167.64,21097299968
167.93,21103034368
168.22,21108768768
168.51,21114503168
168.80,21119827968
169.09,21125562368
169.38,21131296768
169.67,21137031168
169.95,21142355968
170.25,21148090368
170.54,21153824768
170.83,21156282368
171.12,21162016768
171.41,21167751168
171.70,21173485568
171.99,21179629568
172.29,21185773568
172.58,21191507968
172.87,21196832768
173.16,21202567168
173.45,21208301568
173.74,21214035968
174.03,21219770368
174.33,21225504768
174.62,21231239168
174.91,21236973568
175.20,21242707968
175.49,21248442368
175.78,21254176768
176.08,21259911168
176.37,21266055168
176.66,21271789568
176.96,21277523968
177.24,21282848768
177.54,21288583168
177.83,21294727168
178.12,21300461568
178.42,21306195968
178.72,21311930368
179.01,21317255168
179.30,21322989568
179.59,21328314368
179.88,21333639168
180.18,21338963968
180.47,21344288768
180.76,21347565568
181.05,21352890368
181.34,21358215168
181.64,21363949568
181.93,21368864768
182.22,21374189568
182.52,21380333568
182.81,21385658368
183.10,21390983168
183.40,21396307968
183.69,21402042368
183.98,21407776768
184.28,21413101568
184.56,21418426368
184.85,21423751168
185.15,21429075968
185.44,21434400768
185.74,21439725568
186.04,21445050368
186.33,21450375168
186.62,21456109568
186.91,21461434368
187.21,21466759168
187.50,21472083968
187.78,21477408768
188.08,21482733568
188.37,21488058368
188.67,21493792768
188.96,21499117568
189.25,21504442368
189.54,21509767168
189.84,21515091968
190.13,21520826368
190.42,21526560768
190.71,21529427968
191.00,21535162368
191.29,21540487168
191.57,21546631168
191.87,21552365568
192.16,21557690368
192.45,21563015168
192.75,21568749568
193.04,21574074368
193.33,21578989568
193.62,21584314368
193.91,21589639168
194.20,21594963968
194.50,21600288768
194.79,21605613568
195.08,21610938368
195.37,21616263168
195.66,21621587968
195.95,21626912768
196.24,21632237568
196.53,21637562368
196.83,21642887168
197.12,21648211968
197.41,21653536768
197.69,21658861568
197.98,21664186368
198.28,21669920768
198.57,21675245568
198.86,21680570368
199.16,21685895168
199.45,21691629568
199.74,21696954368
200.03,21701869568
200.32,21707194368
200.61,21712109568
200.91,21714976768
201.20,21720301568
201.48,21725626368
201.78,21730951168
202.07,21736275968
202.36,21741600768
202.65,21746925568
202.94,21752250368
203.23,21757575168
203.53,21762490368
203.82,21767815168
204.11,21773139968
204.41,21778464768
204.70,21783789568
204.99,21789114368
205.28,21794439168
205.57,21799763968
205.86,21804679168
206.15,21809594368
206.44,21814509568
206.73,21820243968
207.03,21824749568
207.32,21830074368
207.61,21835399168
207.90,21839904768
208.19,21845639168
208.48,21850554368
208.77,21855469568
209.06,21860384768
209.34,21866119168
209.63,21871034368
209.93,21876359168
210.22,21881683968
210.51,21887418368
210.81,21889875968
211.10,21895200768
211.39,21900525568
211.68,21905440768
211.97,21910765568
212.26,21916090368
212.55,21921005568
212.85,21926739968
213.14,21931655168
213.43,21936979968
213.72,21941895168
214.01,21946810368
214.30,21951315968
214.59,21956231168
214.88,21961555968
215.18,21966880768
215.47,21972205568
215.76,21977530368
216.06,21982855168
216.35,22004154368
216.64,22022995968
216.94,22038151168
217.23,22049210368
217.51,22059040768
217.81,22067642368
218.11,22074605568
218.40,22081159168
218.70,22087303168
218.99,22093037568
219.28,22098362368
219.57,22103277568
219.86,22108602368
220.16,22113517568
220.44,22118842368
220.74,22121299968
221.03,22125805568
221.32,22130720768
221.62,22135635968
221.90,22140141568
222.19,22145466368
222.49,22149971968
222.78,22154887168
223.07,22159802368
223.37,22164307968
223.66,22169223168
223.95,22173728768
224.24,22178234368
224.53,22182739968
224.82,22187245568
225.11,22192160768
225.40,22196666368
225.69,22201581568
225.97,22206087168
226.25,22211002368
226.54,22215507968
226.84,22220832768
227.13,22225747968
227.42,22230663168
227.72,22235578368
228.01,22240493568
228.30,22244999168
228.59,22250323968
228.88,22255239168
229.17,22260563968
229.46,22265069568
229.75,22269984768
230.03,22274490368
230.33,22279405568
230.62,22283911168
230.91,22286368768
231.20,22290874368
231.49,22295379968
231.78,22300704768
232.08,22305619968
232.38,22310535168
232.67,22315040768
232.96,22319546368
233.25,22324461568
233.55,22329376768
233.84,22334291968
234.14,22339207168
234.43,22343712768
234.72,22348218368
235.01,22352723968
235.30,22357639168
235.60,22362144768
235.89,22366650368
236.18,22371565568
236.47,22376480768
236.77,22381395968
237.06,22385901568
237.36,22390407168
237.65,22394912768
237.94,22399827968
238.23,22403923968
238.52,22408839168
238.82,22413344768
239.11,22417850368
239.41,22422355968
239.70,22426861568
239.98,22431367168
240.27,22436282368
240.57,22440787968
240.85,22443245568
241.15,22447751168
241.44,22452256768
241.73,22456352768
242.01,22461267968
242.30,22465363968
242.59,22469869568
242.88,22474784768
243.18,22479290368
243.46,22483795968
243.74,22488301568
244.03,22492807168
244.32,22496903168
244.61,22501408768
244.89,22505504768
245.18,22510419968
245.47,22514925568
245.75,22519431168
246.05,22524346368
246.34,22528851968
246.64,22532947968
246.93,22537863168
247.22,22542368768
247.51,22546874368
247.80,22551379968
248.09,22555885568
248.40,22560800768
248.69,22565306368
248.98,22569402368
249.27,22573907968
249.56,22578413568
249.86,22582919168
250.15,22587424768
250.44,22591520768
250.73,22593978368
251.02,22598074368
251.31,22602170368
251.60,22606675968
251.89,22611181568
252.18,22615277568
252.48,22619783168
252.77,22624288768
253.06,22628794368
253.35,22632890368
253.66,22636986368
253.95,22641491968
254.24,22645587968
254.54,22650093568
254.83,22654599168
255.13,22658695168
255.42,22663200768
255.71,22667706368
256.01,22672211968
256.30,22676307968
256.59,22680813568
256.88,22684909568
257.18,22689005568
257.47,22693511168
257.76,22697607168
258.06,22702112768
258.35,22705799168
258.64,22709895168
258.92,22714400768
259.22,22718087168
259.51,22722592768
259.80,22726688768
260.09,22730784768
260.38,22735290368
260.68,22739386368
260.97,22741434368
261.26,22745939968
261.55,22750035968
261.84,22754131968
262.13,22758637568
262.42,22762733568
262.71,22767239168
263.01,22771335168
263.30,22775431168
263.59,22779527168
263.88,22783623168
264.17,22787719168
264.46,22791815168
264.76,22795911168
265.05,22800007168
265.34,22804512768
265.63,22808608768
265.93,22813114368
266.22,22817210368
266.51,22821306368
266.80,22825402368
267.09,22829907968
267.37,22834003968
267.66,22838099968
267.96,22842605568
268.25,22846701568
268.54,22850797568
268.83,22855303168
269.12,22858989568
269.42,22863085568
269.71,22867181568
270.00,22871687168
270.29,22876192768
270.58,22879879168
270.87,22882336768
271.16,22886432768
271.45,22890528768
271.75,22894624768
272.04,22899130368
272.33,22903226368
272.63,22907322368
272.92,22911418368
273.21,22915514368
273.50,22920019968
273.79,22923706368
274.08,22894256128
274.38,22898761728
274.67,22903267328
274.96,22907772928
275.25,22911868928
275.55,22916784128
275.84,22921699328
276.13,22925795328
276.43,22929891328
276.71,22933987328
277.00,22938492928
277.30,22942588928
277.59,22947094528
277.88,22951600128
278.18,22956105728
278.47,22960201728
278.76,22964297728
279.05,22968803328
279.35,22973308928
279.64,22976995328
279.93,22981091328
280.23,22985596928
280.52,22989692928
280.81,22992150528
281.11,22996246528
281.40,23000752128
281.70,23004438528
281.99,23008534528
282.28,23013040128
282.57,23017136128
282.85,23021232128
283.14,23025737728
283.43,23029833728
283.71,23033929728
284.00,23038435328
284.29,23042531328
284.58,23046217728
284.87,23050313728
285.17,23054409728
285.46,23058505728
285.75,23062601728
286.04,23066288128
286.33,23070793728
286.62,23074889728
286.92,23079395328
287.21,23083491328
287.50,23087996928
287.80,23092912128
288.09,23097008128
288.38,23101104128
288.67,23105609728
288.97,23110115328
289.26,23114211328
289.56,23118716928
289.85,23122812928
290.14,23127318528
290.44,23131824128
290.73,23134691328
291.02,23139196928
291.32,23143292928
291.61,23147388928
291.90,23151484928
292.19,23155580928
292.48,23160086528
292.77,23163772928
293.06,23168278528
293.34,23171964928
293.63,23176060928
293.92,23180156928
294.21,23184252928
294.49,23188348928
294.79,23192444928
295.08,23196131328
295.37,23200227328
295.66,23203913728
295.95,23208009728
296.24,23212105728
296.53,23215792128
296.82,23219888128
297.11,23223984128
297.40,23228080128
297.69,23232585728
298.00,23236681728
298.29,23241187328
298.58,23245283328
298.87,23248969728
299.15,23253065728
299.44,23257161728
299.73,23261257728
300.02,23265353728
300.31,23269859328
300.60,23274364928
300.89,23275184128
301.18,23279280128
301.47,23282966528
301.75,23287062528
302.04,23291158528
302.33,23294844928
302.62,23298531328
302.91,23302627328
303.20,23306313728
303.49,23310409728
303.78,23314096128
304.08,23317782528
304.37,23321878528
304.66,23325974528
304.95,23330070528
305.24,23334166528
305.53,23338262528
305.82,23342358528
306.11,23346454528
306.39,23350550528
306.69,23354646528
306.98,23358332928
307.28,23362428928
307.57,23366115328
307.85,23369801728
308.14,23373488128
308.43,23377174528
308.73,23381270528
309.02,23384956928
309.31,23388643328
309.59,23392329728
309.88,23396016128
310.17,23400112128
310.46,23404208128
310.75,23406256128
311.05,23409942528
311.34,23413628928
311.64,23417315328
311.93,23421001728
312.22,23424688128
312.51,23428784128
312.80,23432470528
313.09,23436566528
313.38,23440252928
313.67,23444348928
313.96,23448035328
314.25,23452131328
314.54,23456227328
314.83,23459913728
315.12,23464009728
315.41,23467696128
315.70,23471792128
315.99,23475888128
316.28,23479984128
316.57,23484489728
316.86,23488585728
317.15,23492272128
317.44,23495958528
317.74,23499235328
318.03,23502921728
318.32,23506608128
318.61,23510704128
318.90,23513980928
319.19,23517667328
319.47,23521353728
319.76,23525040128
320.04,23529136128
320.33,23533232128
320.63,23536918528
320.92,23538966528
321.21,23543062528
321.49,23546748928
321.79,23550435328
322.08,23553712128
322.36,23557808128
322.66,23561084928
322.95,23565180928
323.24,23568867328
323.53,23572553728
323.82,23576649728
324.11,23580336128
324.41,23584022528
324.70,23587299328
324.99,23590985728
325.29,23594672128
325.58,23598358528
325.87,23602044928
326.16,23605731328
326.45,23609417728
326.75,23613513728
327.04,23616790528
327.33,23620886528
327.62,23624572928
327.91,23628668928
328.21,23631945728
328.50,23635632128
328.80,23639318528
329.09,23642595328
329.39,23646281728
329.68,23649968128
329.97,23653654528
330.26,23656931328
330.55,23660617728
330.84,23663484928
331.14,23667171328
331.43,23670857728
331.72,23674544128
332.01,23678230528
332.30,23681916928
332.60,23685603328
332.88,23688880128
333.17,23692566528
333.46,23695843328
333.75,23699529728
334.05,23703216128
334.33,23706902528
334.62,23710179328
334.91,23714275328
335.21,23718371328
335.50,23721648128
335.80,23725744128
336.09,23729430528
336.38,23733116928
336.67,23736803328
336.96,23740489728
337.26,23744176128
337.55,23747862528
337.85,23751958528
338.14,23755644928
338.43,23758921728
338.72,23762608128
339.01,23766294528
339.30,23769980928
339.58,23773667328
339.88,23777353728
340.17,23781040128
340.46,23784316928
340.75,23785545728
341.04,23789232128
341.34,23792508928
341.63,23796195328
341.92,23799881728
342.22,23803568128
342.51,23806844928
342.80,23810531328
343.09,23814217728
343.38,23818313728
343.68,23822409728
343.97,23825686528
344.26,23829372928
344.55,23833468928
344.84,23837155328
345.13,23841251328
345.43,23844528128
345.71,23848624128
346.00,23851900928
346.30,23855587328
346.59,23859273728
346.89,23862960128
347.18,23866646528
347.47,23870742528
347.76,23874019328
348.05,23877705728
348.34,23880982528
348.63,23885078528
348.93,23888764928
349.22,23892451328
349.50,23896137728
349.80,23899824128
350.09,23903100928
350.37,23906787328
350.67,23910064128
350.96,23910883328
351.25,23914160128
351.54,23917846528
351.84,23921123328
352.12,23924400128
352.42,23927676928
352.71,23931363328
353.00,23934640128
353.29,23937916928
353.58,23941193728
353.88,23944880128
354.17,23948566528
354.46,23951843328
354.75,23955120128
355.04,23958806528
355.33,23962083328
355.63,23965769728
355.92,23969046528
356.21,23972323328
356.50,23975600128
356.79,23978876928
357.07,23982153728
357.37,23985430528
357.65,23988707328
357.95,23992393728
358.24,23995670528
358.53,23998947328
358.82,24002224128
359.12,24005500928
359.41,24008777728
359.70,24012464128
359.99,24015740928
360.29,24019017728
360.58,24022294528
360.88,24023932928
361.16,24027209728
361.45,24030486528
361.75,24033763328
362.04,24037040128
362.33,24040726528
362.62,24044412928
362.92,24047689728
363.21,24051376128
363.51,24055062528
363.80,24058339328
364.09,24061616128
364.38,24064892928
364.67,24068169728
364.96,24071446528
365.25,24074723328
365.55,24077590528
365.83,24081276928
366.12,24084553728
366.42,24087830528
366.71,24091107328
367.01,24094384128
367.30,24097251328
367.60,24100528128
367.89,24103804928
368.19,24107491328
368.49,24110768128
368.78,24114044928
369.07,24116912128
369.37,24120188928
369.67,24123465728
369.96,24127152128
370.25,24130019328
370.55,24133296128
370.84,24135344128
371.13,24139030528
371.42,24142307328
371.71,24145174528
372.00,24148451328
372.29,24151728128
372.58,24155004928
372.87,24158281728
373.16,24158691328
373.45,24158691328
373.74,24158691328
374.04,24158691328
374.32,24158691328
374.61,24158691328
374.90,24158691328
375.19,24158691328
375.48,24158691328
375.77,24158691328
376.07,24158691328
376.36,48314937344
376.65,48317394944
376.94,48301830144
377.23,48283807744
377.52,48262098944
377.82,48240390144
378.11,48218681344
378.40,48195334144
378.69,48173215744
378.98,48150687744
379.27,48128569344
379.56,48104812544
379.86,48083513344
380.14,48061394944
380.43,48038866944
380.72,48016338944
381.02,47992172544
381.31,47970054144
381.60,47947526144
381.89,47924998144
382.19,47905746944
382.48,47887314944
382.77,47864377344
383.06,47842258944
383.36,47825055744
383.64,47802527744
383.93,47779180544
384.23,47756242944
384.52,47734534144
384.81,47714873344
385.11,47693574144
385.40,47674322944
385.69,47656300544
385.99,47633772544
386.28,47610425344
386.58,47587078144
386.87,47565778944
387.16,47548575744
387.46,47526047744
387.74,47503110144
388.04,47480582144
388.32,47458054144
388.62,47435116544
388.91,47412588544
389.20,47388422144
389.49,47368761344
389.78,47345004544
390.07,47321247744
390.37,47298719744
390.66,47273734144
390.96,47249567744
391.25,47225401344
391.54,47205740544
391.84,47191404544
392.12,47172153344
392.40,47156588544
392.69,47135289344
392.98,47113580544
393.27,47090642944
393.56,47070162944
393.86,47050502144
394.15,47029202944
394.45,47005446144
394.74,46982918144
395.03,46959570944
395.32,46936633344
395.61,46913695744
395.90,46889529344
396.20,46871097344
396.49,46848978944
396.78,46826860544
397.07,46804742144
397.36,46782623744
397.65,46760095744
397.94,46737567744
398.23,46719545344
398.52,46697836544
398.81,46675308544
399.10,46651551744
399.39,46628614144
399.67,46605266944
399.96,46582329344
400.26,46559801344
400.55,46536454144
400.84,46512287744
401.13,46488940544
401.42,46464774144
401.71,46441836544
402.00,46418079744
402.30,46395142144
402.58,46371794944
402.87,46348857344
403.16,46326329344
403.45,46303391744
403.75,46279634944
404.04,46257516544
404.32,46234578944
404.62,46211641344
404.90,46189113344
405.20,46166585344
405.48,46144057344
405.77,46121938944
406.06,46099410944
406.35,46076063744
406.65,46052716544
406.94,46030598144
407.23,46008070144
407.52,45985951744
407.81,45969567744
408.10,45956460544
408.39,45943353344
408.68,45929426944
408.97,45907718144
409.26,45886009344
409.55,45863890944
409.84,45845458944
410.13,45831122944
410.42,45812690944
410.71,45790572544
411.00,45767225344
411.30,45743468544
411.60,45719302144
411.90,45696774144
412.19,45673426944
412.48,45649670144
412.78,45635743744
413.07,45622226944
413.36,45607481344
413.65,45586182144
413.94,45569798144
414.23,45547270144
414.53,45529247744
414.82,45506719744
415.12,45485830144
415.41,45463302144
415.71,45444460544
416.00,45421932544
416.29,45399404544
416.58,45376466944
416.87,45354758144
417.16,45332230144
417.46,45310521344
417.75,45288402944
418.04,45267103744
418.33,45247033344
418.62,45224095744
418.92,45200748544
419.21,45177401344
419.50,45155282944
419.79,45132345344
420.08,45108178944
420.38,45085241344
420.66,45068038144
420.95,45049196544
421.25,45031993344
421.54,45010694144
421.82,44989394944
422.12,44966866944
422.41,44944338944
422.70,44922630144
423.00,44899692544
423.29,44877983744
423.59,44855865344
423.88,44836204544
424.18,44814495744
424.46,44792377344
424.75,44769849344
425.05,44748140544
425.34,44726022144
425.63,44704313344
425.93,44682604544
426.22,44660486144
426.51,44639186944
426.80,44623212544
427.09,44609695744
427.38,44590854144
427.68,44567097344
427.97,44551532544
428.26,44531462144
428.55,44510162944
428.84,44488044544
429.13,44465926144
429.42,44443807744
429.70,44421279744
429.99,44407762944
430.28,44410220544
430.57,44397113344
430.86,44383186944
431.16,44362297344
431.45,44340588544
431.75,44320927744
432.04,44296761344
432.34,44273414144
432.63,44250476544
432.92,44227538944
433.21,44204601344
433.50,44181254144
433.79,44157497344
434.09,44133740544
434.38,44111212544
434.67,44089094144
434.96,44070252544
435.25,44048953344
435.54,44026425344
435.83,44003078144
436.12,43984646144
436.41,43970719744
436.69,43949420544
436.99,43934265344
437.28,43915423744
437.57,43893714944
437.86,43870777344
438.15,43850297344
438.44,43827359744
438.73,43804422144
439.02,43782713344
439.30,43765510144
439.59,43742162944
439.88,43720044544
440.17,43701612544
440.47,43679903744
440.76,43657785344
441.05,43633209344
441.34,43611910144
441.63,43589791744
441.93,43567263744
442.21,43544735744
442.51,43522207744
442.80,43503775744
443.08,43482066944
443.38,43459948544
443.67,43437420544
443.95,43414482944
444.25,43390726144
444.55,43367788544
444.84,43345260544
445.13,43342393344
445.42,43342393344
445.71,43342393344
446.01,43339526144
446.31,43316998144
446.60,43294470144
446.88,43271942144
447.17,43255558144
447.46,43233030144
447.75,43210502144
448.03,43188383744
448.32,43170361344
448.61,43147833344
448.90,43135954944
449.20,43135954944
449.49,43135954944
449.78,43135954944
450.08,43122028544
450.37,43102777344
450.66,43081068544
450.95,43057311744
451.25,43034374144
451.54,43012255744
451.84,42989318144
452.13,42971705344
452.42,42948767744
452.71,42925830144
453.00,42923782144
453.29,42923782144
453.59,42923782144
453.88,42923372544
454.17,42900844544
454.46,42877497344
454.75,42854559744
455.04,42830802944
455.34,42807865344
455.63,42784518144
455.92,42760761344
456.22,42737823744
456.50,42724716544
456.79,42720620544
457.08,42720620544
457.37,42720620544
457.67,42720620544
457.95,42720620544
458.25,42720620544
458.54,42717753344
458.83,42705465344
459.12,42685394944
459.41,42665324544
459.70,42652217344
459.99,42628460544
460.28,42626822144
460.57,42626822144
460.87,42626412544
461.16,42626412544
461.45,42626412544
461.74,42626412544
462.03,42624364544
462.32,42604294144
462.61,42580127744
462.90,42556780544
463.19,42543263744
463.48,42530156544
463.76,42530156544
464.06,42530156544
464.34,42530156544
464.63,42530156544
464.93,42530156544
465.22,42530156544
465.51,42518687744
465.80,42494521344
466.09,42473222144
466.38,42454790144
466.67,42437177344
466.96,42437177344
467.26,42437177344
467.55,42437177344
467.84,42437177344
468.13,42437177344
468.43,42437177344
468.71,42432262144
469.01,42409734144
469.30,42388434944
469.59,42367954944
469.88,42345836544
470.17,42342559744
470.45,42342559744
470.74,42342559744
471.03,42341740544
471.33,42341740544
471.61,42341740544
471.90,42339692544
472.19,42322079744
472.48,42301599744
472.77,42283167744
473.06,42262687744
473.35,42246713344
473.64,42246713344
473.93,42246713344
474.23,42246713344
474.51,42246713344
474.80,42246713344
475.09,42246713344
475.38,42234834944
475.67,42213945344
475.95,42195922944
476.24,42174623744
476.53,42155372544
476.82,42155372544
477.11,42155372544
477.40,42155372544
477.68,42155372544
477.97,42155372544
478.26,42155372544
478.55,42152505344
478.84,42133254144
479.12,42111545344
479.42,42091884544
479.70,42084511744
479.99,42084511744
480.28,42075500544
480.57,42075500544
480.87,42075090944
481.15,42075090944
481.44,42075090944
481.72,42075090944
482.01,42075090944
482.29,42065670144
482.58,42049695744
482.87,42028396544
483.16,42007097344
483.45,41987026944
483.74,41987026944
484.03,41987026944
484.32,41987026944
484.62,41987026944
484.91,41987026944
485.20,41987026944
485.49,41982930944
485.78,41962450944
486.07,41943609344
486.37,41923538944
486.66,41903878144
486.95,41894047744
487.24,41894047744
487.53,41894047744
487.81,41894047744
488.10,41894047744
488.39,41894047744
488.69,41894047744
488.98,41880121344
489.26,41858822144
489.55,41837113344
489.84,41816633344
490.12,41802706944
490.42,41802706944
490.70,41802706944
491.00,41802297344
491.29,41802297344
491.58,41802297344
491.87,41802297344
492.16,41794924544
492.44,41775673344
492.73,41759289344
493.02,41736351744
493.32,41713414144
493.61,41708089344
493.90,41708089344
494.19,41708089344
494.48,41708089344
494.77,41708089344
495.07,41708089344
495.36,41707679744
495.64,41691295744
495.93,41671225344
496.22,41647468544
496.51,41623711744
496.81,41614290944
497.10,41614290944
497.39,41614290944
497.68,41614290944
497.97,41614290944
498.26,41614290944
498.55,41614290944
498.84,41602412544
499.13,41589305344
499.42,41567186944
499.71,41547526144
500.00,41532370944
500.30,41529913344
500.59,41529913344
500.89,41529094144
501.18,41529094144
501.48,41529094144
501.76,41529094144
502.06,41527865344
502.35,41511071744
502.64,41496326144
502.93,41473798144
503.22,41454137344
503.52,41441439744
503.81,41441439744
504.10,41441439744
504.39,41441439744
504.68,41441439744
504.98,41441439744
505.27,41441439744
505.55,41437343744
505.84,41415634944
506.13,41392697344
506.43,41370578944
506.71,41348870144
507.01,41348870144
507.30,41348870144
507.59,41348870144
507.87,41348870144
508.16,41348870144
508.45,41348870144
508.74,41343545344
509.03,41321836544
509.32,41302585344
509.61,41285791744
509.90,41262444544
510.19,41258348544
510.49,41258348544
510.78,41258348544
511.08,41258348544
511.37,41258348544
511.66,41258348544
511.95,41256300544
512.24,41235001344
512.54,41212473344
512.83,41194450944
513.12,41171103744
513.40,41170284544
513.69,41170284544
513.98,41170284544
514.27,41170284544
514.56,41170284544
514.85,41170284544
515.14,41170284544
515.43,41164140544
515.72,41143660544
516.01,41119903744
516.30,41096966144
516.59,41093689344
516.88,41093689344
517.18,41093689344
517.46,41093689344
517.76,41093689344
518.05,41093689344
518.33,41093689344
518.62,41090822144
518.91,41069522944
519.20,41045766144
519.50,41027334144
519.80,41020780544
520.09,41020780544
520.38,41020780544
520.67,41020780544
520.96,41019961344
521.25,41019961344
521.54,41019961344
521.84,41016274944
522.13,40997433344
522.42,40977362944
522.71,40958930944
523.01,40954834944
523.30,40954834944
523.60,40954834944
523.88,40954834944
524.18,40954834944
524.47,40954834944
524.76,40954834944
525.04,40953606144
525.33,40955654144
525.62,40938450944
525.91,40915103744
526.21,40896671744
526.50,40892985344
526.79,40892985344
527.09,40892985344
527.38,40892985344
527.67,40892985344
527.96,40892985344
528.25,40892985344
528.54,40888889344
528.83,40872095744
529.12,40846290944
529.42,40824582144
529.71,40824582144
530.00,40824582144
530.29,40824582144
530.59,40824582144
530.87,40824582144
531.16,40824582144
531.46,40824582144
531.75,40816799744
532.04,40792633344
532.33,40768466944
532.63,40750034944
532.92,40750034944
533.21,40750034944
533.50,40750034944
533.78,40750034944
534.07,40750034944
534.36,40750034944
534.66,40750034944
534.95,40737337344
535.24,40717676544
535.54,40694329344
535.83,40682041344
536.12,40682041344
536.42,40682041344
536.71,40682041344
537.00,40682041344
537.29,40682041344
537.57,40682041344
537.86,40682041344
538.15,40663609344
538.44,40641081344
538.73,40616095744
539.02,40609132544
539.31,40609132544
539.61,40609132544
539.89,40609132544
540.18,40609132544
540.47,40609132544
540.76,40609132544
541.05,40607903744
541.34,40587423744
541.63,40568991744
541.92,40547282944
542.21,40538271744
542.50,40538271744
542.79,40538271744
543.08,40538271744
543.38,40538271744
543.67,40538271744
543.96,40538271744
544.25,40537042944
544.55,40517382144
544.84,40495263744
545.13,40477241344
545.42,40469868544
545.70,40469868544
545.99,40469868544
546.28,40469868544
546.57,40469868544
546.86,40469868544
547.15,40469868544
547.44,40469458944
547.73,40449798144
548.02,40427679744
548.32,40404742144
548.61,40398598144
548.89,40398598144
549.18,40398598144
549.47,40398598144
549.75,40398598144
550.05,40398598144
550.34,40398598144
550.62,40397369344
550.91,40378118144
551.20,40362143744
551.49,40343302144
551.77,40331833344
552.06,40331833344
552.35,40331833344
552.64,40331833344
552.93,40331833344
553.22,40331833344
553.51,40331833344
553.80,40331833344
554.09,40322002944
554.38,40299474944
554.67,40278585344
554.95,40265478144
555.25,40265478144
555.54,40265478144
555.83,40265478144
556.12,40265478144
556.41,40265478144
556.70,40265478144
557.00,40265478144
557.28,40254418944
557.58,40231481344
557.87,40207314944
558.15,40194207744
558.45,40194207744
558.74,40194207744
559.04,40194207744
559.32,40194207744
559.61,40194207744
559.90,40194207744
560.20,40194207744
560.49,40175366144
560.77,40152428544
561.07,40131538944
561.36,40124166144
561.65,40124166144
561.94,40124166144
562.23,40124166144
562.52,40124166144
562.81,40124166144
563.10,40124166144
563.39,40124166144
563.68,40125394944
563.98,40108191744
564.27,40084025344
564.56,40070098944
564.86,40065593344
565.15,40065593344
565.44,40065593344
565.73,40065593344
566.02,40065593344
566.32,40065593344
566.61,40065593344
566.90,40061497344
567.19,40041017344
567.48,40020127744
567.77,39998828544
568.06,39998828544
568.36,39998828544
568.65,39998828544
568.94,39998828544
569.23,39998828544
569.52,39998828544
569.81,39998828544
570.10,39989407744
570.39,39966470144
570.68,39948038144
570.98,39927558144
571.27,39927558144
571.56,39927558144
571.85,39927558144
572.15,39927558144
572.44,39927558144
572.74,39927558144
573.03,39927558144
573.32,39917318144
573.61,39894790144
573.90,39871852544
574.19,39858745344
574.48,39858745344
574.77,39858745344
575.07,39858745344
575.36,39858745344
575.65,39858745344
575.94,39858745344
576.24,39858745344
576.53,39846866944
576.83,39823929344
577.11,39799353344
577.41,39787065344
577.69,39787065344
577.98,39787065344
578.28,39787065344
578.57,39787065344
578.86,39787065344
579.15,39787065344
579.44,39787065344
579.74,39772729344
580.03,39750201344
580.32,39744876544
580.62,25019670528
580.91,25021308928
581.20,25022537728
581.50,25022537728
581.79,25022537728
582.08,25022537728
582.37,25022537728
582.66,25022537728
582.95,25022537728
583.24,25022537728
583.52,25024585728
583.81,25027043328
584.11,25029091328
584.40,25031548928
584.69,25034006528
584.98,25036464128
585.28,25038921728
585.57,25040969728
585.87,25043427328
586.16,25045065728
586.45,25045065728
586.74,25045065728
587.03,25045065728
587.33,25045065728
587.62,25045065728
587.90,25045065728
588.20,25045065728
588.48,25046704128
588.78,25048752128
589.07,25051209728
589.36,25053667328
589.65,25055715328
589.94,25058172928
590.23,25060630528
590.52,25063088128
590.81,25065545728
591.11,25067184128
591.41,25067184128
591.70,25067184128
591.98,25067184128
592.27,25067184128
592.56,25067184128
592.86,25067184128
593.15,25067184128
593.43,25068412928
593.72,25070870528
594.01,25073328128
594.30,25075785728
594.60,25077833728
594.88,25080291328
595.17,25082339328
595.46,25084796928
595.75,25086844928
596.04,25089302528
596.33,25089302528
596.62,25089302528
596.90,25089302528
597.19,25089302528
597.47,25089302528
597.76,25089302528
598.05,25089302528
598.34,25089712128
598.63,25092579328
598.92,25095036928
599.21,25097494528
599.51,25100361728
599.80,25102819328
600.09,25105276928
600.38,25107324928
600.67,25109782528
600.96,25111420928
601.25,25111420928
601.54,25111420928
601.83,25111420928
602.12,25111420928
602.42,25111420928
602.71,25111420928
603.00,25111420928
603.30,25112240128
603.59,25114288128
603.89,25116745728
604.18,25118793728
604.47,25120841728
604.76,25122889728
605.06,25124937728
605.34,25126985728
605.63,25129443328
605.93,25131491328
606.21,25133129728
606.50,25133129728
606.80,25133129728
607.09,25133129728
607.38,25133129728
607.67,25133129728
607.96,25133129728
608.25,25133129728
608.54,25134768128
608.84,25137225728
609.12,25139273728
609.41,25141321728
609.70,25143369728
609.99,25145827328
610.29,25147875328
610.58,25149923328
610.87,25151152128
611.15,25153200128
611.45,25153609728
611.74,25153609728
612.03,25153609728
612.32,25153609728
612.60,25153609728
612.88,25153609728
613.17,25153609728
613.46,25153609728
613.74,25156067328
614.03,25158115328
614.33,25160163328
614.61,25162211328
614.89,25163849728
615.18,25166307328
615.47,25168355328
615.77,25170812928
616.06,25172860928
616.35,25174908928
616.64,25174908928
616.94,25174908928
617.22,25174908928
617.51,25174908928
617.80,25174908928
618.09,25174908928
618.38,25174908928
618.67,25175728128
618.95,25177366528
619.23,25179824128
619.53,25182281728
619.82,25184329728
620.13,25186377728
620.42,25188835328
620.72,25190883328
621.01,25192521728
621.30,25194979328
621.59,25195798528
621.89,25195798528
622.18,25195798528
622.47,25195798528
622.76,25195798528
623.05,25195798528
623.34,25195798528
623.64,25195798528
623.93,25197436928
624.22,25199894528
624.50,25201942528
624.78,25203990528
625.07,25206857728
625.36,25209315328
625.66,25211772928
625.95,25214230528
626.23,25216278528
626.52,25217097728
626.81,25217097728
627.10,25217097728
627.40,25217097728
627.68,25217097728
627.97,25217097728
628.26,25217097728
628.54,25217097728
628.83,25219145728
629.11,25221603328
629.40,25224060928
629.68,25226108928
629.98,25228566528
630.27,25230614528
630.56,25232662528
630.85,25234300928
631.14,25236348928
631.43,25237577728
631.72,25237577728
632.01,25237577728
632.30,25237577728
632.58,25237577728
632.87,25237577728
633.16,25237577728
633.45,25237577728
633.74,25239216128
634.03,25241264128
634.32,25242902528
634.61,25245360128
634.91,25247408128
635.20,25249456128
635.49,25251504128
635.78,25253552128
636.08,25255600128
636.37,25257648128
636.66,25258467328
636.95,25258467328
637.24,25258467328
637.53,25258467328
637.82,25258467328
638.11,25258467328
638.41,25258467328
638.69,25258467328
638.98,25260515328
639.27,25262563328
639.56,25264611328
639.85,25266659328
640.13,25268707328
640.42,25271164928
640.71,25273212928
641.00,25273622528
641.29,25275670528
641.59,25277718528
641.87,25277718528
642.16,25277718528
642.45,25277718528
642.74,25277718528
643.02,25277718528
643.32,25277718528
643.61,25277718528
643.90,25278537728
644.19,25280585728
644.48,25282633728
644.76,25284681728
645.04,25286729728
645.34,25288777728
645.62,25290825728
645.92,25293283328
646.21,25294921728
646.50,25296969728
646.80,25297788928
647.09,25297788928
647.38,25297788928
647.67,25297788928
647.96,25297788928
648.24,25297788928
648.53,25297788928
648.82,25297788928
649.11,25299836928
649.40,25301884928
649.70,25304342528
649.99,25305980928
650.28,25308438528
650.57,25310486528
650.86,25312124928
651.15,25314172928
651.44,25316220928
651.73,25316630528
652.03,25316630528
652.32,25316630528
652.61,25316630528
652.90,25316630528
653.19,25316630528
653.48,25316630528
653.77,25317040128
654.05,25319088128
654.34,25321545728
654.63,25323593728
654.92,25326051328
655.21,25328099328
655.50,25330147328
655.79,25332195328
656.08,25334652928
656.37,25336291328
656.67,25336291328
656.96,25336291328
657.24,25336291328
657.53,25336291328
657.82,25336291328
658.12,25336291328
658.41,25336291328
658.71,25337520128
659.00,25339568128
659.29,25342025728
659.58,25344073728
659.87,25346121728
660.16,25348169728
660.46,25350217728
660.75,25352675328
661.04,25354313728
661.34,25355542528
661.62,25355542528
661.92,25355542528
662.21,25355542528
662.50,25355542528
662.80,25355542528
663.08,25355542528
663.38,25355542528
663.67,25357180928
663.96,25359638528
664.26,25361686528
664.55,25363734528
664.83,25365782528
665.12,25367830528
665.41,25370288128
665.70,25372336128
666.00,25374384128
666.29,25374793728
666.58,25374793728
666.87,25374793728
667.16,25374793728
667.44,25374793728
667.73,25374793728
668.02,25374793728
668.32,25375203328
668.61,25377660928
668.90,25379708928
669.19,25381756928
669.48,25383804928
669.76,25385852928
670.05,25388310528
670.34,25390768128
670.63,25392816128
670.93,25393635328
671.22,25393635328
671.51,25393635328
671.81,25393635328
672.10,25393635328
672.38,25393635328
672.68,25393635328
672.97,25393635328
673.26,25394864128
673.54,25396912128
673.83,25398960128
674.12,25401008128
674.41,25403465728
674.71,25405513728
675.00,25407561728
675.29,25409609728
675.58,25412067328
675.87,25412067328
676.16,25412067328
676.46,25412067328
676.75,25412067328
677.04,25412067328
677.33,25412067328
677.62,25412067328
677.92,25412476928
678.21,25414524928
678.49,25416572928
678.78,25419030528
679.07,25420668928
679.37,25422716928
679.66,25425174528
679.96,25427222528
680.25,25429270528
680.54,25431318528
680.83,25430908928
681.12,25430908928
681.41,25430908928
681.70,25430908928
681.99,25430908928
682.28,25430908928
682.57,25430908928
682.86,25431728128
683.14,25433366528
683.44,25435824128
683.73,25437872128
684.02,25439920128
684.31,25441968128
684.60,25444016128
684.89,25446064128
685.19,25447702528
685.48,25447702528
685.77,25447702528
686.07,25447702528
686.36,25447702528
686.65,25447702528
686.93,25447702528
687.22,25447702528
687.51,25448521728
687.79,25450569728
688.09,25452617728
688.38,25454256128
688.67,25456304128
688.96,25458352128
689.26,25460400128
689.55,25461219328
689.84,25461219328
690.13,25461219328
690.43,25461219328
690.72,25461219328
691.01,25460400128
691.30,25460400128
691.59,25460400128
691.89,25461219328
692.18,25463267328
692.48,25464905728
692.78,25467363328
693.07,25469411328
693.36,25471459328
693.65,25473507328
693.94,25475555328
694.23,25477603328
694.51,25479651328
694.81,25481699328
695.10,25483747328
695.38,25485385728
695.68,25487433728
695.97,25489481728
696.26,25491529728
696.56,25493577728
696.85,25495625728
697.14,25497673728
697.43,25499721728
697.73,25501769728
698.02,25503817728
698.32,25506275328
698.61,25507913728
698.90,25510371328
699.19,25512419328
699.48,25514467328
699.78,25516105728
700.07,25518153728
700.36,25519792128
700.66,25521840128
700.95,25523888128
701.24,25525936128
701.54,25527984128
701.83,25529622528
702.12,25531670528
702.41,25533718528
702.70,25535356928
702.99,25537404928
703.29,25539452928
703.58,25541500928
703.87,25543548928
704.17,25545596928
704.46,25547644928
704.75,25549692928
705.04,25551740928
705.34,25553788928
705.63,25555836928
705.92,25557884928
706.22,25560342528
706.52,25562390528
706.81,25564438528
707.10,25566076928
707.39,25568124928
707.68,25570172928
707.98,25572220928
708.27,25574268928
708.57,25576316928
708.86,25577955328
709.16,25580003328
709.45,25582051328
709.74,25583689728
710.03,25585737728
710.32,25588195328
710.61,25590243328
710.90,25591472128
711.20,25593520128
711.48,25595568128
711.77,25597206528
712.07,25599254528
712.36,25600892928
712.64,25602940928
712.94,25604988928
713.24,25606627328
713.53,25608675328
713.82,25610723328
714.11,25612771328
714.40,25614819328
714.69,25616867328
714.98,25618505728
715.27,25620553728
715.56,25622601728
715.85,25624649728
716.15,25626697728
716.44,25628745728
716.74,25630793728
717.04,25633251328
717.33,25635299328
717.62,25637347328
717.91,25639395328
718.21,25641443328
718.49,25643081728
718.78,25645129728
719.07,25646768128
719.36,25649225728
719.65,25650864128
719.94,25652912128
720.23,25654960128
720.53,25657008128
720.82,25659056128
721.11,25660284928
721.41,25662332928
721.70,25664380928
721.99,25666019328
722.28,25668476928
722.57,25670524928
722.86,25672163328
723.14,25674211328
723.43,25676259328
723.72,25678307328
724.02,25679945728
724.31,25681584128
724.60,25683632128
724.89,25685270528
725.18,25686908928
725.47,25688956928
725.76,25690595328
726.05,25692233728
726.34,25693872128
726.63,25695920128
726.92,25697558528
727.21,25699196928
727.50,25701244928
727.79,25702883328
728.08,25704931328
728.37,25706569728
728.66,25708208128
728.96,25710256128
729.25,25711894528
729.54,25713942528
729.83,25715580928
730.11,25717219328
730.41,25719267328
730.70,25720905728
730.99,25721724928
731.28,25723363328
731.58,25725001728
731.86,25726640128
732.15,25728688128
732.45,25730736128
732.75,25732374528
733.04,25734012928
733.33,25736060928
733.62,25738108928
733.91,25739747328
734.20,25741385728
734.49,25743433728
734.78,25745072128
735.07,25746710528
735.36,25748348928
735.66,25750396928
735.95,25752035328
736.24,25753673728
736.54,25755721728
736.83,25757360128
737.13,25759408128
737.42,25761456128
737.71,25763504128
738.00,25765552128
738.28,25767190528
738.58,25769648128
738.87,25771286528
739.17,25773334528
739.47,25774972928
739.75,25777020928
740.05,25778659328
740.34,25780707328
740.64,25782345728
740.93,25783164928
741.22,25784803328
741.52,25786851328
741.81,25788899328
742.11,25790128128
742.39,25790128128
742.69,25790128128
742.98,25790128128
743.27,25790128128
743.56,25790128128
743.86,25790128128
744.15,25790128128
744.44,25790537728
744.73,25792585728
745.02,25794224128
745.31,25796272128
745.60,25797500928
745.89,25799139328
746.18,25800777728
746.47,25802825728
746.76,25804054528
747.05,25806102528
747.34,25807740928
747.63,25809788928
747.93,25811427328
748.22,25813065728
748.52,25815113728
748.81,25816752128
749.11,25818390528
749.40,25820438528
749.69,25822076928
749.98,25823715328
750.27,25825763328
750.56,25827401728
750.86,25827811328
751.15,25829449728
751.43,25831497728
751.72,25833136128
752.01,25835184128
752.30,25836412928
752.59,25838460928
752.89,25840099328
753.17,25841737728
753.46,25843376128
753.75,25845424128
754.04,25847062528
754.33,25848700928
754.62,25850339328
754.91,25852387328
755.21,25854025728
755.50,25855664128
755.79,25857712128
756.08,25859350528
756.38,25860988928
756.67,25862627328
756.96,25864675328
757.25,25866313728
757.54,25867952128
757.83,25868361728
758.12,25868361728
758.41,25868361728
758.70,25868361728
759.00,25868361728
759.29,25868361728
759.58,25868361728
759.87,25868361728
760.16,25869590528
760.46,25871228928
760.75,25872867328
761.04,25873686528
761.33,25875734528
761.62,25877372928
761.91,25879011328
762.20,25881059328
762.49,25882697728
762.79,25884336128
763.08,25886384128
763.37,25887612928
763.66,25889660928
763.95,25891299328
764.24,25892937728
764.53,25894576128
764.82,25896624128
765.12,25897852928
765.41,25899900928
765.70,25901539328
765.99,25903177728
766.28,25904816128
766.57,25906864128
766.86,25908502528
767.15,25910140928
767.45,25912188928
767.74,25913827328
768.04,25915465728
768.32,25917104128
768.62,25918742528
768.91,25920790528
769.20,25922428928
769.49,25924067328
769.79,25925705728
770.08,25927344128
770.37,25928982528
770.67,25930620928
770.96,25931849728
771.25,25933488128
771.54,25935126528
771.83,25936764928
772.12,25938403328
772.40,25940041728
772.69,25941680128
772.99,25942499328
773.28,25944547328
773.57,25946595328
773.86,25947004928
774.16,25947004928
774.45,25947004928
774.75,25947004928
775.04,25947004928
775.33,25947004928
775.62,25947004928
775.91,25947004928
776.19,25948233728
776.49,25949872128
776.78,25951920128
777.06,25953558528
777.35,25955196928
777.64,25957244928
777.94,25959292928
778.22,25960931328
778.51,25962979328
778.80,25964617728
779.08,25966256128
779.38,25968304128
779.67,25969942528
779.96,25971990528
780.25,25973628928
780.55,25975267328
780.84,25976496128
781.13,25977315328
781.42,25978953728
781.71,25980592128
782.00,25982230528
782.29,25983868928
782.58,25985916928
782.88,25987555328
783.17,25989603328
783.46,25990832128
783.75,25992880128
784.04,25994518528
784.34,25996156928
784.64,25997795328
784.93,25999843328
785.22,26001072128
785.52,26002710528
785.81,26004348928
786.10,26005987328
786.39,26007625728
786.68,26009264128
786.97,26011312128
787.27,26012540928
787.56,26014179328
787.86,26015817728
788.15,26017046528
788.43,26019094528
788.73,26020323328
789.02,26021961728
789.32,26023600128
789.61,26025238528
789.90,26026876928
790.20,26028515328
790.49,26030153728
790.78,26031792128
791.07,26032201728
791.37,26033840128
791.66,26033840128
791.95,26033840128
792.24,26033840128
792.53,26033840128
792.83,26033840128
793.12,26033840128
793.41,26033840128
793.70,26033840128
793.99,26034659328
794.28,26036297728
794.57,26037526528
794.86,26037526528
795.16,26037526528
795.44,26037526528
795.73,26037526528
796.02,26037526528
796.32,26037526528
796.60,26037526528
796.89,26037526528
797.18,26039164928
797.47,26040803328
797.76,26042441728
798.05,26044080128
798.34,26044899328
798.63,26044899328
798.92,26044899328
799.21,26044899328
799.50,26044899328
799.80,26044899328
800.09,26044899328
800.37,26044899328
800.66,26044899328
800.95,26044489728
801.24,26046537728
801.53,26048176128
801.82,26049404928
802.12,26051043328
802.40,26052681728
802.70,26054320128
802.99,26054729728
803.28,26054729728
803.58,26054729728
803.87,26054729728
804.16,26054729728
804.47,26054729728
804.76,26054729728
805.04,26054729728
805.33,26055548928
805.62,26057187328
805.91,26058825728
806.19,26060873728
806.49,26062512128
806.78,26064150528
807.07,26065788928
807.36,26066198528
807.65,26066198528
807.94,26066198528
808.23,26066198528
808.52,26066198528
808.81,26066198528
809.10,26066198528
809.39,26066198528
809.68,26066198528
809.97,26067427328
810.26,26069475328
810.56,26070704128
810.85,26072342528
811.14,26073161728
811.44,26074800128
811.73,26076438528
812.02,26077667328
812.31,26079305728
812.60,26079715328
812.89,26079715328
813.18,26079715328
813.48,26079715328
813.77,26079715328
814.06,26079715328
814.35,26079715328
814.65,26079715328
814.94,26081353728
815.23,26082992128
815.52,26084630528
815.81,26085859328
816.10,26087497728
816.39,26089136128
816.67,26090774528
816.97,26092412928
817.25,26093641728
817.54,26095280128
817.83,26097328128
818.12,26098556928
818.42,26100195328
818.71,26101833728
819.00,26103062528
819.30,26104700928
819.59,26105110528
819.88,26105110528
820.17,26105110528
820.45,26105110528
820.75,26105110528
821.04,26105110528
821.33,26105110528
821.62,26105110528
821.90,26105110528
822.19,26105110528
822.48,26105110528
822.77,26105110528
823.06,26105110528
823.35,26105110528
823.64,26105110528
823.92,26105110528
824.21,26105110528
824.50,26106748928
824.79,26108387328
825.09,26109616128
825.38,26111664128
825.66,26113302528
825.96,26114940928
826.25,26115760128
826.54,26115760128
826.84,26115760128
827.13,26115760128
827.42,26115760128
827.71,26115760128
828.00,26115760128
828.29,26115760128
828.58,26116169728
828.86,26116169728
829.15,26116169728
829.44,26116169728
829.73,26116169728
830.02,26116169728
830.30,26116169728
830.59,26116169728
830.88,26114940928
831.17,26115350528
831.46,26117398528
831.75,26118627328
832.04,26120265728
832.34,26121904128
832.63,26123542528
832.92,26124771328
833.21,26126409728
833.51,26128048128
833.80,26128048128
834.08,26128048128
834.37,26128048128
834.66,26128048128
834.96,26128048128
835.25,26128048128
835.54,26128048128
835.84,26128048128
836.13,26128048128
836.42,26128867328
836.71,26130505728
837.00,26132144128
837.29,26133782528
837.58,26135420928
837.88,26137059328
838.17,26139107328
838.45,26139516928
838.74,26139516928
839.04,26139516928
839.33,26139516928
839.62,26139516928
839.91,26139516928
840.20,26139516928
840.49,26139516928
840.77,26139516928
841.07,26139107328
841.36,26139516928
841.65,26140745728
841.94,26142384128
842.24,26144022528
842.53,26145660928
842.83,26146889728
843.12,26148528128
843.41,26150166528
843.71,26152214528
844.00,26153852928
844.30,26155900928
844.60,26157129728
844.89,26157948928
845.18,26157948928
845.48,26157948928
845.78,26157948928
846.07,26157948928
846.36,26157948928
846.66,26157948928
846.95,26157948928
847.24,26158768128
847.54,26160406528
847.83,26161635328
848.12,26163273728
848.42,26164912128
848.71,26166140928
849.00,26167779328
849.28,26169417728
849.58,26171056128
849.86,26172284928
850.15,26173513728
850.45,26175152128
850.74,26176790528
851.03,26178019328
851.32,26179248128
851.61,26180476928
851.90,26182524928
852.19,26184163328
852.49,26185801728
852.78,26187440128
853.07,26188668928
853.35,26190307328
853.65,26190716928
853.94,26190716928
854.24,26190716928
854.53,26190716928
854.83,26190716928
855.11,26190716928
855.40,26190716928
855.69,26190716928
855.97,26190716928
856.27,26190716928
856.56,26190716928
856.85,26190716928
857.13,26190716928
857.43,26190716928
857.71,26191126528
858.00,26191126528
858.28,26191126528
858.57,26191126528
858.86,26191126528
859.15,26191126528
859.44,26191126528
859.73,26191126528
860.02,26191126528
860.31,26192355328
860.61,26193584128
860.90,26194812928
861.19,26196041728
861.48,26197270528
861.77,26198908928
862.07,26200137728
862.37,26201776128
862.66,26203004928
862.95,26204643328
863.24,26205052928
863.53,26205052928
863.82,26205052928
864.11,26205052928
864.40,26205052928
864.69,26205052928
864.98,26205052928
865.28,26205052928
865.57,26205052928
865.86,26205052928
866.16,26205462528
866.45,26206691328
866.75,26208329728
867.04,26209558528
867.33,26211196928
867.62,26212425728
867.91,26214064128
868.20,26215292928
868.50,26216931328
868.79,26218160128
869.08,26219388928
869.38,26221027328
869.67,26222665728
869.96,26223894528
870.25,26225532928
870.54,26227171328
870.83,26228400128
871.12,26229219328
871.41,26229219328
871.71,26229219328
871.99,26229219328
872.28,26229219328
872.57,26229219328
872.87,26229219328
873.16,26229219328
873.45,26229219328
873.74,26229219328
874.03,26229219328
874.32,26229219328
874.61,26229219328
874.90,26229219328
875.19,26229219328
875.48,26229219328
875.77,26229219328
876.06,26229628928
876.36,26229628928
876.65,26229628928
876.94,26229628928
877.23,26229628928
877.52,26229628928
877.81,26229628928
878.10,26229628928
878.40,26230448128
878.69,26231676928
878.98,26233315328
879.27,26234544128
879.56,26235772928
879.85,26237411328
880.14,26239049728
880.43,26239459328
880.72,26239459328
881.01,26239459328
881.30,26239459328
881.60,26239459328
881.89,26239459328
882.18,26239459328
882.47,26239459328
882.76,26239868928
883.05,26241507328
883.34,26243145728
883.63,26244374528
883.92,26245603328
884.21,26247241728
884.50,26248470528
884.80,26248880128
885.09,26248880128
885.38,26248880128
885.66,26248880128
885.95,26248880128
886.24,26248880128
886.53,26248880128
886.83,26248880128
887.12,26248880128
887.41,26249699328
887.70,26251337728
887.99,26252976128
888.27,26254204928
888.56,26255433728
888.85,26257072128
889.15,26258710528
889.44,26259939328
889.74,26261577728
890.03,26262806528
890.32,26263625728
890.61,26263625728
890.90,26263216128
891.19,26263216128
891.49,26263216128
891.77,26263216128
892.06,26263216128
892.36,26263216128
892.65,26263625728
892.94,26263625728
893.23,26263625728
893.52,26263625728
893.82,26263625728
894.11,26263625728
894.40,26263625728
894.69,26263625728
894.99,26263625728
895.28,26263625728
895.56,26264854528
895.85,26266492928
896.14,26267721728
896.43,26269360128
896.72,26270588928
897.01,26271817728
897.30,26273046528
897.59,26273865728
897.89,26273865728
898.18,26273865728
898.47,26273865728
898.76,26273865728
899.06,26273865728
899.34,26273865728
899.63,26273865728
899.93,26273865728
900.21,26275094528
900.51,26276732928
900.79,26277961728
901.09,26278780928
901.38,26280419328
901.67,26281648128
901.96,26282876928
902.25,26284515328
902.54,26285744128
902.83,26287382528
903.12,26288611328
903.41,26289840128
903.71,26291068928
904.00,26291478528
904.29,26291478528
904.59,26291478528
904.87,26291478528
905.16,26291478528
905.45,26291478528
905.74,26291478528
906.03,26291478528
906.32,26291478528
906.61,26291478528
906.90,26291478528
907.19,26291478528
907.48,26291478528
907.77,26291478528
908.07,26291478528
908.35,26291478528
908.64,26292297728
908.94,26293116928
909.23,26294755328
909.52,26295574528
909.81,26295574528
910.10,26295574528
910.39,26295574528
910.68,26295574528
910.97,26294276096
911.25,26294276096
911.55,26294276096
911.84,26295095296
912.12,26296733696
912.42,26298372096
912.71,26299600896
913.00,26300829696
913.29,26302468096
913.59,26303696896
913.88,26304925696
914.17,26306564096
914.46,26308202496
914.75,26309431296
915.04,26310660096
915.33,26312298496
915.62,26313527296
915.92,26315165696
916.21,26316394496
916.50,26317623296
916.79,26318852096
917.09,26320080896
917.38,26320490496
917.67,26320490496
917.96,26320490496
918.25,26320490496
918.54,26320490496
918.83,26320490496
919.11,26320490496
919.40,26320490496
919.69,26320490496
919.98,26320490496
920.26,26320490496
920.55,26320490496
920.84,26320490496
921.13,26320490496
921.42,26320490496
921.70,26321719296
921.99,26322948096
922.28,26324176896
922.57,26325815296
922.86,26327044096
923.15,26328272896
923.44,26329501696
923.73,26330730496
924.02,26332368896
924.31,26333597696
924.60,26334826496
924.89,26336055296
925.19,26336055296
925.48,26336055296
925.77,26336055296
926.06,26336055296
926.36,26336055296
926.64,26336055296
926.93,26336055296
927.22,26336055296
927.51,26336055296
927.80,26336874496
928.08,26338103296
928.37,26339332096
928.67,26340151296
928.96,26340151296
929.25,26340151296
929.53,26340151296
929.82,26340151296
930.11,26340151296
930.41,26340151296
930.70,26340151296
930.99,26339741696
931.28,26340970496
931.58,26342199296
931.87,26343837696
932.17,26345066496
932.46,26345066496
932.75,26345066496
933.04,26345066496
933.33,26345066496
933.62,26345066496
933.91,26345066496
934.20,26345066496
934.48,26345476096
934.77,26346704896
935.06,26347933696
935.35,26349572096
935.65,26350800896
935.94,26352439296
936.23,26354077696
936.52,26355306496
936.82,26356944896
937.10,26358173696
937.40,26359402496
937.69,26360631296
937.98,26361860096
938.27,26361860096
938.56,26361860096
938.85,26361860096
939.14,26361860096
939.44,26361860096
939.73,26361860096
940.02,26361860096
940.31,26362269696
940.60,26363498496
940.89,26363088896
941.18,26363088896
941.46,26363088896
941.74,26363088896
942.03,26363088896
942.32,26363088896
942.60,26363088896
942.89,26363498496
943.18,26365136896
943.47,26366365696
943.76,26367594496
944.05,26368823296
944.34,26370461696
944.63,26371280896
944.92,26371280896
945.20,26371280896
945.49,26371280896
945.78,26371280896
946.06,26371280896
946.35,26371280896
946.64,26371280896
946.93,26371280896
947.22,26372919296
947.51,26374148096
947.80,26375376896
948.09,26376605696
948.38,26378244096
948.66,26379472896
948.95,26380701696
949.23,26380701696
949.52,26380701696
949.81,26380701696
950.10,26380701696
950.39,26380701696
950.67,26380701696
950.96,26380701696
951.26,26380701696
951.55,26381111296
951.84,26381930496
952.13,26383159296
952.42,26384797696
952.71,26386026496
953.00,26387255296
953.29,26388484096
953.58,26389712896
953.88,26390941696
954.16,26392170496
954.46,26393399296
954.75,26394628096
955.04,26395856896
955.33,26397085696
955.62,26397085696
955.91,26397085696
956.21,26397085696
956.50,26397085696
956.79,26397085696
957.08,26397085696
957.37,26397085696
957.67,26397085696
957.96,26397085696
958.25,26397085696
958.54,26397085696
958.83,26397085696
959.13,26397085696
959.42,26397085696
959.71,26397085696
960.00,26397085696
960.29,26397904896
960.58,26399543296
960.86,26400772096
961.15,26401181696
961.44,26402410496
961.73,26403639296
962.03,26404868096
962.31,26405687296
962.61,26405687296
962.89,26405687296
963.18,26405687296
963.47,26405687296
963.77,26405687296
964.06,26405687296
964.35,26405687296
964.64,26405687296
964.93,26405687296
965.22,26406096896
965.51,26407325696
965.80,26408964096
966.10,26410192896
966.38,26411421696
966.68,26412240896
966.97,26413879296
967.26,26414288896
967.55,26414288896
967.84,26414288896
968.13,26414288896
968.42,26414288896
968.71,26414288896
969.00,26414288896
969.28,26414288896
969.57,26414288896
969.87,26415108096
970.15,26415927296
970.45,26415927296
970.74,26415927296
971.03,26415927296
971.32,26415927296
971.61,26415927296
971.89,26415927296
972.19,26415927296
972.48,26415927296
972.76,26417156096
973.05,26418384896
973.35,26420023296
973.63,26421252096
973.93,26422480896
974.22,26423709696
974.50,26425348096
974.79,26426576896
975.08,26426986496
975.37,26426986496
975.66,26426986496
975.96,26426986496
976.25,26426986496
976.54,26426986496
976.83,26426986496
977.11,26426986496
977.39,26427396096
977.67,26428624896
977.96,26430263296
978.25,26431492096
978.55,26432311296
978.84,26432311296
979.13,26432311296
979.42,26432311296
979.71,26432311296
980.00,26432311296
980.29,26432311296
980.58,26432311296
980.87,26432311296
981.16,26431492096
981.45,26433130496
981.74,26434359296
982.03,26435178496
982.33,26435178496
982.62,26435178496
982.91,26435178496
983.20,26435178496
983.49,26435178496
983.78,26435178496
984.07,26435178496
984.36,26435178496
984.65,26435178496
984.94,26436407296
985.24,26438045696
985.52,26439274496
985.81,26440503296
986.10,26440503296
986.39,26440503296
986.68,26440503296
986.97,26440503296
987.26,26440503296
987.55,26440503296
987.84,26440503296
988.13,26440503296
988.42,26441322496
988.71,26442551296
989.01,26443780096
989.30,26445418496
989.59,26446647296
989.87,26447876096
990.16,26449104896
990.45,26450743296
990.74,26451972096
991.03,26452791296
991.32,26453200896
991.62,26453200896
991.91,26453200896
992.20,26453200896
992.48,26453200896
992.78,26453200896
993.07,26453200896
993.36,26453200896
993.65,26454020096
993.94,26455248896
994.22,26456477696
994.52,26456887296
994.81,26456887296
995.10,26456887296
995.38,26456887296
995.67,26456887296
995.95,26456887296
996.24,26456887296
996.52,26456887296
996.81,26457296896
997.10,26458525696
997.39,26460164096
997.68,26461392896
997.97,26462621696
998.26,26464260096
998.55,26465488896
998.84,26465898496
999.12,26465898496
999.42,26465898496
999.71,26465898496
1000.00,26465898496
1000.29,26465898496
1000.58,26465898496
1000.86,26465898496
1001.16,26466308096
1001.44,26467536896
1001.74,26468765696
1002.02,26470404096
1002.32,26471223296
1002.61,26472861696
1002.90,26472861696
1003.19,26472861696
1003.48,26472861696
1003.77,26472861696
1004.06,26472861696
1004.35,26472861696
1004.63,26472861696
1004.92,26472861696
1005.20,26473271296
1005.49,26474500096
1005.77,26475728896
1006.06,26476957696
1006.35,26478186496
1006.64,26479415296
1006.93,26480644096
1007.22,26481872896
1007.51,26483101696
1007.79,26484330496
1008.08,26485559296
1008.37,26486788096
1008.66,26488016896
1008.95,26489245696
1009.25,26490474496
1009.54,26491703296
1009.82,26492932096
1010.12,26493751296
1010.40,26494980096
1010.70,26496208896
1010.99,26497028096
1011.28,26498256896
1011.58,26499076096
1011.87,26500714496
1012.16,26501943296
1012.45,26502762496
1012.74,26503172096
1013.04,26503172096
1013.32,26503172096
1013.62,26503172096
1013.91,26503172096
1014.20,26503172096
1014.50,26503172096
1014.79,26503172096
1015.08,26503172096
1015.37,26503172096
1015.66,26503172096
1015.95,26503172096
1016.24,26503172096
1016.52,26503172096
1016.82,26504400896
1017.11,26505629696
1017.39,26506858496
1017.68,26508087296
1017.97,26509316096
1018.26,26510135296
1018.56,26510135296
1018.85,26510135296
1019.14,26510135296
1019.43,26510135296
1019.71,26510135296
1020.00,26510135296
1020.29,26510135296
1020.58,26510544896
1020.87,26511773696
1021.15,26512592896
1021.45,26513821696
1021.74,26515050496
1022.03,26516688896
1022.32,26517917696
1022.60,26519146496
1022.89,26519965696
1023.18,26521194496
1023.47,26522423296
1023.76,26524061696
1024.05,26524471296
1024.33,26524471296
1024.63,26524471296
1024.92,26524471296
1025.21,26524471296
1025.50,26524471296
1025.79,26524471296
1026.08,26524471296
1026.38,26524471296
1026.67,26524471296
1026.96,26524471296
1027.25,26524471296
1027.54,26524471296
1027.83,26524471296
1028.11,26524471296
1028.40,26524471296
1028.69,26524880896
1028.98,26526109696
1029.27,26527338496
1029.56,26528976896
1029.85,26529796096
1030.14,26531434496
1030.43,26532663296
1030.72,26533892096
1031.01,26534711296
1031.31,26535940096
1031.60,26535940096
1031.89,26535940096
1032.18,26535940096
1032.47,26535940096
1032.77,26535940096
1033.06,26535940096
1033.35,26535940096
1033.64,26535940096
1033.93,26536759296
1034.23,26537988096
1034.52,26539216896
1034.81,26540445696
1035.10,26541264896
1035.39,26542493696
1035.68,26543722496
1035.98,26544951296
1036.27,26545770496
1036.56,26546999296
1036.85,26548228096
1037.14,26549047296
1037.43,26550276096
1037.73,26551504896
1038.02,26553143296
1038.31,26553962496
1038.61,26555191296
1038.90,26556420096
1039.19,26557648896
1039.48,26558877696
1039.77,26560106496
1040.06,26561335296
1040.36,26562564096
1040.65,26563792896
1040.93,26564202496
1041.23,26564202496
1041.52,26564202496
1041.81,26564202496
1042.10,26564202496
1042.39,26564202496
1042.67,26564202496
1042.97,26565021696
1043.26,26565021696
1043.55,26565021696
1043.84,26565021696
1044.13,26565021696
1044.42,26565021696
1044.71,26565021696
1045.00,26565021696
1045.29,26565021696
1045.58,26565431296
1045.87,26566250496
1046.16,26567479296
1046.44,26569117696
1046.73,26570346496
1047.03,26571165696
1047.32,26572804096
1047.60,26574032896
1047.90,26575261696
1048.18,26576490496
1048.48,26577719296
1048.77,26578948096
1049.06,26580176896
1049.35,26580996096
1049.64,26582224896
1049.93,26583453696
1050.22,26584272896
1050.52,26585501696
1050.81,26586730496
1051.10,26587959296
1051.40,26589188096
1051.69,26590007296
1051.98,26590007296
1052.27,26590007296
1052.56,26590007296
1052.85,26590007296
1053.14,26590007296
1053.43,26590007296
1053.72,26590826496
1054.01,26592464896
1054.30,26593284096
1054.59,26594512896
1054.88,26595741696
1055.18,26596970496
1055.47,26596970496
1055.76,26596970496
1056.06,26596970496
1056.34,26596970496
1056.63,26596970496
1056.92,26596970496
1057.20,26596970496
1057.49,26597380096
1057.79,26598199296
1058.08,26599428096
1058.37,26600656896
1058.66,26601885696
1058.95,26602704896
1059.24,26603933696
1059.53,26605162496
1059.82,26606391296
1060.12,26607620096
1060.41,26608848896
1060.70,26610077696
1060.99,26610487296
1061.29,26611716096
1061.58,26612944896
1061.87,26613764096
1062.16,26615402496
1062.46,26615402496
1062.76,26615402496
1063.05,26615402496
1063.34,26615402496
1063.62,26615402496
1063.92,26615402496
1064.21,26615402496
1064.50,26615402496
1064.79,26616631296
1065.08,26617450496
1065.38,26617450496
1065.67,26617450496
1065.95,26617450496
1066.24,26617450496
1066.53,26617450496
1066.83,26617450496
1067.12,26617450496
1067.41,26617860096
1067.70,26619088896
1067.99,26620317696
1068.28,26621136896
1068.58,26621136896
1068.87,26621136896
1069.16,26621136896
1069.46,26621136896
1069.74,26621136896
1070.04,26621136896
1070.33,26621136896
1070.62,26621136896
1070.92,26621136896
1071.21,26621956096
1071.50,26623184896
1071.80,26624004096
1072.09,26624413696
1072.38,26624413696
1072.67,26624413696
1072.96,26624413696
1073.26,26624413696
1073.55,26624413696
1073.84,26624413696
1074.13,26624413696
1074.42,26624413696
1074.72,26624413696
1075.01,26625232896
1075.30,26626461696
1075.60,26627690496
1075.89,26628509696
1076.17,26630148096
1076.46,26630967296
1076.76,26632196096
1077.05,26633424896
1077.34,26634653696
1077.63,26635882496
1077.92,26637111296
1078.22,26638340096
1078.51,26639568896
1078.81,26639978496
1079.09,26639978496
1079.38,26639978496
1079.68,26639978496
1079.97,26639978496
1080.26,26639978496
1080.55,26639978496
1080.84,26639978496
1081.13,26639978496
1081.42,26639978496
1081.70,26639978496
1081.99,26639978496
1082.29,26639978496
1082.58,26639978496
1082.87,26639978496
1083.16,26639978496
1083.45,26639978496
1083.74,26639978496
1084.02,26641207296
1084.33,26642436096
1084.61,26643255296
1084.90,26644484096
1085.20,26645303296
1085.49,26646532096
1085.78,26647760896
1086.07,26648580096
1086.37,26649808896
1086.65,26649808896
1086.94,26649808896
1087.24,26649808896
1087.54,26649808896
1087.83,26649808896
1088.11,26649808896
1088.40,26649808896
1088.69,26650218496
1088.97,26651447296
1089.27,26652676096
1089.56,26653495296
1089.86,26654724096
1090.15,26655543296
1090.44,26656772096
1090.73,26657181696
1091.03,26656362496
1091.32,26656362496
1091.61,26656362496
1091.90,26656362496
1092.19,26656362496
1092.49,26656362496
1092.78,26656362496
1093.08,26656362496
1093.36,26656362496
1093.65,26657591296
1093.95,26658410496
1094.24,26659639296
1094.53,26660868096
1094.81,26661687296
1095.11,26662506496
1095.40,26663735296
1095.69,26664144896
1095.98,26664144896
1096.27,26664144896
1096.56,26664144896
1096.85,26664144896
1097.14,26664144896
1097.43,26664144896
1097.73,26664144896
1098.02,26664964096
1098.31,26666192896
1098.60,26667421696
1098.89,26668240896
1099.19,26669469696
1099.48,26670288896
1099.77,26671517696
1100.07,26671517696
1100.36,26671517696
1100.65,26671517696
1100.94,26671108096
1101.23,26671108096
1101.52,26671108096
1101.81,26671108096
1102.10,26671108096
1102.39,26671108096
1102.68,26672336896
1102.97,26672336896
1103.27,26672336896
1103.56,26672336896
1103.85,26672336896
1104.14,26672336896
1104.43,26672336896
1104.72,26672336896
1105.01,26672336896
1105.29,26673565696
1105.58,26674384896
1105.88,26676023296
1106.17,26676842496
1106.46,26678071296
1106.75,26678890496
1107.04,26679709696
1107.33,26680938496
1107.62,26682167296
1107.92,26682986496
1108.21,26684215296
1108.50,26685034496
1108.79,26686263296
1109.08,26687082496
1109.38,26687082496
1109.67,26687082496
1109.95,26687082496
1110.25,26687082496
1110.54,26687082496
1110.83,26687082496
1111.12,26687492096
1111.42,26688720896
1111.71,26689540096
1112.01,26690768896
1112.30,26691997696
1112.59,26693226496
1112.88,26694455296
1113.17,26695274496
1113.45,26696503296
1113.75,26697322496
1114.04,26698551296
1114.34,26699370496
1114.63,26699370496
1114.92,26699370496
1115.21,26699370496
1115.50,26699370496
1115.79,26699370496
1116.08,26699370496
1116.37,26699370496
1116.66,26699370496
1116.95,26700599296
1117.24,26701418496
1117.54,26702237696
1117.83,26703466496
1118.12,26704695296
1118.41,26705514496
1118.71,26706743296
1119.00,26706743296
1119.29,26706743296
1119.59,26706743296
1119.89,26706743296
1120.18,26706743296
1120.47,26706743296
1120.75,26706743296
1121.05,26706333696
1121.33,26706333696
1121.62,26706743296
1121.91,26707972096
1122.21,26708791296
1122.50,26710020096
1122.80,26710839296
1123.09,26711658496
1123.38,26712068096
1123.67,26712068096
1123.96,26712068096
1124.24,26712068096
1124.53,26712068096
1124.82,26712068096
1125.11,26712068096
1125.40,26712068096
1125.69,26712068096
1125.98,26712068096
1126.28,26712887296
1126.57,26714116096
1126.87,26714935296
1127.15,26716164096
1127.44,26716983296
1127.74,26717802496
1128.03,26719031296
1128.32,26719031296
1128.62,26719031296
1128.90,26719031296
1129.19,26719031296
1129.48,26719031296
1129.77,26719031296
1130.06,26719031296
1130.35,26719031296
1130.64,26719031296
1130.93,26719440896
1131.22,26720260096
1131.51,26721488896
1131.80,26722717696
1132.10,26723536896
1132.40,26724765696
1132.69,26725584896
1132.98,26725994496
1133.27,26725994496
1133.56,26725994496
1133.85,26725994496
1134.14,26725994496
1134.44,26725994496
1134.73,26725994496
1135.02,26725994496
1135.31,26726404096
1135.60,26727223296
1135.89,26728452096
1136.18,26729271296
1136.47,26730500096
1136.76,26731319296
1137.05,26732138496
1137.34,26732957696
1137.64,26732957696
1137.93,26732957696
1138.22,26732957696
1138.51,26732957696
1138.79,26732957696
1139.08,26732957696
1139.38,26732957696
1139.67,26732957696
1139.96,26733367296
1140.25,26734596096
1140.55,26735415296
1140.85,26735415296
1141.14,26735005696
1141.42,26735005696
1141.72,26735005696
1142.01,26735005696
1142.30,26735005696
1142.59,26735005696
1142.89,26735005696
1143.18,26736234496
1143.47,26737053696
1143.76,26738282496
1144.06,26739101696
1144.34,26739511296
1144.63,26739511296
1144.93,26739511296
1145.22,26739511296
1145.52,26739511296
1145.80,26739511296
1146.08,26739511296
1146.37,26739511296
1146.66,26740330496
1146.95,26741149696
1147.24,26742378496
1147.53,26743197696
1147.82,26744426496
1148.11,26745245696
1148.40,26746474496
1148.69,26746884096
1148.98,26746884096
1149.27,26746884096
1149.57,26746884096
1149.85,26746884096
1150.15,26746884096
1150.44,26746884096
1150.73,26746884096
1151.02,26746884096
1151.31,26747703296
1151.60,26748522496
1151.89,26748522496
1152.19,26748522496
1152.48,26748522496
1152.77,26748522496
1153.05,26748522496
1153.34,26748522496
1153.62,26748522496
1153.90,26748522496
1154.19,26749341696
1154.48,26750570496
1154.78,26751389696
1155.06,26752618496
1155.36,26753847296
1155.64,26754666496
1155.93,26755895296
1156.21,26756714496
1156.49,26757943296
1156.79,26759172096
1157.07,26759991296
1157.36,26759991296
1157.65,26759991296
1157.94,26759991296
1158.23,26759991296
1158.52,26759991296
1158.81,26759991296
1159.11,26759991296
1159.39,26759991296
1159.68,26761220096
1159.97,26762039296
1160.25,26763268096
1160.54,26764087296
1160.83,26765316096
1161.12,26765725696
1161.41,26766135296
1161.70,26766135296
1161.99,26766135296
1162.29,26766135296
1162.58,26766135296
1162.86,26766135296
1163.15,26766135296
1163.45,26766135296
1163.74,26766544896
1164.03,26767364096
1164.33,26768592896
1164.62,26769412096
1164.91,26770640896
1165.21,26771460096
1165.50,26772279296
1165.79,26772279296
1166.08,26772279296
1166.38,26772279296
1166.67,26772279296
1166.96,26772279296
1167.25,26772279296
1167.54,26772279296
1167.83,26772279296
1168.12,26773098496
1168.41,26773917696
1168.70,26775146496
1168.99,26775965696
1169.29,26777194496
1169.58,26778013696
1169.87,26778832896
1170.16,26779242496
1170.45,26779242496
1170.75,26779242496
1171.04,26778832896
1171.33,26778832896
1171.62,26778832896
1171.91,26778832896
1172.20,26778832896
1172.49,26779242496
1172.78,26780471296
1173.08,26781290496
1173.37,26782109696
1173.66,26783338496
1173.95,26784567296
1174.24,26785386496
1174.53,26785796096
1174.82,26785796096
1175.11,26785796096
1175.40,26785796096
1175.69,26785796096
1175.98,26785796096
1176.27,26785796096
1176.56,26785796096
1176.85,26786205696
1177.14,26787434496
1177.43,26788253696
1177.72,26789482496
1178.00,26790711296
1178.29,26791530496
1178.59,26792349696
1178.88,26792349696
1179.16,26792349696
1179.46,26792349696
1179.74,26792349696
1180.04,26792349696
1180.33,26792349696
1180.62,26792349696
1180.91,26791940096
1181.20,26791940096
1181.50,26792759296
1181.79,26793988096
1182.08,26794807296
1182.38,26796036096
1182.66,26796855296
1182.95,26797674496
1183.25,26798493696
1183.54,26799722496
1183.83,26800541696
1184.11,26801770496
1184.39,26802589696
1184.68,26802999296
1184.97,26802999296
1185.27,26802999296
1185.56,26802999296
1185.86,26802999296
1186.15,26802999296
1186.43,26802999296
1186.73,26802999296
1187.02,26802999296
1187.31,26803818496
1187.59,26804637696
1187.89,26805456896
1188.18,26806276096
1188.48,26807504896
1188.77,26808324096
1189.06,26809143296
1189.34,26809552896
1189.63,26809552896
1189.91,26809552896
1190.20,26809552896
1190.49,26809552896
1190.79,26809552896
1191.07,26809143296
1191.36,26809143296
1191.66,26809143296
1191.94,26810372096
1192.24,26811191296
1192.52,26812010496
1192.81,26813239296
1193.10,26814058496
1193.39,26815287296
1193.68,26815287296
1193.98,26815287296
1194.27,26815287296
1194.56,26815287296
1194.85,26815287296
1195.15,26815287296
1195.44,26815287296
1195.73,26815696896
1196.01,26815696896
1196.31,26815696896
1196.60,26815696896
1196.89,26815696896
1197.18,26815696896
1197.47,26815696896
1197.76,26815696896
1198.06,26815696896
1198.34,26815696896
1198.63,26816516096
1198.93,26817335296
1199.21,26818154496
1199.50,26818973696
1199.79,26819792896
1200.08,26820612096
1200.36,26821840896
1200.65,26822660096
1200.95,26823888896
1201.23,26824298496
1201.52,26825117696
1201.82,26826346496
1202.11,26826346496
1202.41,26826346496
1202.70,26826346496
1202.99,26826346496
1203.27,26826346496
1203.56,26826346496
1203.85,26826346496
1204.14,26826346496
1204.43,26826346496
1204.71,26827165696
1205.00,26827984896
1205.29,26828394496
1205.58,26828394496
1205.87,26828394496
1206.16,26828394496
1206.45,26828394496
1206.74,26828394496
1207.03,26828394496
1207.33,26828394496
1207.62,26828394496
1207.90,26828804096
1208.20,26829623296
1208.49,26830442496
1208.79,26831671296
1209.08,26832490496
1209.37,26832900096
1209.66,26832900096
1209.95,26832900096
1210.25,26832900096
1210.54,26832900096
1210.82,26832900096
1211.12,26831912960
1211.41,26831912960
1211.70,26832322560
1211.99,26833141760
1212.28,26833960960
1212.56,26835189760
1212.85,26836008960
1213.13,26836828160
1213.42,26837647360
1213.70,26838876160
1213.99,26839285760
1214.28,26840514560
1214.56,26841333760
1214.85,26842152960
1215.14,26842972160
1215.43,26843381760
1215.72,26843381760
1216.00,26843381760
1216.29,26843381760
1216.58,26843381760
1216.87,26843381760
1217.16,26843381760
1217.45,26843381760
1217.73,26843791360
1218.02,26844610560
1218.31,26844610560
1218.60,26844610560
1218.89,26844610560
1219.18,26844610560
1219.48,26844610560
1219.77,26844610560
1220.06,26844610560
1220.36,26845020160
1220.65,26845839360
1220.94,26846658560
1221.23,26847887360
1221.53,26848706560
1221.82,26849525760
1222.12,26850344960
1222.41,26850754560
1222.70,26850754560
1222.99,26850754560
1223.28,26850754560
1223.57,26850754560
1223.86,26850754560
1224.15,26850754560
1224.44,26850754560
1224.73,26850754560
1225.02,26851573760
1225.32,26852392960
1225.60,26853212160
1225.89,26854031360
1226.19,26854850560
1226.48,26856079360
1226.76,26856898560
1227.06,26857717760
1227.36,26858536960
1227.65,26859356160
1227.94,26860175360
1228.23,26860994560
1228.52,26862223360
1228.81,26863042560
1229.11,26863861760
1229.39,26864680960
1229.69,26865500160
1229.98,26866319360
1230.27,26866728960
1230.57,26866728960
1230.86,26866728960
1231.15,26866728960
1231.45,26866728960
1231.73,26866728960
1232.03,26866728960
1232.31,26866728960
1232.60,26866728960
1232.89,26866728960
1233.18,26866728960
1233.48,26866728960
1233.77,26866728960
1234.05,26866728960
1234.35,26866728960
1234.63,26867138560
1234.93,26867957760
1235.22,26868776960
1235.51,26869596160
1235.80,26870824960
1236.09,26872053760
1236.38,26872463360
1236.67,26872463360
1236.96,26872463360
1237.25,26872463360
1237.54,26872463360
1237.83,26872463360
1238.12,26872463360
1238.42,26872463360
1238.71,26872463360
1239.00,26873282560
1239.29,26874511360
1239.59,26875330560
1239.88,26876149760
1240.17,26877378560
1240.47,26878197760
1240.76,26879016960
1241.06,26879836160
1241.35,26880655360
1241.64,26881474560
1241.93,26882703360
1242.22,26882703360
1242.51,26882703360
1242.80,26882703360
1243.09,26882703360
1243.38,26882703360
1243.67,26882703360
1243.97,26882703360
1244.27,26882703360
1244.56,26883112960
1244.86,26883932160
1245.15,26884751360
1245.44,26885160960
1245.74,26885160960
1246.03,26885160960
1246.32,26885160960
1246.62,26885160960
1246.91,26885160960
1247.20,26885160960
1247.50,26885160960
1247.79,26885980160
1248.08,26886799360
1248.38,26887618560
1248.67,26888437760
1248.95,26889666560
1249.25,26890485760
1249.54,26891304960
1249.83,26892124160
1250.12,26892943360
1250.42,26892943360
1250.70,26892943360
1251.00,26892533760
1251.29,26892533760
1251.58,26892533760
1251.87,26892533760
1252.16,26892533760
1252.46,26892533760
1252.75,26892533760
1253.04,26893352960
1253.33,26894172160
1253.62,26894581760
1253.92,26894581760
1254.21,26894581760
1254.51,26894581760
1254.80,26894581760
1255.09,26894581760
1255.38,26894581760
1255.67,26894581760
1255.96,26894991360
1256.26,26895810560
1256.55,26896629760
1256.84,26897039360
1257.13,26897039360
1257.42,26897039360
1257.72,26897039360
1258.01,26897039360
1258.30,26897039360
1258.59,26897039360
1258.88,26897448960
1259.17,26898268160
1259.46,26899087360
1259.75,26900316160
1260.04,26901135360
1260.33,26901954560
1260.62,26902773760
1260.90,26903183360
1261.20,26904412160
1261.48,26905231360
1261.77,26906050560
1262.07,26906869760
1262.36,26908098560
1262.65,26908917760
1262.94,26909736960
1263.22,26910965760
1263.52,26911784960
1263.80,26912604160
1264.09,26912604160
1264.38,26912604160
1264.66,26912604160
1264.95,26912604160
1265.24,26912604160
1265.53,26912604160
1265.81,26912604160
1266.11,26912604160
1266.39,26912604160
1266.68,26912604160
1266.97,26912604160
1267.27,26912604160
1267.55,26912604160
1267.84,26912604160
1268.13,26912604160
1268.42,26912604160
1268.71,26913423360
1269.00,26914242560
1269.29,26915061760
1269.59,26916290560
1269.88,26917109760
1270.17,26917928960
1270.46,26918748160
1270.76,26919567360
1271.05,26920386560
1271.34,26920386560
1271.62,26920386560
1271.91,26920386560
1272.20,26920386560
1272.50,26920386560
1272.79,26920386560
1273.08,26920386560
1273.37,26920796160
1273.66,26921615360
1273.94,26922434560
1274.23,26923663360
1274.52,26923663360
1274.81,26923663360
1275.11,26923663360
1275.40,26923663360
1275.68,26923663360
1275.97,26923663360
1276.26,26923663360
1276.55,26923663360
1276.84,26924072960
1277.13,26924892160
1277.42,26925301760
1277.70,26925301760
1278.00,26925301760
1278.29,26925301760
1278.58,26925301760
1278.86,26925301760
1279.15,26925301760
1279.44,26925301760
1279.73,26925301760
1280.02,26925301760
1280.31,26925711360
1280.61,26926530560
1280.90,26927349760
1281.19,26927759360
1281.48,26928578560
1281.76,26929397760
1282.05,26930216960
1282.33,26931036160
1282.62,26931855360
1282.91,26931855360
1283.21,26931855360
1283.50,26931855360
1283.79,26931855360
1284.08,26931855360
1284.37,26931855360
1284.66,26931855360
1284.95,26931855360
1285.24,26931855360
1285.52,26932264960
1285.81,26933084160
1286.09,26933903360
1286.38,26935132160
1286.67,26935951360
1286.96,26936770560
1287.25,26937589760
1287.55,26938408960
1287.83,26939228160
1288.12,26940047360
1288.42,26941276160
1288.71,26942095360
1289.02,26942504960
1289.31,26942504960
1289.60,26942504960
1289.89,26942504960
1290.18,26942504960
1290.47,26942504960
1290.76,26942504960
1291.05,26942095360
1291.33,26942095360
1291.63,26942095360
1291.92,26942095360
1292.21,26942095360
1292.50,26942095360
1292.79,26942095360
1293.08,26942095360
1293.37,26942095360
1293.66,26942504960
1293.95,26943324160
1294.24,26944143360
1294.54,26944962560
1294.83,26945781760
1295.12,26946600960
1295.42,26947420160
1295.71,26947829760
1296.00,26947829760
1296.29,26947829760
1296.58,26947829760
1296.88,26947829760
1297.17,26947829760
1297.46,26947829760
1297.76,26947829760
1298.05,26947829760
1298.34,26949058560
1298.63,26949468160
1298.92,26950287360
1299.21,26951106560
1299.50,26951925760
1299.79,26952744960
1300.09,26953564160
1300.38,26954383360
1300.67,26955202560
1300.95,26956021760
1301.25,26957250560
1301.54,26958069760
1301.84,26958888960
1302.14,26959708160
1302.43,26960527360
1302.72,26961346560
1303.01,26961756160
1303.31,26961756160
1303.60,26961756160
1303.89,26961756160
1304.18,26961756160
1304.47,26961756160
1304.77,26961756160
1305.05,26961756160
1305.34,26961756160
1305.63,26961756160
1305.92,26961756160
1306.21,26961756160
1306.50,26961756160
1306.79,26961756160
1307.08,26961756160
1307.37,26961756160
1307.65,26962165760
1307.94,26962575360
1308.23,26963804160
1308.53,26964623360
1308.82,26965442560
1309.11,26966261760
1309.40,26967080960
1309.69,26967490560
1309.99,26967490560
1310.28,26967490560
1310.57,26967490560
1310.86,26967490560
1311.15,26967080960
1311.44,26967080960
1311.73,26967080960
1312.01,26967080960
1312.30,26967080960
1312.59,26967900160
1312.88,26968719360
1313.17,26969538560
1313.46,26970357760
1313.75,26971176960
1314.05,26971996160
1314.34,26972815360
1314.63,26972815360
1314.93,26972815360
1315.22,26972815360
1315.51,26972815360
1315.80,26972815360
1316.08,26972815360
1316.37,26972815360
1316.67,26972815360
1316.96,26973634560
1317.25,26974453760
1317.54,26975272960
1317.83,26976092160
1318.12,26976911360
1318.41,26978140160
1318.70,26978549760
1319.00,26978959360
1319.30,26978959360
1319.59,26978959360
1319.88,26978959360
1320.17,26978959360
1320.46,26978959360
1320.75,26978959360
1321.04,26978549760
1321.33,26978959360
1321.61,26979778560
1321.90,26981007360
1322.19,26981416960
1322.48,26982236160
1322.77,26983055360
1323.06,26983874560
1323.35,26984693760
1323.65,26985512960
1323.94,26986332160
1324.23,26987151360
1324.52,26987970560
1324.81,26989199360
1325.09,26989608960
1325.38,26990428160
1325.67,26991247360
1325.96,26991656960
1326.25,26992476160
1326.54,26993704960
1326.83,26994524160
1327.13,26995343360
1327.41,26996162560
1327.70,26996981760
1328.00,26997800960
1328.29,26998210560
1328.59,26998210560
1328.88,26998210560
1329.17,26998210560
1329.46,26998210560
1329.75,26998210560
1330.04,26998210560
1330.33,26998210560
1330.62,26998210560
1330.92,26997800960
1331.21,26997800960
1331.50,26997800960
1331.79,26997800960
1332.08,26997800960
1332.36,26997800960
1332.65,26997800960
1332.94,26997800960
1333.22,26998620160
1333.52,26999439360
1333.81,27000258560
1334.10,27001077760
1334.39,27001896960
1334.68,27002716160
1334.98,27003535360
1335.27,27003535360
1335.56,27003535360
1335.85,27003535360
1336.13,27003535360
1336.42,27003535360
1336.70,27003535360
1337.00,27003535360
1337.29,27003535360
1337.58,27004354560
1337.87,27005173760
1338.16,27005992960
1338.45,27005992960
1338.74,27005992960
1339.03,27005992960
1339.33,27005992960
1339.62,27005992960
1339.91,27005992960
1340.20,27005992960
1340.49,27005992960
1340.78,27005992960
1341.08,27005583360
1341.37,27005583360
1341.65,27005583360
1341.94,27005583360
1342.24,27005583360
1342.53,27005583360
1342.82,54009212928
1343.12,54010032128
1343.41,53992419328
1343.70,53967843328
1343.99,53943267328
1344.28,53918281728
1344.57,53897392128
1344.86,53897392128
1345.16,53897392128
1345.44,53897392128
1345.73,53897392128
1346.03,53897392128
1346.32,53897392128
1346.61,53897392128
1346.91,53885513728
1347.20,53883875328
1347.49,53883875328
1347.79,53883875328
1348.08,53883875328
1348.37,53883875328
1348.66,53883875328
1348.95,53883875328
1349.24,53883875328
1349.53,53883875328
1349.82,53874454528
1350.12,53855203328
1350.42,53831446528
1350.71,53807280128
1351.00,53781667840
1351.30,53757911040
1351.59,53745623040
1351.88,53745623040
1352.17,53745623040
1352.46,53745623040
1352.76,53745623040
1353.05,53745623040
1353.34,53745623040
1353.64,53728010240
1353.93,53705482240
1354.22,53698109440
1354.51,53698109440
1354.81,53698109440
1355.10,53698109440
1355.39,53698109440
1355.69,53698109440
1355.98,53698109440
1356.28,53698109440
1356.56,53691146240
1356.85,53672304640
1357.14,53648138240
1357.44,53628477440
1357.73,53628477440
1358.02,53628477440
1358.32,53628477440
1358.61,53628477440
1358.90,53628477440
1359.19,53628477440
1359.49,53628477440
1359.78,53626429440
1360.07,53626429440
1360.36,53626429440
1360.65,53626429440
1360.93,53626429440
1361.23,53626429440
1361.52,53626429440
1361.81,53626429440
1362.11,53625200640
1362.40,53602672640
1362.69,53578096640
1362.98,53552291840
1363.28,53531402240
1363.58,53514199040
1363.87,53506416640
1364.17,53506416640
1364.46,53506416640
1364.75,53506416640
1365.04,53506416640
1365.33,53506416640
1365.62,53506416640
1365.91,53506416640
1366.20,53506416640
1366.49,53506416640
1366.78,53506416640
1367.07,53506416640
1367.36,53506416640
1367.65,53506416640
1367.93,53506416640
1368.22,53506416640
1368.52,53506416640
1368.81,53506416640
1369.10,53488803840
1369.40,53465456640
1369.69,53458493440
1369.98,53458493440
1370.27,53458493440
1370.56,53458493440
1370.86,53458493440
1371.15,53458083840
1371.44,53458083840
1371.74,53458083840
1372.03,53442109440
1372.32,53422448640
1372.61,53398691840
1372.91,53373296640
1373.20,53355274240
1373.50,53355274240
1373.79,53355274240
1374.08,53355274240
1374.38,53355274240
1374.67,53355274240
1374.95,53355274240
1375.25,53355274240
1375.54,53355274240
1375.83,53344624640
1376.12,53324554240
1376.42,53320458240
1376.71,53320458240
1377.01,53320458240
1377.30,53320458240
1377.59,53320458240
1377.88,53320458240
1378.17,53320458240
1378.47,53320458240
1378.76,53307760640
1379.05,53288099840
1379.34,53279907840
1379.63,53279907840
1379.93,53279907840
1380.22,53279907840
1380.52,53279907840
1380.81,53279907840
1381.10,53279907840
1381.39,53279907840
1381.68,53268029440
1381.97,53247549440
1382.26,53228707840
1382.56,53204541440
1382.85,53184061440
1383.15,53184061440
1383.43,53184061440
1383.73,53184061440
1384.02,53184061440
1384.32,53184061440
1384.61,53184061440
1384.90,53179146240
1385.20,53155799040
1385.49,53132042240
1385.78,53107875840
1386.08,53086986240
1386.37,53086986240
1386.66,53086986240
1386.95,53086986240
1387.25,53086986240
1387.54,53086986240
1387.83,53086986240
1388.12,53086986240
1388.41,53080023040
1388.70,53057085440
1389.00,53050122240
1389.29,53050122240
1389.58,53050122240
1389.87,53050122240
1390.16,53050122240
1390.45,53050122240
1390.75,53050122240
1391.04,53049712640
1391.34,53044387840
1391.63,53034967040
1391.92,53034967040
1392.22,53034967040
1392.51,53034967040
1392.80,53034967040
1393.09,53034967040
1393.38,53034967040
1393.67,53034967040
1393.96,53033328640
1394.25,53012439040
1394.55,52989091840
1394.84,52988272640
1395.12,52988272640
1395.42,52988272640
1395.71,52988272640
1396.00,52988272640
1396.29,52988272640
1396.58,52988272640
1396.87,52988272640
1397.16,52988272640
1397.45,52975165440
1397.74,52951408640
1398.04,52930519040
1398.33,52930519040
1398.62,52930519040
1398.91,52930519040
1399.20,52930519040
1399.50,52930519040
1399.79,52930519040
1400.08,52930519040
1400.37,52930519040
1400.66,52927242240
1400.94,52910026752
1401.23,52888317952
1401.53,52888317952
1401.82,52888317952
1402.12,52888317952
1402.41,52888317952
1402.70,52888317952
1402.99,52888317952
1403.28,52888317952
1403.57,52887908352
1403.86,52887089152
1404.15,52887498752
1404.45,52869066752
1404.73,52845719552
1405.02,52821962752
1405.31,52797386752
1405.60,52777316352
1405.89,52769124352
1406.18,52769124352
1406.47,52769124352
1406.76,52769124352
1407.05,52769124352
1407.34,52769124352
1407.63,52769124352
1407.91,52757655552
1408.20,52734308352
1408.48,52713009152
1408.77,52692119552
1409.06,52668362752
1409.36,52645425152
1409.65,52645425152
1409.94,52645425152
1410.23,52645425152
1410.53,52645425152
1410.81,52645425152
1411.10,52645425152
1411.39,52633137152
1411.68,52610199552
1411.98,52590129152
1412.28,52590129152
1412.58,52590129152
1412.87,52590129152
1413.16,52590129152
1413.45,52590129152
1413.74,52590129152
1414.03,52590129152
1414.32,52590129152
1414.62,52576612352
1414.92,52554903552
1415.20,52534423552
1415.49,52514762752
1415.78,52514762752
1416.08,52514762752
1416.37,52514762752
1416.66,52514762752
1416.95,52514762752
1417.23,52514762752
1417.52,52514762752
1417.81,52513943552
1418.11,52493053952
1418.40,52476260352
1418.69,52452093952
1418.99,52431613952
1419.29,52431613952
1419.58,52431613952
1419.87,52431613952
1420.16,52431613952
1420.45,52431613952
1420.74,52431613952
1421.03,52431142912
1421.32,52431142912
1421.61,52427456512
1421.90,52406566912
1422.20,52382400512
1422.49,52357414912
1422.79,52347584512
1423.08,52347584512
1423.38,52347584512
1423.67,52347584512
1423.95,52347584512
1424.25,52347584512
1424.54,52347584512
1424.83,52347584512
1425.12,52338982912
1425.41,52321779712
1425.71,52298432512
1425.99,52281229312
1426.29,52275085312
1426.58,52275085312
1426.87,52275085312
1427.15,52275085312
1427.44,52275085312
1427.73,52275085312
1428.02,52275085312
1428.30,52275085312
1428.59,52261568512
1428.88,52241907712
1429.16,52217741312
1429.46,52205453312
1429.75,52205453312
1430.03,52205453312
1430.32,52205453312
1430.61,52205453312
1430.89,52205453312
1431.17,52204965888
1431.47,52205375488
1431.76,52205375488
1432.04,52205375488
1432.33,52205375488
1432.62,52205375488
1432.91,52205375488
1433.21,52205375488
1433.50,52205375488
1433.79,52205375488
1434.08,52205375488
1434.37,52205375488
1434.65,52203737088
1434.94,52188991488
1435.23,52164825088
1435.52,52141477888
1435.81,52141477888
1436.11,52141477888
1436.40,52141477888
1436.68,52141477888
1436.97,52141477888
1437.27,52141477888
1437.56,52141477888
1437.86,52138610688
1438.15,52117721088
1438.45,52098469888
1438.74,52076351488
1439.03,52053004288
1439.32,52043993088
1439.62,52043993088
1439.90,52043993088
1440.19,52043993088
1440.48,52043993088
1440.77,52043993088
1441.07,52043993088
1441.36,52037029888
1441.65,52013682688
1441.94,51993202688
1442.23,51984601088
1442.53,51984601088
1442.82,51984601088
1443.11,51984601088
1443.40,51984601088
1443.69,51984601088
1443.98,51984601088
1444.27,51984601088
1444.56,51984601088
1444.85,51984601088
1445.14,51984601088
1445.43,51984601088
1445.71,51984601088
1446.00,51984601088
1446.30,51984601088
1446.58,51984601088
1446.87,51984601088
1447.16,51968217088
1447.45,51947737088
1447.74,51927666688
1448.03,51922751488
1448.32,51922751488
1448.62,51922751488
1448.90,51922751488
1449.19,51922751488
1449.49,51922751488
1449.78,51922751488
1450.08,51922751488
1450.36,51916197888
1450.65,51904319488
1450.95,51903868928
1451.24,51903868928
1451.53,51903868928
1451.82,51903868928
1452.11,51903868928
1452.40,51903868928
1452.69,51903868928
1452.98,51903868928
1453.27,51896905728
1453.57,51873968128
1453.86,51851440128
1454.15,51828912128
1454.44,51805155328
1454.73,51786723328
1455.03,51764604928
1455.32,51754774528
1455.61,51754774528
1455.91,51754774528
1456.20,51754774528
1456.49,51754774528
1456.78,51754774528
1457.07,51753955328
1457.35,51736752128
1457.64,51713404928
1457.93,51690467328
1458.23,51683094528
1458.52,51683094528
1458.81,51683094528
1459.10,51683094528
1459.40,51683094528
1459.69,51683094528
1459.98,51683094528
1460.27,51679408128
1460.56,51657289728
1460.85,51636809728
1461.14,51612643328
1461.43,51589296128
1461.72,51574140928
1462.02,51574140928
1462.31,51574140928
1462.60,51574140928
1462.89,51574140928
1463.18,51574140928
1463.47,51574140928
1463.76,51574140928
1464.06,51574140928
1464.35,51574140928
1464.64,51574140928
1464.93,51574140928
1465.23,51574140928
1465.51,51574140928
1465.80,51574140928
1466.08,51574140928
1466.38,51572502528
1466.67,51572912128
1466.96,51571273728
1467.25,51545878528
1467.55,51534000128
1467.84,51534000128
1468.14,51534000128
1468.43,51534000128
1468.72,51534000128
1469.01,51534000128
1469.30,51534000128
1469.59,51534000128
1469.88,51534000128
1470.17,51533590528
1470.45,51512700928
1470.75,51491811328
1471.04,51466801152
1471.33,51440177152
1471.62,51415601152
1471.91,51409457152
1472.20,51409457152
1472.49,51409457152
1472.79,51409457152
1473.08,51409457152
1473.37,51409457152
1473.66,51409457152
1473.95,51395530752
1474.24,51379146752
1474.54,51356209152
1474.83,51356209152
1475.12,51356209152
1475.41,51356209152
1475.70,51356209152
1475.99,51356209152
1476.28,51356209152
1476.57,51356209152
1476.86,51356209152
1477.15,51341873152
1477.44,51320164352
1477.73,51303370752
1478.02,51279204352
1478.31,51256266752
1478.60,51248074752
1478.89,51248074752
1479.18,51248074752
1479.46,51248074752
1479.75,51248074752
1480.04,51248074752
1480.33,51248074752
1480.62,51248074752
1480.91,51245617152
1481.20,51228004352
1481.49,51207114752
1481.78,51197284352
1482.08,51197284352
1482.37,51197284352
1482.67,51197284352
1482.96,51197284352
1483.25,51197284352
1483.55,51197284352
1483.84,51197284352
1484.13,51182948352
1484.42,51181309952
1484.71,51181309952
1484.99,51181309952
1485.29,51181309952
1485.57,51181309952
1485.86,51181309952
1486.15,51181309952
1486.44,51181309952
1486.73,51169841152
1487.02,51146084352
1487.31,51137892352
1487.60,51137892352
1487.89,51137892352
1488.18,51137892352
1488.47,51137892352
1488.76,51137892352
1489.05,51137892352
1489.34,51137892352
1489.63,51137892352
1489.92,51121508352
1490.21,51100209152
1490.50,51100209152
1490.80,51100209152
1491.09,51100209152
1491.38,51100209152
1491.67,51100209152
1491.96,51100209152
1492.25,51100209152
1492.54,51100209152
1492.83,51079319552
1493.12,51069489152
1493.41,51069489152
1493.71,51069489152
1494.00,51069489152
1494.29,51069489152
1494.58,51069489152
1494.87,51069489152
1495.16,51069489152
1495.45,51058839552
1495.74,51037540352
1496.04,51014193152
1496.32,50990845952
1496.61,50970775552
1496.90,50970775552
1497.20,50970775552
1497.49,50970775552
1497.78,50970775552
1498.07,50970775552
1498.36,50970775552
1498.64,50970775552
1498.93,50970775552
1499.22,50970775552
1499.50,50960945152
1499.80,50938417152
1500.09,50917527552
1500.38,50894180352
1500.67,50889674752
1500.97,50889674752
1501.26,50889674752
1501.56,50889674752
1501.84,50889674752
1502.13,50889674752
1502.42,50889674752
1502.71,50889674752
1503.00,50874929152
1503.29,50849533952
1503.59,50825367552
1503.88,50809802752
1504.17,50809802752
1504.46,50809802752
1504.76,50809802752
1505.05,50809802752
1505.34,50809802752
1505.63,50809802752
1505.92,50809802752
1506.21,50808164352
1506.51,50787274752
1506.79,50762698752
1507.09,50737303552
1507.38,50734436352
1507.67,50734436352
1507.96,50734436352
1508.26,50734436352
1508.54,50734436352
1508.84,50734436352
1509.13,50734436352
1509.42,50734436352
1509.71,50734436352
1510.00,50722557952
1510.30,50697572352
1510.59,50671767552
1510.88,50663985152
1511.17,50663120896
1511.46,50663120896
1511.76,50663120896
1512.05,50663120896
1512.33,50663120896
1512.62,50663120896
1512.92,50663120896
1513.21,50663120896
1513.50,50647146496
1513.79,50622160896
1514.09,50599223296
1514.38,50575466496
1514.67,50559492096
1514.97,50559492096
1515.26,50559492096
1515.55,50559492096
1515.84,50559492096
1516.13,50559492096
1516.42,50559492096
1516.71,50559492096
1517.01,50559492096
1517.30,50545565696
1517.59,50520989696
1517.88,50510340096
1518.18,50510340096
1518.47,50510340096
1518.75,50510340096
1519.04,50510340096
1519.33,50510340096
1519.64,50510340096
1519.93,50510340096
1520.22,50501328896
1520.52,50478391296
1520.81,50462007296
1521.10,50462007296
1521.40,50462007296
1521.69,50462007296
1521.98,50462007296
1522.27,50462007296
1522.57,50462007296
1522.85,50462007296
1523.14,50462007296
1523.43,50462007296
1523.72,50459140096
1524.01,50436612096
1524.30,50413674496
1524.59,50413674496
1524.88,50413674496
1525.18,50413674496
1525.47,50413674496
1525.76,50413674496
1526.06,50413674496
1526.35,50413674496
1526.64,50413674496
1526.93,50412445696
1527.21,50413264896
1527.51,50413674496
1527.80,50398519296
1528.09,50375991296
1528.38,50375991296
1528.67,50375991296
1528.96,50375991296
1529.25,50375991296
1529.54,50375991296
1529.82,50375991296
1530.10,50375991296
1530.39,50375991296
1530.68,50375991296
1530.97,50359607296
1531.26,50337488896
1531.55,50327248896
1531.84,50327248896
1532.13,50327248896
1532.43,50327248896
1532.72,50327248896
1533.02,50327248896
1533.31,50327248896
1533.60,50327248896
1533.89,50327248896
1534.19,50321514496
1534.48,50299805696
1534.77,50278916096
1535.06,50278096896
1535.35,50278096896
1535.64,50278096896
1535.93,50278096896
1536.23,50278096896
1536.52,50278096896
1536.81,50278096896
1537.10,50276458496
1537.39,50262122496
1537.69,50262122496
1537.98,50262122496
1538.27,50262122496
1538.56,50262122496
1538.85,50262122496
1539.14,50262122496
1539.43,50262122496
1539.72,50262122496
1540.01,50251063296
1540.31,50226896896
1540.60,50214608896
1540.89,50214608896
1541.19,50214019072
1541.48,50214019072
1541.77,50214019072
1542.06,50214019072
1542.36,50214019072
1542.64,50214019072
1542.94,50214019072
1543.23,50214019072
1543.52,50195587072
1543.81,50176745472
1544.10,50175926272
1544.39,50175926272
1544.68,50175926272
1544.97,50175926272
1545.26,50175926272
1545.55,50175926272
1545.85,50175926272
1546.14,50171830272
1546.43,50150940672
1546.72,50126364672
1547.01,50124316672
1547.31,50124316672
1547.60,50124316672
1547.89,50124316672
1548.18,50124316672
1548.48,50124316672
1548.76,50124316672
1549.04,50124316672
1549.33,50110390272
1549.62,50085404672
1549.91,50072707072
1550.20,50072707072
1550.49,50072707072
1550.78,50072707072
1551.07,50072707072
1551.37,50072707072
1551.66,50073116672
1551.95,50073116672
1552.24,50056732672
1552.53,50035433472
1552.83,50024374272
1553.12,50024374272
1553.42,50024374272
1553.71,50024374272
1554.00,50024374272
1554.29,50024374272
1554.58,50024374272
1554.88,50024374272
1555.16,50022326272
1555.45,50009628672
1555.73,49987919872
1556.02,49973583872
1556.31,49973583872
1556.61,49973583872
1556.90,49973583872
1557.19,49973583872
1557.48,49973583872
1557.78,49973583872
1558.07,49973583872
1558.36,49969897472
1558.65,49953103872
1558.94,49936310272
1559.23,49927299072
1559.52,49927299072
1559.82,49927299072
1560.12,49927299072
1560.41,49927299072
1560.70,49927299072
1560.99,49926889472
1561.28,49926889472
1561.57,49926889472
1561.86,49926889472
1562.16,49912963072
1562.45,49888796672
1562.74,49874460672
1563.04,49874460672
1563.33,49874460672
1563.62,49874460672
1563.91,49874460672
1564.20,49874460672
1564.49,49874460672
1564.78,49874460672
1565.08,49859305472
1565.37,49853571072
1565.66,49853571072
1565.95,49853571072
1566.23,49853571072
1566.52,49853571072
1566.80,49853571072
1567.09,49853571072
1567.38,49853571072
1567.66,49845788672
1567.95,49821212672
1568.24,49810563072
1568.53,49810563072
1568.83,49810563072
1569.11,49810563072
1569.40,49810563072
1569.69,49810563072
1569.98,49810563072
1570.27,49810563072
1570.56,49808924672
1570.86,49793359872
1571.14,49772060672
1571.43,49772060672
1571.72,49772060672
1572.02,49772060672
1572.31,49772060672
1572.60,49772060672
1572.88,49772060672
1573.17,49772060672
1573.47,49772060672
1573.76,49772060672
1574.04,49771241472
1574.33,49753219072
1574.63,49741750272
1574.92,49741750272
1575.21,49741750272
1575.50,49741750272
1575.79,49741750272
1576.07,49741750272
1576.36,49741750272
1576.65,49741750272
1576.94,49741750272
1577.22,49727414272
1577.51,49723318272
1577.80,49723318272
1578.08,49723318272
1578.37,49723318272
1578.66,49723318272
1578.94,49723318272
1579.22,49723318272
1579.51,49723318272
1579.80,49723318272
1580.09,49714307072
1580.38,49690959872
1580.66,49668022272
1580.96,49646723072
1581.25,49630339072
1581.54,49618460672
1581.83,49618460672
1582.12,49618460672
1582.41,49618460672
1582.70,49618460672
1582.99,49618460672
1583.28,49618460672
1583.58,49618460672
1583.86,49607811072
1584.15,49589788672
1584.45,49567260672
1584.74,49543913472
1585.03,49518518272
1585.32,49515651072
1585.62,49515651072
1585.91,49515651072
1586.20,49515651072
1586.49,49515651072
1586.78,49515651072
1587.07,49515651072
1587.36,49509916672
1587.65,49490255872
1587.94,49466089472
1588.23,49442332672
1588.53,49423491072
1588.82,49423491072
1589.11,49423491072
1589.40,49423491072
1589.69,49423491072
1589.98,49423491072
1590.27,49423491072
1590.55,49423491072
1590.84,49423491072
1591.14,49423491072
1591.43,49417756672
1591.71,49400963072
1592.01,49377206272
1592.29,49374748672
1592.58,49374748672
1592.86,49374748672
1593.14,49374748672
1593.43,49374748672
1593.72,49374748672
1594.01,49374748672
1594.29,49374748672
1594.58,49375567872
1594.87,49374339072
1595.15,49350991872
1595.44,49340751872
1595.73,49340751872
1596.01,49340751872
1596.31,49340751872
1596.59,49340751872
1596.87,49340751872
1597.15,49340751872
1597.44,49340751872
1597.73,49338703872
1598.02,49321910272
1598.31,49302659072
1598.61,49287503872
1598.90,49287503872
1599.19,49287503872
1599.48,49287503872
1599.77,49287503872
1600.06,49287503872
1600.35,49287503872
1600.64,49287503872
1600.93,49287503872
1601.22,49271898112
1601.51,49247731712
1601.80,49239949312
1602.10,49239949312
1602.39,49239949312
1602.68,49239949312
1602.97,49239949312
1603.26,49239949312
1603.55,49239949312
1603.83,49239949312
1604.12,49228480512
1604.41,49204314112
1604.70,49189158912
1604.99,49189158912
1605.29,49189158912
1605.58,49189158912
1605.86,49189158912
1606.14,49189158912
1606.44,49189158912
1606.73,49189158912
1607.02,49189158912
1607.32,49189158912
1607.60,49178099712
1607.89,49153933312
1608.18,49135501312
1608.47,49135501312
1608.76,49135501312
1609.05,49135501312
1609.34,49135501312
1609.62,49135501312
1609.91,49135501312
1610.21,49135501312
1610.50,49135501312
1610.79,49117478912
1611.08,49097818112
1611.37,49087578112
1611.67,49087578112
1611.96,49087578112
1612.25,49087578112
1612.54,49087578112
1612.83,49087578112
1613.12,49087578112
1613.42,49087578112
1613.71,49084710912
1614.00,49084301312
1614.29,49070784512
1614.58,49045389312
1614.87,49028186112
1615.16,49024090112
1615.46,49024090112
1615.75,49024090112
1616.05,49024090112
1616.34,49024090112
1616.63,49024090112
1616.92,49024090112
1617.21,49024090112
1617.50,49021632512
1617.80,49004838912
1618.08,48986816512
1618.37,48986816512
1618.67,48986816512
1618.96,48986816512
1619.25,48986816512
1619.54,48986816512
1619.83,48986816512
1620.12,48986816512
1620.41,48986816512
1620.70,48984768512
1620.99,48965926912
1621.28,48940941312
1621.57,48937254912
1621.87,48937254912
1622.15,48937254912
1622.45,48937254912
1622.74,48937254912
1623.03,48937254912
1623.32,48937254912
1623.61,48937254912
1623.90,48937254912
1624.19,48936435712
1624.48,48915955712
1624.77,48890560512
1625.06,48886874112
1625.35,48886874112
1625.64,48886874112
1625.93,48886874112
1626.22,48886874112
1626.51,48886874112
1626.80,48886874112
1627.10,48886874112
1627.38,48886874112
1627.68,48886874112
1627.97,48870080512
1628.27,48849190912
1628.56,48837312512
1628.85,48837312512
1629.14,48837312512
1629.42,48837312512
1629.71,48837312512
1630.00,48837312512
1630.30,48837312512
1630.59,48837312512
1630.87,48837312512
1631.16,48835264512
1631.45,48813965312
1631.74,48795942912
1632.03,48790208512
1632.32,48790208512
1632.61,48790208512
1632.89,48790208512
1633.18,48790208512
1633.47,48790208512
1633.76,48790208512
1634.06,48790208512
1634.35,48790208512
1634.63,48790208512
1634.92,48783654912
1635.22,48763994112
1635.51,48743514112
1635.81,48743514112
1636.10,48743514112
1636.38,48743514112
1636.67,48743514112
1636.97,48743514112
1637.26,48743514112
1637.55,48743514112
1637.83,48743514112
1638.12,48729178112
1638.41,48705011712
1638.70,48692723712
1638.99,48692723712
1639.29,48692723712
1639.58,48692723712
1639.87,48692723712
1640.15,48692723712
1640.43,48692723712
1640.72,48692723712
1641.00,48692150272
1641.28,48692150272
1641.57,48670851072
1641.86,48654876672
1642.15,48654876672
1642.45,48654876672
1642.73,48654876672
1643.01,48654876672
1643.31,48654876672
1643.60,48654876672
1643.87,48654876672
1644.15,48654876672
1644.44,48654467072
1644.73,48640950272
1645.02,48626614272
1645.31,48626614272
1645.59,48626614272
1645.88,48626614272
1646.16,48626614272
1646.45,48626614272
1646.74,48626614272
1647.02,48626614272
1647.30,48626614272
1647.58,48626614272
1647.87,48613097472
1648.16,48588521472
1648.45,48586883072
1648.74,48586883072
1649.02,48586883072
1649.31,48586883072
1649.60,48586883072
1649.88,48586883072
1650.17,48586883072
1650.46,48586883072
1650.75,48577871872
1651.04,48557801472
1651.34,48537731072
1651.63,48537731072
1651.91,48537731072
1652.20,48537731072
1652.49,48537731072
1652.77,48537731072
1653.06,48537731072
1653.34,48537731072
1653.62,48537731072
1653.91,48537731072
1654.19,48538550272
1654.47,48537731072
1654.76,48512745472
1655.05,48502505472
1655.34,48502505472
1655.63,48502505472
1655.91,48502505472
1656.20,48502505472
1656.48,48502505472
1656.78,48502505472
1657.06,48502505472
1657.35,48502505472
1657.63,48491855872
1657.92,48473423872
1658.21,48454991872
1658.50,48454991872
1658.79,48454991872
1659.08,48454991872
1659.38,48454991872
1659.66,48454991872
1659.95,48454991872
1660.24,48454991872
1660.53,48452534272
1660.82,48438607872
1661.11,48418127872
1661.40,48403791872
1661.69,48403791872
1661.98,48403791872
1662.27,48403791872
1662.56,48403791872
1662.85,48403791872
1663.13,48403791872
1663.41,48403791872
1663.70,48403791872
1663.98,48395599872
1664.27,48373891072
1664.56,48353411072
1664.85,48353411072
1665.13,48353411072
1665.43,48353411072
1665.72,48353411072
1666.01,48353411072
1666.29,48353411072
1666.58,48353411072
1666.88,48347267072
1667.17,48323919872
1667.46,48305487872
1667.75,48305487872
1668.04,48305487872
1668.33,48305487872
1668.62,48305487872
1668.92,48305487872
1669.21,48305487872
1669.51,48305487872
1669.80,48305487872
1670.09,48305487872
1670.39,48287875072
1670.68,48265756672
1670.98,48247324672
1671.27,48228483072
1671.56,48210870272
1671.85,48210460672
1672.14,48210460672
1672.43,48210460672
1672.72,48210460672
1673.01,48210460672
1673.31,48210460672
1673.60,48210460672
1673.89,48207183872
1674.18,48188751872
1674.48,48174006272
1674.77,48159670272
1675.06,48144105472
1675.35,48144105472
1675.64,48144105472
1675.93,48144105472
1676.23,48144105472
1676.52,48144105472
1676.81,48144105472
1677.10,48144105472
1677.39,48140828672
1677.68,48117891072
1677.98,48092905472
1678.27,48071196672
1678.56,48071196672
1678.86,48071196672
1679.15,48071196672
1679.44,48071196672
1679.73,48071196672
1680.02,48071196672
1680.32,48071196672
1680.61,48071196672
1680.91,48071196672
1681.20,48063414272
1681.49,48050716672
1681.78,48050716672
1682.07,48050716672
1682.37,48050716672
1682.65,48050716672
1682.94,48050716672
1683.23,48050716672
1683.53,48050716672
1683.82,48050716672
1684.12,48045391872
1684.41,48022863872
1684.71,48016310272
1685.00,48016310272
1685.30,48016310272
1685.59,48016310272
1685.88,48016310272
1686.17,48016310272
1686.46,48016310272
1686.75,48016310272
1687.05,48003612672
1687.34,47979446272
1687.63,47965929472
1687.92,47965929472
1688.21,47965929472
1688.51,47965929472
1688.80,47965929472
1689.10,47965929472
1689.39,47965929472
1689.69,47965929472
1689.97,47957327872
1690.26,47932751872
1690.56,47915958272
1690.85,47905718272
1691.14,47905308672
1691.43,47905308672
1691.72,47905308672
1692.02,47905308672
1692.31,47905308672
1692.61,47905308672
1692.89,47905308672
1693.19,47905308672
1693.48,47905308672
1693.77,47901622272
1694.06,47881142272
1694.36,47861481472
1694.65,47841001472
1694.93,47818473472
1695.22,47818473472
1695.52,47818473472
1695.81,47818473472
1696.10,47818473472
1696.39,47818473472
1696.68,47818473472
1696.96,47818473472
1697.25,47818473472
1697.55,47804547072
1697.84,47787343872
1698.13,47764815872
1698.43,47741059072
1698.72,47717302272
1699.01,47693955072
1699.30,47679619072
1699.59,47679619072
1699.88,47679619072
1700.17,47679619072
1700.47,47679619072
1700.76,47679619072
1701.05,47679209472
1701.34,47679209472
1701.63,47679209472
1701.92,47679209472
1702.21,47679209472
1702.50,47679209472
1702.80,47679209472
1703.09,47679209472
1703.39,47679209472
1703.68,47677571072
1703.97,47657091072
1704.26,47637430272
1704.55,47630467072
1704.84,47630467072
1705.13,47630467072
1705.43,47630467072
1705.72,47630467072
1706.02,47630467072
1706.31,47630467072
1706.60,47630467072
1706.89,47613673472
1707.19,47589507072
1707.48,47579267072
1707.77,47579267072
1708.06,47579267072
1708.35,47579267072
1708.65,47579267072
1708.94,47579267072
1709.24,47579267072
1709.53,47579267072
1709.82,47578447872
1710.11,47558787072
1710.40,47535030272
1710.69,47531753472
1710.98,47531753472
1711.28,47531753472
1711.57,47531753472
1711.86,47531753472
1712.15,47531753472
1712.44,47531753472
1712.73,47531753472
1713.02,47524790272
1713.31,47507177472
1713.60,47485878272
1713.89,47467446272
1714.19,47444508672
1714.48,47421980672
1714.77,47419113472
1715.07,47419113472
1715.36,47419113472
1715.64,47419113472
1715.94,47419113472
1716.23,47419113472
1716.52,47419113472
1716.81,47419113472
1717.10,47419113472
1717.39,47408873472
1717.68,47400681472
1717.97,47400681472
1718.26,47400681472
1718.55,47400681472
1718.84,47400681472
1719.14,47400681472
1719.43,47400681472
1719.72,47400681472
1720.01,47399043072
1720.30,47399862272
1720.59,47383068672
1720.89,47376924672
1721.18,47376515072
1721.47,47376515072
1721.76,47376515072
1722.06,47376515072
1722.35,47376515072
1722.64,47376515072
1722.93,47376515072
1723.23,47361769472
1723.52,47337603072
1723.81,47329411072
1724.10,47329411072
1724.39,47329411072
1724.68,47329411072
1724.98,47329411072
1725.27,47329411072
1725.56,47329411072
1725.86,47329411072
1726.15,47322038272
1726.44,47299919872
1726.72,47280259072
1727.02,47257321472
1727.31,47254044672
1727.60,47254044672
1727.89,47254044672
1728.18,47254044672
1728.47,47254044672
1728.76,47254044672
1729.05,47254044672
1729.34,47254044672
1729.63,47244214272
1729.92,47222505472
1730.20,47215951872
1730.49,47215951872
1730.79,47215951872
1731.08,47215951872
1731.37,47215951872
1731.66,47215951872
1731.96,47215951872
1732.25,47215951872
1732.54,47208169472
1732.83,47195881472
1733.12,47195881472
1733.41,47195881472
1733.70,47195881472
1733.98,47195881472
1734.28,47195881472
1734.57,47195881472
1734.86,47195881472
1735.15,47195881472
1735.45,47195881472
1735.74,47177039872
1736.03,47155740672
1736.32,47148777472
1736.62,47148777472
1736.91,47148777472
1737.20,47148777472
1737.49,47148777472
1737.79,47148777472
1738.08,47148777472
1738.37,47148777472
1738.67,47148777472
1738.95,47130755072
1739.25,47106998272
1739.54,47088156672
1739.83,47070543872
1740.12,47070543872
1740.42,47070543872
1740.71,47070543872
1741.00,47070543872
1741.30,47070543872
1741.58,47070543872
1741.87,47070543872
1742.17,47070543872
1742.46,47070134272
1742.75,47051292672
1743.04,47034908672
1743.34,47034908672
1743.62,47034908672
1743.91,47034908672
1744.20,47034908672
1744.50,47034908672
1744.79,47034908672
1745.07,47034908672
1745.37,47031222272
1745.66,47009923072
1745.95,46988214272
1746.24,46964047872
1746.53,46939881472
1746.82,46919401472
1747.10,46894006272
1747.40,46871478272
1747.69,46856732672
1747.98,46856732672
1748.27,46856732672
1748.56,46856732672
1748.85,46856732672
1749.14,46856732672
1749.43,46856732672
1749.73,46856732672
1750.02,46856732672
1750.31,46856732672
1750.60,46856732672
1750.89,46856732672
1751.18,46856073216
1751.47,46856073216
1751.76,46852796416
1752.05,46829449216
1752.34,46809378816
1752.64,46807740416
1752.93,46807740416
1753.23,46807740416
1753.52,46807740416
1753.81,46807740416
1754.09,46807740416
1754.39,46807740416
1754.67,46807740416
1754.95,46807330816
1755.25,46784802816
1755.55,46759817216
1755.84,46754492416
1756.14,46754492416
1756.43,46754492416
1756.72,46754492416
1757.01,46754492416
1757.31,46754492416
1757.60,46754492416
1757.89,46754492416
1758.18,46740566016
1758.47,46718447616
1758.75,46696329216
1759.04,46687727616
1759.34,46687727616
1759.64,46687727616
1759.93,46687727616
1760.22,46687727616
1760.52,46687727616
1760.81,46687727616
1761.10,46687727616
1761.39,46684860416
1761.68,46670524416
1761.97,46670524416
1762.27,46670524416
1762.55,46670524416
1762.85,46670524416
1763.14,46670524416
1763.43,46670524416
1763.72,46670524416
1764.02,46670524416
1764.30,46670524416
1764.59,46652092416
1764.88,46627516416
1765.17,46612361216
1765.47,46612361216
1765.76,46612361216
1766.05,46612361216
1766.35,46612361216
1766.64,46612361216
1766.92,46612361216
1767.22,46612361216
1767.51,46612361216
1767.79,46601711616
1768.08,46577135616
1768.37,46552559616
1768.66,46534537216
1768.95,46534537216
1769.24,46534127616
1769.52,46534127616
1769.82,46534127616
1770.11,46534127616
1770.40,46534127616
1770.69,46534127616
1770.98,46533611520
1771.28,46531973120
1771.56,46504529920
1771.88,46477496320
1772.18,46450053120
1772.47,46449643520
1772.76,46449643520
1773.05,46449643520
1773.35,46449643520
1773.63,46449643520
1773.92,46449643520
1774.21,46449643520
1774.50,46443089920
1774.79,46415646720
1775.08,46388203520
1775.37,46361169920
1775.66,46333726720
1775.95,46307102720
1776.24,46280478720
1776.53,46253445120
1776.83,46230507520
1777.12,46230507520
1777.41,46230507520
1777.70,46230507520
1777.99,46230507520
1778.28,46230507520
1778.57,46230507520
1778.86,46230507520
1779.15,46230507520
1779.44,46230507520
1779.73,46230507520
1780.02,46230507520
1780.31,46230507520
1780.60,46230507520
1780.89,46228869120
1781.18,46203064320
1781.47,46176030720
1781.76,46148587520
1782.05,46120734720
1782.35,46117048320
1782.64,46117048320
1782.93,46117048320
1783.22,46117048320
1783.52,46117048320
1783.80,46117048320
1784.09,46117048320
1784.38,46117048320
1784.67,46117048320
1784.97,46117048320
1785.26,46117048320
1785.56,46117048320
1785.85,46117048320
1786.13,46117048320
