time,used_memory_rss(bytes)
0.00,47620923392
0.28,47593529344
0.55,47567708160
0.82,47539658752
1.10,47511609344
1.38,47483428864
1.66,47454986240
1.94,47428640768
2.22,47400722432
2.49,47372017664
2.77,47342583808
3.05,47314141184
3.33,47286091776
3.61,47258042368
3.89,47229730816
4.16,47202074624
4.44,47174942720
4.71,47146762240
4.99,47117627392
5.27,47089315840
5.54,47061397504
5.82,47033741312
6.09,47005822976
6.37,46977904640
6.65,46949724160
6.93,46922461184
7.21,46893756416
7.49,46865051648
7.76,46836740096
8.04,46809477120
8.32,46780116992
8.60,46752329728
8.87,46724149248
9.15,46695968768
9.43,46668443648
9.71,46640619520
9.98,46612570112
10.26,46583709696
10.54,46555004928
10.82,46526562304
11.09,46498119680
11.37,46471512064
11.65,46445166592
11.93,46416986112
12.20,46389723136
12.48,46361280512
12.76,46332968960
13.05,46305955840
13.34,46277906432
13.62,46250512384
13.89,46222331904
14.16,46194413568
14.44,46169116672
14.72,46140805120
15.00,46111956992
15.28,46083383296
15.55,46054416384
15.84,46026235904
16.12,45997793280
16.40,45969481728
16.68,45941039104
16.96,45924655104
17.24,45924655104
17.52,45900275712
17.80,45871964160
18.07,45840900096
18.35,45810622464
18.62,45779165184
18.90,45748494336
19.18,45718085632
19.46,45686366208
19.74,45654941696
20.02,45624664064
20.30,45593862144
20.58,45562798080
20.86,45530095616
21.15,45498638336
21.43,45467312128
21.71,45444898816
21.99,45416587264
22.27,45387358208
22.55,45359046656
22.83,45330341888
23.11,45301506048
23.39,45273456640
23.67,45245276160
23.95,45216964608
24.23,45188784128
24.50,45160734720
24.78,45133078528
25.06,45104963584
25.34,45078093824
25.62,45050306560
25.90,45022126080
26.18,44993159168
26.46,44964847616
26.74,44936536064
27.02,44925526016
27.30,27914366976
27.58,27914366976
27.87,27914366976
28.14,27914366976
28.43,27914366976
28.71,27914366976
29.00,27914366976
29.28,27914366976
29.57,27914366976
29.84,27914366976
30.13,27914366976
30.41,55825747968
30.69,55825747968
30.97,55825747968
31.25,55809757184
31.53,55781183488
31.81,55752478720
32.09,55723380736
32.37,55693058048
32.65,55663697920
32.93,55634468864
33.21,55605633024
33.49,55577059328
33.76,55547830272
34.04,55518601216
34.31,55488978944
34.59,55460012032
34.86,55431176192
35.14,55401213952
35.41,55371853824
35.69,55342231552
35.97,55312740352
36.25,55283773440
36.53,55255068672
36.81,55224266752
37.09,55194775552
37.37,55165284352
37.65,55135268864
37.93,55105384448
38.21,55076155392
38.49,55047450624
38.76,55018221568
39.04,54988337152
39.32,54958845952
39.60,54930534400
39.88,54901305344
40.16,54870421504
40.44,54841192448
40.72,54811176960
40.99,54782210048
41.27,54752980992
41.55,54723751936
41.83,54694785024
42.10,54665555968
42.39,54635540480
42.67,54608015360
42.95,54577999872
43.22,54549557248
43.50,54520459264
43.78,54491885568
44.06,54463836160
44.34,54435262464
44.61,54406426624
44.88,54377328640
45.16,54348353536
45.44,54319386624
45.72,54291206144
45.99,54262124544
46.27,54233550848
46.54,54205501440
46.82,54175617024
47.10,54146519040
47.38,54117421056
47.65,54088192000
47.93,54058700800
48.21,54030127104
48.49,54000766976
48.77,53971537920
49.05,53942292480
49.33,53914112000
49.61,53884882944
49.88,53855784960
50.16,53826555904
50.44,53798113280
50.71,53769277440
50.99,53740179456
51.27,53710819328
51.55,53680279552
51.83,53650657280
52.11,53621166080
52.39,53592199168
52.67,53562970112
52.95,53533872128
53.22,53505298432
53.50,53475545088
53.78,53445922816
54.06,53416562688
54.34,53389037568
54.62,53360201728
54.90,53331628032
55.17,53303578624
55.45,53274091520
55.73,53244608512
56.02,53215379456
56.30,53186150400
56.58,53156921344
56.86,53127036928
57.14,53097938944
57.42,53069234176
57.70,53040398336
57.97,53011693568
58.25,52982988800
58.53,52953759744
58.80,52924661760
59.08,52895301632
59.37,52866334720
59.65,52836450304
59.93,52807221248
60.21,52777992192
60.49,52748894208
60.77,52719665152
61.04,52691746816
61.32,52663304192
61.59,52633288704
61.87,52604583936
62.15,52575748096
62.43,52546912256
62.70,52517945344
62.98,52489240576
63.26,52460273664
63.53,52431306752
63.81,52401553408
64.09,52372717568
64.37,52343357440
64.65,52313866240
64.92,52284768256
65.20,52255932416
65.47,52226392064
65.75,52196900864
66.03,52167016448
66.31,52137656320
66.59,52108165120
66.88,52080115712
67.15,52049969152
67.43,52021264384
67.71,51992690688
67.99,51963985920
68.27,51934887936
68.55,51905396736
68.83,51875774464
69.10,51846938624
69.38,51817971712
69.66,51788480512
69.94,51758596096
70.22,51728580608
70.51,51699089408
70.79,51669729280
71.06,51640238080
71.35,51611009024
71.63,51581779968
71.91,51552288768
72.19,51522535424
72.47,51493437440
72.75,51464339456
73.02,51435110400
73.30,51405750272
73.58,51376652288
73.86,51347554304
74.13,51318718464
74.41,51290144768
74.69,51261440000
74.97,51232342016
75.24,51203506176
75.52,51173888000
75.80,51144658944
76.07,51115167744
76.36,51086594048
76.64,51057758208
76.92,51028398080
77.19,50999037952
77.47,50969677824
77.76,50941366272
78.03,50912530432
78.31,50884042752
78.58,50855206912
78.86,50826371072
79.13,50797404160
79.42,50768568320
79.69,50739339264
79.98,50710503424
80.25,50680225792
80.53,50650865664
80.82,50621898752
81.09,50593849344
81.38,50563964928
81.65,50534866944
81.93,50505375744
82.21,50476146688
82.49,50446524416
82.77,50416771072
83.05,50387279872
83.33,50357657600
83.61,50329870336
83.89,50300641280
84.16,50270236672
84.44,50240614400
84.72,50211385344
85.00,50182025216
85.28,50153189376
85.56,50122612736
85.84,50092466176
86.12,50063237120
86.40,50035449856
86.68,50006482944
86.96,49976860672
87.23,49947631616
87.51,49918533632
87.79,49889042432
88.07,49859682304
88.35,49830322176
88.63,49801617408
88.91,49772650496
89.19,49744207872
89.47,49714585600
89.75,49685487616
90.03,49656258560
90.31,49625489408
90.58,49596260352
90.86,49567031296
91.14,49538326528
91.42,49509228544
91.69,49482227712
91.97,49453260800
92.25,49423376384
92.52,49393754112
92.80,49365049344
93.08,49335689216
93.35,49305804800
93.64,49276182528
93.91,49246560256
94.19,49216937984
94.47,49188757504
94.75,49159528448
95.03,49128960000
95.31,49098813440
95.59,49068797952
95.88,49038913536
96.16,49008697344
96.44,48979075072
96.71,48949977088
97.00,48920485888
97.28,48891650048
97.56,48862814208
97.83,48833064960
98.11,48803835904
98.40,48774213632
98.67,48745246720
98.95,48715100160
99.23,48685346816
99.52,48656117760
99.79,48627412992
100.07,48598315008
100.35,48567738368
100.62,48538378240
100.90,48508624896
101.18,48479526912
101.46,48450822144
101.73,48421593088
102.01,48392626176
102.29,48362872832
102.57,48335872000
102.84,48306511872
103.12,48276627456
103.40,48248184832
103.67,48218562560
103.96,48189333504
104.24,48160104448
104.52,48130482176
104.80,48101646336
105.07,48073334784
105.35,48044892160
105.62,48015794176
105.90,47986302976
106.19,47956680704
106.46,47926194176
106.74,47896309760
107.02,47867473920
107.30,47838769152
107.57,47810981888
107.85,47782014976
108.13,47751868416
108.41,47723294720
108.68,47694721024
108.96,47666016256
109.24,47637573632
109.52,47608737792
109.80,47579115520
110.08,47549886464
110.36,47520264192
110.64,47491166208
110.92,47462068224
111.19,47432970240
111.47,47403085824
111.75,47372939264
112.04,47343710208
112.32,47313694720
112.60,47284203520
112.88,47255105536
113.16,47225876480
113.44,47196516352
113.72,47167287296
113.99,47138058240
114.27,47108829184
114.55,47079600128
114.83,47050108928
115.11,47020879872
115.39,46992568320
115.67,46964256768
115.95,46935289856
116.23,46905798656
116.51,46875914240
116.79,46847602688
117.06,46819028992
117.34,46790586368
117.62,46761226240
117.90,46732783616
118.17,46704611328
118.45,46676131840
118.72,46646456320
119.00,46617325568
119.28,46588489728
119.56,46559391744
119.83,46529769472
120.11,46500147200
120.39,46470184960
120.66,46440824832
120.94,46411202560
121.22,46381580288
121.50,46351433728
121.79,46322073600
122.07,46293499904
122.34,46264008704
122.62,46232944640
122.90,46203322368
123.18,46173569024
123.46,46144471040
123.74,46115766272
124.02,46086144000
124.30,46057177088
124.58,46027816960
124.86,45998981120
125.13,45970276352
125.41,45941178368
125.69,45911687168
125.97,45881540608
126.25,45852180480
126.53,45822234624
126.81,45793005568
127.09,45762203648
127.37,45759057920
127.65,45747785728
127.93,45718949888
128.21,45689982976
128.49,45660491776
128.76,45631262720
129.04,45602557952
129.32,45572280320
129.61,45542658048
129.88,45512687616
130.17,45482803200
130.45,45452918784
130.74,45423427584
131.02,45394460672
131.29,45366935552
131.57,45339410432
131.85,45309919232
132.13,45279510528
132.41,45250150400
132.69,45220528128
132.97,45192085504
133.25,45162856448
133.53,45133103104
133.81,45104005120
134.09,45074644992
134.36,45046988800
134.65,45017104384
134.93,44986695680
135.21,44956942336
135.49,44926533632
135.77,44925480960
136.05,27914092544
136.33,27914092544
136.62,27914092544
136.90,27914092544
137.18,27913347072
137.45,27913347072
137.73,27913347072
138.01,27913347072
138.29,27913740288
138.56,27913740288
138.84,27913740288
139.12,27913740288
139.40,27913740288
139.67,27913740288
139.95,27913740288
140.22,27913224192
140.50,27913224192
140.78,27913224192
141.06,27913224192
141.34,27913617408
141.62,27913617408
141.90,27913617408
142.18,27913617408
142.46,27913617408
142.74,27913617408
143.03,27913617408
143.31,27913617408
143.59,27913617408
143.86,27913617408
144.13,27913617408
144.42,27913617408
144.70,27913617408
144.98,27913617408
145.26,27913617408
145.54,27913617408
145.82,27913617408
146.10,27913617408
146.38,27913617408
146.66,27913617408
146.95,27913617408
147.23,27913220096
147.51,27913220096
147.78,27913220096
148.07,27913220096
148.35,27913351168
148.63,27913351168
148.91,27913351168
149.19,27913482240
149.48,27913482240
149.76,27913482240
150.04,27913482240
150.32,27912552448
150.60,27912552448
150.88,27912552448
151.16,27914125312
151.44,27914125312
151.72,27914125312
152.00,27914125312
152.28,27914125312
152.56,27914125312
152.84,27914125312
153.12,27914125312
153.40,27914125312
153.68,27914649600
153.97,27914649600
154.25,27914649600
154.52,27914649600
154.80,27914649600
155.08,27914649600
155.36,27914649600
155.63,27914649600
155.92,27914649600
156.20,27914649600
156.48,27914649600
156.75,27914649600
157.04,27914649600
157.32,27913875456
157.60,27913875456
157.88,27913875456
158.16,27914137600
158.44,27914137600
158.72,27914137600
159.00,27914137600
159.28,27914137600
159.56,27914137600
159.84,27914137600
160.12,27914137600
160.40,27914137600
160.68,27914137600
160.96,27914137600
161.23,27914137600
161.51,27914137600
161.79,27914137600
162.07,27914137600
162.35,27914137600
162.64,27914137600
162.91,27914137600
163.20,27914137600
163.47,27914137600
163.75,27914137600
164.03,27914137600
164.31,27914530816
164.60,27914530816
164.88,27914530816
165.16,27914661888
165.44,27914661888
165.72,27914661888
166.00,27914661888
166.28,27914661888
166.55,27914661888
166.83,27914661888
167.10,27914661888
167.38,27913863168
167.67,27913863168
167.94,27913863168
168.22,27913863168
168.50,27913863168
168.78,27913863168
169.06,27913863168
169.35,27914125312
169.63,27914125312
169.91,27914125312
170.19,27931705344
170.47,27941797888
170.76,27941797888
171.05,27941797888
171.33,27941797888
171.62,27941797888
171.90,27941797888
172.18,27941797888
172.46,27941797888
172.75,27941797888
173.03,27941797888
173.32,27941797888
173.60,27941797888
173.88,27941797888
174.16,27941797888
174.44,27941797888
174.72,27941797888
175.00,27941797888
175.28,27941797888
175.56,27941797888
175.84,27941797888
176.12,27941797888
176.41,27941797888
176.69,27941797888
176.96,27941797888
177.24,27941797888
177.52,27941797888
177.79,27941797888
178.08,27941797888
178.36,27941797888
178.64,27941797888
178.92,27941797888
179.21,27941797888
179.48,27941797888
179.76,27941797888
180.05,27941797888
180.33,27941109760
180.61,27941109760
180.89,27941109760
181.18,27941109760
181.45,27941109760
181.73,27941109760
182.01,27941109760
182.29,27941109760
182.57,27941109760
182.86,27941109760
183.14,27941109760
183.42,27941109760
183.71,27941109760
183.99,27941109760
184.26,27941109760
184.55,27941109760
184.83,27941109760
185.11,27941109760
185.40,27941109760
185.68,27941109760
185.96,27941109760
186.24,27941109760
186.52,27941109760
186.80,27941109760
187.08,27941109760
187.35,27941109760
187.63,27941109760
187.91,27941109760
188.19,27941109760
188.47,27941109760
188.75,27941109760
189.03,27941109760
189.31,27941109760
189.59,27941109760
189.87,27941109760
190.15,27941109760
190.44,27941109760
190.72,27941109760
191.00,27941109760
191.28,27941109760
191.56,27941109760
191.84,27941109760
192.12,27941109760
192.40,27941109760
192.68,27941109760
192.96,27941109760
193.24,27941109760
193.52,27941109760
193.81,27941109760
194.09,27941109760
194.37,27941109760
194.65,27941109760
194.93,27941109760
195.21,27941109760
195.49,27941109760
195.77,27941109760
196.05,27941109760
196.33,27941109760
196.62,27941109760
196.90,27941109760
197.18,27941109760
197.47,27941109760
197.75,27941109760
198.03,27941109760
198.32,27941109760
198.60,27941109760
198.88,27941109760
199.17,27941109760
199.44,27941109760
199.72,27941109760
200.00,27941109760
200.29,27941109760
200.57,27941109760
200.85,27941109760
201.13,27941109760
201.42,27941109760
201.70,27941109760
201.99,27941109760
202.27,27941109760
202.55,27941109760
202.83,27941109760
203.12,27941109760
203.40,27941109760
203.68,27941109760
203.96,27941109760
204.24,27941109760
204.52,27941109760
204.80,27941109760
205.08,27941109760
205.36,27941109760
205.65,27941109760
205.93,27941109760
206.21,27941109760
206.49,27941109760
206.78,27941109760
207.06,27941109760
207.34,27941109760
207.62,27941109760
207.90,27941109760
208.18,27941109760
208.46,27941109760
208.75,27941109760
209.03,27941109760
209.31,27941109760
209.60,27941109760
209.88,27941109760
210.16,27941109760
210.45,27941109760
210.73,27941109760
211.01,27941109760
211.29,27941109760
211.58,27941109760
211.86,27941109760
212.14,27941109760
212.43,27941109760
212.71,27941109760
212.99,27941109760
213.28,27941109760
213.56,27941109760
213.84,27941109760
214.13,27941109760
214.41,27941109760
214.69,27941109760
214.97,27941109760
215.25,27941109760
215.53,27941109760
215.81,27941109760
216.09,27941109760
216.38,27941109760
216.66,27941109760
216.94,27941109760
217.22,27941109760
217.50,27941109760
217.78,27941109760
218.06,27941109760
218.34,27941109760
218.63,27941109760
218.90,27941109760
219.18,27941109760
219.47,27941109760
219.75,27941109760
220.03,27941109760
220.31,27941109760
220.59,27941109760
220.87,27941109760
221.15,27941109760
221.42,27941109760
221.71,27941109760
221.99,27941109760
222.27,27941109760
222.55,27941109760
222.84,27941109760
223.11,27941109760
223.39,27941109760
223.67,27941109760
223.95,27941109760
224.24,27941109760
224.52,27941109760
224.80,27941109760
225.08,27941109760
225.36,27941109760
225.64,27941109760
225.93,27941109760
226.22,27941109760
226.50,27941109760
226.78,27941109760
227.06,27941109760
227.34,27941109760
227.62,27941109760
227.90,27941109760
228.18,27941109760
228.47,27941109760
228.74,27941109760
229.03,27941109760
229.31,27941109760
229.59,27941109760
229.87,27941109760
230.15,27941109760
230.42,27941109760
230.70,27941109760
230.98,27941109760
231.25,27941109760
231.53,27941109760
231.81,27941109760
232.09,27941109760
232.38,27941109760
232.66,27941109760
232.94,27941109760
233.22,27941109760
233.50,27941109760
233.78,27941109760
234.06,27941109760
234.34,27941109760
234.62,27941109760
234.91,27941109760
235.19,27941109760
235.46,27941109760
235.74,27941109760
236.02,27941109760
236.30,27941109760
236.59,27941109760
236.87,27941109760
237.15,27941109760
237.43,27941109760
237.70,27941109760
237.98,27941109760
238.26,27941109760
238.54,27941109760
238.83,27941109760
239.10,27941109760
239.38,27941109760
239.66,27941109760
239.94,27941109760
240.22,27941109760
240.50,27941109760
240.78,27941109760
241.06,27941109760
241.35,27941109760
241.63,27941109760
241.92,27941109760
242.20,27941109760
242.48,27941109760
242.76,27941109760
243.04,27941109760
243.33,27941109760
243.60,27941109760
243.88,27941109760
244.17,27941109760
244.44,27941109760
244.72,27941109760
245.01,27941109760
245.29,27941109760
245.57,27941109760
245.85,27941109760
246.13,27941109760
246.42,27941109760
246.70,27941109760
246.98,27941109760
247.25,27941109760
247.53,27941109760
247.82,27941109760
248.10,27941109760
248.38,27941109760
248.66,27941109760
248.95,27941109760
249.23,27941109760
249.51,27941109760
249.79,27941109760
250.07,27941109760
250.35,27941109760
250.63,27941109760
250.92,27941109760
251.20,27941109760
251.48,27941109760
251.76,27941109760
252.04,27941109760
252.32,27941109760
252.61,27941109760
252.89,27941109760
253.16,27941109760
253.45,27941109760
253.73,27941109760
254.01,27941109760
254.29,27941109760
254.57,27941109760
254.85,27941109760
255.13,27941109760
255.41,27941109760
255.69,27941109760
255.97,27941109760
256.25,27941109760
256.54,27941109760
256.82,27941109760
257.10,27941109760
257.38,27941109760
257.66,27941109760
257.94,27941109760
258.23,27941109760
258.51,27941109760
258.79,27941109760
259.07,27941109760
259.36,27941109760
259.64,27941109760
259.91,27941109760
260.19,27941109760
260.47,27941109760
260.76,27941109760
261.04,27941109760
261.32,27941109760
261.60,27941109760
261.88,27941109760
262.16,27941109760
262.45,27941109760
262.73,27941109760
263.01,27941109760
263.29,27941109760
263.57,27941109760
263.85,27941109760
264.13,27941109760
264.42,27941109760
264.70,27941109760
264.98,27941109760
265.26,27941109760
265.54,27941109760
265.82,27941109760
266.10,27941109760
266.38,27941109760
266.66,27941109760
266.94,27941109760
267.21,27941109760
267.50,27941109760
267.78,27941109760
268.06,27941109760
268.34,27941109760
268.61,27941109760
268.89,27941109760
269.18,27941109760
269.46,27941109760
269.74,27941109760
270.02,27941109760
270.31,27941109760
270.59,27941109760
270.87,27941109760
271.15,27941109760
271.42,27941109760
271.71,27941109760
271.99,27941109760
272.27,27941109760
272.55,27941109760
272.83,27941109760
273.11,27941109760
273.39,27941109760
273.67,27941109760
273.95,27941109760
274.23,27941109760
274.51,27941109760
274.79,27941109760
275.07,27941109760
275.35,27941109760
275.62,27941109760
275.90,27941109760
276.18,27941109760
276.46,27941109760
276.75,27941109760
277.03,27941109760
277.31,27941109760
277.59,27941109760
277.88,27941109760
278.15,27941109760
278.44,27941109760
278.72,27941109760
279.00,27941109760
279.27,27941109760
279.55,27941109760
279.83,27941109760
280.11,27941109760
280.39,27941109760
280.67,27941109760
280.95,27941109760
281.23,27941109760
281.50,27941109760
281.79,27941109760
282.07,27941109760
282.36,27941109760
282.64,27941109760
282.92,27941109760
283.20,27941109760
283.48,27941109760
283.76,27941109760
284.04,27941109760
284.32,27941109760
284.60,27941109760
284.89,27941109760
285.16,27941109760
285.45,27941109760
285.73,27941109760
286.01,27941109760
286.28,27941109760
286.56,27941109760
286.84,27941109760
287.13,27941109760
287.41,27941109760
287.69,27941109760
287.96,27941109760
288.24,27941109760
288.52,27941109760
288.81,27941109760
289.09,27941109760
289.38,27941109760
289.66,27941109760
289.94,27941109760
290.22,27941109760
290.50,27941109760
290.78,27941109760
291.06,27941109760
291.34,27941109760
291.62,27941109760
291.91,27941109760
292.19,27941109760
292.47,27941109760
292.75,27941109760
293.03,27941109760
293.31,27941109760
293.59,27941109760
293.87,27941109760
294.15,27941109760
294.44,27941109760
294.73,27941109760
295.01,27941109760
295.29,27941109760
295.56,27941109760
295.84,27941109760
296.12,27941109760
296.40,27941109760
296.68,27941109760
296.95,27941109760
297.24,27941109760
297.52,27941109760
297.79,27941109760
298.07,27941109760
298.35,27941109760
298.62,27941109760
298.91,27941109760
299.19,27941109760
299.47,27941109760
299.75,27941109760
300.03,27941109760
300.31,27941109760
300.60,27941109760
300.88,27941109760
301.16,27941109760
301.44,27941109760
301.72,27941109760
302.00,27941109760
302.29,27941109760
302.57,27941109760
302.85,27941109760
303.13,27941109760
303.41,27941109760
303.69,27941109760
303.96,27941109760
304.25,27941109760
304.52,27941109760
304.81,27941109760
305.08,27941109760
305.37,27941109760
305.65,27941109760
305.93,27941109760
306.21,27941109760
306.49,27941109760
306.77,27941109760
307.05,27941109760
307.34,27941109760
307.62,27941109760
307.89,27941109760
308.17,27941109760
308.45,27941109760
308.73,27941109760
309.02,27941109760
309.30,27941109760
309.58,27941109760
309.86,27941109760
310.14,27941109760
310.43,27941109760
310.71,27941109760
310.99,27941109760
311.26,27941109760
311.54,27941109760
311.83,27941109760
312.11,27941109760
312.39,27941109760
312.67,27941109760
312.95,27941109760
313.23,27941109760
313.51,27941109760
313.80,27941109760
314.09,27941109760
314.37,27941109760
314.65,27941109760
314.93,27941109760
315.21,27941109760
315.49,27941109760
315.77,27941109760
316.05,27941109760
316.33,27941109760
316.62,27941109760
316.90,27941109760
317.17,27941109760
317.45,27941109760
317.74,27941109760
318.01,27941109760
318.30,27941109760
318.57,27941109760
318.85,27941109760
319.14,27941109760
319.42,27941109760
319.70,27941109760
319.99,27941109760
320.27,27941109760
320.55,27941109760
320.83,27941109760
321.11,27941109760
321.39,27941109760
321.67,27941109760
321.95,27941109760
322.23,27941109760
322.51,27941109760
322.79,27941109760
323.07,27941109760
323.36,27941109760
323.64,27941109760
323.93,27941109760
324.20,27941109760
324.48,27941109760
324.76,27941109760
325.04,27941109760
325.32,27941109760
325.61,27941109760
325.89,27941109760
326.17,27941109760
326.45,27941109760
326.73,27941109760
327.01,27941109760
327.30,27941109760
327.58,27941109760
327.86,27941109760
328.14,27941109760
328.42,27941109760
328.70,27941109760
328.98,27941109760
329.27,27941109760
329.56,27941109760
329.84,27941109760
330.12,27941109760
330.40,27941109760
330.68,27941109760
330.96,27941109760
331.24,27941109760
331.52,27941109760
331.80,27941109760
332.08,27941109760
332.36,27941109760
332.64,27941109760
332.92,27941109760
333.20,27941109760
333.49,27941109760
333.77,27941109760
334.05,27941109760
334.33,27941109760
334.61,27941109760
334.89,27941109760
335.17,27941109760
335.44,27941109760
335.73,27941109760
336.01,27941109760
336.28,27941109760
336.57,27941109760
336.85,27941109760
337.13,27941109760
337.41,27941109760
337.69,27941109760
337.98,27941109760
338.26,27941109760
338.54,27941109760
338.82,27941109760
339.11,27941109760
339.39,27941109760
339.67,27941109760
339.95,27941109760
340.23,27941109760
340.52,27941109760
340.80,27941109760
341.09,27941109760
341.37,27941109760
341.65,27941109760
341.94,27941109760
342.22,27941109760
342.50,27941109760
342.78,27941109760
343.07,27941109760
343.35,27941109760
343.64,27941109760
343.92,27941109760
344.20,27941109760
344.48,27941109760
344.76,27941109760
345.05,27941109760
345.33,27941109760
345.61,27941109760
345.90,27941109760
346.18,27941109760
346.46,27941109760
346.74,27941109760
347.01,27941109760
347.30,27941109760
347.57,27941109760
347.85,27941109760
348.13,27941109760
348.41,27941109760
348.69,27941109760
348.97,27941109760
349.26,27941109760
349.55,27941109760
349.83,27941109760
350.11,27941109760
350.39,27941109760
350.67,27941109760
350.96,27941109760
351.24,27941109760
351.52,27941109760
351.79,27941109760
352.07,27941109760
352.36,27941109760
352.64,27941109760
352.92,27941109760
353.20,27941109760
353.48,27941109760
353.77,27941109760
354.04,27941109760
354.32,27941109760
354.60,27941109760
354.88,27941109760
355.17,27941109760
355.45,27941109760
355.73,27941109760
356.01,27941109760
356.29,27941109760
356.58,27941109760
356.86,27941109760
357.14,27941109760
357.42,27941109760
357.70,27941109760
357.98,27941109760
358.25,27941109760
358.54,27941109760
358.82,27941109760
359.10,27941109760
359.38,27941109760
359.67,27941109760
359.95,27941109760
360.23,27941109760
360.51,27941109760
360.79,27941109760
361.07,27941109760
361.35,27941109760
361.64,27941109760
361.92,27941109760
362.20,27941109760
362.48,27941109760
362.76,27941109760
363.04,27941109760
363.32,27941109760
363.60,27941109760
363.88,27941109760
364.16,27941109760
364.44,27941109760
364.72,27941109760
365.00,27941109760
365.28,27941109760
365.56,27941109760
365.84,27941109760
366.12,27941109760
366.39,27941109760
366.68,27941109760
366.96,27941109760
367.24,27941109760
367.53,27941109760
367.81,27941109760
368.09,27941109760
368.37,27941109760
368.65,27941109760
368.93,27941109760
369.21,27941109760
369.49,27941109760
369.78,27941109760
370.06,27941109760
370.34,27941109760
370.62,27941109760
370.90,27941109760
371.19,27941109760
371.46,27941109760
371.75,27941109760
372.02,27941109760
372.31,27941109760
372.59,27941109760
372.87,27941109760
373.15,27941109760
373.44,27941109760
373.72,27941109760
374.00,27941109760
374.28,27941109760
374.56,27941109760
374.84,27941109760
375.12,27941109760
375.40,27941109760
375.69,27941109760
375.97,27941109760
376.25,27941109760
376.53,27941109760
376.81,27941109760
377.09,27941109760
377.37,27941109760
377.65,27941109760
377.93,27941109760
378.21,27941109760
378.49,27941109760
378.77,27941109760
379.05,27941109760
379.32,27941109760
379.60,27941109760
379.89,27941109760
380.17,27941109760
380.44,27941109760
380.72,27941109760
381.00,27941109760
381.29,27941109760
381.57,27941109760
381.85,27941109760
382.12,27941109760
382.40,27941109760
382.69,27941109760
382.97,27941109760
383.24,27941109760
383.52,27941109760
383.80,27941109760
384.08,27941109760
384.36,27941109760
384.65,27941109760
384.93,27941109760
385.21,27941109760
385.48,27941109760
385.77,27941109760
386.05,27941109760
386.32,27941109760
386.61,27941109760
386.89,27941109760
387.17,27941109760
387.45,27941109760
387.73,27941109760
388.01,27941109760
388.29,27941109760
388.56,27941109760
388.85,27941109760
389.12,27941109760
389.40,27941109760
389.69,27941109760
389.97,27941109760
390.25,27941109760
390.52,27941109760
390.80,27941109760
391.08,27941109760
391.36,27941109760
391.65,27941109760
391.93,27941109760
392.21,27941109760
392.49,27941109760
392.77,27941109760
393.06,27941109760
393.34,27941109760
393.62,27941109760
393.89,27941109760
394.18,27941109760
394.45,27941109760
394.73,27941109760
395.01,27941109760
395.30,27941109760
395.57,27941109760
395.86,27941109760
396.14,27941109760
396.42,27941109760
396.70,27941109760
396.98,27941109760
397.25,27941109760
397.54,27941109760
397.82,27941109760
398.10,27941109760
398.38,27941109760
398.66,27941109760
398.95,27941109760
399.23,27941109760
399.51,27941109760
399.79,27941109760
400.08,27941109760
400.36,27941109760
400.64,27941109760
400.92,27941109760
401.20,27941109760
401.48,27941109760
401.76,27941109760
402.05,27941109760
402.32,27941109760
402.61,27941109760
402.89,27941109760
403.17,27941109760
403.45,27941109760
403.74,27941109760
404.02,27941109760
404.30,27941109760
404.58,27941109760
404.87,27941109760
405.15,27941109760
405.43,27941109760
405.72,27941109760
406.00,27941109760
406.29,27941109760
406.57,27941109760
406.85,27941109760
407.14,27941109760
407.42,27941109760
407.70,27941109760
407.98,27941109760
408.26,27941109760
408.54,27941109760
408.82,27941109760
409.11,27941109760
409.38,27941109760
409.67,27941109760
409.95,27941109760
410.24,27941109760
410.52,27941109760
410.80,27941109760
411.08,27941109760
411.36,27941109760
411.64,27941109760
411.92,27941109760
412.20,27941109760
412.49,27941109760
412.77,27941109760
413.05,27941109760
413.33,27941109760
413.61,27941109760
413.89,27941109760
414.17,27941109760
414.45,27941109760
414.73,27941109760
415.01,27941109760
415.29,27941109760
415.57,27941109760
415.85,27941109760
416.13,27941109760
416.41,27941109760
416.69,27941109760
416.97,27941109760
417.26,27941109760
417.54,27941109760
417.83,27941109760
418.10,27941109760
418.38,27941109760
418.66,27941109760
418.94,27941109760
419.22,27941109760
419.51,27941109760
419.79,27941109760
420.06,27941109760
420.34,27941109760
420.62,27941109760
420.90,27941109760
421.18,27941109760
421.46,27941109760
421.74,27941109760
422.03,27941109760
422.31,27941109760
422.59,27941109760
422.88,27941109760
423.16,27941109760
423.44,27941109760
423.73,27941109760
424.00,27941109760
424.29,27941109760
424.57,27941109760
424.85,27941109760
425.13,27941109760
425.41,27941109760
425.70,27941109760
425.98,27941109760
426.26,27941109760
426.55,27941109760
426.83,27941109760
427.11,27941109760
427.38,27941109760
427.66,27941109760
427.95,27941109760
428.23,27941109760
428.51,27941109760
428.79,27941109760
429.07,27941109760
429.35,27941109760
429.63,27941109760
429.92,27941109760
430.20,27941109760
430.48,27941109760
430.75,27941109760
431.04,27941109760
431.31,27941109760
431.60,27941109760
431.87,27941109760
432.15,27941109760
432.43,27941109760
432.71,27941109760
432.99,27941109760
433.27,27941109760
433.56,27941109760
433.84,27941109760
434.12,27941109760
434.40,27941109760
434.68,27941109760
434.96,27941109760
435.24,27941109760
435.53,27941109760
435.81,27941109760
436.09,27941109760
436.36,27941109760
436.65,27941109760
436.93,27941109760
437.21,27941109760
437.49,27941109760
437.77,27941109760
438.06,27941109760
438.34,27941109760
438.62,27941109760
438.90,27941109760
439.18,27941109760
439.47,27941109760
439.75,27941109760
440.03,27941109760
440.31,27941109760
440.59,27941109760
440.87,27941109760
441.14,27941109760
441.42,27941109760
441.70,27941109760
441.98,27941109760
442.26,27941109760
442.54,27941109760
442.82,27941109760
443.10,27941109760
443.38,27941109760
443.66,27941109760
443.94,27941109760
444.21,27941109760
444.49,27941109760
444.77,27941109760
445.04,27941109760
445.32,27941109760
445.60,27941109760
445.88,27941109760
446.16,27941109760
446.44,27941109760
446.72,27941109760
447.00,27941109760
447.28,27941109760
447.57,27941109760
447.85,27941109760
448.13,27941109760
448.41,27941109760
448.69,27941109760
448.97,27941109760
449.26,27941109760
449.54,27941109760
449.83,27941109760
450.11,27941109760
450.39,27941109760
450.67,27941109760
450.95,27941109760
451.23,27941109760
451.51,27941109760
451.79,27941109760
452.08,27941109760
452.36,27941109760
452.64,27941109760
452.93,27941109760
453.21,27941109760
453.48,27941109760
453.76,27941109760
454.04,27941109760
454.32,27941109760
454.60,27941109760
454.89,27941109760
455.17,27941109760
455.45,27941109760
455.73,27941109760
456.00,27941109760
456.29,27941109760
456.56,27941109760
456.85,27941109760
457.13,27941109760
457.41,27941109760
457.69,27941109760
457.96,27941109760
458.24,27941109760
458.52,27941109760
458.80,27941109760
459.08,27941109760
459.37,27941109760
459.65,27941109760
459.93,27941109760
460.21,27941109760
460.49,27941109760
460.76,27941109760
461.04,27941109760
461.32,27941109760
461.61,27941109760
461.89,27941109760
462.17,27941109760
462.45,27941109760
462.73,27941109760
463.02,27941109760
463.30,27941109760
463.58,27941109760
463.86,27941109760
464.15,27941109760
464.43,27941109760
464.71,27941109760
464.99,27941109760
465.27,27941109760
465.55,27941109760
465.84,27941109760
466.12,27941109760
466.40,27941109760
466.68,27941109760
466.96,27941109760
467.25,27941109760
467.53,27941109760
467.81,27941109760
468.09,27941109760
468.37,27941109760
468.65,27941109760
468.93,27941109760
469.21,27941109760
469.49,27941109760
469.76,27941109760
470.04,27941109760
470.32,27941109760
470.60,27941109760
470.88,27941109760
471.16,27941109760
471.44,27941109760
471.72,27941109760
472.00,27941109760
472.28,27941109760
472.56,27941109760
472.84,27941109760
473.12,27941109760
473.40,27941109760
473.68,27941109760
473.96,27941109760
474.24,27941109760
474.52,27941109760
474.80,27941109760
475.09,27941109760
475.36,27941109760
475.65,27941109760
475.93,27941109760
476.21,27941109760
476.49,27941109760
476.77,27941109760
477.06,27941109760
477.34,27941109760
477.62,27941109760
477.90,27941109760
478.18,27941109760
478.46,27941109760
478.74,27941109760
479.02,27941109760
479.30,27941109760
479.59,27941109760
479.87,27941109760
480.15,27941109760
480.43,27941109760
480.71,27941109760
481.00,27941109760
481.28,27941109760
481.56,27941109760
481.84,27941109760
482.12,27941109760
482.40,27941109760
482.68,27941109760
482.97,27941109760
483.25,27941109760
483.53,27941109760
483.81,27941109760
484.09,27941109760
484.37,27941109760
484.65,27941109760
484.93,27941109760
485.21,27941109760
485.49,27941109760
485.77,27941109760
486.04,27941109760
486.32,27941109760
486.60,27941109760
486.88,27941109760
487.17,27941109760
487.45,27941109760
487.73,27941109760
488.01,27941109760
488.29,27941109760
488.57,27941109760
488.86,27941109760
489.14,27941109760
489.43,27941109760
489.71,27941109760
489.99,27941109760
490.28,27941109760
490.56,27941109760
490.84,27941109760
491.12,27941109760
491.40,27941109760
491.69,27941109760
491.97,27941109760
492.25,27941109760
492.54,27941109760
492.81,27941109760
493.10,27941109760
493.39,27941109760
493.67,27941109760
493.95,27941109760
494.23,27941109760
494.51,27941109760
494.80,27941109760
495.08,27941109760
495.36,27941109760
495.64,27941109760
495.92,27941109760
496.21,27941109760
496.49,27941109760
496.77,27941109760
497.05,27941109760
497.33,27941109760
497.60,27941109760
497.88,27941109760
498.16,27941109760
498.44,27941109760
498.72,27941109760
499.00,27941109760
499.28,27941109760
499.55,27941109760
499.83,27941109760
500.12,27941109760
500.40,27941109760
500.68,27941109760
500.96,27941109760
501.25,27941109760
501.52,27941109760
501.81,27941109760
502.08,27941109760
502.37,27941109760
502.64,27941109760
502.93,27941109760
503.20,27941109760
503.48,27941109760
503.76,27941109760
504.04,27941109760
504.32,27941109760
504.60,27941109760
504.88,27941109760
505.16,27941109760
505.44,27941109760
505.73,27941109760
506.01,27941109760
506.29,27941109760
506.58,27941109760
506.86,27941109760
507.14,27941109760
507.42,27941109760
507.70,27941109760
507.98,27941109760
508.26,27941109760
508.54,27941109760
508.82,27941109760
509.11,27941109760
509.38,27941109760
509.67,27941109760
509.95,27941109760
510.23,27941109760
510.52,27941109760
510.80,27941109760
511.08,27941109760
511.37,27941109760
511.65,27941109760
511.92,27941109760
512.20,27941109760
512.48,27941109760
512.77,27941109760
513.05,27941109760
513.33,27941109760
513.61,27941109760
513.89,27941109760
514.17,27941109760
514.45,27941109760
514.73,27941109760
515.02,27941109760
515.30,27941109760
515.58,27941109760
515.86,27941109760
516.14,27941109760
516.42,27941109760
516.71,27941109760
516.99,27941109760
517.27,27941109760
517.55,27941109760
517.84,27941109760
518.12,27941109760
518.39,27941109760
518.67,27941109760
518.95,27941109760
519.23,27941109760
519.51,27941109760
519.79,27941109760
520.07,27941109760
520.35,27941109760
520.64,27941109760
520.92,27941109760
521.19,27941109760
521.48,27941109760
521.76,27941109760
522.05,27941109760
522.33,27941109760
522.61,27941109760
522.89,27941109760
523.17,27941109760
523.46,27941109760
523.74,27941109760
524.02,27941109760
524.31,27941109760
524.59,27941109760
524.87,27941109760
525.15,27941109760
525.43,27941109760
525.72,27941109760
525.99,27941109760
526.27,27941109760
526.55,27941109760
526.83,27941109760
527.11,27941109760
527.39,27941109760
527.67,27941109760
527.95,27941109760
528.23,27941109760
528.52,27941109760
528.80,27941109760
529.08,27941109760
529.36,27941109760
529.65,27941109760
529.92,27941109760
530.20,27941109760
530.48,27941109760
530.77,27941109760
531.05,27941109760
531.33,27941109760
531.62,27941109760
531.90,27941109760
532.17,27941109760
532.46,27941109760
532.74,27941109760
533.02,27941109760
533.31,27941109760
533.59,27941109760
533.88,27941109760
534.16,27941109760
534.44,27941109760
534.72,27941109760
535.00,27941109760
535.28,27941109760
535.56,27941109760
535.85,27941109760
536.13,27941109760
536.41,27941109760
536.69,27941109760
536.97,27941109760
537.25,27941109760
537.53,27941109760
537.81,27941109760
538.09,27941109760
538.37,27941109760
538.65,27941109760
538.93,27941109760
539.20,27941109760
539.49,27941109760
539.77,27941109760
540.05,27941109760
540.33,27941109760
540.62,27941109760
540.90,27941109760
541.18,27941109760
541.47,27941109760
541.75,27941109760
542.03,27941109760
542.31,27941109760
542.59,27941109760
542.88,27941109760
543.16,27941109760
543.44,27941109760
543.72,27941109760
544.00,27941109760
544.28,27941109760
544.56,27941109760
544.84,27941109760
545.13,27941109760
545.41,27941109760
545.70,27941109760
545.98,27941109760
546.26,27941109760
546.54,27941109760
546.82,27941109760
547.10,27941109760
547.38,27941109760
547.66,27941109760
547.95,27941109760
548.23,27941109760
548.51,27941109760
548.79,27941109760
549.07,27941109760
549.35,27941109760
549.64,27941109760
549.92,27941109760
550.21,27941109760
550.49,27941109760
550.77,27941109760
551.05,27941109760
551.33,27941109760
551.61,27941109760
551.89,27941109760
552.17,27941109760
552.46,27941109760
552.74,27941109760
553.03,27941109760
553.31,27941109760
553.58,27941109760
553.87,27941109760
554.14,27941109760
554.43,27941109760
554.71,27941109760
554.99,27941109760
555.27,27941109760
555.55,27941109760
555.84,27941109760
556.12,27941109760
556.40,27941109760
556.68,27941109760
556.96,27941109760
557.24,27941109760
557.52,27941109760
557.80,27941109760
558.08,27941109760
558.36,27941109760
558.64,27941109760
558.92,27941109760
559.20,27941109760
559.48,27941109760
559.77,27941109760
560.04,27941109760
560.32,27941109760
560.60,27941109760
560.88,27941109760
561.16,27941109760
561.44,27941109760
561.73,27941109760
562.01,27941109760
562.29,27941109760
562.57,27941109760
562.85,27941109760
563.13,27941109760
563.41,27941109760
563.69,27941109760
563.98,27941109760
564.26,27941109760
564.54,27941109760
564.83,27941109760
565.10,27941109760
565.38,27941109760
565.67,27941109760
565.95,27941109760
566.24,27941109760
566.52,27941109760
566.80,27941109760
567.08,27941109760
567.37,27941109760
567.65,27941109760
567.93,27941109760
568.21,27941109760
568.49,27941109760
568.77,27941109760
569.05,27941109760
569.34,27941109760
569.62,27941109760
569.90,27941109760
570.18,27941109760
570.47,27941109760
570.75,27941109760
571.03,27941109760
571.31,27941109760
571.59,27941109760
571.87,27941109760
572.16,27941109760
572.45,27941109760
572.73,27941109760
573.01,27941109760
573.29,27941109760
573.57,27941109760
573.85,27941109760
574.13,27941109760
574.42,27941109760
574.71,27941109760
574.99,27941109760
575.27,27941109760
575.55,27941109760
575.84,27941109760
576.12,27941109760
576.41,27941109760
576.69,27941109760
576.97,27941109760
577.25,27941109760
577.53,27941109760
577.81,27941109760
578.10,27941109760
578.37,27941109760
578.65,27941109760
578.93,27941109760
579.21,27941109760
579.50,27941109760
579.77,27941109760
580.05,27941109760
580.33,27941109760
580.61,27941109760
580.89,27941109760
581.17,27941109760
581.45,27941109760
581.74,27941109760
582.02,27941109760
582.30,27941109760
582.58,27941109760
582.86,27941109760
583.14,27941109760
583.42,27941109760
583.70,27941109760
583.98,27941109760
584.27,27941109760
584.55,27941109760
584.83,27941109760
585.11,27941109760
585.39,27941109760
585.67,27941109760
585.95,27941109760
586.23,27941109760
586.50,27941109760
586.79,27941109760
587.08,27941109760
587.35,27941109760
587.63,27941109760
587.90,27941109760
588.19,27941109760
588.47,27941109760
588.75,27941109760
589.02,27941109760
589.31,27941109760
589.59,27941109760
589.87,27941109760
590.15,27941109760
590.43,27941109760
590.71,27941109760
590.98,27941109760
591.26,27941109760
591.54,27941109760
591.81,27941109760
592.09,27941109760
592.37,27941109760
592.65,27941109760
592.93,27941109760
593.21,27941109760
593.50,27941109760
593.78,27941109760
594.06,27941109760
594.34,27941109760
594.61,27941109760
594.90,27941109760
595.18,27941109760
595.47,27941109760
595.75,27941109760
596.03,27941109760
596.31,27941109760
596.59,27941109760
596.87,27941109760
597.15,27941109760
597.43,27941109760
597.71,27941109760
597.99,27941109760
598.27,27941109760
598.55,27941109760
598.84,27941109760
599.12,27941109760
599.40,27941109760
599.68,27941109760
599.95,27941109760
600.24,27941109760
600.52,27941109760
600.80,27941109760
601.08,27941109760
601.36,27941109760
601.64,27941109760
601.93,27941109760
602.21,27941109760
602.49,27941109760
602.77,27941109760
603.05,27941109760
603.33,27941109760
603.62,27941109760
603.89,27941109760
604.18,27941109760
604.46,27941109760
604.74,27941109760
605.02,27941109760
605.31,27941109760
605.59,27941109760
605.87,27941109760
606.15,27941109760
606.43,27941109760
606.71,27941109760
606.99,27941109760
607.28,27941109760
607.56,27941109760
607.84,27941109760
608.12,27941109760
608.40,27941109760
608.68,27941109760
608.97,27941109760
609.25,27941109760
609.53,27941109760
609.81,27941109760
610.09,27941109760
610.37,27941109760
610.65,27941109760
610.93,27941109760
611.21,27941109760
611.49,27941109760
611.77,27941109760
612.05,27941109760
612.33,27941109760
612.61,27941109760
612.89,27941109760
613.17,27941109760
613.45,27941109760
613.73,27941109760
614.01,27941109760
614.29,27941109760
614.58,27941109760
614.86,27941109760
615.14,27941109760
615.42,27941109760
615.71,27941109760
615.99,27941109760
616.26,27941109760
616.55,27941109760
616.84,27941109760
617.12,27941109760
617.39,27941109760
617.67,27941109760
617.95,27941109760
618.24,27941109760
618.52,27941109760
618.79,27941109760
619.08,27941109760
619.36,27941109760
619.64,27941109760
619.92,27941109760
620.20,27941109760
620.48,27941109760
620.77,27941109760
621.05,27941109760
621.34,27941109760
621.62,27941109760
621.90,27941109760
622.18,27941109760
622.46,27941109760
622.74,27941109760
623.02,27941109760
623.30,27941109760
623.58,27941109760
623.86,27941109760
624.14,27941109760
624.42,27941109760
624.70,27941109760
624.99,27941109760
625.27,27941109760
625.55,27941109760
625.83,27941109760
626.11,27941109760
626.39,27941109760
626.68,27941109760
626.96,27941109760
627.24,27941109760
627.52,27941109760
627.81,27941109760
628.09,27941109760
628.37,27941109760
628.65,27941109760
628.93,27941109760
629.21,27941109760
629.49,27941109760
629.78,27941109760
630.05,27941109760
630.33,27941109760
630.62,27941109760
630.90,27941109760
631.18,27941109760
631.46,27941109760
631.74,27941109760
632.02,27941109760
632.30,27941109760
632.58,27941109760
632.86,27941109760
633.13,27941109760
633.42,27941109760
633.69,27941109760
633.97,27941109760
634.25,27941109760
634.53,27941109760
634.80,27941109760
635.08,27941109760
635.36,27941109760
635.64,27941109760
635.93,27941109760
636.21,27941109760
636.49,27941109760
636.77,27941109760
637.05,27941109760
637.33,27941109760
637.61,27941109760
637.89,27941109760
638.17,27941109760
638.45,27941109760
638.73,27941109760
639.01,27941109760
639.29,27941109760
639.57,27941109760
639.85,27941109760
640.13,27941109760
640.41,27941109760
640.69,27941109760
640.98,27941109760
641.26,27941109760
641.54,27941109760
641.83,27941109760
642.11,27941109760
642.39,27941109760
642.68,27941109760
642.96,27941109760
643.24,27941109760
643.52,27941109760
643.80,27941109760
644.09,27941109760
644.37,27941109760
644.65,27941109760
644.93,27941109760
645.21,27941109760
645.49,27941109760
645.78,27941109760
646.06,27941109760
646.34,27941109760
646.62,27941109760
646.90,27941109760
647.18,27941109760
647.46,27941109760
647.74,27941109760
648.02,27941109760
648.30,27941109760
648.58,27941109760
648.86,27941109760
649.15,27941109760
649.42,27941109760
649.70,27941109760
649.98,27941109760
650.25,27941109760
650.54,27941109760
650.82,27941109760
651.10,27941109760
651.38,27941109760
651.66,27941109760
651.94,27941109760
652.23,27941109760
652.51,27941109760
652.78,27941109760
653.07,27941109760
653.35,27941109760
653.63,27941109760
653.91,27941109760
654.19,27941109760
654.47,27941109760
654.75,27941109760
655.03,27941109760
655.32,27941109760
655.60,27941109760
655.89,27941109760
656.17,27941109760
656.45,27941109760
656.74,27941109760
657.02,27941109760
657.30,27941109760
657.59,27941109760
657.87,27941109760
658.15,27941109760
658.43,27941109760
658.72,27941109760
659.00,27941109760
659.28,27941109760
659.55,27941109760
659.84,27941109760
660.12,27941109760
660.40,27941109760
660.68,27941109760
660.97,27941109760
661.25,27941109760
661.54,27941109760
661.82,27941109760
662.10,27941109760
662.38,27941109760
662.66,27941109760
662.95,27941109760
663.23,27941109760
663.51,27941109760
663.79,27941109760
664.07,27941109760
664.35,27941109760
664.63,27941109760
664.91,27941109760
665.19,27941109760
665.47,27941109760
665.75,27941109760
666.03,27941109760
666.31,27941109760
666.60,27941109760
666.87,27941109760
667.15,27941109760
667.44,27941109760
667.71,27941109760
668.00,27941109760
668.27,27941109760
668.55,27941109760
668.83,27941109760
669.11,27941109760
669.39,27941109760
669.67,27941109760
669.96,27941109760
670.23,27941109760
670.51,27941109760
670.79,27941109760
671.07,27941109760
671.35,27941109760
671.64,27941109760
671.92,27941109760
672.20,27941109760
672.48,27941109760
672.76,27941109760
673.04,27941109760
673.33,27941109760
673.61,27941109760
673.88,27941109760
674.17,27941109760
674.45,27941109760
674.74,27941109760
675.02,27941109760
675.30,27941109760
675.58,27941109760
675.86,27941109760
676.13,27941109760
676.41,27941109760
676.69,27941109760
676.97,27941109760
677.26,27941109760
677.54,27941109760
677.82,27941109760
678.10,27941109760
678.38,27941109760
678.66,27941109760
678.95,27941109760
679.23,27941109760
679.51,27941109760
679.79,27941109760
680.07,27941109760
680.35,27941109760
680.63,27941109760
680.91,27941109760
681.19,27941109760
681.47,27941109760
681.75,27941109760
682.04,27941109760
682.32,27941109760
682.61,27941109760
682.89,27941109760
683.17,27941109760
683.45,27941109760
683.73,27941109760
684.00,27941109760
684.28,27941109760
684.56,27941109760
684.85,27941109760
685.13,27941109760
685.41,27941109760
685.70,27941109760
685.98,27941109760
686.26,27941109760
686.54,27941109760
686.82,27941109760
687.10,27941109760
687.38,27941109760
687.65,27941109760
687.93,27941109760
688.21,27941109760
688.50,27941109760
688.78,27941109760
689.06,27941109760
689.34,27941109760
689.62,27941109760
689.89,27941109760
690.17,27941109760
690.45,27941109760
690.73,27941109760
691.01,27941109760
691.29,27941109760
691.57,27941109760
691.85,27941109760
692.13,27941109760
692.41,27941109760
692.69,27941109760
692.97,27941109760
693.25,27941109760
693.54,27941109760
693.82,27941109760
694.09,27941109760
694.37,27941109760
694.65,27941109760
694.93,27941109760
695.21,27941109760
695.49,27941109760
695.77,27941109760
696.05,27941109760
696.33,27941109760
696.62,27941109760
696.90,27941109760
697.18,27941109760
697.46,27941109760
697.74,27941109760
698.02,27941109760
698.30,27941109760
698.58,27941109760
698.86,27941109760
699.14,27941109760
699.42,27941109760
699.70,27941109760
699.98,27941109760
700.25,27941109760
700.54,27941109760
700.82,27941109760
701.10,27941109760
701.37,27941109760
701.64,27941109760
701.93,27941109760
702.21,27941109760
702.49,27941109760
702.77,27941109760
703.05,27941109760
703.33,27941109760
703.61,27941109760
703.89,27941109760
704.17,27941109760
704.45,27941109760
704.73,27941109760
705.01,27941109760
705.29,27941109760
705.57,27941109760
705.85,27941109760
706.13,27941109760
706.41,27941109760
706.70,27941109760
706.98,27941109760
707.26,27941109760
707.53,27941109760
707.82,27941109760
708.09,27941109760
708.38,27941109760
708.66,27941109760
708.95,27941109760
709.22,27941109760
709.50,27941109760
709.79,27941109760
710.07,27941109760
710.36,27941109760
710.64,27941109760
710.92,27941109760
711.20,27941109760
711.49,27941109760
711.77,27941109760
712.05,27941109760
712.33,27941109760
712.60,27941109760
712.89,27941109760
713.17,27941109760
713.45,27941109760
713.73,27941109760
714.01,27941109760
714.29,27941109760
714.57,27941109760
714.85,27941109760
715.14,27941109760
715.42,27941109760
715.71,27941109760
715.99,27941109760
716.27,27941109760
716.55,27941109760
716.83,27941109760
717.11,27941109760
717.39,27941109760
717.67,27941109760
717.96,27941109760
718.23,27941109760
718.51,27941109760
718.79,27941109760
719.08,27941109760
719.36,27941109760
719.64,27941109760
719.92,27941109760
720.21,27941109760
720.48,27941109760
720.77,27941109760
721.05,27941109760
721.33,27941109760
721.60,27941109760
721.89,27941109760
722.17,27941109760
722.45,27941109760
722.72,27941109760
723.00,27941109760
723.27,27941109760
723.55,27941109760
723.84,27941109760
724.12,27941109760
724.40,27941109760
724.68,27941109760
724.96,27941109760
725.24,27941109760
725.52,27941109760
725.80,27941109760
726.08,27941109760
726.36,27941109760
726.64,27941109760
726.92,27941109760
727.20,27941109760
727.49,27941109760
727.77,27941109760
728.04,27941109760
728.33,27941109760
728.60,27941109760
728.89,27941109760
729.16,27941109760
729.45,27941109760
729.73,27941109760
730.01,27941109760
730.29,27941109760
730.58,27941109760
730.86,27941109760
731.14,27941109760
731.42,27941109760
731.71,27941109760
731.99,27941109760
732.27,27941109760
732.55,27941109760
732.83,27941109760
733.12,27941109760
733.40,27941109760
733.68,27941109760
733.97,27941109760
734.25,27941109760
734.53,27941109760
734.81,27941109760
735.09,27941109760
735.37,27941109760
735.66,27941109760
735.94,27941109760
736.22,27941109760
736.51,27941109760
736.79,27941109760
737.08,27941109760
737.36,27941109760
737.64,27941109760
737.92,27941109760
738.19,27941109760
738.47,27941109760
738.75,27941109760
739.03,27941109760
739.31,27941109760
739.59,27941109760
739.87,27941109760
740.14,27941109760
740.42,27941109760
740.70,27941109760
740.98,27941109760
741.25,27941109760
741.53,27941109760
741.81,27941109760
742.09,27941109760
742.37,27941109760
742.65,27941109760
742.93,27941109760
743.22,27941109760
743.50,27941109760
743.78,27941109760
744.06,27941109760
744.34,27941109760
744.62,27941109760
744.90,27941109760
745.18,27941109760
745.47,27941109760
745.75,27941109760
746.02,27941109760
746.31,27941109760
746.58,27941109760
746.86,27941109760
747.13,27941109760
747.41,27941109760
747.69,27941109760
747.96,27941109760
748.24,27941109760
748.52,27941109760
748.80,27941109760
749.08,27941109760
749.36,27941109760
749.64,27941109760
749.93,27941109760
750.21,27941109760
750.49,27941109760
750.76,27941109760
751.04,27941109760
751.32,27941109760
751.60,27941109760
751.88,27941109760
752.16,27941109760
752.45,27941109760
752.73,27941109760
753.02,27941109760
753.30,27941109760
753.58,27941109760
753.87,27941109760
754.14,27941109760
754.41,27941109760
754.70,27941109760
754.97,27941109760
755.25,27941109760
755.53,27941109760
755.82,27941109760
756.10,27941109760
756.37,27941109760
756.66,27941109760
756.94,27941109760
757.22,27941109760
757.50,27941109760
757.78,27941109760
758.07,27941109760
758.34,27941109760
758.62,27941109760
758.90,27941109760
759.19,27941109760
759.47,27941109760
759.75,27941109760
760.03,27941109760
760.31,27941109760
760.60,27941109760
760.88,27941109760
761.16,27941109760
761.44,27941109760
761.72,27941109760
762.00,27941109760
762.28,27941109760
762.56,27941109760
762.84,27941109760
763.12,27941109760
763.41,27941109760
763.69,27941109760
763.97,27941109760
764.25,27941109760
764.53,27941109760
764.82,27941109760
765.10,27941109760
765.38,27941109760
765.66,27941109760
765.94,27941109760
766.22,27941109760
766.50,27941109760
766.78,27941109760
767.07,27941109760
767.35,27941109760
767.62,27941109760
767.91,27941109760
768.19,27941109760
768.47,27941109760
768.76,27941109760
769.04,27941109760
769.32,27941109760
769.60,27941109760
769.88,27941109760
770.17,27941109760
770.45,27941109760
770.73,27941109760
771.01,27941109760
771.29,27941109760
771.58,27941109760
771.86,27941109760
772.14,27941109760
772.42,27941109760
772.70,27941109760
772.98,27941109760
773.25,27941109760
773.53,27941109760
773.81,27941109760
774.09,27941109760
774.37,27941109760
774.65,27941109760
774.93,27941109760
775.22,27941109760
775.50,27941109760
775.78,27941109760
776.06,27941109760
776.34,27941109760
776.62,27941109760
776.90,27941109760
777.18,27941109760
777.46,27941109760
777.74,27941109760
778.02,27941109760
778.30,27941109760
778.59,27941109760
778.87,27941109760
779.15,27941109760
779.43,27941109760
779.71,27941109760
779.99,27941109760
780.27,27941109760
780.55,27941109760
780.84,27941109760
781.12,27941109760
781.41,27941109760
781.69,27941109760
781.97,27941109760
782.25,27941109760
782.52,27941109760
782.81,27941109760
783.09,27941109760
783.37,27941109760
783.66,27941109760
783.94,27941109760
784.22,27941109760
784.50,27941109760
784.78,27941109760
785.06,27941109760
785.34,27941109760
785.62,27941109760
785.90,27941109760
786.18,27941109760
786.46,27941109760
786.74,27941109760
787.02,27941109760
787.30,27941109760
787.58,27941109760
787.85,27941109760
788.14,27941109760
788.42,27941109760
788.70,27941109760
788.98,27941109760
789.26,27941109760
789.54,27941109760
789.82,27941109760
790.11,27941109760
790.39,27941109760
790.67,27941109760
790.95,27941109760
791.22,27941109760
791.50,27941109760
791.78,27941109760
792.06,27941109760
792.35,27941109760
792.63,27941109760
792.91,27941109760
793.20,27941109760
793.48,27941109760
793.77,27941109760
794.05,27941109760
794.33,27941109760
794.62,27941109760
794.90,27941109760
795.18,27941109760
795.46,27941109760
795.74,27941109760
796.03,27941109760
796.31,27941109760
796.59,27941109760
796.87,27941109760
797.15,27941109760
797.44,27941109760
797.71,27941109760
797.99,27941109760
798.28,27941109760
798.56,27941109760
798.84,27941109760
799.12,27941109760
799.41,27941109760
799.69,27941109760
799.97,27941109760
800.25,27941109760
800.53,27941109760
800.81,27941109760
801.09,27941109760
801.38,27941109760
801.66,27941109760
801.94,27941109760
802.22,27941109760
802.50,27941109760
802.77,27941109760
803.05,27941109760
803.34,27941109760
803.61,27941109760
803.90,27941109760
804.18,27941109760
804.46,27941109760
804.74,27941109760
805.02,27941109760
805.30,27941109760
805.58,27941109760
805.86,27941109760
806.15,27941109760
806.43,27941109760
806.71,27941109760
806.99,27941109760
807.27,27941109760
807.55,27941109760
807.83,27941109760
808.11,27941109760
808.38,27941109760
808.67,27941109760
808.95,27941109760
809.23,27941109760
809.51,27941109760
809.79,27941109760
810.07,27941109760
810.36,27941109760
810.64,27941109760
810.92,27941109760
811.20,27941109760
811.48,27941109760
811.76,27941109760
812.04,27941109760
812.32,27941109760
812.60,27941109760
812.88,27941109760
813.17,27941109760
813.44,27941109760
813.73,27941109760
814.01,27941109760
814.29,27941109760
814.57,27941109760
814.85,27941109760
815.13,27941109760
815.41,27941109760
815.68,27941109760
815.96,27941109760
816.25,27941109760
816.52,27941109760
816.81,27941109760
817.09,27941109760
817.36,27941109760
817.64,27941109760
817.92,27941109760
818.20,27941109760
818.48,27941109760
818.76,27941109760
819.04,27941109760
819.32,27941109760
819.61,27941109760
819.89,27941109760
820.18,27941109760
820.46,27941109760
820.74,27941109760
821.02,27941109760
821.31,27941109760
821.59,27941109760
821.88,27941109760
822.16,27941109760
822.44,27941109760
822.72,27941109760
823.00,27941109760
823.28,27941109760
823.55,27941109760
823.84,27941109760
824.12,27941109760
824.40,27941109760
824.68,27941109760
824.96,27941109760
825.24,27941109760
825.52,27941109760
825.81,27941109760
826.09,27941109760
826.37,27941109760
826.64,27941109760
826.93,27941109760
827.21,27941109760
827.49,27941109760
827.77,27941109760
828.05,27941109760
828.34,27941109760
828.62,27941109760
828.90,27941109760
829.18,27941109760
829.47,27941109760
829.75,27941109760
830.03,27941109760
830.32,27941109760
830.60,27941109760
830.87,27941109760
831.16,27941109760
831.44,27941109760
831.72,27941109760
832.01,27941109760
832.29,27941109760
832.57,27941109760
832.85,27941109760
833.13,27941109760
833.41,27941109760
833.70,27941109760
833.98,27941109760
834.26,27941109760
834.54,27941109760
834.83,27941109760
835.11,27941109760
835.39,27941109760
835.68,27941109760
835.96,27941109760
836.24,27941109760
836.52,27941109760
836.81,27941109760
837.09,27941109760
837.36,27941109760
837.64,27941109760
837.92,27941109760
838.21,27941109760
838.49,27941109760
838.77,27941109760
839.05,27941109760
839.33,27941109760
839.62,27941109760
839.90,27941109760
840.18,27941109760
840.46,27941109760
840.74,27941109760
841.02,27941109760
841.30,27941109760
841.58,27941109760
841.86,27941109760
842.15,27941109760
842.43,27941109760
842.71,27941109760
842.99,27941109760
843.27,27941109760
843.55,27941109760
843.83,27941109760
844.11,27941109760
844.39,27941109760
844.67,27941109760
844.96,27941109760
845.24,27941109760
845.52,27941109760
845.80,27941109760
846.08,27941109760
846.36,27941109760
846.64,27941109760
846.92,27941109760
847.21,27941109760
847.49,27941109760
847.77,27941109760
848.04,27941109760
848.32,27941109760
848.61,27941109760
848.88,27941109760
849.17,27941109760
849.45,27941109760
849.73,27941109760
850.01,27941109760
850.28,27941109760
850.56,27941109760
850.85,27941109760
851.13,27941109760
851.41,27941109760
851.69,27941109760
851.97,27941109760
852.25,27941109760
852.53,27941109760
852.82,27941109760
853.10,27941109760
853.38,27941109760
853.66,27941109760
853.94,27941109760
854.23,27941109760
854.50,27941109760
854.79,27941109760
855.07,27941109760
855.35,27941109760
855.63,27941109760
855.91,27941109760
856.19,27941109760
856.48,27941109760
856.76,27941109760
857.04,27941109760
857.33,27941109760
857.61,27941109760
857.89,27941109760
858.17,27941109760
858.46,27941109760
858.75,27941109760
859.03,27941109760
859.32,27941109760
859.60,27941109760
859.88,27941109760
860.16,27941109760
860.44,27941109760
860.72,27941109760
861.00,27941109760
861.28,27941109760
861.56,27941109760
861.84,27941109760
862.12,27941109760
862.40,27941109760
862.68,27941109760
862.97,27941109760
863.24,27941109760
863.53,27941109760
863.81,27941109760
864.09,27941109760
864.38,27941109760
864.65,27941109760
864.93,27941109760
865.21,27941109760
865.49,27941109760
865.78,27941109760
866.05,27941109760
866.34,27941109760
866.62,27941109760
866.90,27941109760
867.18,27941109760
867.46,27941109760
867.73,27941109760
868.02,27941109760
868.30,27941109760
868.57,27941109760
868.86,27941109760
869.14,27941109760
869.42,27941109760
869.70,27941109760
869.99,27941109760
870.27,27941109760
870.55,27941109760
870.83,27941109760
871.11,27941109760
871.39,27941109760
871.68,27941109760
871.96,27941109760
872.25,27941109760
872.53,27941109760
872.81,27941109760
873.09,27941109760
873.37,27941109760
873.65,27941109760
873.93,27941109760
874.22,27941109760
874.50,27941109760
874.78,27941109760
875.06,27941109760
875.34,27941109760
875.62,27941109760
875.90,27941109760
876.18,27941109760
876.46,27941109760
876.74,27941109760
877.03,27941109760
877.31,27941109760
877.59,27941109760
877.87,27941109760
878.14,27941109760
878.41,27941109760
878.70,27941109760
878.98,27941109760
879.26,27941109760
879.54,27941109760
879.82,27941109760
880.10,27941109760
880.39,27941109760
880.67,27941109760
880.95,27941109760
881.24,27941109760
881.52,27941109760
881.80,27941109760
882.08,27941109760
882.35,27941109760
882.63,27941109760
882.91,27941109760
883.19,27941109760
883.47,27941109760
883.75,27941109760
884.02,27941109760
884.31,27941109760
884.58,27941109760
884.87,27941109760
885.15,27941109760
885.43,27941109760
885.72,27941109760
886.00,27941109760
886.28,27941109760
886.56,27941109760
886.84,27941109760
887.12,27941109760
887.40,27941109760
887.68,27941109760
887.96,27941109760
888.25,27941109760
888.53,27941109760
888.81,27941109760
889.09,27941109760
889.37,27941109760
889.65,27941109760
889.93,27941109760
890.21,27941109760
890.50,27941109760
890.78,27941109760
891.07,27941109760
891.35,27941109760
891.62,27941109760
891.91,27941109760
892.19,27941109760
892.47,27941109760
892.75,27941109760
893.03,27941109760
893.31,27941109760
893.60,27941109760
893.88,27941109760
894.16,27941109760
894.44,27941109760
894.72,27941109760
895.00,27941109760
895.28,27941109760
895.56,27941109760
895.84,27941109760
896.13,27941109760
896.41,27941109760
896.69,27941109760
896.97,27941109760
897.25,27941109760
897.53,27941109760
897.82,27941109760
898.10,27941109760
898.38,27941109760
898.66,27941109760
898.95,27941109760
899.23,27941109760
899.50,27941109760
899.78,27941109760
900.06,27941109760
900.35,27941109760
900.62,27941109760
900.90,27941109760
901.19,27941109760
901.47,27941109760
901.74,27941109760
902.02,27941109760
902.30,27941109760
902.58,27941109760
902.85,27941109760
903.14,27941109760
903.42,27941109760
903.70,27941109760
903.98,27941109760
904.26,27941109760
904.54,27941109760
904.82,27941109760
905.11,27941109760
905.39,27941109760
905.67,27941109760
905.96,27941109760
906.24,27941109760
906.52,27941109760
906.79,27941109760
907.08,27941109760
907.36,27941109760
907.64,27941109760
907.92,27941109760
908.20,27941109760
908.48,27941109760
908.76,27941109760
909.04,27941109760
909.32,27941109760
909.60,27941109760
909.87,27941109760
910.15,27941109760
910.43,27941109760
910.71,27941109760
911.00,27941109760
911.28,27941109760
911.55,27941109760
911.84,27941109760
912.11,27941109760
912.39,27941109760
912.67,27941109760
912.96,27941109760
913.24,27941109760
913.52,27941109760
913.80,27941109760
914.08,27941109760
914.36,27941109760
914.65,27941109760
914.93,27941109760
915.21,27941109760
915.49,27941109760
915.76,27941109760
916.04,27941109760
916.33,27941109760
916.62,27941109760
916.89,27941109760
917.18,27941109760
917.46,27941109760
917.74,27941109760
918.02,27941109760
918.30,27941109760
918.58,27941109760
918.86,27941109760
919.14,27941109760
919.43,27941109760
919.71,27941109760
919.98,27941109760
920.27,27941109760
920.55,27941109760
920.84,27941109760
921.11,27941109760
921.40,27941109760
921.67,27941109760
921.95,27941109760
922.23,27941109760
922.51,27941109760
922.79,27941109760
923.07,27941109760
923.35,27941109760
923.63,27941109760
923.91,27941109760
924.20,27941109760
924.48,27941109760
924.75,27941109760
925.03,27941109760
925.31,27941109760
925.59,27941109760
925.88,27941109760
926.16,27941109760
926.44,27941109760
926.72,27941109760
927.00,27941109760
927.28,27941109760
927.57,27941109760
927.85,27941109760
928.13,27941109760
928.41,27941109760
928.70,27941109760
928.97,27941109760
929.25,27941109760
929.53,27941109760
929.81,27941109760
930.10,27941109760
930.37,27941109760
930.65,27941109760
930.93,27941109760
931.22,27941109760
931.50,27941109760
931.78,27941109760
932.06,27941109760
932.34,27941109760
932.61,27941109760
932.89,27941109760
933.17,27941109760
933.45,27941109760
933.73,27941109760
934.01,27941109760
934.29,27941109760
934.56,27941109760
934.84,27941109760
935.12,27941109760
935.40,27941109760
935.68,27941109760
935.96,27941109760
936.24,27941109760
936.52,27941109760
936.81,27941109760
937.09,27941109760
937.37,27941109760
937.65,27941109760
937.93,27941109760
938.21,27941109760
938.49,27941109760
938.78,27941109760
939.06,27941109760
939.34,27941109760
939.62,27941109760
939.90,27941109760
940.18,27941109760
940.46,27941109760
940.74,27941109760
941.02,27941109760
941.30,27941109760
941.58,27941109760
941.87,27941109760
942.14,27941109760
942.42,27941109760
942.71,27941109760
942.99,27941109760
943.27,27941109760
943.55,27941109760
943.83,27941109760
944.11,27941109760
944.39,27941109760
944.66,27941109760
944.94,27941109760
945.21,27941109760
945.50,27941109760
945.78,27941109760
946.06,27941109760
946.33,27941109760
946.61,27941109760
946.88,27941109760
947.17,27941109760
947.45,27941109760
947.73,27941109760
948.01,27941109760
948.29,27941109760
948.58,27941109760
948.86,27941109760
949.14,27941109760
949.42,27941109760
949.70,27941109760
949.99,27941109760
950.26,27941109760
950.54,27941109760
950.83,27941109760
951.11,27941109760
951.39,27941109760
951.67,27941109760
951.95,27941109760
952.23,27941109760
952.51,27941109760
952.80,27941109760
953.07,27941109760
953.36,27941109760
953.64,27941109760
953.93,27941109760
954.20,27941109760
954.49,27941109760
954.77,27941109760
955.05,27941109760
955.33,27941109760
955.61,27941109760
955.89,27941109760
956.17,27941109760
956.44,27941109760
956.72,27941109760
957.00,27941109760
957.28,27941109760
957.57,27941109760
957.85,27941109760
958.13,27941109760
958.42,27941109760
958.70,27941109760
958.98,27941109760
959.25,27941109760
959.54,27941109760
959.82,27941109760
960.10,27941109760
960.38,27941109760
960.66,27941109760
960.95,27941109760
961.23,27941109760
961.51,27941109760
961.79,27941109760
962.07,27941109760
962.36,27941109760
962.64,27941109760
962.92,27941109760
963.20,27941109760
963.48,27941109760
963.76,27941109760
964.04,27941109760
964.32,27941109760
964.60,27941109760
964.88,27941109760
965.16,27941109760
965.44,27941109760
965.71,27941109760
965.99,27941109760
966.28,27941109760
966.56,27941109760
966.84,27941109760
967.13,27941109760
967.40,27941109760
967.68,27941109760
967.96,27941109760
968.24,27941109760
968.52,27941109760
968.80,27941109760
969.08,27941109760
969.36,27941109760
969.64,27941109760
969.92,27941109760
970.20,27941109760
970.48,27941109760
970.76,27941109760
971.04,27941109760
971.33,27941109760
971.61,27941109760
971.89,27941109760
972.17,27941109760
972.45,27941109760
972.74,27941109760
973.02,27941109760
973.30,27941109760
973.58,27941109760
973.86,27941109760
974.14,27941109760
974.42,27941109760
974.70,27941109760
974.98,27941109760
975.26,27941109760
975.54,27941109760
975.82,27941109760
976.10,27941109760
976.38,27941109760
976.66,27941109760
976.94,27941109760
977.22,27941109760
977.50,27941109760
977.79,27941109760
978.07,27941109760
978.35,27941109760
978.63,27941109760
978.91,27941109760
979.19,27941109760
979.47,27941109760
979.76,27941109760
980.04,27941109760
980.32,27941109760
980.60,27941109760
980.88,27941109760
981.16,27941109760
981.45,27941109760
981.73,27941109760
982.00,27941109760
982.29,27941109760
982.57,27941109760
982.85,27941109760
983.13,27941109760
983.41,27941109760
983.69,27941109760
983.97,27941109760
984.25,27941109760
984.53,27941109760
984.81,27941109760
985.10,27941109760
985.37,27941109760
985.65,27941109760
985.93,27941109760
986.22,27941109760
986.49,27941109760
986.78,27941109760
987.06,27941109760
987.34,27941109760
987.62,27941109760
987.90,27941109760
988.17,27941109760
988.46,27941109760
988.74,27941109760
989.01,27941109760
989.29,27941109760
989.57,27941109760
989.86,27941109760
990.14,27941109760
990.41,27941109760
990.69,27941109760
990.97,27941109760
991.25,27941109760
991.53,27941109760
991.81,27941109760
992.09,27941109760
992.37,27941109760
992.65,27941109760
992.93,27941109760
993.21,27941109760
993.49,27941109760
993.77,27941109760
994.05,27941109760
994.33,27941109760
994.62,27941109760
994.90,27941109760
995.18,27941109760
995.46,27941109760
995.74,27941109760
996.02,27941109760
996.31,27941109760
996.60,27941109760
996.88,27941109760
997.16,27941109760
997.44,27941109760
997.72,27941109760
998.00,27941109760
998.28,27941109760
998.56,27941109760
998.84,27941109760
999.13,27941109760
999.41,27941109760
999.69,27941109760
999.97,27941109760
1000.25,27941109760
1000.53,27941109760
1000.82,27941109760
1001.10,27941109760
1001.37,27941109760
1001.66,27941109760
1001.94,27941109760
1002.22,27941109760
1002.50,27941109760
1002.78,27941109760
1003.07,27941109760
1003.35,27941109760
1003.63,27941109760
1003.91,27941109760
1004.20,27941109760
1004.48,27941109760
1004.76,27941109760
1005.04,27941109760
1005.32,27941109760
1005.61,27941109760
1005.89,27941109760
1006.17,27941109760
1006.45,27941109760
1006.73,27941109760
1007.01,27941109760
1007.28,27941109760
1007.57,27941109760
1007.85,27941109760
1008.13,27941109760
1008.40,27941109760
1008.68,27941109760
1008.96,27941109760
1009.24,27941109760
1009.53,27941109760
1009.81,27941109760
1010.08,27941109760
1010.36,27941109760
1010.64,27941109760
1010.93,27941109760
1011.21,27941109760
1011.48,27941109760
1011.76,27941109760
1012.04,27941109760
1012.32,27941109760
1012.60,27941109760
1012.88,27941109760
1013.16,27941109760
1013.43,27941109760
1013.71,27941109760
1013.99,27941109760
1014.26,27941109760
1014.55,27941109760
1014.82,27941109760
1015.10,27941109760
1015.38,27941109760
1015.67,27941109760
1015.95,27941109760
1016.23,27941109760
1016.51,27941109760
1016.79,27941109760
1017.07,27941109760
1017.35,27941109760
1017.64,27941109760
1017.92,27941109760
1018.20,27941109760
1018.48,27941109760
1018.76,27941109760
1019.04,27941109760
1019.32,27941109760
1019.61,27941109760
1019.89,27941109760
1020.17,27941109760
1020.45,27941109760
1020.73,27941109760
1021.02,27941109760
1021.30,27941109760
1021.59,27941109760
1021.87,27941109760
1022.15,27941109760
1022.44,27941109760
1022.71,27941109760
1022.99,27941109760
1023.27,27941109760
1023.56,27941109760
1023.84,27941109760
1024.12,27941109760
1024.41,27941109760
1024.69,27941109760
1024.97,27941109760
1025.25,27941109760
1025.53,27941109760
1025.81,27941109760
1026.09,27941109760
1026.38,27941109760
1026.65,27941109760
1026.93,27941109760
1027.22,27941109760
1027.49,27941109760
1027.77,27941109760
1028.05,27941109760
1028.33,27941109760
1028.61,27941109760
1028.88,27941109760
1029.16,27941109760
1029.45,27941109760
1029.73,27941109760
1030.02,27941109760
1030.30,27941109760
1030.58,27941109760
1030.86,27941109760
1031.14,27941109760
1031.43,27941109760
1031.71,27941109760
1031.99,27941109760
1032.27,27941109760
1032.55,27941109760
1032.83,27941109760
1033.11,27941109760
1033.39,27941109760
1033.67,27941109760
1033.95,27941109760
1034.23,27941109760
1034.51,27941109760
1034.79,27941109760
1035.07,27941109760
1035.35,27941109760
1035.64,27941109760
1035.92,27941109760
1036.20,27941109760
1036.47,27941109760
1036.75,27941109760
1037.03,27941109760
1037.31,27941109760
1037.59,27941109760
1037.87,27941109760
1038.15,27941109760
1038.43,27941109760
1038.71,27941109760
1038.99,27941109760
1039.28,27941109760
1039.56,27941109760
1039.85,27941109760
1040.13,27941109760
1040.41,27941109760
1040.69,27941109760
1040.97,27941109760
1041.26,27941109760
1041.54,27941109760
1041.82,27941109760
1042.10,27941109760
1042.38,27941109760
1042.67,27941109760
1042.95,27941109760
1043.23,27941109760
1043.51,27941109760
1043.79,27941109760
1044.07,27941109760
1044.35,27941109760
1044.64,27941109760
1044.92,27941109760
1045.20,27941109760
1045.48,27941109760
1045.76,27941109760
1046.04,27941109760
1046.32,27941109760
1046.61,27941109760
1046.89,27941109760
1047.17,27941109760
1047.46,27941109760
1047.74,27941109760
1048.02,27941109760
1048.30,27941109760
1048.57,27941109760
1048.85,27941109760
1049.13,27941109760
1049.41,27941109760
1049.69,27941109760
1049.97,27941109760
1050.25,27941109760
1050.53,27941109760
1050.81,27941109760
1051.10,27941109760
1051.37,27941109760
1051.66,27941109760
1051.94,27941109760
1052.22,27941109760
1052.50,27941109760
1052.79,27941109760
1053.07,27941109760
1053.35,27941109760
1053.63,27941109760
1053.91,27941109760
1054.19,27941109760
1054.46,27941109760
1054.74,27941109760
1055.03,27941109760
1055.31,27941109760
1055.59,27941109760
1055.87,27941109760
1056.14,27941109760
1056.42,27941109760
1056.70,27941109760
1056.98,27941109760
1057.27,27941109760
1057.55,27941109760
1057.83,27941109760
1058.11,27941109760
1058.40,27941109760
1058.67,27941109760
1058.96,27941109760
1059.24,27941109760
1059.52,27941109760
1059.80,27941109760
1060.08,27941109760
1060.37,27941109760
1060.65,27941109760
1060.93,27941109760
1061.21,27941109760
1061.50,27941109760
1061.78,27941109760
1062.06,27941109760
1062.34,27941109760
1062.62,27941109760
1062.90,27941109760
1063.18,27941109760
1063.47,27941109760
1063.74,27941109760
1064.02,27941109760
1064.30,27941109760
1064.57,27941109760
1064.85,27941109760
1065.14,27941109760
1065.42,27941109760
1065.71,27941109760
1065.99,27941109760
1066.27,27941109760
1066.56,27941109760
1066.83,27941109760
1067.12,27941109760
1067.39,27941109760
1067.67,27941109760
1067.95,27941109760
1068.23,27941109760
1068.51,27941109760
1068.78,27941109760
1069.07,27941109760
1069.36,27941109760
1069.64,27941109760
1069.91,27941109760
1070.20,27941109760
1070.48,27941109760
1070.77,27941109760
1071.05,27941109760
1071.32,27941109760
1071.60,27941109760
1071.88,27941109760
1072.16,27941109760
1072.43,27941109760
1072.71,27941109760
1073.00,27941109760
1073.27,27941109760
1073.56,27941109760
1073.84,27941109760
1074.12,27941109760
1074.40,27941109760
1074.68,27941109760
1074.96,27941109760
1075.24,27941109760
1075.52,27941109760
1075.81,27941109760
1076.09,27941109760
1076.36,27941109760
1076.64,27941109760
1076.92,27941109760
1077.20,27941109760
1077.48,27941109760
1077.76,27941109760
1078.03,27941109760
1078.31,27941109760
1078.59,27941109760
1078.88,27941109760
1079.16,27941109760
1079.44,27941109760
1079.72,27941109760
1080.01,27941109760
1080.28,27941109760
1080.56,27941109760
1080.84,27941109760
1081.12,27941109760
1081.41,27941109760
1081.69,27941109760
1081.97,27941109760
1082.24,27941109760
1082.52,27941109760
1082.80,27941109760
1083.08,27941109760
1083.36,27941109760
1083.64,27941109760
1083.92,27941109760
1084.21,27941109760
1084.49,27941109760
1084.77,27941109760
1085.05,27941109760
1085.32,27941109760
1085.61,27941109760
1085.88,27941109760
1086.16,27941109760
1086.44,27941109760
1086.73,27941109760
1087.01,27941109760
1087.29,27941109760
1087.57,27941109760
1087.86,27941109760
1088.13,27941109760
1088.41,27941109760
1088.69,27941109760
1088.96,27941109760
1089.24,27941109760
1089.52,27941109760
1089.80,27941109760
1090.08,27941109760
1090.37,27941109760
1090.65,27941109760
1090.93,27941109760
1091.21,27941109760
1091.49,27941109760
1091.78,27941109760
1092.06,27941109760
1092.34,27941109760
1092.62,27941109760
1092.89,27941109760
1093.17,27941109760
1093.45,27941109760
1093.74,27941109760
1094.02,27941109760
1094.30,27941109760
1094.58,27941109760
1094.86,27941109760
1095.14,27941109760
1095.42,27941109760
1095.70,27941109760
1095.98,27941109760
1096.27,27941109760
1096.54,27941109760
1096.83,27941109760
1097.11,27941109760
1097.39,27941109760
1097.67,27941109760
1097.95,27941109760
1098.23,27941109760
1098.51,27941109760
1098.78,27941109760
1099.06,27941109760
1099.34,27941109760
1099.62,27941109760
1099.90,27941109760
1100.18,27941109760
1100.46,27941109760
1100.75,27941109760
1101.03,27941109760
1101.31,27941109760
1101.59,27941109760
1101.87,27941109760
1102.15,27941109760
1102.43,27941109760
1102.72,27941109760
1102.99,27941109760
1103.27,27941109760
1103.55,27941109760
1103.83,27941109760
1104.11,27941109760
1104.39,27941109760
1104.67,27941109760
1104.95,27941109760
1105.23,27941109760
1105.52,27941109760
1105.80,27941109760
1106.08,27941109760
1106.36,27941109760
1106.63,27941109760
1106.92,27941109760
1107.20,27941109760
1107.49,27941109760
1107.77,27941109760
1108.05,27941109760
1108.33,27941109760
1108.61,27941109760
1108.89,27941109760
1109.17,27941109760
1109.45,27941109760
1109.73,27941109760
1110.01,27941109760
1110.29,27941109760
1110.57,27941109760
1110.85,27941109760
1111.13,27941109760
1111.40,27941109760
1111.69,27941109760
1111.97,27941109760
1112.26,27941109760
1112.54,27941109760
1112.82,27941109760
1113.10,27941109760
1113.38,27941109760
1113.66,27941109760
1113.94,27941109760
1114.23,27941109760
1114.50,27941109760
1114.78,27941109760
1115.06,27941109760
1115.34,27941109760
1115.62,27941109760
1115.91,27941109760
1116.19,27941109760
1116.47,27941109760
1116.75,27941109760
1117.03,27941109760
1117.31,27941109760
1117.60,27941109760
1117.87,27941109760
1118.15,27941109760
1118.43,27941109760
1118.71,27941109760
1118.99,27941109760
1119.27,27941109760
1119.55,27941109760
1119.83,27941109760
1120.11,27941109760
1120.40,27941109760
1120.68,27941109760
1120.96,27941109760
1121.24,27941109760
1121.52,27941109760
1121.81,27941109760
1122.08,27941109760
1122.36,27941109760
1122.64,27941109760
1122.93,27941109760
1123.21,27941109760
1123.49,27941109760
1123.77,27941109760
1124.06,27941109760
1124.34,27941109760
1124.62,27941109760
1124.91,27941109760
1125.19,27941109760
1125.47,27941109760
1125.75,27941109760
1126.03,27941109760
1126.31,27941109760
1126.58,27941109760
1126.86,27941109760
1127.14,27941109760
1127.43,27941109760
1127.71,27941109760
1127.99,27941109760
1128.28,27941109760
1128.56,27941109760
1128.84,27941109760
1129.12,27941109760
1129.40,27941109760
1129.69,27941109760
1129.97,27941109760
1130.24,27941109760
1130.52,27941109760
1130.80,27941109760
1131.09,27941109760
1131.37,27941109760
1131.64,27941109760
1131.93,27941109760
1132.21,27941109760
1132.48,27941109760
1132.76,27941109760
1133.04,27941109760
1133.32,27941109760
1133.60,27941109760
1133.88,27941109760
1134.15,27941109760
1134.43,27941109760
1134.71,27941109760
1134.99,27941109760
1135.27,27941109760
1135.55,27941109760
1135.83,27941109760
1136.11,27941109760
1136.39,27941109760
1136.67,27941109760
1136.96,27941109760
1137.24,27941109760
1137.52,27941109760
1137.80,27941109760
1138.08,27941109760
1138.36,27941109760
1138.63,27941109760
1138.92,27941109760
1139.20,27941109760
1139.48,27941109760
1139.76,27941109760
1140.04,27941109760
1140.32,27941109760
1140.60,27941109760
1140.88,27941109760
1141.17,27941109760
1141.45,27941109760
1141.72,27941109760
1141.99,27941109760
1142.28,27941109760
1142.55,27941109760
1142.83,27941109760
1143.11,27941109760
1143.39,27941109760
1143.66,27941109760
1143.94,27941109760
1144.22,27941109760
1144.50,27941109760
1144.79,27941109760
1145.06,27941109760
1145.34,27941109760
1145.61,27941109760
1145.88,27941109760
1146.16,27941109760
1146.43,27941109760
1146.72,27941109760
1147.00,27941109760
1147.28,27941109760
1147.55,27941109760
1147.84,27941109760
1148.12,27941109760
1148.39,27941109760
1148.67,27941109760
1148.96,27941109760
1149.24,27941109760
1149.52,27941109760
1149.80,27941109760
1150.09,27941109760
1150.36,27941109760
1150.65,27941109760
1150.93,27941109760
1151.21,27941109760
1151.49,27941109760
1151.77,27941109760
1152.05,27941109760
1152.33,27941109760
1152.62,27941109760
1152.90,27941109760
1153.18,27941109760
1153.46,27941109760
1153.74,27941109760
1154.03,27941109760
1154.31,27941109760
1154.59,27941109760
1154.87,27941109760
1155.15,27941109760
1155.43,27941109760
1155.71,27941109760
1155.99,27941109760
1156.27,27941109760
1156.54,27941109760
1156.83,27941109760
1157.11,27941109760
1157.38,27941109760
1157.66,27941109760
1157.94,27941109760
1158.22,27941109760
1158.50,27941109760
1158.78,27941109760
1159.06,27941109760
1159.34,27941109760
1159.62,27941109760
1159.90,27941109760
1160.18,27941109760
1160.46,27941109760
1160.74,27941109760
1161.02,27941109760
1161.30,27941109760
1161.58,27941109760
1161.86,27941109760
1162.14,27941109760
1162.41,27941109760
1162.69,27941109760
1162.97,27941109760
1163.25,27941109760
1163.53,27941109760
1163.81,27941109760
1164.09,27941109760
1164.37,27941109760
1164.65,27941109760
1164.94,27941109760
1165.22,27941109760
1165.50,27941109760
1165.78,27941109760
1166.06,27941109760
1166.34,27941109760
1166.63,27941109760
1166.91,27941109760
1167.18,27941109760
1167.47,27941109760
1167.75,27941109760
1168.04,27941109760
1168.32,27941109760
1168.60,27941109760
1168.87,27941109760
1169.15,27941109760
1169.44,27941109760
1169.72,27941109760
1170.00,27941109760
1170.28,27941109760
1170.57,27941109760
1170.85,27941109760
1171.12,27941109760
1171.41,27941109760
1171.69,27941109760
1171.97,27941109760
1172.25,27941109760
1172.53,27941109760
1172.81,27941109760
1173.09,27941109760
1173.37,27941109760
1173.65,27941109760
1173.93,27941109760
1174.21,27941109760
1174.49,27941109760
1174.77,27941109760
1175.05,27941109760
1175.34,27941109760
1175.62,27941109760
1175.90,27941109760
1176.18,27941109760
1176.45,27941109760
1176.74,27941109760
1177.02,27941109760
1177.30,27941109760
1177.58,27941109760
1177.85,27941109760
1178.13,27941109760
1178.41,27941109760
1178.70,27941109760
1178.98,27941109760
1179.26,27941109760
1179.54,27941109760
1179.82,27941109760
1180.10,27941109760
1180.38,27941109760
1180.66,27941109760
1180.94,27941109760
1181.22,27941109760
1181.51,27941109760
1181.79,27941109760
1182.07,27941109760
1182.35,27941109760
1182.63,27941109760
1182.92,27941109760
1183.20,27941109760
1183.48,27941109760
1183.76,27941109760
1184.05,27941109760
1184.32,27941109760
1184.60,27941109760
1184.88,27941109760
1185.16,27941109760
1185.44,27941109760
1185.73,27941109760
1186.02,27941109760
1186.30,27941109760
1186.57,27941109760
1186.85,27941109760
1187.13,27941109760
1187.42,27941109760
1187.70,27941109760
1187.99,27941109760
1188.27,27941109760
1188.55,27941109760
1188.83,27941109760
1189.11,27941109760
1189.39,27941109760
1189.67,27941109760
1189.95,27941109760
1190.23,27941109760
1190.51,27941109760
1190.78,27941109760
1191.06,27941109760
1191.34,27941109760
1191.62,27941109760
1191.91,27941109760
1192.20,27941109760
1192.48,27941109760
1192.77,27941109760
1193.05,27941109760
1193.33,27941109760
1193.62,27941109760
1193.90,27941109760
1194.19,27941109760
1194.47,27941109760
1194.75,27941109760
1195.03,27941109760
1195.31,27941109760
1195.59,27941109760
1195.87,27941109760
1196.16,27941109760
1196.43,27941109760
1196.71,27941109760
1196.99,27941109760
1197.28,27941109760
1197.56,27941109760
1197.84,27941109760
1198.12,27941109760
1198.40,27941109760
1198.68,27941109760
1198.96,27941109760
1199.24,27941109760
1199.52,27941109760
1199.80,27941109760
1200.07,27941109760
1200.36,27941109760
1200.64,27941109760
1200.92,27941109760
1201.21,27941109760
1201.49,27941109760
1201.77,27941109760
1202.05,27941109760
1202.33,27941109760
1202.62,27941109760
1202.89,27941109760
1203.17,27941109760
1203.45,27941109760
1203.73,27941109760
1204.01,27941109760
1204.29,27941109760
1204.57,27941109760
1204.85,27941109760
1205.13,27941109760
1205.42,27941109760
1205.70,27941109760
1205.98,27941109760
1206.27,27941109760
1206.54,27941109760
1206.83,27941109760
1207.11,27941109760
1207.39,27941109760
1207.67,27941109760
1207.96,27941109760
1208.24,27941109760
1208.51,27941109760
1208.79,27941109760
1209.07,27941109760
1209.35,27941109760
1209.63,27941109760
1209.91,27941109760
1210.18,27941109760
1210.45,27941109760
1210.73,27941109760
1211.02,27941109760
1211.30,27941109760
1211.58,27941109760
1211.85,27941109760
1212.13,27941109760
1212.41,27941109760
1212.69,27941109760
1212.98,27941109760
1213.26,27941109760
1213.54,27941109760
1213.82,27941109760
1214.10,27941109760
1214.38,27941109760
1214.66,27941109760
1214.94,27941109760
1215.22,27941109760
1215.51,27941109760
1215.79,27941109760
1216.07,27941109760
1216.35,27941109760
1216.64,27941109760
1216.92,27941109760
1217.20,27941109760
1217.48,27941109760
1217.76,27941109760
1218.04,27941109760
1218.32,27941109760
1218.60,27941109760
1218.88,27941109760
1219.17,27941109760
1219.44,27941109760
1219.73,27941109760
1220.01,27941109760
1220.29,27941109760
1220.57,27941109760
1220.85,27941109760
1221.13,27941109760
1221.41,27941109760
1221.69,27941109760
1221.97,27941109760
1222.25,27941109760
1222.54,27941109760
1222.82,27941109760
1223.10,27941109760
1223.38,27941109760
1223.66,27941109760
1223.94,27941109760
1224.22,27941109760
1224.50,27941109760
1224.78,27941109760
1225.06,27941109760
1225.34,27941109760
1225.62,27941109760
1225.90,27941109760
1226.18,27941109760
1226.46,27941109760
1226.73,27941109760
1227.01,27941109760
1227.29,27941109760
1227.57,27941109760
1227.85,27941109760
1228.13,27941109760
1228.42,27941109760
1228.70,27941109760
1228.98,27941109760
1229.26,27941109760
1229.55,27941109760
1229.83,27941109760
1230.11,27941109760
1230.39,27941109760
1230.67,27941109760
1230.95,27941109760
1231.24,27941109760
1231.52,27941109760
1231.79,27941109760
1232.08,27941109760
1232.35,27941109760
1232.63,27941109760
1232.91,27941109760
1233.19,27941109760
1233.47,27941109760
1233.75,27941109760
1234.03,27941109760
1234.31,27941109760
1234.59,27941109760
1234.87,27941109760
1235.15,27941109760
1235.43,27941109760
1235.72,27941109760
1236.00,27941109760
1236.28,27941109760
1236.56,27941109760
1236.85,27941109760
1237.13,27941109760
1237.41,27941109760
1237.69,27941109760
1237.98,27941109760
1238.26,27941109760
1238.55,27941109760
1238.82,27941109760
1239.10,27941109760
1239.38,27941109760
1239.65,27941109760
1239.93,27941109760
1240.21,27941109760
1240.48,27941109760
1240.77,27941109760
1241.05,27941109760
1241.33,27941109760
1241.60,27941109760
1241.88,27941109760
1242.16,27941109760
1242.44,27941109760
1242.72,27941109760
1243.00,27941109760
1243.27,27941109760
1243.55,27941109760
1243.82,27941109760
1244.10,27941109760
1244.38,27941109760
1244.65,27941109760
1244.94,27941109760
1245.22,27941109760
1245.50,27941109760
1245.77,27941109760
1246.05,27941109760
1246.33,27941109760
1246.62,27941109760
1246.90,27941109760
1247.18,27941109760
1247.46,27941109760
1247.75,27941109760
1248.03,27941109760
1248.31,27941109760
1248.59,27941109760
1248.87,27941109760
1249.15,27941109760
1249.43,27941109760
1249.71,27941109760
1250.00,27941109760
1250.28,27941109760
1250.57,27941109760
1250.85,27941109760
1251.12,27941109760
1251.41,27941109760
1251.69,27941109760
1251.96,27941109760
1252.24,27941109760
1252.52,27941109760
1252.80,27941109760
1253.08,27941109760
1253.36,27941109760
1253.64,27941109760
1253.92,27941109760
1254.20,27941109760
1254.48,27941109760
1254.76,27941109760
1255.04,27941109760
1255.32,27941109760
1255.60,27941109760
1255.88,27941109760
1256.16,27941109760
1256.45,27941109760
1256.72,27941109760
1257.01,27941109760
1257.29,27941109760
1257.57,27941109760
1257.86,27941109760
1258.13,27941109760
1258.42,27941109760
1258.70,27941109760
1258.98,27941109760
1259.27,27941109760
1259.54,27941109760
1259.82,27941109760
1260.11,27941109760
1260.38,27941109760
1260.66,27941109760
1260.95,27941109760
1261.23,27941109760
1261.51,27941109760
1261.79,27941109760
1262.08,27941109760
1262.36,27941109760
1262.64,27941109760
1262.92,27941109760
1263.21,27941109760
1263.49,27941109760
1263.77,27941109760
1264.05,27941109760
1264.33,27941109760
1264.61,27941109760
1264.89,27941109760
1265.16,27941109760
1265.44,27941109760
1265.71,27941109760
1265.99,27941109760
1266.27,27941109760
1266.55,27941109760
1266.83,27941109760
1267.11,27941109760
1267.38,27941109760
1267.66,27941109760
1267.94,27941109760
1268.22,27941109760
1268.50,27941109760
1268.78,27941109760
1269.06,27941109760
1269.34,27941109760
1269.62,27941109760
1269.89,27941109760
1270.17,27941109760
1270.45,27941109760
1270.73,27941109760
1271.01,27941109760
1271.29,27941109760
1271.58,27941109760
1271.86,27941109760
1272.14,27941109760
1272.42,27941109760
1272.70,27941109760
1272.98,27941109760
1273.27,27941109760
1273.55,27941109760
1273.83,27941109760
1274.11,27941109760
1274.39,27941109760
1274.67,27941109760
1274.95,27941109760
1275.23,27941109760
1275.51,27941109760
1275.80,27941109760
1276.08,27941109760
1276.36,27941109760
1276.64,27941109760
1276.92,27941109760
1277.20,27941109760
1277.49,27941109760
1277.77,27941109760
1278.05,27941109760
1278.34,27941109760
1278.62,27941109760
1278.90,27941109760
1279.18,27941109760
1279.46,27941109760
1279.74,27941109760
1280.03,27941109760
1280.31,27941109760
1280.59,27941109760
1280.87,27941109760
1281.15,27941109760
1281.43,27941109760
1281.71,27941109760
1281.99,27941109760
1282.27,27941109760
1282.55,27941109760
1282.83,27941109760
1283.12,27941109760
1283.39,27941109760
1283.67,27941109760
1283.95,27941109760
1284.23,27941109760
1284.51,27941109760
1284.80,27941109760
1285.08,27941109760
1285.37,27941109760
1285.65,27941109760
1285.93,27941109760
1286.21,27941109760
1286.49,27941109760
1286.78,27941109760
1287.06,27941109760
1287.33,27941109760
1287.61,27941109760
1287.89,27941109760
1288.17,27941109760
1288.44,27941109760
1288.72,27941109760
1289.01,27941109760
1289.29,27941109760
1289.57,27941109760
1289.85,27941109760
1290.14,27941109760
1290.42,27941109760
1290.70,27941109760
1290.98,27941109760
1291.26,27941109760
1291.54,27941109760
1291.82,27941109760
1292.10,27941109760
1292.38,27941109760
1292.66,27941109760
1292.94,27941109760
1293.22,27941109760
1293.49,27941109760
1293.77,27941109760
1294.04,27941109760
1294.32,27941109760
1294.61,27941109760
1294.89,27941109760
1295.17,27941109760
1295.45,27941109760
1295.73,27941109760
1296.01,27941109760
1296.29,27941109760
1296.57,27941109760
1296.85,27941109760
1297.13,27941109760
1297.42,27941109760
1297.70,27941109760
1297.98,27941109760
1298.26,27941109760
1298.53,27941109760
1298.82,27941109760
1299.09,27941109760
1299.38,27941109760
1299.65,27941109760
1299.93,27941109760
1300.21,27941109760
1300.50,27941109760
1300.78,27941109760
1301.06,27941109760
1301.34,27941109760
1301.62,27941109760
1301.90,27941109760
1302.19,27941109760
1302.47,27941109760
1302.75,27941109760
1303.03,27941109760
1303.31,27941109760
1303.59,27941109760
1303.87,27941109760
1304.15,27941109760
1304.42,27941109760
1304.70,27941109760
1304.99,27941109760
1305.27,27941109760
1305.55,27941109760
1305.83,27941109760
1306.11,27941109760
1306.39,27941109760
1306.67,27941109760
1306.95,27941109760
1307.24,27941109760
1307.51,27941109760
1307.79,27941109760
1308.08,27941109760
1308.35,27941109760
1308.63,27941109760
1308.91,27941109760
1309.19,27941109760
1309.47,27941109760
1309.75,27941109760
1310.04,27941109760
1310.32,27941109760
1310.60,27941109760
1310.88,27941109760
1311.16,27941109760
1311.44,27941109760
1311.72,27941109760
1312.01,27941109760
1312.29,27941109760
1312.57,27941109760
1312.85,27941109760
1313.13,27941109760
1313.42,27941109760
1313.70,27941109760
1313.98,27941109760
1314.27,27941109760
1314.54,27941109760
1314.83,27941109760
1315.12,27941109760
1315.39,27941109760
1315.66,27941109760
1315.95,27941109760
1316.23,27941109760
1316.51,27941109760
1316.79,27941109760
1317.07,27941109760
1317.35,27941109760
1317.63,27941109760
1317.92,27941109760
1318.20,27941109760
1318.48,27941109760
1318.76,27941109760
1319.04,27941109760
1319.32,27941109760
1319.60,27941109760
1319.88,27941109760
1320.16,27941109760
1320.45,27941109760
1320.72,27941109760
1321.00,27941109760
1321.28,27941109760
1321.56,27941109760
1321.84,27941109760
1322.12,27941109760
1322.41,27941109760
1322.68,27941109760
1322.97,27941109760
1323.25,27941109760
1323.53,27941109760
1323.82,27941109760
1324.10,27941109760
1324.38,27941109760
1324.66,27941109760
1324.94,27941109760
1325.22,27941109760
1325.51,27941109760
1325.79,27941109760
1326.07,27941109760
1326.35,27941109760
1326.63,27941109760
1326.92,27941109760
1327.20,27941109760
1327.48,27941109760
1327.76,27941109760
1328.04,27941109760
1328.32,27941109760
1328.60,27941109760
1328.88,27941109760
1329.16,27941109760
1329.44,27941109760
1329.72,27941109760
1330.00,27941109760
1330.27,27941109760
1330.56,27941109760
1330.84,27941109760
1331.11,27941109760
1331.39,27941109760
1331.67,27941109760
1331.95,27941109760
1332.23,27941109760
1332.51,27941109760
1332.80,27941109760
1333.08,27941109760
1333.36,27941109760
1333.65,27941109760
1333.93,27941109760
1334.21,27941109760
1334.49,27941109760
1334.78,27941109760
1335.06,27941109760
1335.34,27941109760
1335.62,27941109760
1335.91,27941109760
1336.19,27941109760
1336.47,27941109760
1336.75,27941109760
1337.04,27941109760
1337.32,27941109760
1337.60,27941109760
1337.88,27941109760
1338.17,27941109760
1338.45,27941109760
1338.73,27941109760
1339.01,27941109760
1339.28,27941109760
1339.57,27941109760
1339.85,27941109760
1340.13,27941109760
1340.40,27941109760
1340.69,27941109760
1340.97,27941109760
1341.25,27941109760
1341.53,27941109760
1341.81,27941109760
1342.09,27941109760
1342.36,27941109760
1342.64,27941109760
1342.92,27941109760
1343.20,27941109760
1343.49,27941109760
1343.77,27941109760
1344.05,27941109760
1344.34,27941109760
1344.62,27941109760
1344.90,27941109760
1345.18,27941109760
1345.47,27941109760
1345.75,27941109760
1346.03,27941109760
1346.31,27941109760
1346.59,27941109760
1346.88,27941109760
1347.15,27941109760
1347.43,27941109760
1347.72,27941109760
1348.00,27941109760
1348.28,27941109760
1348.56,27941109760
1348.84,27941109760
1349.12,27941109760
1349.40,27941109760
1349.68,27941109760
1349.96,27941109760
1350.24,27941109760
1350.52,27941109760
1350.80,27941109760
1351.08,27941109760
1351.36,27941109760
1351.64,27941109760
1351.92,27941109760
1352.20,27941109760
1352.48,27941109760
1352.76,27941109760
1353.04,27941109760
1353.32,27941109760
1353.60,27941109760
1353.87,27941109760
1354.15,27941109760
1354.43,27941109760
1354.71,27941109760
1354.99,27941109760
1355.28,27941109760
1355.55,27941109760
1355.83,27941109760
1356.12,27941109760
1356.40,27941109760
1356.69,27941109760
1356.96,27941109760
1357.24,27941109760
1357.53,27941109760
1357.81,27941109760
1358.10,27941109760
1358.38,27941109760
1358.66,27941109760
1358.94,27941109760
1359.22,27941109760
1359.50,27941109760
1359.79,27941109760
1360.07,27941109760
1360.36,27941109760
1360.64,27941109760
1360.92,27941109760
1361.20,27941109760
1361.48,27941109760
1361.77,27941109760
1362.04,27941109760
1362.33,27941109760
1362.61,27941109760
1362.89,27941109760
1363.18,27941109760
1363.46,27941109760
1363.75,27941109760
1364.02,27941109760
1364.30,27941109760
1364.58,27941109760
1364.86,27941109760
1365.14,27941109760
1365.42,27941109760
1365.71,27941109760
1365.99,27941109760
1366.28,27941109760
1366.56,27941109760
1366.84,27941109760
1367.13,27941109760
1367.41,27941109760
1367.69,27941109760
1367.97,27941109760
1368.25,27941109760
1368.53,27941109760
1368.81,27941109760
1369.09,27941109760
1369.37,27941109760
1369.65,27941109760
1369.93,27941109760
1370.22,27941109760
1370.50,27941109760
1370.78,27941109760
1371.06,27941109760
1371.34,27941109760
1371.62,27941109760
1371.90,27941109760
1372.18,27941109760
1372.46,27941109760
1372.74,27941109760
1373.03,27941109760
1373.31,27941109760
1373.58,27941109760
1373.86,27941109760
1374.15,27941109760
1374.42,27941109760
1374.70,27941109760
1374.97,27941109760
1375.25,27941109760
1375.53,27941109760
1375.81,27941109760
1376.09,27941109760
1376.37,27941109760
1376.65,27941109760
1376.93,27941109760
1377.21,27941109760
1377.49,27941109760
1377.77,27941109760
1378.06,27941109760
1378.34,27941109760
1378.62,27941109760
1378.90,27941109760
1379.18,27941109760
1379.46,27941109760
1379.73,27941109760
1380.02,27941109760
1380.30,27941109760
1380.58,27941109760
1380.86,27941109760
1381.13,27941109760
1381.41,27941109760
1381.70,27941109760
1381.98,27941109760
1382.26,27941109760
1382.54,27941109760
1382.82,27941109760
1383.11,27941109760
1383.39,27941109760
1383.67,27941109760
1383.95,27941109760
1384.23,27941109760
1384.51,27941109760
1384.80,27941109760
1385.08,27941109760
1385.36,27941109760
1385.64,27941109760
1385.93,27941109760
1386.21,27941109760
1386.49,27941109760
1386.78,27941109760
1387.06,27941109760
1387.34,27941109760
1387.62,27941109760
1387.90,27941109760
1388.18,27941109760
1388.46,27941109760
1388.74,27941109760
1389.02,27941109760
1389.30,27941109760
1389.58,27941109760
1389.86,27941109760
1390.14,27941109760
1390.42,27941109760
1390.71,27941109760
1390.99,27941109760
1391.27,27941109760
1391.56,27941109760
1391.84,27941109760
1392.12,27941109760
1392.41,27941109760
1392.69,27941109760
1392.97,27941109760
1393.25,27941109760
1393.53,27941109760
1393.81,27941109760
1394.09,27941109760
1394.37,27941109760
1394.65,27941109760
1394.93,27941109760
1395.21,27941109760
1395.49,27941109760
1395.77,27941109760
1396.05,27941109760
1396.34,27941109760
1396.61,27941109760
1396.90,27941109760
1397.17,27941109760
1397.45,27941109760
1397.73,27941109760
1398.01,27941109760
1398.30,27941109760
1398.58,27941109760
1398.86,27941109760
1399.14,27941109760
1399.42,27941109760
1399.71,27941109760
1399.99,27941109760
1400.27,27941109760
1400.55,27941109760
1400.83,27941109760
1401.11,27941109760
1401.38,27941109760
1401.66,27941109760
1401.94,27941109760
1402.23,27941109760
1402.52,27941109760
1402.80,27941109760
1403.08,27941109760
1403.36,27941109760
1403.64,27941109760
1403.92,27941109760
1404.21,27941109760
1404.49,27941109760
1404.77,27941109760
1405.06,27941109760
1405.34,27941109760
1405.62,27941109760
1405.90,27941109760
1406.18,27941109760
1406.47,27941109760
1406.75,27941109760
1407.03,27941109760
1407.32,27941109760
1407.60,27941109760
1407.88,27941109760
1408.15,27941109760
1408.44,27941109760
1408.72,27941109760
1409.01,27941109760
1409.29,27941109760
1409.57,27941109760
1409.86,27941109760
1410.14,27941109760
1410.43,27941109760
1410.71,27941109760
1410.99,27941109760
1411.27,27941109760
1411.55,27941109760
1411.83,27941109760
1412.11,27941109760
1412.39,27941109760
1412.67,27941109760
1412.95,27941109760
1413.23,27941109760
1413.52,27941109760
1413.80,27941109760
1414.09,27941109760
1414.37,27941109760
1414.65,27941109760
1414.93,27941109760
1415.22,27941109760
1415.50,27941109760
1415.78,27941109760
1416.06,27941109760
1416.34,27941109760
1416.62,27941109760
1416.90,27941109760
1417.18,27941109760
1417.46,27941109760
1417.74,27941109760
1418.02,27941109760
1418.30,27941109760
1418.58,27941109760
1418.86,27941109760
1419.14,27941109760
1419.42,27941109760
1419.71,27941109760
1419.99,27941109760
1420.27,27941109760
1420.55,27941109760
1420.83,27941109760
1421.11,27941109760
1421.39,27941109760
1421.68,27941109760
1421.96,27941109760
1422.24,27941109760
1422.52,27941109760
1422.80,27941109760
1423.08,27941109760
1423.36,27941109760
1423.64,27941109760
1423.92,27941109760
1424.20,27941109760
1424.47,27941109760
1424.76,27941109760
1425.04,27941109760
1425.32,27941109760
1425.60,27941109760
1425.88,27941109760
1426.17,27941109760
1426.44,27941109760
1426.73,27941109760
1427.01,27941109760
1427.29,27941109760
1427.57,27941109760
1427.85,27941109760
1428.13,27941109760
1428.42,27941109760
1428.69,27941109760
1428.98,27941109760
1429.26,27941109760
1429.53,27941109760
1429.82,27941109760
1430.10,27941109760
1430.38,27941109760
1430.67,27941109760
1430.95,27941109760
1431.23,27941109760
1431.51,27941109760
1431.79,27941109760
1432.08,27941109760
1432.35,27941109760
1432.63,27941109760
1432.91,27941109760
1433.19,27941109760
1433.47,27941109760
1433.76,27941109760
1434.04,27941109760
1434.32,27941109760
1434.60,27941109760
1434.88,27941109760
1435.16,27941109760
1435.45,27941109760
1435.73,27941109760
1436.01,27941109760
1436.29,27941109760
1436.58,27941109760
1436.85,27941109760
1437.14,27941109760
1437.42,27941109760
1437.70,27941109760
1437.98,27941109760
1438.27,27941109760
1438.55,27941109760
1438.83,27941109760
1439.11,27941109760
1439.39,27941109760
1439.68,27941109760
1439.96,27941109760
1440.24,27941109760
1440.52,27941109760
1440.80,27941109760
1441.08,27941109760
1441.37,27941109760
1441.65,27941109760
1441.93,27941109760
1442.22,27941109760
1442.50,27941109760
1442.78,27941109760
1443.07,27941109760
1443.35,27941109760
1443.63,27941109760
1443.91,27941109760
1444.19,27941109760
1444.47,27941109760
1444.75,27941109760
1445.03,27941109760
1445.31,27941109760
1445.60,27941109760
1445.88,27941109760
1446.16,27941109760
1446.44,27941109760
1446.72,27941109760
1447.01,27941109760
1447.29,27941109760
1447.57,27941109760
1447.85,27941109760
1448.13,27941109760
1448.41,27941109760
1448.70,27941109760
1448.98,27941109760
1449.27,27941109760
1449.55,27941109760
1449.84,27941109760
1450.12,27941109760
1450.40,27941109760
1450.68,27941109760
1450.96,27941109760
1451.25,27941109760
1451.53,27941109760
1451.81,27941109760
1452.09,27941109760
1452.38,27941109760
1452.66,27941109760
1452.94,27941109760
1453.22,27941109760
1453.51,27941109760
1453.79,27941109760
1454.06,27941109760
1454.35,27941109760
1454.63,27941109760
1454.91,27941109760
1455.19,27941109760
1455.48,27941109760
1455.76,27941109760
1456.04,27941109760
1456.32,27941109760
1456.61,27941109760
1456.89,27941109760
1457.17,27941109760
1457.46,27941109760
1457.74,27941109760
1458.02,27941109760
1458.31,27941109760
1458.60,27941109760
1458.87,27941109760
1459.16,27941109760
1459.44,27941109760
1459.72,27941109760
1460.00,27941109760
1460.28,27941109760
1460.56,27941109760
1460.84,27941109760
1461.13,27941109760
1461.41,27941109760
1461.69,27941109760
1461.97,27941109760
1462.26,27941109760
1462.54,27941109760
1462.82,27941109760
1463.11,27941109760
1463.39,27941109760
1463.67,27941109760
1463.96,27941109760
1464.23,27941109760
1464.52,27941109760
1464.80,27941109760
1465.08,27941109760
1465.36,27941109760
1465.64,27941109760
1465.92,27941109760
1466.20,27941109760
1466.48,27941109760
1466.77,27941109760
1467.05,27941109760
1467.33,27941109760
1467.61,27941109760
1467.90,27941109760
1468.18,27941109760
1468.47,27941109760
1468.75,27941109760
1469.03,27941109760
1469.31,27941109760
1469.59,27941109760
1469.87,27941109760
1470.15,27941109760
1470.43,27941109760
1470.71,27941109760
1470.99,27941109760
1471.28,27941109760
1471.56,27941109760
1471.85,27941109760
1472.13,27941109760
1472.41,27941109760
1472.68,27941109760
1472.97,27941109760
1473.25,27941109760
1473.54,27941109760
1473.82,27941109760
1474.10,27941109760
1474.38,27941109760
1474.66,27941109760
1474.95,27941109760
1475.22,27941109760
1475.51,27941109760
1475.80,27941109760
1476.08,27941109760
1476.35,27941109760
1476.63,27941109760
1476.92,27941109760
1477.20,27941109760
1477.48,27941109760
1477.76,27941109760
1478.04,27941109760
1478.32,27941109760
1478.60,27941109760
1478.88,27941109760
1479.16,27941109760
1479.44,27941109760
1479.72,27941109760
1480.00,27941109760
1480.29,27941109760
1480.57,27941109760
1480.85,27941109760
1481.14,27941109760
1481.42,27941109760
1481.70,27941109760
1481.99,27941109760
1482.27,27941109760
1482.55,27941109760
1482.84,27941109760
1483.11,27941109760
1483.39,27941109760
1483.67,27941109760
1483.95,27941109760
1484.24,27941109760
1484.52,27941109760
1484.80,27941109760
1485.08,27941109760
1485.37,27941109760
1485.65,27941109760
1485.93,27941109760
1486.21,27941109760
1486.49,27941109760
1486.78,27941109760
1487.06,27941109760
1487.34,27941109760
1487.62,27941109760
1487.89,27941109760
1488.18,27941109760
1488.46,27941109760
1488.74,27941109760
1489.02,27941109760
1489.30,27941109760
1489.58,27941109760
1489.86,27941109760
1490.15,27941109760
1490.43,27941109760
1490.71,27941109760
1490.99,27941109760
1491.28,27941109760
1491.55,27941109760
1491.83,27941109760
1492.11,27941109760
1492.40,27941109760
1492.68,27941109760
1492.96,27941109760
1493.25,27941109760
1493.53,27941109760
1493.82,27941109760
1494.09,27941109760
1494.38,27941109760
1494.66,27941109760
1494.94,27941109760
1495.22,27941109760
1495.51,27941109760
1495.79,27941109760
1496.07,27941109760
1496.35,27941109760
1496.63,27941109760
1496.91,27941109760
1497.19,27941109760
1497.47,27941109760
1497.76,27941109760
1498.04,27941109760
1498.32,27941109760
1498.59,27941109760
1498.87,27941109760
1499.15,27941109760
1499.43,27941109760
1499.71,27941109760
1500.00,27941109760
1500.28,27941109760
1500.56,27941109760
1500.85,27941109760
1501.13,27941109760
1501.42,27941109760
1501.69,27941109760
1501.98,27941109760
1502.26,27941109760
1502.54,27941109760
1502.82,27941109760
1503.10,27941109760
1503.39,27941109760
1503.67,27941109760
1503.95,27941109760
1504.23,27941109760
1504.51,27941109760
1504.79,27941109760
1505.07,27941109760
1505.35,27941109760
1505.63,27941109760
1505.91,27941109760
1506.20,27941109760
1506.48,27941109760
1506.77,27941109760
1507.05,27941109760
1507.33,27941109760
1507.61,27941109760
1507.89,27941109760
1508.17,27941109760
1508.46,27941109760
1508.74,27941109760
1509.02,27941109760
1509.30,27941109760
1509.58,27941109760
1509.86,27941109760
1510.15,27941109760
1510.43,27941109760
1510.70,27941109760
1510.99,27941109760
1511.27,27941109760
1511.55,27941109760
1511.84,27941109760
1512.12,27941109760
1512.39,27941109760
1512.68,27941109760
1512.96,27941109760
1513.25,27941109760
1513.53,27941109760
1513.81,27941109760
1514.10,27941109760
1514.38,27941109760
1514.66,27941109760
1514.94,27941109760
1515.22,27941109760
1515.50,27941109760
1515.78,27941109760
1516.06,27941109760
1516.35,27941109760
1516.63,27941109760
1516.91,27941109760
1517.20,27941109760
1517.48,27941109760
1517.76,27941109760
1518.04,27941109760
1518.31,27941109760
1518.59,27941109760
1518.88,27941109760
1519.16,27941109760
1519.44,27941109760
1519.72,27941109760
1520.01,27941109760
1520.29,27941109760
1520.57,27941109760
1520.85,27941109760
1521.13,27941109760
1521.42,27941109760
1521.70,27941109760
1521.98,27941109760
1522.26,27941109760
1522.54,27941109760
1522.82,27941109760
1523.09,27941109760
1523.37,27941109760
1523.66,27941109760
1523.94,27941109760
1524.23,27941109760
1524.52,27941109760
1524.80,27941109760
1525.08,27941109760
1525.37,27941109760
1525.65,27941109760
1525.92,27941109760
1526.21,27941109760
1526.48,27941109760
1526.77,27941109760
1527.05,27941109760
1527.33,27941109760
1527.62,27941109760
1527.90,27941109760
1528.19,27941109760
1528.46,27941109760
1528.74,27941109760
1529.02,27941109760
1529.30,27941109760
1529.59,27941109760
1529.87,27941109760
1530.15,27941109760
1530.43,27941109760
1530.71,27941109760
1530.99,27941109760
1531.27,27941109760
1531.55,27941109760
1531.83,27941109760
1532.11,27941109760
1532.40,27941109760
1532.68,27941109760
1532.96,27941109760
1533.25,27941109760
1533.53,27941109760
1533.81,27941109760
1534.09,27941109760
1534.37,27941109760
1534.65,27941109760
1534.93,27941109760
1535.21,27941109760
1535.49,27941109760
1535.77,27941109760
1536.05,27941109760
1536.34,27941109760
1536.62,27941109760
1536.89,27941109760
1537.18,27941109760
1537.46,27941109760
1537.74,27941109760
1538.02,27941109760
1538.30,27941109760
1538.58,27941109760
1538.86,27941109760
1539.14,27941109760
1539.42,27941109760
1539.71,27941109760
1539.98,27941109760
1540.27,27941109760
1540.55,27941109760
1540.83,27941109760
1541.11,27941109760
1541.39,27941109760
1541.66,27941109760
1541.95,27941109760
1542.23,27941109760
1542.51,27941109760
1542.79,27941109760
1543.07,27941109760
1543.36,27941109760
1543.63,27941109760
1543.91,27941109760
1544.20,27941109760
1544.47,27941109760
1544.76,27941109760
1545.04,27941109760
1545.33,27941109760
1545.61,27941109760
1545.89,27941109760
1546.18,27941109760
1546.46,27941109760
1546.74,27941109760
1547.02,27941109760
1547.30,27941109760
1547.58,27941109760
1547.86,27941109760
1548.14,27941109760
1548.42,27941109760
1548.70,27941109760
1548.98,27941109760
1549.27,27941109760
1549.54,27941109760
1549.82,27941109760
1550.11,27941109760
1550.39,27941109760
1550.67,27941109760
1550.94,27941109760
1551.23,27941109760
1551.51,27941109760
1551.79,27941109760
1552.08,27941109760
1552.36,27941109760
1552.64,27941109760
1552.92,27941109760
1553.20,27941109760
1553.48,27941109760
1553.77,27941109760
1554.05,27941109760
1554.34,27941109760
1554.62,27941109760
1554.90,27941109760
1555.18,27941109760
1555.46,27941109760
1555.74,27941109760
1556.03,27941109760
1556.31,27941109760
1556.59,27941109760
1556.87,27941109760
1557.16,27941109760
1557.44,27941109760
1557.72,27941109760
1558.00,27941109760
1558.28,27941109760
1558.56,27941109760
1558.84,27941109760
1559.12,27941109760
1559.40,27941109760
1559.68,27941109760
1559.97,27941109760
1560.25,27941109760
1560.53,27941109760
1560.81,27941109760
1561.09,27941109760
1561.37,27941109760
1561.66,27941109760
1561.94,27941109760
1562.22,27941109760
1562.50,27941109760
1562.78,27941109760
1563.06,27941109760
1563.35,27941109760
1563.63,27941109760
1563.91,27941109760
1564.19,27941109760
1564.47,27941109760
1564.75,27941109760
1565.03,27941109760
1565.31,27941109760
1565.59,27941109760
1565.88,27941109760
1566.16,27941109760
1566.45,27941109760
1566.72,27941109760
1567.01,27941109760
1567.29,27941109760
1567.57,27941109760
1567.85,27941109760
1568.13,27941109760
1568.42,27941109760
1568.70,27941109760
1568.98,27941109760
1569.26,27941109760
1569.54,27941109760
1569.83,27941109760
1570.11,27941109760
1570.39,27941109760
1570.67,27941109760
1570.96,27941109760
1571.24,27941109760
1571.52,27941109760
1571.80,27941109760
1572.08,27941109760
1572.36,27941109760
1572.65,27941109760
1572.93,27941109760
1573.21,27941109760
1573.50,27941109760
1573.78,27941109760
1574.05,27941109760
1574.34,27941109760
1574.62,27941109760
1574.90,27941109760
1575.19,27941109760
1575.47,27941109760
1575.76,27941109760
1576.04,27941109760
1576.32,27941109760
1576.60,27941109760
1576.89,27941109760
1577.17,27941109760
1577.45,27941109760
1577.73,27941109760
1578.01,27941109760
1578.30,27941109760
1578.58,27941109760
1578.86,27941109760
1579.14,27941109760
1579.42,27941109760
1579.71,27941109760
1579.99,27941109760
1580.27,27941109760
1580.55,27941109760
1580.83,27941109760
1581.11,27941109760
1581.40,27941109760
1581.68,27941109760
1581.96,27941109760
1582.24,27941109760
1582.52,27941109760
1582.80,27941109760
1583.09,27941109760
1583.37,27941109760
1583.65,27941109760
1583.93,27941109760
1584.21,27941109760
1584.49,27941109760
1584.77,27941109760
1585.06,27941109760
1585.34,27941109760
1585.62,27941109760
1585.91,27941109760
1586.19,27941109760
1586.47,27941109760
1586.75,27941109760
1587.04,27941109760
1587.32,27941109760
1587.60,27941109760
1587.88,27941109760
1588.16,27941109760
1588.44,27941109760
1588.71,27941109760
1589.00,27941109760
1589.28,27941109760
1589.56,27941109760
1589.84,27941109760
1590.12,27941109760
1590.40,27941109760
1590.68,27941109760
1590.96,27941109760
1591.24,27941109760
1591.52,27941109760
1591.80,27941109760
1592.09,27941109760
1592.37,27941109760
1592.65,27941109760
1592.94,27941109760
1593.21,27941109760
1593.50,27941109760
1593.78,27941109760
1594.06,27941109760
1594.34,27941109760
1594.62,27941109760
1594.90,27941109760
1595.18,27941109760
1595.47,27941109760
1595.75,27941109760
1596.03,27941109760
1596.31,27941109760
1596.60,27941109760
1596.88,27941109760
1597.16,27941109760
1597.45,27941109760
1597.73,27941109760
1598.01,27941109760
1598.29,27941109760
1598.57,27941109760
1598.85,27941109760
1599.14,27941109760
1599.42,27941109760
1599.70,27941109760
1599.98,27941109760
1600.26,27941109760
1600.54,27941109760
1600.83,27941109760
1601.11,27941109760
1601.39,27941109760
1601.66,27941109760
1601.94,27941109760
1602.23,27941109760
1602.51,27941109760
1602.79,27941109760
1603.07,27941109760
1603.35,27941109760
1603.63,27941109760
1603.92,27941109760
1604.19,27941109760
1604.47,27941109760
1604.75,27941109760
1605.04,27941109760
1605.31,27941109760
1605.59,27941109760
1605.87,27941109760
1606.15,27941109760
1606.43,27941109760
1606.72,27941109760
1607.00,27941109760
1607.29,27941109760
1607.57,27941109760
1607.84,27941109760
1608.13,27941109760
1608.41,27941109760
1608.69,27941109760
1608.97,27941109760
1609.25,27941109760
1609.53,27941109760
1609.81,27941109760
1610.10,27941109760
1610.38,27941109760
1610.66,27941109760
1610.95,27941109760
1611.23,27941109760
1611.51,27941109760
1611.79,27941109760
1612.06,27941109760
1612.34,27941109760
1612.62,27941109760
1612.90,27941109760
1613.19,27941109760
1613.47,27941109760
1613.75,27941109760
1614.03,27941109760
1614.32,27941109760
1614.60,27941109760
1614.88,27941109760
1615.16,27941109760
1615.44,27941109760
1615.73,27941109760
1616.00,27941109760
1616.29,27941109760
1616.57,27941109760
1616.85,27941109760
1617.13,27941109760
1617.41,27941109760
1617.69,27941109760
1617.97,27941109760
1618.26,27941109760
1618.54,27941109760
1618.82,27941109760
1619.11,27941109760
1619.38,27941109760
1619.66,27941109760
1619.95,27941109760
1620.23,27941109760
1620.51,27941109760
1620.79,27941109760
1621.07,27941109760
1621.36,27941109760
1621.64,27941109760
1621.92,27941109760
1622.20,27941109760
1622.48,27941109760
1622.76,27941109760
1623.04,27941109760
1623.32,27941109760
1623.61,27941109760
1623.89,27941109760
1624.17,27941109760
1624.45,27941109760
1624.74,27941109760
1625.02,27941109760
1625.30,27941109760
1625.58,27941109760
1625.86,27941109760
1626.14,27941109760
1626.42,27941109760
1626.70,27941109760
1626.98,27941109760
1627.26,27941109760
1627.54,27941109760
1627.82,27941109760
1628.10,27941109760
1628.38,27941109760
1628.66,27941109760
1628.95,27941109760
1629.23,27941109760
1629.52,27941109760
1629.79,27941109760
1630.08,27941109760
1630.36,27941109760
1630.64,27941109760
1630.93,27941109760
1631.21,27941109760
1631.50,27941109760
1631.78,27941109760
1632.06,27941109760
1632.34,27941109760
1632.63,27941109760
1632.91,27941109760
1633.19,27941109760
1633.47,27941109760
1633.75,27941109760
1634.04,27941109760
1634.31,27941109760
1634.60,27941109760
1634.88,27941109760
1635.17,27941109760
1635.45,27941109760
1635.73,27941109760
1636.02,27941109760
1636.30,27941109760
1636.58,27941109760
1636.86,27941109760
1637.14,27941109760
1637.42,27941109760
1637.71,27941109760
1637.99,27941109760
1638.27,27941109760
1638.55,27941109760
1638.83,27941109760
1639.11,27941109760
1639.39,27941109760
1639.68,27941109760
1639.96,27941109760
1640.24,27941109760
1640.53,27941109760
1640.81,27941109760
1641.10,27941109760
1641.38,27941109760
1641.66,27941109760
1641.94,27941109760
1642.23,27941109760
1642.51,27941109760
1642.79,27941109760
1643.07,27941109760
1643.35,27941109760
1643.63,27941109760
1643.91,27941109760
1644.19,27941109760
1644.48,27941109760
1644.76,27941109760
1645.04,27941109760
1645.33,27941109760
1645.61,27941109760
1645.89,27941109760
1646.18,27941109760
1646.46,27941109760
1646.74,27941109760
1647.02,27941109760
1647.30,27941109760
1647.59,27941109760
1647.87,27941109760
1648.15,27941109760
1648.43,27941109760
1648.71,27941109760
1648.99,27941109760
1649.28,27941109760
1649.55,27941109760
1649.83,27941109760
1650.12,27941109760
1650.40,27941109760
1650.68,27941109760
1650.96,27941109760
1651.25,27941109760
1651.53,27941109760
1651.81,27941109760
1652.09,27941109760
1652.37,27941109760
1652.65,27941109760
1652.93,27941109760
1653.21,27941109760
1653.49,27941109760
1653.78,27941109760
1654.06,27941109760
1654.35,27941109760
1654.62,27941109760
1654.91,27941109760
1655.19,27941109760
1655.47,27941109760
1655.75,27941109760
1656.03,27941109760
1656.31,27941109760
1656.60,27941109760
1656.88,27941109760
1657.16,27941109760
1657.44,27941109760
1657.72,27941109760
1658.00,27941109760
1658.28,27941109760
1658.57,27941109760
1658.85,27941109760
1659.13,27941109760
1659.41,27941109760
1659.69,27941109760
1659.97,27941109760
1660.25,27941109760
1660.53,27941109760
1660.81,27941109760
1661.10,27941109760
1661.38,27941109760
1661.66,27941109760
1661.95,27941109760
1662.23,27941109760
1662.51,27941109760
1662.79,27941109760
1663.07,27941109760
1663.35,27941109760
1663.63,27941109760
1663.91,27941109760
1664.19,27941109760
1664.48,27941109760
1664.76,27941109760
1665.05,27941109760
1665.33,27941109760
1665.61,27941109760
1665.89,27941109760
1666.18,27941109760
1666.46,27941109760
1666.74,27941109760
1667.02,27941109760
1667.30,27941109760
1667.58,27941109760
1667.87,27941109760
1668.15,27941109760
1668.43,27941109760
1668.72,27941109760
1669.00,27941109760
1669.29,27941109760
1669.57,27941109760
1669.85,27941109760
1670.13,27941109760
1670.41,27941109760
1670.69,27941109760
1670.97,27941109760
1671.26,27941109760
1671.54,27941109760
1671.83,27941109760
1672.11,27941109760
1672.40,27941109760
1672.68,27941109760
1672.96,27941109760
1673.24,27941109760
1673.53,27941109760
1673.81,27941109760
1674.09,27941109760
1674.37,27941109760
1674.66,27941109760
1674.94,27941109760
1675.22,27941109760
1675.50,27941109760
1675.78,27941109760
1676.07,27941109760
1676.35,27941109760
1676.63,27941109760
1676.92,27941109760
1677.20,27941109760
1677.48,27941109760
1677.76,27941109760
1678.04,27941109760
1678.32,27941109760
1678.61,27941109760
1678.89,27941109760
1679.17,27941109760
1679.46,27941109760
1679.74,27941109760
1680.02,27941109760
1680.31,27941109760
1680.59,27941109760
1680.86,27941109760
1681.15,27941109760
1681.43,27941109760
1681.71,27941109760
1681.99,27941109760
1682.28,27941109760
1682.56,27941109760
1682.84,27941109760
1683.12,27941109760
1683.40,27941109760
1683.68,27941109760
1683.96,27941109760
1684.24,27941109760
1684.52,27941109760
1684.81,27941109760
1685.08,27941109760
1685.37,27941109760
1685.65,27941109760
1685.94,27941109760
1686.22,27941109760
1686.51,27941109760
1686.79,27941109760
1687.07,27941109760
1687.36,27941109760
1687.64,27941109760
1687.92,27941109760
1688.21,27941109760
1688.49,27941109760
1688.77,27941109760
1689.05,27941109760
1689.34,27941109760
1689.62,27941109760
1689.91,27941109760
1690.19,27941109760
1690.47,27941109760
1690.75,27941109760
1691.04,27941109760
1691.33,27941109760
1691.61,27941109760
1691.89,27941109760
1692.18,27941109760
1692.47,27941109760
1692.75,27941109760
1693.03,27941109760
1693.31,27941109760
1693.59,27941109760
1693.87,27941109760
1694.14,27941109760
1694.43,27941109760
1694.70,27941109760
1694.99,27941109760
1695.27,27941109760
1695.55,27941109760
1695.83,27941109760
1696.11,27941109760
1696.39,27941109760
1696.68,27941109760
1696.96,27941109760
1697.25,27941109760
1697.53,27941109760
1697.81,27941109760
1698.09,27941109760
1698.37,27941109760
1698.66,27941109760
1698.94,27941109760
1699.22,27941109760
1699.50,27941109760
1699.78,27941109760
1700.06,27941109760
1700.34,27941109760
1700.62,27941109760
1700.91,27941109760
1701.19,27941109760
1701.47,27941109760
1701.75,27941109760
1702.03,27941109760
1702.30,27941109760
1702.58,27941109760
1702.87,27941109760
1703.14,27941109760
1703.42,27941109760
1703.71,27941109760
1703.99,27941109760
1704.28,27941109760
1704.56,27941109760
1704.84,27941109760
1705.12,27941109760
1705.40,27941109760
1705.68,27941109760
1705.96,27941109760
1706.25,27941109760
1706.53,27941109760
1706.81,27941109760
1707.09,27941109760
1707.37,27941109760
1707.66,27941109760
1707.94,27941109760
1708.22,27941109760
1708.51,27941109760
1708.79,27941109760
1709.08,27941109760
1709.36,27941109760
1709.65,27941109760
1709.92,27941109760
1710.20,27941109760
1710.49,27941109760
1710.76,27941109760
1711.05,27941109760
1711.33,27941109760
1711.61,27941109760
1711.89,27941109760
1712.18,27941109760
1712.45,27941109760
1712.74,27941109760
1713.02,27941109760
1713.30,27941109760
1713.58,27941109760
1713.86,27941109760
1714.14,27941109760
1714.42,27941109760
1714.70,27941109760
1714.98,27941109760
1715.26,27941109760
1715.54,27941109760
1715.83,27941109760
1716.11,27941109760
1716.39,27941109760
1716.68,27941109760
1716.96,27941109760
1717.25,27941109760
1717.53,27941109760
1717.82,27941109760
1718.10,27941109760
1718.38,27941109760
1718.66,27941109760
1718.94,27941109760
1719.22,27941109760
1719.50,27941109760
1719.78,27941109760
1720.06,27941109760
1720.34,27941109760
1720.62,27941109760
1720.90,27941109760
1721.18,27941109760
1721.47,27941109760
1721.75,27941109760
1722.04,27941109760
1722.33,27941109760
1722.61,27941109760
1722.89,27941109760
1723.17,27941109760
1723.45,27941109760
1723.73,27941109760
1724.01,27941109760
1724.30,27941109760
1724.58,27941109760
1724.87,27941109760
1725.15,27941109760
1725.43,27941109760
1725.72,27941109760
1726.00,27941109760
1726.28,27941109760
1726.57,27941109760
1726.85,27941109760
1727.13,27941109760
1727.42,27941109760
1727.70,27941109760
1727.98,27941109760
1728.27,27941109760
1728.55,27941109760
1728.83,27941109760
1729.12,27941109760
1729.40,27941109760
1729.69,27941109760
1729.97,27941109760
1730.26,27941109760
1730.54,27941109760
1730.82,27941109760
1731.11,27941109760
1731.39,27941109760
1731.67,27941109760
1731.94,27941109760
1732.23,27941109760
1732.50,27941109760
1732.79,27941109760
1733.07,27941109760
1733.35,27941109760
1733.63,27941109760
1733.92,27941109760
1734.20,27941109760
1734.48,27941109760
1734.76,27941109760
1735.04,27941109760
1735.33,27941109760
1735.61,27941109760
1735.89,27941109760
1736.17,27941109760
1736.45,27941109760
1736.74,27941109760
1737.02,27941109760
1737.30,27941109760
1737.58,27941109760
1737.87,27941109760
1738.15,27941109760
1738.44,27941109760
1738.72,27941109760
1739.00,27941109760
1739.28,27941109760
1739.56,27941109760
1739.84,27941109760
1740.13,27941109760
1740.41,27941109760
1740.70,27941109760
1740.98,27941109760
1741.26,27941109760
1741.54,27941109760
1741.82,27941109760
1742.10,27941109760
1742.39,27941109760
1742.67,27941109760
1742.95,27941109760
1743.24,27941109760
1743.52,27941109760
1743.80,27941109760
1744.08,27941109760
1744.36,27941109760
1744.65,27941109760
1744.93,27941109760
1745.21,27941109760
1745.49,27941109760
1745.78,27941109760
1746.06,27941109760
1746.35,27941109760
1746.63,27941109760
1746.91,27941109760
1747.19,27941109760
1747.47,27941109760
1747.75,27941109760
1748.04,27941109760
1748.32,27941109760
1748.60,27941109760
1748.88,27941109760
1749.16,27941109760
1749.45,27941109760
1749.73,27941109760
1750.01,27941109760
1750.29,27941109760
1750.57,27941109760
1750.85,27941109760
1751.13,27941109760
1751.41,27941109760
1751.69,27941109760
1751.97,27941109760
1752.25,27941109760
1752.53,27941109760
1752.81,27941109760
1753.09,27941109760
1753.37,27941109760
1753.65,27941109760
1753.93,27941109760
1754.22,27941109760
1754.50,27941109760
1754.78,27941109760
1755.06,27941109760
1755.35,27941109760
1755.63,27941109760
1755.91,27941109760
1756.20,27941109760
1756.48,27941109760
1756.76,27941109760
1757.04,27941109760
1757.32,27941109760
1757.60,27941109760
1757.88,27941109760
1758.16,27941109760
1758.44,27941109760
1758.73,27941109760
1759.00,27941109760
1759.28,27941109760
1759.56,27941109760
1759.85,27941109760
1760.13,27941109760
1760.41,27941109760
1760.70,27941109760
1760.99,27941109760
1761.27,27941109760
1761.56,27941109760
1761.84,27941109760
1762.12,27941109760
1762.40,27941109760
1762.68,27941109760
1762.97,27941109760
1763.25,27941109760
1763.53,27941109760
1763.81,27941109760
1764.09,27941109760
1764.37,27941109760
1764.65,27941109760
1764.94,27941109760
1765.21,27941109760
1765.49,27941109760
1765.78,27941109760
1766.06,27941109760
1766.34,27941109760
1766.62,27941109760
1766.91,27941109760
1767.19,27941109760
1767.47,27941109760
1767.76,27941109760
1768.04,27941109760
1768.32,27941109760
1768.60,27941109760
1768.88,27941109760
1769.16,27941109760
1769.45,27941109760
1769.73,27941109760
1770.01,27941109760
1770.29,27941109760
1770.58,27941109760
1770.86,27941109760
1771.14,27941109760
1771.42,27941109760
1771.70,27941109760
1771.98,27941109760
1772.26,27941109760
1772.54,27941109760
1772.82,27941109760
1773.10,27941109760
1773.39,27941109760
1773.67,27941109760
1773.95,27941109760
1774.22,27941109760
1774.51,27941109760
1774.79,27941109760
1775.08,27941109760
1775.35,27941109760
1775.63,27941109760
1775.91,27941109760
1776.19,27941109760
1776.48,27941109760
1776.76,27941109760
1777.05,27941109760
1777.33,27941109760
1777.61,27941109760
1777.89,27941109760
1778.17,27941109760
1778.45,27941109760
1778.73,27941109760
1779.01,27941109760
1779.30,27941109760
1779.58,27941109760
1779.86,27941109760
1780.15,27941109760
1780.43,27941109760
1780.71,27941109760
1781.00,27941109760
1781.28,27941109760
1781.56,27941109760
1781.85,27941109760
1782.13,27941109760
1782.41,27941109760
1782.69,27941109760
1782.97,27941109760
1783.26,27941109760
1783.54,27941109760
1783.82,27941109760
1784.10,27941109760
1784.38,27941109760
1784.66,27941109760
1784.94,27941109760
1785.22,27941109760
1785.50,27941109760
1785.78,27941109760
1786.06,27941109760
1786.34,27941109760
1786.63,27941109760
1786.91,27941109760
1787.19,27941109760
1787.48,27941109760
1787.76,27941109760
1788.04,27941109760
1788.32,27941109760
1788.60,27941109760
1788.88,27941109760
1789.16,27941109760
1789.43,27941109760
1789.72,27941109760
1790.00,27941109760
1790.28,27941109760
1790.57,27941109760
1790.85,27941109760
1791.13,27941109760
1791.40,27941109760
1791.68,27941109760
1791.96,27941109760
1792.25,27941109760
1792.53,27941109760
1792.81,27941109760
1793.09,27941109760
1793.36,27941109760
1793.65,27941109760
1793.92,27941109760
1794.21,27941109760
1794.48,27941109760
1794.76,27941109760
1795.04,27941109760
1795.32,27941109760
1795.60,27941109760
1795.88,27941109760
1796.16,27941109760
1796.44,27941109760
1796.72,27941109760
1797.01,27941109760
1797.29,27941109760
1797.57,27941109760
1797.85,27941109760
1798.13,27941109760
1798.40,27941109760
1798.68,27941109760
1798.96,27941109760
1799.25,27941109760
1799.53,27941109760
1799.81,27941109760
1800.09,27941109760
1800.37,27941109760
1800.65,27941109760
1800.93,27941109760
1801.21,27941109760
1801.49,27941109760
1801.78,27941109760
1802.06,27941109760
1802.34,27941109760
1802.62,27941109760
1802.91,27941109760
1803.19,27941109760
1803.47,27941109760
1803.75,27941109760
1804.03,27941109760
1804.31,27941109760
1804.59,27941109760
1804.88,27941109760
1805.16,27941109760
1805.44,27941109760
1805.72,27941109760
1806.00,27941109760
1806.28,27941109760
1806.56,27941109760
1806.83,27941109760
1807.12,27941109760
1807.40,27941109760
1807.68,27941109760
1807.96,27941109760
1808.24,27941109760
1808.52,27941109760
1808.81,27941109760
1809.09,27941109760
1809.37,27941109760
1809.65,27941109760
1809.93,27941109760
1810.21,27941109760
1810.49,27941109760
1810.77,27941109760
1811.05,27941109760
1811.33,27941109760
1811.61,27941109760
1811.88,27941109760
1812.17,27941109760
1812.45,27941109760
1812.73,27941109760
1813.01,27941109760
1813.29,27941109760
1813.57,27941109760
1813.85,27941109760
1814.14,27941109760
1814.42,27941109760
1814.69,27941109760
1814.98,27941109760
1815.26,27941109760
1815.55,27941109760
1815.83,27941109760
1816.11,27941109760
1816.39,27941109760
1816.68,27941109760
1816.95,27941109760
1817.23,27941109760
1817.51,27941109760
1817.79,27941109760
1818.07,27941109760
1818.35,27941109760
1818.63,27941109760
1818.90,27941109760
1819.18,27941109760
1819.46,27941109760
1819.75,27941109760
1820.03,27941109760
1820.30,27941109760
1820.58,27941109760
1820.86,27941109760
1821.15,27941109760
1821.43,27941109760
1821.71,27941109760
1821.99,27941109760
1822.27,27941109760
1822.56,27941109760
1822.84,27941109760
1823.12,27941109760
1823.40,27941109760
1823.69,27941109760
1823.97,27941109760
1824.25,27941109760
1824.53,27941109760
1824.81,27941109760
1825.09,27941109760
1825.37,27941109760
1825.65,27941109760
1825.93,27941109760
1826.22,27941109760
1826.49,27941109760
1826.78,27941109760
1827.06,27941109760
1827.34,27941109760
1827.62,27941109760
1827.90,27941109760
1828.19,27941109760
1828.47,27941109760
1828.75,27941109760
1829.04,27941109760
1829.32,27941109760
1829.61,27941109760
1829.89,27941109760
1830.18,27941109760
1830.46,27941109760
1830.74,27941109760
1831.02,27941109760
1831.30,27941109760
1831.58,27941109760
1831.87,27941109760
1832.15,27941109760
1832.43,27941109760
1832.71,27941109760
1832.99,27941109760
1833.28,27941109760
1833.56,27941109760
1833.84,27941109760
1834.12,27941109760
1834.40,27941109760
1834.68,27941109760
1834.96,27941109760
1835.25,27941109760
1835.52,27941109760
1835.80,27941109760
1836.08,27941109760
1836.36,27941109760
1836.64,27941109760
1836.92,27941109760
1837.21,27941109760
1837.49,27941109760
1837.78,27941109760
1838.06,27941109760
1838.34,27941109760
1838.63,27941109760
1838.91,27941109760
1839.19,27941109760
1839.47,27941109760
1839.76,27941109760
1840.04,27941109760
1840.32,27941109760
1840.61,27941109760
1840.89,27941109760
1841.17,27941109760
1841.46,27941109760
1841.74,27941109760
1842.02,27941109760
1842.31,27941109760
1842.59,27941109760
1842.87,27941109760
1843.15,27941109760
1843.44,27941109760
1843.71,27941109760
1844.00,27941109760
1844.28,27941109760
1844.56,27941109760
1844.84,27941109760
1845.11,27941109760
1845.40,27941109760
1845.68,27941109760
1845.96,27941109760
1846.25,27941109760
1846.53,27941109760
1846.81,27941109760
1847.09,27941109760
1847.37,27941109760
1847.65,27941109760
1847.93,27941109760
1848.22,27941109760
1848.50,27941109760
1848.79,27941109760
1849.07,27941109760
1849.35,27941109760
1849.63,27941109760
1849.92,27941109760
1850.20,27941109760
1850.48,27941109760
1850.77,27941109760
1851.05,27941109760
1851.34,27941109760
1851.62,27941109760
1851.90,27941109760
1852.18,27941109760
1852.46,27941109760
1852.74,27941109760
1853.02,27941109760
1853.30,27941109760
1853.59,27941109760
1853.87,27941109760
1854.15,27941109760
1854.43,27941109760
1854.71,27941109760
1855.00,27941109760
1855.28,27941109760
1855.56,27941109760
1855.85,27941109760
1856.13,27941109760
1856.41,27941109760
1856.69,27941109760
1856.97,27941109760
1857.26,27941109760
1857.54,27941109760
1857.82,27941109760
1858.10,27941109760
1858.38,27941109760
1858.67,27941109760
1858.94,27941109760
1859.23,27941109760
1859.51,27941109760
1859.79,27941109760
1860.08,27941109760
1860.36,27941109760
1860.64,27941109760
1860.93,27941109760
1861.21,27941109760
1861.49,27941109760
1861.77,27941109760
1862.05,27941109760
1862.33,27941109760
1862.61,27941109760
1862.88,27941109760
1863.17,27941109760
1863.45,27941109760
1863.74,27941109760
1864.02,27941109760
1864.29,27941109760
1864.57,27941109760
1864.85,27941109760
1865.13,27941109760
1865.41,27941109760
1865.70,27941109760
1865.98,27941109760
1866.27,27941109760
1866.56,27941109760
1866.83,27941109760
1867.11,27941109760
1867.39,27941109760
1867.68,27941109760
1867.96,27941109760
1868.24,27941109760
1868.53,27941109760
1868.81,27941109760
1869.10,27941109760
1869.39,27941109760
1869.66,27941109760
1869.94,27941109760
1870.23,27941109760
1870.51,27941109760
1870.79,27941109760
1871.07,27941109760
1871.36,27941109760
1871.64,27941109760
1871.92,27941109760
1872.20,27941109760
1872.48,27941109760
1872.76,27941109760
1873.04,27941109760
1873.32,27941109760
1873.60,27941109760
1873.88,27941109760
1874.17,27941109760
1874.45,27941109760
1874.73,27941109760
1875.02,27941109760
1875.30,27941109760
1875.58,27941109760
1875.86,27941109760
1876.14,27941109760
1876.42,27941109760
1876.71,27941109760
1876.99,27941109760
1877.28,27941109760
1877.56,27941109760
1877.84,27941109760
1878.12,27941109760
1878.39,27941109760
1878.67,27941109760
1878.96,27941109760
1879.24,27941109760
1879.52,27941109760
1879.80,27941109760
1880.08,27941109760
1880.36,27941109760
1880.64,27941109760
1880.92,27941109760
1881.21,27941109760
1881.48,27941109760
1881.77,27941109760
1882.05,27941109760
1882.34,27941109760
1882.62,27941109760
1882.91,27941109760
1883.19,27941109760
1883.47,27941109760
1883.76,27941109760
1884.04,27941109760
1884.32,27941109760
1884.60,27941109760
1884.89,27941109760
1885.17,27941109760
1885.45,27941109760
1885.73,27941109760
1886.02,27941109760
1886.30,27941109760
1886.58,27941109760
1886.86,27941109760
1887.14,27941109760
1887.43,27941109760
1887.71,27941109760
1887.99,27941109760
1888.28,27941109760
1888.56,27941109760
1888.84,27941109760
1889.12,27941109760
1889.40,27941109760
1889.68,27941109760
1889.97,27941109760
1890.25,27941109760
1890.53,27941109760
1890.82,27941109760
1891.10,27941109760
1891.38,27941109760
1891.66,27941109760
1891.93,27941109760
1892.21,27941109760
1892.50,27941109760
1892.78,27941109760
1893.06,27941109760
1893.34,27941109760
1893.63,27941109760
1893.91,27941109760
1894.19,27941109760
1894.48,27941109760
1894.76,27941109760
1895.04,27941109760
1895.32,27941109760
1895.61,27941109760
1895.89,27941109760
1896.17,27941109760
1896.45,27941109760
1896.73,27941109760
1897.01,27941109760
1897.29,27941109760
1897.57,27941109760
1897.85,27941109760
1898.13,27941109760
1898.42,27941109760
1898.70,27941109760
1898.98,27941109760
1899.26,27941109760
1899.55,27941109760
1899.83,27941109760
1900.11,27941109760
1900.40,27941109760
1900.68,27941109760
1900.97,27941109760
1901.25,27941109760
1901.53,27941109760
1901.81,27941109760
1902.09,27941109760
1902.37,27941109760
1902.66,27941109760
1902.94,27941109760
1903.21,27941109760
1903.50,27941109760
1903.78,27941109760
1904.06,27941109760
1904.34,27941109760
1904.62,27941109760
1904.90,27941109760
1905.19,27941109760
1905.47,27941109760
1905.75,27941109760
1906.04,27941109760
1906.32,27941109760
1906.61,27941109760
1906.89,27941109760
1907.17,27941109760
1907.45,27941109760
1907.74,27941109760
1908.02,27941109760
1908.30,27941109760
1908.59,27941109760
1908.87,27941109760
1909.15,27941109760
1909.43,27941109760
1909.72,27941109760
1910.00,27941109760
1910.29,27941109760
1910.56,27941109760
1910.85,27941109760
1911.13,27941109760
1911.41,27941109760
1911.69,27941109760
1911.97,27941109760
1912.25,27941109760
1912.53,27941109760
1912.81,27941109760
1913.10,27941109760
1913.38,27941109760
1913.66,27941109760
1913.94,27941109760
1914.23,27941109760
1914.51,27941109760
1914.79,27941109760
1915.07,27941109760
1915.35,27941109760
1915.64,27941109760
1915.92,27941109760
1916.20,27941109760
1916.49,27941109760
1916.77,27941109760
1917.05,27941109760
1917.33,27941109760
1917.62,27941109760
1917.89,27941109760
1918.17,27941109760
1918.45,27941109760
1918.73,27941109760
1919.02,27941109760
1919.30,27941109760
1919.58,27941109760
1919.87,27941109760
1920.15,27941109760
1920.43,27941109760
1920.71,27941109760
1920.99,27941109760
1921.28,27941109760
1921.56,27941109760
1921.83,27941109760
1922.12,27941109760
1922.39,27941109760
1922.68,27941109760
1922.96,27941109760
1923.24,27941109760
1923.53,27941109760
1923.81,27941109760
1924.09,27941109760
1924.37,27941109760
1924.66,27941109760
1924.93,27941109760
1925.21,27941109760
1925.49,27941109760
1925.78,27941109760
1926.06,27941109760
1926.35,27941109760
1926.63,27941109760
1926.91,27941109760
1927.19,27941109760
1927.47,27941109760
1927.76,27941109760
1928.04,27941109760
1928.32,27941109760
1928.60,27941109760
1928.88,27941109760
1929.16,27941109760
1929.45,27941109760
1929.73,27941109760
1930.01,27941109760
1930.30,27941109760
1930.58,27941109760
1930.85,27941109760
1931.13,27941109760
1931.41,27941109760
1931.70,27941109760
1931.98,27941109760
1932.26,27941109760
1932.54,27941109760
1932.82,27941109760
1933.10,27941109760
1933.38,27941109760
1933.66,27941109760
1933.94,27941109760
1934.23,27941109760
1934.51,27941109760
1934.79,27941109760
1935.07,27941109760
1935.35,27941109760
1935.64,27941109760
1935.92,27941109760
1936.19,27941109760
1936.47,27941109760
1936.76,27941109760
1937.04,27941109760
1937.33,27941109760
1937.61,27941109760
1937.89,27941109760
1938.18,27941109760
1938.46,27941109760
1938.74,27941109760
1939.02,27941109760
1939.31,27941109760
1939.58,27941109760
1939.87,27941109760
1940.15,27941109760
1940.43,27941109760
1940.71,27941109760
1941.00,27941109760
1941.28,27941109760
1941.57,27941109760
1941.85,27941109760
1942.13,27941109760
1942.42,27941109760
1942.70,27941109760
1942.98,27941109760
1943.27,27941109760
1943.55,27941109760
1943.84,27941109760
1944.12,27941109760
1944.41,27941109760
1944.69,27941109760
1944.97,27941109760
1945.25,27941109760
1945.54,27941109760
1945.82,27941109760
1946.11,27941109760
1946.39,27941109760
1946.67,27941109760
1946.95,27941109760
1947.23,27941109760
1947.51,27941109760
1947.79,27941109760
1948.07,27941109760
1948.35,27941109760
1948.63,27941109760
1948.91,27941109760
1949.20,27941109760
1949.48,27941109760
1949.76,27941109760
1950.05,27941109760
1950.32,27941109760
1950.60,27941109760
1950.88,27941109760
1951.16,27941109760
1951.45,27941109760
1951.73,27941109760
1952.01,27941109760
1952.29,27941109760
1952.58,27941109760
1952.86,27941109760
1953.14,27941109760
1953.42,27941109760
1953.70,27941109760
1953.98,27941109760
1954.26,27941109760
1954.55,27941109760
1954.83,27941109760
1955.11,27941109760
1955.40,27941109760
1955.68,27941109760
1955.96,27941109760
1956.24,27941109760
1956.52,27941109760
1956.80,27941109760
1957.09,27941109760
1957.36,27941109760
1957.65,27941109760
1957.93,27941109760
1958.21,27941109760
1958.48,27941109760
1958.77,27941109760
1959.05,27941109760
1959.34,27941109760
1959.62,27941109760
1959.90,27941109760
1960.18,27941109760
1960.46,27941109760
1960.75,27941109760
1961.03,27941109760
1961.31,27941109760
1961.59,27941109760
1961.88,27941109760
1962.16,27941109760
1962.45,27941109760
1962.73,27941109760
1963.01,27941109760
1963.29,27941109760
1963.57,27941109760
1963.86,27941109760
1964.13,27941109760
1964.41,27941109760
1964.70,27941109760
1964.98,27941109760
1965.27,27941109760
1965.55,27941109760
1965.83,27941109760
1966.11,27941109760
1966.39,27941109760
1966.67,27941109760
1966.96,27941109760
1967.23,27941109760
1967.52,27941109760
1967.80,27941109760
1968.08,27941109760
1968.37,27941109760
1968.65,27941109760
1968.93,27941109760
1969.21,27941109760
1969.50,27941109760
1969.78,27941109760
1970.06,27941109760
1970.35,27941109760
1970.63,27941109760
1970.91,27941109760
1971.20,27941109760
1971.48,27941109760
1971.76,27941109760
1972.04,27941109760
1972.33,27941109760
1972.61,27941109760
1972.89,27941109760
1973.17,27941109760
1973.46,27941109760
1973.74,27941109760
1974.02,27941109760
1974.30,27941109760
1974.59,27941109760
1974.88,27941109760
1975.16,27941109760
1975.44,27941109760
1975.72,27941109760
1976.00,27941109760
1976.29,27941109760
1976.57,27941109760
1976.85,27941109760
1977.14,27941109760
1977.42,27941109760
1977.70,27941109760
1977.98,27941109760
1978.27,27941109760
1978.55,27941109760
1978.83,27941109760
1979.11,27941109760
1979.40,27941109760
1979.68,27941109760
1979.96,27941109760
1980.24,27941109760
1980.53,27941109760
1980.82,27941109760
1981.10,27941109760
1981.38,27941109760
1981.67,27941109760
1981.95,27941109760
1982.24,27941109760
1982.52,27941109760
1982.81,27941109760
1983.09,27941109760
1983.37,27941109760
1983.65,27941109760
1983.93,27941109760
1984.21,27941109760
1984.49,27941109760
1984.78,27941109760
1985.06,27941109760
1985.34,27941109760
1985.63,27941109760
1985.91,27941109760
1986.19,27941109760
1986.47,27941109760
1986.75,27941109760
1987.03,27941109760
1987.31,27941109760
1987.59,27941109760
1987.88,27941109760
1988.16,27941109760
1988.44,27941109760
1988.73,27941109760
1989.01,27941109760
1989.29,27941109760
1989.57,27941109760
1989.86,27941109760
1990.14,27941109760
1990.42,27941109760
1990.70,27941109760
1990.99,27941109760
1991.27,27941109760
1991.55,27941109760
1991.83,27941109760
1992.11,27941109760
1992.40,27941109760
1992.68,27941109760
1992.96,27941109760
1993.24,27941109760
1993.52,27941109760
1993.81,27941109760
1994.09,27941109760
1994.37,27941109760
1994.65,27941109760
1994.94,27941109760
1995.22,27941109760
1995.50,27941109760
1995.78,27941109760
1996.06,27941109760
1996.34,27941109760
1996.62,27941109760
1996.90,27941109760
1997.18,27941109760
1997.47,27941109760
1997.75,27941109760
1998.03,27941109760
1998.31,27941109760
1998.60,27941109760
1998.88,27941109760
1999.16,27941109760
1999.44,27941109760
1999.72,27941109760
2000.01,27941109760
2000.29,27941109760
2000.56,27941109760
2000.84,27941109760
2001.12,27941109760
2001.41,27941109760
2001.69,27941109760
2001.96,27941109760
2002.24,27941109760
2002.52,27941109760
2002.81,27941109760
2003.09,27941109760
2003.37,27941109760
2003.65,27941109760
2003.94,27941109760
2004.22,27941109760
2004.50,27941109760
2004.78,27941109760
2005.06,27941109760
2005.34,27941109760
2005.62,27941109760
2005.90,27941109760
2006.19,27941109760
2006.47,27941109760
2006.75,27941109760
2007.04,27941109760
2007.32,27941109760
2007.60,27941109760
2007.88,27941109760
2008.16,27941109760
2008.44,27941109760
2008.72,27941109760
2009.00,27941109760
2009.28,27941109760
2009.56,27941109760
2009.84,27941109760
2010.12,27941109760
2010.40,27941109760
2010.68,27941109760
2010.96,27941109760
2011.24,27941109760
2011.53,27941109760
2011.82,27941109760
2012.10,27941109760
2012.38,27941109760
2012.66,27941109760
2012.95,27941109760
2013.23,27941109760
2013.51,27941109760
2013.79,27941109760
2014.08,27941109760
2014.36,27941109760
2014.64,27941109760
2014.92,27941109760
2015.20,27941109760
2015.48,27941109760
2015.75,27941109760
2016.03,27941109760
2016.32,27941109760
2016.60,27941109760
2016.89,27941109760
2017.17,27941109760
2017.45,27941109760
2017.73,27941109760
2018.01,27941109760
2018.29,27941109760
2018.57,27941109760
2018.85,27941109760
2019.13,27941109760
2019.42,27941109760
2019.70,27941109760
2019.98,27941109760
2020.27,27941109760
2020.55,27941109760
2020.83,27941109760
2021.11,27941109760
2021.39,27941109760
2021.68,27941109760
2021.96,27941109760
2022.24,27941109760
2022.53,27941109760
2022.81,27941109760
2023.09,27941109760
2023.37,27941109760
2023.65,27941109760
2023.93,27941109760
2024.21,27941109760
2024.50,27941109760
2024.78,27941109760
2025.06,27941109760
2025.34,27941109760
2025.62,27941109760
2025.91,27941109760
2026.19,27941109760
2026.47,27941109760
2026.75,27941109760
2027.03,27941109760
2027.31,27941109760
2027.59,27941109760
2027.87,27941109760
2028.15,27941109760
2028.44,27941109760
2028.72,27941109760
2029.00,27941109760
2029.28,27941109760
2029.56,27941109760
2029.85,27941109760
2030.13,27941109760
2030.41,27941109760
2030.69,27941109760
2030.97,27941109760
2031.25,27941109760
2031.53,27941109760
2031.82,27941109760
2032.10,27941109760
2032.38,27941109760
2032.66,27941109760
2032.94,27941109760
2033.22,27941109760
2033.51,27941109760
2033.79,27941109760
2034.07,27941109760
2034.36,27941109760
2034.63,27941109760
2034.91,27941109760
2035.20,27941109760
2035.48,27941109760
2035.76,27941109760
2036.04,27941109760
2036.33,27941109760
2036.60,27941109760
2036.89,27941109760
2037.17,27941109760
2037.45,27941109760
2037.73,27941109760
2038.01,27941109760
2038.30,27941109760
2038.58,27941109760
2038.86,27941109760
2039.14,27941109760
2039.42,27941109760
2039.70,27941109760
2039.99,27941109760
2040.27,27941109760
2040.55,27941109760
2040.83,27941109760
2041.12,27941109760
2041.40,27941109760
2041.68,27941109760
2041.96,27941109760
2042.24,27941109760
2042.52,27941109760
2042.80,27941109760
2043.09,27941109760
2043.37,27941109760
2043.65,27941109760
2043.94,27941109760
2044.23,27941109760
2044.51,27941109760
2044.78,27941109760
2045.06,27941109760
2045.33,27941109760
2045.61,27941109760
2045.89,27941109760
2046.18,27941109760
2046.46,27941109760
2046.74,27941109760
2047.03,27941109760
2047.31,27941109760
2047.59,27941109760
2047.87,27941109760
2048.15,27941109760
2048.43,27941109760
2048.71,27941109760
2048.99,27941109760
2049.27,27941109760
2049.55,27941109760
2049.83,27941109760
2050.11,27941109760
2050.40,27941109760
2050.68,27941109760
2050.96,27941109760
2051.24,27941109760
2051.52,27941109760
2051.81,27941109760
2052.09,27941109760
2052.37,27941109760
2052.66,27941109760
2052.93,27941109760
2053.22,27941109760
2053.50,27941109760
2053.78,27941109760
2054.07,27941109760
2054.34,27941109760
2054.62,27941109760
2054.91,27941109760
2055.18,27941109760
2055.47,27941109760
2055.75,27941109760
2056.03,27941109760
2056.32,27941109760
2056.60,27941109760
2056.89,27941109760
2057.17,27941109760
2057.45,27941109760
2057.74,27941109760
2058.02,27941109760
2058.30,27941109760
2058.58,27941109760
2058.86,27941109760
2059.14,27941109760
2059.43,27941109760
2059.72,27941109760
2059.99,27941109760
2060.27,27941109760
2060.56,27941109760
2060.84,27941109760
2061.12,27941109760
2061.40,27941109760
2061.68,27941109760
2061.96,27941109760
2062.24,27941109760
2062.52,27941109760
2062.80,27941109760
2063.08,27941109760
2063.36,27941109760
2063.64,27941109760
2063.93,27941109760
2064.20,27941109760
2064.48,27941109760
2064.77,27941109760
2065.05,27941109760
2065.33,27941109760
2065.62,27941109760
2065.90,27941109760
2066.18,27941109760
2066.47,27941109760
2066.75,27941109760
2067.03,27941109760
2067.32,27941109760
2067.60,27941109760
2067.88,27941109760
2068.17,27941109760
2068.45,27941109760
2068.73,27941109760
2069.02,27941109760
2069.30,27941109760
2069.58,27941109760
2069.86,27941109760
2070.14,27941109760
2070.43,27941109760
2070.70,27941109760
2070.98,27941109760
2071.27,27941109760
2071.55,27941109760
2071.84,27941109760
2072.12,27941109760
2072.40,27941109760
2072.68,27941109760
2072.96,27941109760
2073.24,27941109760
2073.53,27941109760
2073.81,27941109760
2074.10,27941109760
2074.38,27941109760
2074.66,27941109760
2074.94,27941109760
2075.22,27941109760
2075.50,27941109760
2075.78,27941109760
2076.06,27941109760
2076.34,27941109760
2076.63,27941109760
2076.91,27941109760
2077.19,27941109760
2077.48,27941109760
2077.76,27941109760
2078.03,27941109760
2078.32,27941109760
2078.61,27941109760
2078.89,27941109760
2079.17,27941109760
2079.45,27941109760
2079.73,27941109760
2080.01,27941109760
2080.30,27941109760
2080.58,27941109760
2080.87,27941109760
2081.15,27941109760
2081.44,27941109760
2081.72,27941109760
2082.00,27941109760
2082.28,27941109760
2082.56,27941109760
2082.84,27941109760
2083.12,27941109760
2083.41,27941109760
2083.69,27941109760
2083.97,27941109760
2084.26,27941109760
2084.53,27941109760
2084.81,27941109760
2085.09,27941109760
2085.37,27941109760
2085.65,27941109760
2085.93,27941109760
2086.22,27941109760
2086.50,27941109760
2086.78,27941109760
2087.06,27941109760
2087.34,27941109760
2087.62,27941109760
2087.90,27941109760
2088.18,27941109760
2088.46,27941109760
2088.74,27941109760
2089.02,27941109760
2089.31,27941109760
2089.59,27941109760
2089.88,27941109760
2090.16,27941109760
2090.44,27941109760
2090.73,27941109760
2091.01,27941109760
2091.29,27941109760
2091.57,27941109760
2091.85,27941109760
2092.14,27941109760
2092.42,27941109760
2092.70,27941109760
2092.99,27941109760
2093.27,27941109760
2093.55,27941109760
2093.83,27941109760
2094.11,27941109760
2094.40,27941109760
2094.68,27941109760
2094.95,27941109760
2095.24,27941109760
2095.52,27941109760
2095.81,27941109760
2096.08,27941109760
2096.36,27941109760
2096.64,27941109760
2096.92,27941109760
2097.20,27941109760
2097.49,27941109760
2097.77,27941109760
2098.05,27941109760
2098.33,27941109760
2098.61,27941109760
2098.90,27941109760
2099.18,27941109760
2099.46,27941109760
2099.74,27941109760
2100.03,27941109760
2100.31,27941109760
2100.59,27941109760
2100.87,27941109760
2101.15,27941109760
2101.43,27941109760
2101.71,27941109760
2101.99,27941109760
2102.28,27941109760
2102.56,27941109760
2102.84,27941109760
2103.11,27941109760
2103.40,27941109760
2103.68,27941109760
2103.96,27941109760
2104.24,27941109760
2104.52,27941109760
2104.80,27941109760
2105.08,27941109760
2105.37,27941109760
2105.65,27941109760
2105.93,27941109760
2106.21,27941109760
2106.49,27941109760
2106.78,27941109760
2107.05,27941109760
2107.34,27941109760
2107.62,27941109760
2107.89,27941109760
2108.18,27941109760
2108.46,27941109760
2108.74,27941109760
2109.02,27941109760
2109.30,27941109760
2109.58,27941109760
2109.86,27941109760
2110.14,27941109760
2110.42,27941109760
2110.70,27941109760
2110.98,27941109760
2111.26,27941109760
2111.55,27941109760
2111.83,27941109760
2112.11,27941109760
2112.39,27941109760
2112.68,27941109760
2112.96,27941109760
2113.24,27941109760
2113.52,27941109760
2113.80,27941109760
2114.09,27941109760
2114.36,27941109760
2114.64,27941109760
2114.92,27941109760
2115.20,27941109760
2115.48,27941109760
2115.76,27941109760
2116.04,27941109760
2116.32,27941109760
2116.60,27941109760
2116.88,27941109760
2117.16,27941109760
2117.44,27941109760
2117.72,27941109760
2117.99,27941109760
2118.27,27941109760
2118.55,27941109760
2118.83,27941109760
2119.12,27941109760
2119.40,27941109760
2119.68,27941109760
2119.96,27941109760
2120.24,27941109760
2120.52,27941109760
2120.81,27941109760
2121.09,27941109760
2121.37,27941109760
2121.65,27941109760
2121.94,27941109760
2122.22,27941109760
2122.51,27941109760
2122.79,27941109760
2123.07,27941109760
2123.35,27941109760
2123.63,27941109760
2123.91,27941109760
2124.20,27941109760
2124.48,27941109760
2124.76,27941109760
2125.04,27941109760
2125.32,27941109760
2125.61,27941109760
2125.89,27941109760
2126.18,27941109760
2126.46,27941109760
2126.73,27941109760
2127.02,27941109760
2127.30,27941109760
2127.59,27941109760
2127.87,27941109760
2128.15,27941109760
2128.43,27941109760
2128.71,27941109760
2128.99,27941109760
2129.27,27941109760
2129.55,27941109760
2129.83,27941109760
2130.11,27941109760
2130.39,27941109760
2130.68,27941109760
2130.96,27941109760
2131.24,27941109760
2131.51,27941109760
2131.80,27941109760
2132.08,27941109760
2132.36,27941109760
2132.64,27941109760
2132.92,27941109760
2133.21,27941109760
2133.49,27941109760
2133.78,27941109760
2134.06,27941109760
2134.34,27941109760
2134.62,27941109760
2134.89,27941109760
2135.18,27941109760
2135.46,27941109760
2135.75,27941109760
2136.02,27941109760
2136.30,27941109760
2136.58,27941109760
2136.86,27941109760
2137.15,27941109760
2137.43,27941109760
2137.71,27941109760
2137.99,27941109760
2138.28,27941109760
2138.56,27941109760
2138.84,27941109760
2139.12,27941109760
2139.40,27941109760
2139.68,27941109760
2139.96,27941109760
2140.24,27941109760
2140.53,27941109760
2140.81,27941109760
2141.09,27941109760
2141.38,27941109760
2141.66,27941109760
2141.95,27941109760
2142.23,27941109760
2142.51,27941109760
2142.79,27941109760
2143.07,27941109760
2143.35,27941109760
2143.64,27941109760
2143.92,27941109760
2144.21,27941109760
2144.49,27941109760
2144.77,27941109760
2145.05,27941109760
2145.34,27941109760
2145.61,27941109760
2145.90,27941109760
2146.18,27941109760
2146.46,27941109760
2146.74,27941109760
2147.02,27941109760
2147.30,27941109760
2147.57,27941109760
2147.86,27941109760
2148.14,27941109760
2148.42,27941109760
2148.70,27941109760
2148.99,27941109760
2149.27,27941109760
2149.55,27941109760
2149.84,27941109760
2150.12,27941109760
2150.40,27941109760
2150.68,27941109760
2150.97,27941109760
2151.25,27941109760
2151.53,27941109760
2151.80,27941109760
2152.09,27941109760
2152.36,27941109760
2152.64,27941109760
2152.93,27941109760
2153.21,27941109760
2153.49,27941109760
2153.77,27941109760
2154.05,27941109760
2154.34,27941109760
2154.61,27941109760
2154.89,27941109760
2155.17,27941109760
2155.46,27941109760
2155.74,27941109760
2156.02,27941109760
2156.30,27941109760
2156.59,27941109760
2156.87,27941109760
2157.15,27941109760
2157.43,27941109760
2157.71,27941109760
2157.99,27941109760
2158.26,27941109760
2158.54,27941109760
2158.83,27941109760
2159.11,27941109760
2159.39,27941109760
2159.67,27941109760
2159.95,27941109760
2160.24,27941109760
2160.52,27941109760
2160.80,27941109760
2161.08,27941109760
2161.37,27941109760
2161.65,27941109760
2161.93,27941109760
2162.22,27941109760
2162.50,27941109760
2162.78,27941109760
2163.06,27941109760
2163.35,27941109760
2163.62,27941109760
2163.91,27941109760
2164.19,27941109760
2164.48,27941109760
2164.76,27941109760
2165.04,27941109760
2165.32,27941109760
2165.60,27941109760
2165.88,27941109760
2166.17,27941109760
2166.45,27941109760
2166.73,27941109760
2167.01,27941109760
2167.29,27941109760
2167.57,27941109760
2167.85,27941109760
2168.13,27941109760
2168.41,27941109760
2168.69,27941109760
2168.98,27941109760
2169.26,27941109760
2169.54,27941109760
2169.83,27941109760
2170.11,27941109760
2170.39,27941109760
2170.67,27941109760
2170.95,27941109760
2171.23,27941109760
2171.52,27941109760
2171.80,27941109760
2172.08,27941109760
2172.35,27941109760
2172.63,27941109760
2172.91,27941109760
2173.19,27941109760
2173.47,27941109760
2173.76,27941109760
2174.04,27941109760
2174.32,27941109760
2174.60,27941109760
2174.88,27941109760
2175.16,27941109760
2175.44,27941109760
2175.73,27941109760
2176.01,27941109760
2176.29,27941109760
2176.57,27941109760
2176.85,27941109760
2177.14,27941109760
2177.42,27941109760
2177.70,27941109760
2177.98,27941109760
2178.27,27941109760
2178.55,27941109760
2178.83,27941109760
2179.11,27941109760
2179.40,27941109760
2179.68,27941109760
2179.96,27941109760
2180.24,27941109760
2180.52,27941109760
2180.79,27941109760
2181.07,27941109760
2181.36,27941109760
2181.64,27941109760
2181.91,27941109760
2182.20,27941109760
2182.48,27941109760
2182.75,27941109760
2183.03,27941109760
2183.32,27941109760
2183.60,27941109760
2183.89,27941109760
2184.17,27941109760
2184.45,27941109760
2184.73,27941109760
2185.01,27941109760
2185.29,27941109760
2185.58,27941109760
2185.85,27941109760
2186.14,27941109760
2186.42,27941109760
2186.70,27941109760
2186.98,27941109760
2187.26,27941109760
2187.54,27941109760
2187.82,27941109760
2188.10,27941109760
2188.39,27941109760
2188.66,27941109760
2188.94,27941109760
2189.22,27941109760
2189.51,27941109760
2189.79,27941109760
2190.07,27941109760
2190.36,27941109760
2190.64,27941109760
2190.92,27941109760
2191.20,27941109760
2191.49,27941109760
2191.77,27941109760
2192.05,27941109760
2192.33,27941109760
2192.61,27941109760
2192.89,27941109760
2193.17,27941109760
2193.45,27941109760
2193.73,27941109760
2194.01,27941109760
2194.30,27941109760
2194.58,27941109760
2194.87,27941109760
2195.15,27941109760
2195.43,27941109760
2195.72,27941109760
2196.00,27941109760
2196.28,27941109760
2196.57,27941109760
2196.85,27941109760
2197.14,27941109760
2197.42,27941109760
2197.70,27941109760
2197.99,27941109760
2198.27,27941109760
2198.55,27941109760
2198.83,27941109760
2199.11,27941109760
2199.39,27941109760
2199.67,27941109760
2199.95,27941109760
2200.24,27941109760
2200.52,27941109760
2200.81,27941109760
2201.09,27941109760
2201.37,27941109760
2201.65,27941109760
2201.94,27941109760
2202.22,27941109760
2202.50,27941109760
2202.78,27941109760
2203.06,27941109760
2203.34,27941109760
2203.62,27941109760
2203.91,27941109760
2204.19,27941109760
2204.47,27941109760
2204.76,27941109760
2205.04,27941109760
2205.32,27941109760
2205.60,27941109760
2205.87,27941109760
2206.16,27941109760
2206.44,27941109760
2206.73,27941109760
2207.01,27941109760
2207.29,27941109760
2207.57,27941109760
2207.85,27941109760
2208.12,27941109760
2208.41,27941109760
2208.70,27941109760
2208.98,27941109760
2209.26,27941109760
2209.54,27941109760
2209.82,27941109760
2210.11,27941109760
2210.39,27941109760
2210.67,27941109760
2210.95,27941109760
2211.24,27941109760
2211.52,27941109760
2211.80,27941109760
2212.08,27941109760
2212.36,27941109760
2212.64,27941109760
2212.92,27941109760
2213.20,27941109760
2213.49,27941109760
2213.77,27941109760
2214.05,27941109760
2214.33,27941109760
2214.61,27941109760
2214.89,27941109760
2215.17,27941109760
2215.45,27941109760
2215.74,27941109760
2216.02,27941109760
2216.30,27941109760
2216.58,27941109760
2216.86,27941109760
2217.15,27941109760
2217.43,27941109760
2217.71,27941109760
2217.99,27941109760
2218.28,27941109760
2218.57,27941109760
2218.85,27941109760
2219.14,27941109760
2219.42,27941109760
2219.70,27941109760
2219.99,27941109760
2220.27,27941109760
2220.56,27941109760
2220.84,27941109760
2221.12,27941109760
2221.41,27941109760
2221.69,27941109760
2221.97,27941109760
2222.25,27941109760
2222.53,27941109760
2222.82,27941109760
2223.10,27941109760
2223.38,27941109760
2223.66,27941109760
2223.93,27941109760
2224.22,27941109760
2224.51,27941109760
2224.79,27941109760
2225.07,27941109760
2225.36,27941109760
2225.64,27941109760
2225.92,27941109760
2226.20,27941109760
2226.48,27941109760
2226.77,27941109760
2227.05,27941109760
2227.33,27941109760
2227.61,27941109760
2227.89,27941109760
2228.18,27941109760
2228.46,27941109760
2228.74,27941109760
2229.02,27941109760
2229.30,27941109760
2229.59,27941109760
2229.87,27941109760
2230.15,27941109760
2230.43,27941109760
2230.72,27941109760
2231.00,27941109760
2231.28,27941109760
2231.57,27941109760
2231.85,27941109760
2232.13,27941109760
2232.42,27941109760
2232.70,27941109760
2232.98,27941109760
2233.27,27941109760
2233.55,27941109760
2233.83,27941109760
2234.12,27941109760
2234.40,27941109760
2234.68,27941109760
2234.97,27941109760
2235.25,27941109760
2235.54,27941109760
2235.82,27941109760
2236.10,27941109760
2236.38,27941109760
2236.66,27941109760
2236.95,27941109760
2237.22,27941109760
2237.51,27941109760
2237.79,27941109760
2238.07,27941109760
2238.36,27941109760
2238.64,27941109760
2238.93,27941109760
2239.22,27941109760
2239.50,27941109760
2239.78,27941109760
2240.06,27941109760
2240.35,27941109760
2240.63,27941109760
2240.91,27941109760
2241.20,27941109760
2241.48,27941109760
2241.76,27941109760
2242.04,27941109760
2242.32,27941109760
2242.61,27941109760
2242.89,27941109760
2243.17,27941109760
2243.45,27941109760
2243.74,27941109760
2244.02,27941109760
2244.30,27941109760
2244.59,27941109760
2244.86,27941109760
2245.15,27941109760
2245.43,27941109760
2245.71,27941109760
2246.00,27941109760
2246.28,27941109760
2246.57,27941109760
2246.84,27941109760
2247.13,27941109760
2247.40,27941109760
2247.69,27941109760
2247.97,27941109760
2248.24,27941109760
2248.53,27941109760
2248.81,27941109760
2249.09,27941109760
2249.37,27941109760
2249.65,27941109760
2249.93,27941109760
2250.22,27941109760
2250.49,27941109760
2250.78,27941109760
2251.06,27941109760
2251.34,27941109760
2251.61,27941109760
2251.90,27941109760
2252.18,27941109760
2252.46,27941109760
2252.75,27941109760
2253.03,27941109760
2253.30,27941109760
2253.59,27941109760
2253.87,27941109760
2254.15,27941109760
2254.43,27941109760
2254.71,27941109760
2254.99,27941109760
2255.28,27941109760
2255.56,27941109760
2255.83,27941109760
2256.11,27941109760
2256.40,27941109760
2256.68,27941109760
2256.97,27941109760
2257.25,27941109760
2257.54,27941109760
2257.82,27941109760
2258.10,27941109760
2258.39,27941109760
2258.66,27941109760
2258.95,27941109760
2259.23,27941109760
2259.51,27941109760
2259.78,27941109760
2260.07,27941109760
2260.35,27941109760
2260.63,27941109760
2260.92,27941109760
2261.20,27941109760
2261.48,27941109760
2261.76,27941109760
2262.04,27941109760
2262.32,27941109760
2262.60,27941109760
2262.88,27941109760
2263.16,27941109760
2263.44,27941109760
2263.72,27941109760
2264.01,27941109760
2264.29,27941109760
2264.57,27941109760
2264.85,27941109760
2265.13,27941109760
2265.42,27941109760
2265.70,27941109760
2265.98,27941109760
2266.26,27941109760
2266.54,27941109760
2266.82,27941109760
2267.10,27941109760
2267.38,27941109760
2267.66,27941109760
2267.94,27941109760
2268.22,27941109760
2268.50,27941109760
2268.79,27941109760
2269.06,27941109760
2269.35,27941109760
2269.63,27941109760
2269.91,27941109760
2270.20,27941109760
2270.48,27941109760
2270.76,27941109760
2271.04,27941109760
2271.32,27941109760
2271.60,27941109760
2271.89,27941109760
2272.17,27941109760
2272.45,27941109760
2272.73,27941109760
2273.01,27941109760
2273.30,27941109760
2273.58,27941109760
2273.86,27941109760
2274.14,27941109760
2274.42,27941109760
2274.71,27941109760
2274.98,27941109760
2275.27,27941109760
2275.55,27941109760
2275.83,27941109760
2276.11,27941109760
2276.39,27941109760
2276.68,27941109760
2276.96,27941109760
2277.25,27941109760
2277.53,27941109760
2277.82,27941109760
2278.10,27941109760
2278.38,27941109760
2278.66,27941109760
2278.95,27941109760
2279.23,27941109760
2279.52,27941109760
2279.80,27941109760
2280.08,27941109760
2280.37,27941109760
2280.65,27941109760
2280.93,27941109760
2281.21,27941109760
2281.50,27941109760
2281.78,27941109760
2282.07,27941109760
2282.34,27941109760
2282.63,27941109760
2282.91,27941109760
2283.19,27941109760
2283.47,27941109760
2283.76,27941109760
2284.04,27941109760
2284.32,27941109760
2284.60,27941109760
2284.89,27941109760
2285.17,27941109760
2285.45,27941109760
2285.73,27941109760
2286.01,27941109760
2286.30,27941109760
2286.58,27941109760
2286.87,27941109760
2287.15,27941109760
2287.43,27941109760
2287.71,27941109760
2288.00,27941109760
2288.28,27941109760
2288.56,27941109760
2288.84,27941109760
2289.12,27941109760
2289.40,27941109760
2289.69,27941109760
2289.96,27941109760
2290.24,27941109760
2290.53,27941109760
2290.82,27941109760
2291.10,27941109760
2291.38,27941109760
2291.66,27941109760
2291.94,27941109760
2292.22,27941109760
2292.50,27941109760
2292.78,27941109760
2293.07,27941109760
2293.35,27941109760
2293.64,27941109760
2293.92,27941109760
2294.20,27941109760
2294.48,27941109760
2294.76,27941109760
2295.05,27941109760
2295.33,27941109760
2295.60,27941109760
2295.89,27941109760
2296.17,27941109760
2296.45,27941109760
2296.73,27941109760
2297.01,27941109760
2297.30,27941109760
2297.58,27941109760
2297.86,27941109760
2298.14,27941109760
2298.42,27941109760
2298.70,27941109760
2298.99,27941109760
2299.26,27941109760
2299.55,27941109760
2299.83,27941109760
2300.11,27941109760
2300.39,27941109760
2300.67,27941109760
2300.95,27941109760
2301.23,27941109760
2301.52,27941109760
2301.80,27941109760
2302.08,27941109760
2302.36,27941109760
2302.64,27941109760
2302.92,27941109760
2303.21,27941109760
2303.49,27941109760
2303.78,27941109760
2304.05,27941109760
2304.34,27941109760
2304.62,27941109760
2304.90,27941109760
2305.18,27941109760
2305.47,27941109760
2305.75,27941109760
2306.03,27941109760
2306.32,27941109760
2306.60,27941109760
2306.88,27941109760
2307.16,27941109760
2307.44,27941109760
2307.72,27941109760
2308.00,27941109760
2308.28,27941109760
2308.56,27941109760
2308.84,27941109760
2309.13,27941109760
2309.41,27941109760
2309.70,27941109760
2309.98,27941109760
2310.26,27941109760
2310.54,27941109760
2310.82,27941109760
2311.10,27941109760
2311.38,27941109760
2311.66,27941109760
2311.95,27941109760
2312.23,27941109760
2312.51,27941109760
2312.79,27941109760
2313.07,27941109760
2313.36,27941109760
2313.64,27941109760
2313.92,27941109760
2314.21,27941109760
2314.49,27941109760
2314.78,27941109760
2315.06,27941109760
2315.34,27941109760
2315.62,27941109760
2315.91,27941109760
2316.19,27941109760
2316.47,27941109760
2316.75,27941109760
2317.03,27941109760
2317.31,27941109760
2317.59,27941109760
2317.87,27941109760
2318.15,27941109760
2318.44,27941109760
2318.72,27941109760
2319.01,27941109760
2319.29,27941109760
2319.57,27941109760
2319.85,27941109760
2320.13,27941109760
2320.42,27941109760
2320.70,27941109760
2320.99,27941109760
2321.27,27941109760
2321.54,27941109760
2321.82,27941109760
2322.10,27941109760
2322.39,27941109760
2322.67,27941109760
2322.95,27941109760
2323.24,27941109760
2323.52,27941109760
2323.80,27941109760
2324.08,27941109760
2324.37,27941109760
2324.64,27941109760
2324.93,27941109760
2325.21,27941109760
2325.49,27941109760
2325.77,27941109760
2326.05,27941109760
2326.34,27941109760
2326.62,27941109760
2326.91,27941109760
2327.18,27941109760
2327.46,27941109760
2327.74,27941109760
2328.03,27941109760
2328.31,27941109760
2328.59,27941109760
2328.87,27941109760
2329.16,27941109760
2329.44,27941109760
2329.72,27941109760
2330.00,27941109760
2330.28,27941109760
2330.57,27941109760
2330.85,27941109760
2331.14,27941109760
2331.42,27941109760
2331.70,27941109760
2331.99,27941109760
2332.27,27941109760
2332.55,27941109760
2332.83,27941109760
2333.11,27941109760
2333.39,27941109760
2333.67,27941109760
2333.95,27941109760
2334.24,27941109760
2334.52,27941109760
2334.80,27941109760
2335.09,27941109760
2335.37,27941109760
2335.65,27941109760
2335.93,27941109760
2336.21,27941109760
2336.49,27941109760
2336.78,27941109760
2337.05,27941109760
2337.34,27941109760
2337.62,27941109760
2337.90,27941109760
2338.18,27941109760
2338.46,27941109760
2338.74,27941109760
2339.03,27941109760
2339.30,27941109760
2339.59,27941109760
2339.87,27941109760
2340.15,27941109760
2340.43,27941109760
2340.72,27941109760
2341.00,27941109760
2341.28,27941109760
2341.56,27941109760
2341.84,27941109760
2342.13,27941109760
2342.41,27941109760
2342.69,27941109760
2342.98,27941109760
2343.26,27941109760
2343.54,27941109760
2343.82,27941109760
2344.11,27941109760
2344.39,27941109760
2344.67,27941109760
2344.95,27941109760
2345.24,27941109760
2345.52,27941109760
2345.80,27941109760
2346.09,27941109760
2346.37,27941109760
2346.65,27941109760
2346.94,27941109760
2347.22,27941109760
2347.50,27941109760
2347.78,27941109760
2348.06,27941109760
2348.34,27941109760
2348.63,27941109760
2348.91,27941109760
2349.19,27941109760
2349.47,27941109760
2349.76,27941109760
2350.04,27941109760
2350.32,27941109760
2350.60,27941109760
2350.89,27941109760
2351.17,27941109760
2351.45,27941109760
2351.74,27941109760
2352.02,27941109760
2352.30,27941109760
2352.58,27941109760
2352.87,27941109760
2353.15,27941109760
2353.44,27941109760
2353.71,27941109760
2353.99,27941109760
2354.28,27941109760
2354.56,27941109760
2354.84,27941109760
2355.12,27941109760
2355.41,27941109760
2355.70,27941109760
2355.98,27941109760
2356.26,27941109760
2356.54,27941109760
2356.83,27941109760
2357.11,27941109760
2357.39,27941109760
2357.68,27941109760
2357.96,27941109760
2358.24,27941109760
2358.52,27941109760
2358.80,27941109760
2359.08,27941109760
2359.37,27941109760
2359.65,27941109760
2359.93,27941109760
2360.21,27941109760
2360.49,27941109760
2360.78,27941109760
2361.06,27941109760
2361.34,27941109760
2361.62,27941109760
2361.90,27941109760
2362.19,27941109760
2362.47,27941109760
2362.75,27941109760
2363.03,27941109760
2363.31,27941109760
2363.59,27941109760
2363.87,27941109760
2364.15,27941109760
2364.44,27941109760
2364.72,27941109760
2365.00,27941109760
2365.29,27941109760
2365.58,27941109760
2365.86,27941109760
2366.14,27941109760
2366.42,27941109760
2366.70,27941109760
2366.98,27941109760
2367.26,27941109760
2367.55,27941109760
2367.83,27941109760
2368.11,27941109760
2368.39,27941109760
2368.67,27941109760
2368.95,27941109760
2369.24,27941109760
2369.52,27941109760
2369.80,27941109760
2370.09,27941109760
2370.37,27941109760
2370.65,27941109760
2370.94,27941109760
2371.22,27941109760
2371.50,27941109760
2371.78,27941109760
2372.06,27941109760
2372.34,27941109760
2372.62,27941109760
2372.90,27941109760
2373.18,27941109760
2373.47,27941109760
2373.74,27941109760
2374.02,27941109760
2374.30,27941109760
2374.58,27941109760
2374.86,27941109760
2375.14,27941109760
2375.42,27941109760
2375.71,27941109760
2375.99,27941109760
2376.27,27941109760
2376.55,27941109760
2376.84,27941109760
2377.12,27941109760
2377.39,27941109760
2377.67,27941109760
2377.96,27941109760
2378.24,27941109760
2378.52,27941109760
2378.80,27941109760
2379.08,27941109760
2379.36,27941109760
2379.64,27941109760
2379.92,27941109760
2380.20,27941109760
2380.48,27941109760
2380.76,27941109760
2381.04,27941109760
2381.32,27941109760
2381.61,27941109760
2381.89,27941109760
2382.17,27941109760
2382.46,27941109760
2382.74,27941109760
2383.02,27941109760
2383.30,27941109760
2383.58,27941109760
2383.86,27941109760
2384.15,27941109760
2384.43,27941109760
2384.71,27941109760
2384.99,27941109760
2385.27,27941109760
2385.56,27941109760
2385.84,27941109760
2386.12,27941109760
2386.41,27941109760
2386.69,27941109760
2386.97,27941109760
2387.25,27941109760
2387.54,27941109760
2387.82,27941109760
2388.10,27941109760
2388.38,27941109760
2388.67,27941109760
2388.95,27941109760
2389.23,27941109760
2389.51,27941109760
2389.79,27941109760
2390.07,27941109760
2390.35,27941109760
2390.63,27941109760
2390.92,27941109760
2391.20,27941109760
2391.48,27941109760
2391.76,27941109760
2392.05,27941109760
2392.33,27941109760
2392.61,27941109760
2392.89,27941109760
2393.17,27941109760
2393.45,27941109760
2393.73,27941109760
2394.01,27941109760
2394.29,27941109760
2394.58,27941109760
2394.86,27941109760
2395.14,27941109760
2395.42,27941109760
2395.70,27941109760
2395.98,27941109760
2396.26,27941109760
2396.55,27941109760
2396.83,27941109760
2397.11,27941109760
2397.39,27941109760
2397.67,27941109760
2397.95,27941109760
2398.23,27941109760
2398.51,27941109760
2398.79,27941109760
2399.07,27941109760
2399.35,27941109760
2399.63,27941109760
2399.91,27941109760
2400.19,27941109760
2400.48,27941109760
2400.76,27941109760
2401.04,27941109760
2401.32,27941109760
2401.61,27941109760
2401.88,27941109760
2402.16,27941109760
2402.44,27941109760
2402.72,27941109760
2403.00,27941109760
2403.28,27941109760
2403.57,27941109760
2403.86,27941109760
2404.14,27941109760
2404.42,27941109760
2404.70,27941109760
2404.98,27941109760
2405.26,27941109760
2405.55,27941109760
2405.83,27941109760
2406.10,27941109760
2406.38,27941109760
2406.67,27941109760
2406.95,27941109760
2407.23,27941109760
2407.51,27941109760
2407.78,27941109760
2408.06,27941109760
2408.34,27941109760
2408.62,27941109760
2408.90,27941109760
2409.18,27941109760
2409.46,27941109760
2409.75,27941109760
2410.03,27941109760
2410.31,27941109760
2410.59,27941109760
2410.87,27941109760
2411.15,27941109760
2411.43,27941109760
2411.72,27941109760
2412.00,27941109760
2412.28,27941109760
2412.56,27941109760
2412.84,27941109760
2413.12,27941109760
2413.40,27941109760
2413.68,27941109760
2413.96,27941109760
2414.24,27941109760
2414.52,27941109760
2414.81,27941109760
2415.09,27941109760
2415.37,27941109760
2415.65,27941109760
2415.93,27941109760
2416.21,27941109760
2416.49,27941109760
2416.77,27941109760
2417.06,27941109760
2417.34,27941109760
2417.62,27941109760
2417.90,27941109760
2418.18,27941109760
2418.46,27941109760
2418.74,27941109760
2419.02,27941109760
2419.30,27941109760
2419.58,27941109760
2419.86,27941109760
2420.15,27941109760
2420.43,27941109760
2420.71,27941109760
2420.99,27941109760
2421.28,27941109760
2421.56,27941109760
2421.85,27941109760
2422.13,27941109760
2422.41,27941109760
2422.69,27941109760
2422.97,27941109760
2423.26,27941109760
2423.53,27941109760
2423.81,27941109760
2424.09,27941109760
2424.37,27941109760
2424.66,27941109760
2424.94,27941109760
2425.22,27941109760
2425.50,27941109760
2425.78,27941109760
2426.06,27941109760
2426.34,27941109760
2426.62,27941109760
2426.90,27941109760
2427.19,27941109760
2427.47,27941109760
2427.75,27941109760
2428.04,27941109760
2428.32,27941109760
2428.60,27941109760
2428.88,27941109760
2429.16,27941109760
2429.44,27941109760
2429.72,27941109760
2430.01,27941109760
2430.29,27941109760
2430.57,27941109760
2430.85,27941109760
2431.13,27941109760
2431.41,27941109760
2431.69,27941109760
2431.97,27941109760
2432.25,27941109760
2432.53,27941109760
2432.82,27941109760
2433.10,27941109760
2433.38,27941109760
2433.66,27941109760
2433.95,27941109760
2434.23,27941109760
2434.51,27941109760
2434.80,27941109760
2435.08,27941109760
2435.36,27941109760
2435.64,27941109760
2435.93,27941109760
2436.21,27941109760
2436.49,27941109760
2436.78,27941109760
2437.06,27941109760
2437.34,27941109760
2437.62,27941109760
2437.91,27941109760
2438.18,27941109760
2438.46,27941109760
2438.75,27941109760
2439.04,27941109760
2439.32,27941109760
2439.60,27941109760
2439.88,27941109760
2440.16,27941109760
2440.44,27941109760
2440.72,27941109760
2441.00,27941109760
2441.29,27941109760
2441.56,27941109760
2441.85,27941109760
2442.13,27941109760
2442.41,27941109760
2442.68,27941109760
2442.97,27941109760
2443.25,27941109760
2443.53,27941109760
2443.82,27941109760
2444.10,27941109760
2444.38,27941109760
2444.67,27941109760
2444.95,27941109760
2445.23,27941109760
2445.51,27941109760
2445.78,27941109760
2446.06,27941109760
2446.34,27941109760
2446.63,27941109760
2446.91,27941109760
2447.19,27941109760
2447.47,27941109760
2447.75,27941109760
2448.04,27941109760
2448.32,27941109760
2448.60,27941109760
2448.88,27941109760
2449.16,27941109760
2449.43,27941109760
2449.72,27941109760
2450.00,27941109760
2450.29,27941109760
2450.57,27941109760
2450.85,27941109760
2451.14,27941109760
2451.41,27941109760
2451.70,27941109760
2451.97,27941109760
2452.25,27941109760
2452.54,27941109760
2452.82,27941109760
2453.11,27941109760
2453.39,27941109760
2453.67,27941109760
2453.95,27941109760
2454.24,27941109760
2454.52,27941109760
2454.80,27941109760
2455.08,27941109760
2455.36,27941109760
2455.64,27941109760
2455.92,27941109760
2456.20,27941109760
2456.49,27941109760
2456.77,27941109760
2457.05,27941109760
2457.33,27941109760
2457.61,27941109760
2457.89,27941109760
2458.17,27941109760
2458.45,27941109760
2458.73,27941109760
2459.01,27941109760
2459.30,27941109760
2459.58,27941109760
2459.86,27941109760
2460.14,27941109760
2460.43,27941109760
2460.71,27941109760
2460.99,27941109760
2461.28,27941109760
2461.56,27941109760
2461.84,27941109760
2462.12,27941109760
2462.40,27941109760
2462.68,27941109760
2462.97,27941109760
2463.25,27941109760
2463.53,27941109760
2463.82,27941109760
2464.10,27941109760
2464.38,27941109760
2464.66,27941109760
2464.94,27941109760
2465.23,27941109760
2465.51,27941109760
2465.80,27941109760
2466.08,27941109760
2466.37,27941109760
2466.65,27941109760
2466.93,27941109760
2467.22,27941109760
2467.50,27941109760
2467.78,27941109760
2468.06,27941109760
2468.34,27941109760
2468.62,27941109760
2468.90,27941109760
2469.18,27941109760
2469.47,27941109760
2469.74,27941109760
2470.03,27941109760
2470.32,27941109760
2470.60,27941109760
2470.88,27941109760
2471.17,27941109760
2471.45,27941109760
2471.72,27941109760
2472.01,27941109760
2472.29,27941109760
2472.57,27941109760
2472.85,27941109760
2473.14,27941109760
2473.42,27941109760
2473.70,27941109760
2473.99,27941109760
2474.28,27941109760
2474.56,27941109760
2474.84,27941109760
2475.13,27941109760
2475.41,27941109760
2475.69,27941109760
2475.97,27941109760
2476.26,27941109760
2476.54,27941109760
2476.82,27941109760
2477.10,27941109760
2477.39,27941109760
2477.67,27941109760
2477.95,27941109760
2478.23,27941109760
2478.51,27941109760
2478.79,27941109760
2479.08,27941109760
2479.36,27941109760
2479.64,27941109760
2479.93,27941109760
2480.21,27941109760
2480.49,27941109760
2480.77,27941109760
2481.06,27941109760
2481.34,27941109760
2481.62,27941109760
2481.89,27941109760
2482.18,27941109760
2482.46,27941109760
2482.74,27941109760
2483.02,27941109760
2483.30,27941109760
2483.58,27941109760
2483.86,27941109760
2484.14,27941109760
2484.42,27941109760
2484.70,27941109760
2484.98,27941109760
2485.27,27941109760
2485.55,27941109760
2485.83,27941109760
2486.11,27941109760
2486.39,27941109760
2486.67,27941109760
2486.95,27941109760
2487.24,27941109760
2487.52,27941109760
2487.80,27941109760
2488.08,27941109760
2488.36,27941109760
2488.65,27941109760
2488.93,27941109760
2489.22,27941109760
2489.49,27941109760
2489.77,27941109760
2490.05,27941109760
2490.33,27941109760
2490.62,27941109760
2490.90,27941109760
2491.18,27941109760
2491.47,27941109760
2491.75,27941109760
2492.03,27941109760
2492.31,27941109760
2492.59,27941109760
2492.87,27941109760
2493.15,27941109760
2493.43,27941109760
2493.72,27941109760
2494.00,27941109760
2494.29,27941109760
2494.57,27941109760
2494.85,27941109760
2495.13,27941109760
2495.42,27941109760
2495.70,27941109760
2495.98,27941109760
2496.26,27941109760
2496.55,27941109760
2496.83,27941109760
2497.11,27941109760
2497.40,27941109760
2497.68,27941109760
2497.97,27941109760
2498.24,27941109760
2498.53,27941109760
2498.80,27941109760
2499.09,27941109760
2499.37,27941109760
2499.64,27941109760
2499.93,27941109760
2500.20,27941109760
2500.48,27941109760
2500.77,27941109760
2501.05,27941109760
2501.33,27941109760
2501.61,27941109760
2501.88,27941109760
2502.16,27941109760
2502.43,27941109760
2502.72,27941109760
2502.99,27941109760
2503.27,27941109760
2503.55,27941109760
2503.83,27941109760
2504.11,27941109760
2504.38,27941109760
2504.66,27941109760
2504.95,27941109760
2505.23,27941109760
2505.50,27941109760
2505.78,27941109760
2506.06,27941109760
2506.34,27941109760
2506.62,27941109760
2506.90,27941109760
2507.19,27941109760
2507.46,27941109760
2507.74,27941109760
2508.03,27941109760
2508.31,27941109760
2508.59,27941109760
2508.88,27941109760
2509.16,27941109760
2509.45,27941109760
2509.73,27941109760
2510.01,27941109760
2510.29,27941109760
2510.57,27941109760
2510.85,27941109760
2511.13,27941109760
2511.41,27941109760
2511.70,27941109760
2511.99,27941109760
2512.27,27941109760
2512.55,27941109760
2512.84,27941109760
2513.11,27941109760
2513.40,27941109760
2513.68,27941109760
2513.96,27941109760
2514.25,27941109760
2514.53,27941109760
2514.81,27941109760
2515.09,27941109760
2515.37,27941109760
2515.65,27941109760
2515.93,27941109760
2516.20,27941109760
2516.49,27941109760
2516.77,27941109760
2517.05,27941109760
2517.33,27941109760
2517.61,27941109760
2517.90,27941109760
2518.18,27941109760
2518.46,27941109760
2518.75,27941109760
2519.03,27941109760
2519.31,27941109760
2519.59,27941109760
2519.86,27941109760
2520.15,27941109760
2520.43,27941109760
2520.71,27941109760
2520.99,27941109760
2521.27,27941109760
2521.55,27941109760
2521.82,27941109760
2522.11,27941109760
2522.38,27941109760
2522.66,27941109760
2522.94,27941109760
2523.22,27941109760
2523.51,27941109760
2523.80,27941109760
2524.08,27941109760
2524.36,27941109760
2524.65,27941109760
2524.93,27941109760
2525.21,27941109760
2525.49,27941109760
2525.77,27941109760
2526.05,27941109760
2526.33,27941109760
2526.62,27941109760
2526.90,27941109760
2527.18,27941109760
2527.47,27941109760
2527.75,27941109760
2528.03,27941109760
2528.31,27941109760
2528.60,27941109760
2528.88,27941109760
2529.17,27941109760
2529.45,27941109760
2529.73,27941109760
2530.02,27941109760
2530.30,27941109760
2530.57,27941109760
2530.86,27941109760
2531.15,27941109760
2531.42,27941109760
2531.70,27941109760
2531.98,27941109760
2532.26,27941109760
2532.54,27941109760
2532.82,27941109760
2533.10,27941109760
2533.39,27941109760
2533.67,27941109760
2533.95,27941109760
2534.23,27941109760
2534.51,27941109760
2534.78,27941109760
2535.06,27941109760
2535.34,27941109760
2535.63,27941109760
2535.91,27941109760
2536.19,27941109760
2536.47,27941109760
2536.75,27941109760
2537.03,27941109760
2537.32,27941109760
2537.60,27941109760
2537.88,27941109760
2538.17,27941109760
2538.45,27941109760
2538.73,27941109760
2539.01,27941109760
2539.30,27941109760
2539.58,27941109760
2539.87,27941109760
2540.14,27941109760
2540.42,27941109760
2540.70,27941109760
2540.99,27941109760
2541.27,27941109760
2541.55,27941109760
2541.83,27941109760
2542.11,27941109760
2542.39,27941109760
2542.68,27941109760
2542.96,27941109760
2543.24,27941109760
2543.52,27941109760
2543.80,27941109760
2544.08,27941109760
2544.36,27941109760
2544.64,27941109760
2544.93,27941109760
2545.21,27941109760
2545.49,27941109760
2545.78,27941109760
2546.07,27941109760
2546.35,27941109760
2546.64,27941109760
2546.92,27941109760
2547.20,27941109760
2547.48,27941109760
2547.77,27941109760
2548.05,27941109760
2548.33,27941109760
2548.61,27941109760
2548.89,27941109760
2549.18,27941109760
2549.45,27941109760
2549.73,27941109760
2550.02,27941109760
2550.30,27941109760
2550.58,27941109760
2550.86,27941109760
2551.14,27941109760
2551.43,27941109760
2551.70,27941109760
2551.99,27941109760
2552.27,27941109760
2552.55,27941109760
2552.83,27941109760
2553.11,27941109760
2553.39,27941109760
2553.67,27941109760
2553.95,27941109760
2554.22,27941109760
2554.50,27941109760
2554.78,27941109760
2555.06,27941109760
2555.34,27941109760
2555.62,27941109760
2555.90,27941109760
2556.18,27941109760
2556.46,27941109760
2556.74,27941109760
2557.03,27941109760
2557.31,27941109760
2557.59,27941109760
2557.87,27941109760
2558.16,27941109760
2558.44,27941109760
2558.72,27941109760
2559.00,27941109760
2559.29,27941109760
2559.57,27941109760
2559.86,27941109760
2560.14,27941109760
2560.42,27941109760
2560.70,27941109760
2560.99,27941109760
2561.26,27941109760
2561.55,27941109760
2561.83,27941109760
2562.12,27941109760
2562.40,27941109760
2562.68,27941109760
2562.97,27941109760
2563.25,27941109760
2563.53,27941109760
2563.81,27941109760
2564.09,27941109760
2564.37,27941109760
2564.65,27941109760
2564.93,27941109760
2565.21,27941109760
2565.50,27941109760
2565.78,27941109760
2566.06,27941109760
2566.35,27941109760
2566.63,27941109760
2566.91,27941109760
2567.19,27941109760
2567.47,27941109760
2567.75,27941109760
2568.03,27941109760
2568.32,27941109760
2568.60,27941109760
2568.88,27941109760
2569.16,27941109760
2569.44,27941109760
2569.73,27941109760
2570.01,27941109760
2570.29,27941109760
2570.57,27941109760
2570.85,27941109760
2571.13,27941109760
2571.41,27941109760
2571.69,27941109760
2571.97,27941109760
2572.25,27941109760
2572.53,27941109760
2572.82,27941109760
2573.10,27941109760
2573.38,27941109760
2573.67,27941109760
2573.95,27941109760
2574.22,27941109760
2574.51,27941109760
2574.80,27941109760
2575.08,27941109760
2575.36,27941109760
2575.64,27941109760
2575.93,27941109760
2576.21,27941109760
2576.49,27941109760
2576.77,27941109760
2577.05,27941109760
2577.34,27941109760
2577.62,27941109760
2577.91,27941109760
2578.19,27941109760
2578.48,27941109760
2578.76,27941109760
2579.03,27941109760
2579.31,27941109760
2579.59,27941109760
2579.88,27941109760
2580.16,27941109760
2580.44,27941109760
2580.72,27941109760
2581.01,27941109760
2581.29,27941109760
2581.57,27941109760
2581.85,27941109760
2582.13,27941109760
2582.41,27941109760
2582.70,27941109760
2582.98,27941109760
2583.25,27941109760
2583.53,27941109760
2583.81,27941109760
2584.09,27941109760
2584.37,27941109760
2584.65,27941109760
2584.94,27941109760
2585.21,27941109760
2585.50,27941109760
2585.78,27941109760
2586.06,27941109760
2586.34,27941109760
2586.62,27941109760
2586.91,27941109760
2587.19,27941109760
2587.47,27941109760
2587.75,27941109760
2588.04,27941109760
2588.32,27941109760
2588.60,27941109760
2588.88,27941109760
2589.16,27941109760
2589.44,27941109760
2589.72,27941109760
2590.00,27941109760
2590.27,27941109760
2590.55,27941109760
2590.83,27941109760
2591.11,27941109760
2591.40,27941109760
2591.68,27941109760
2591.97,27941109760
2592.25,27941109760
2592.53,27941109760
2592.81,27941109760
2593.09,27941109760
2593.37,27941109760
2593.65,27941109760
2593.93,27941109760
2594.22,27941109760
2594.50,27941109760
2594.78,27941109760
2595.06,27941109760
2595.34,27941109760
2595.62,27941109760
2595.90,27941109760
2596.18,27941109760
2596.46,27941109760
2596.75,27941109760
2597.02,27941109760
2597.30,27941109760
2597.59,27941109760
2597.87,27941109760
2598.14,27941109760
2598.43,27941109760
2598.71,27941109760
2598.99,27941109760
2599.27,27941109760
2599.55,27941109760
2599.83,27941109760
2600.12,27941109760
2600.40,27941109760
2600.68,27941109760
2600.97,27941109760
2601.25,27941109760
2601.53,27941109760
2601.82,27941109760
2602.10,27941109760
2602.38,27941109760
2602.66,27941109760
2602.94,27941109760
2603.22,27941109760
2603.51,27941109760
2603.79,27941109760
2604.07,27941109760
2604.35,27941109760
2604.63,27941109760
2604.92,27941109760
2605.20,27941109760
2605.49,27941109760
2605.77,27941109760
2606.05,27941109760
2606.33,27941109760
2606.62,27941109760
2606.90,27941109760
2607.18,27941109760
2607.45,27941109760
2607.73,27941109760
2608.01,27941109760
2608.30,27941109760
2608.57,27941109760
2608.86,27941109760
2609.14,27941109760
2609.42,27941109760
2609.70,27941109760
2609.98,27941109760
2610.27,27941109760
2610.55,27941109760
2610.84,27941109760
2611.12,27941109760
2611.41,27941109760
2611.68,27941109760
2611.97,27941109760
2612.25,27941109760
2612.53,27941109760
2612.81,27941109760
2613.09,27941109760
2613.37,27941109760
2613.66,27941109760
2613.94,27941109760
2614.22,27941109760
2614.50,27941109760
2614.78,27941109760
2615.07,27941109760
2615.34,27941109760
2615.63,27941109760
2615.91,27941109760
2616.19,27941109760
2616.47,27941109760
2616.75,27941109760
2617.04,27941109760
2617.32,27941109760
2617.60,27941109760
2617.88,27941109760
2618.16,27941109760
2618.44,27941109760
2618.71,27941109760
2618.99,27941109760
2619.28,27941109760
2619.56,27941109760
2619.84,27941109760
2620.12,27941109760
2620.41,27941109760
2620.69,27941109760
2620.97,27941109760
2621.25,27941109760
2621.53,27941109760
2621.82,27941109760
2622.10,27941109760
2622.38,27941109760
2622.66,27941109760
2622.95,27941109760
2623.23,27941109760
2623.51,27941109760
2623.79,27941109760
2624.07,27941109760
2624.35,27941109760
2624.64,27941109760
2624.93,27941109760
2625.21,27941109760
2625.49,27941109760
2625.77,27941109760
2626.05,27941109760
2626.34,27941109760
2626.62,27941109760
2626.90,27941109760
2627.19,27941109760
2627.47,27941109760
2627.75,27941109760
2628.03,27941109760
2628.32,27941109760
2628.59,27941109760
2628.87,27941109760
2629.16,27941109760
2629.44,27941109760
2629.72,27941109760
2630.01,27941109760
2630.29,27941109760
2630.58,27941109760
2630.86,27941109760
2631.14,27941109760
2631.41,27941109760
2631.69,27941109760
2631.97,27941109760
2632.26,27941109760
2632.53,27941109760
2632.82,27941109760
2633.11,27941109760
2633.39,27941109760
2633.68,27941109760
2633.96,27941109760
2634.24,27941109760
2634.53,27941109760
2634.81,27941109760
2635.09,27941109760
2635.38,27941109760
2635.66,27941109760
2635.94,27941109760
2636.22,27941109760
2636.50,27941109760
2636.78,27941109760
2637.05,27941109760
2637.34,27941109760
2637.62,27941109760
2637.90,27941109760
2638.18,27941109760
2638.47,27941109760
2638.74,27941109760
2639.02,27941109760
2639.30,27941109760
2639.58,27941109760
2639.86,27941109760
2640.15,27941109760
2640.43,27941109760
2640.71,27941109760
2641.00,27941109760
2641.28,27941109760
2641.56,27941109760
2641.85,27941109760
2642.13,27941109760
2642.40,27941109760
2642.69,27941109760
2642.97,27941109760
2643.26,27941109760
2643.54,27941109760
2643.82,27941109760
2644.11,27941109760
2644.39,27941109760
2644.68,27941109760
2644.96,27941109760
2645.24,27941109760
2645.52,27941109760
2645.80,27941109760
2646.09,27941109760
2646.37,27941109760
2646.65,27941109760
2646.94,27941109760
2647.22,27941109760
2647.50,27941109760
2647.79,27941109760
2648.06,27941109760
2648.34,27941109760
2648.62,27941109760
2648.90,27941109760
2649.18,27941109760
2649.46,27941109760
2649.74,27941109760
2650.03,27941109760
2650.31,27941109760
2650.59,27941109760
2650.87,27941109760
2651.16,27941109760
2651.44,27941109760
2651.73,27941109760
2652.01,27941109760
2652.29,27941109760
2652.57,27941109760
2652.86,27941109760
2653.14,27941109760
2653.42,27941109760
2653.70,27941109760
2653.99,27941109760
2654.26,27941109760
2654.55,27941109760
2654.83,27941109760
2655.11,27941109760
2655.39,27941109760
2655.67,27941109760
2655.95,27941109760
2656.24,27941109760
2656.52,27941109760
2656.80,27941109760
2657.08,27941109760
2657.36,27941109760
2657.65,27941109760
2657.93,27941109760
2658.21,27941109760
2658.49,27941109760
2658.78,27941109760
2659.05,27941109760
2659.33,27941109760
2659.61,27941109760
2659.89,27941109760
2660.17,27941109760
2660.45,27941109760
2660.73,27941109760
2661.02,27941109760
2661.30,27941109760
2661.58,27941109760
2661.86,27941109760
2662.14,27941109760
2662.43,27941109760
2662.71,27941109760
2662.99,27941109760
2663.27,27941109760
2663.55,27941109760
2663.83,27941109760
2664.11,27941109760
2664.39,27941109760
2664.68,27941109760
2664.96,27941109760
2665.24,27941109760
2665.52,27941109760
2665.80,27941109760
2666.09,27941109760
2666.37,27941109760
2666.65,27941109760
2666.93,27941109760
2667.20,27941109760
2667.48,27941109760
2667.76,27941109760
2668.04,27941109760
2668.33,27941109760
2668.61,27941109760
2668.89,27941109760
2669.17,27941109760
2669.45,27941109760
2669.73,27941109760
2670.01,27941109760
2670.28,27941109760
2670.57,27941109760
2670.86,27941109760
2671.14,27941109760
2671.42,27941109760
2671.70,27941109760
2671.99,27941109760
2672.27,27941109760
2672.55,27941109760
2672.83,27941109760
2673.11,27941109760
2673.39,27941109760
2673.67,27941109760
2673.95,27941109760
2674.23,27941109760
2674.51,27941109760
2674.79,27941109760
2675.07,27941109760
2675.35,27941109760
2675.64,27941109760
2675.91,27941109760
2676.20,27941109760
2676.48,27941109760
2676.77,27941109760
2677.05,27941109760
2677.33,27941109760
2677.61,27941109760
2677.89,27941109760
2678.18,27941109760
2678.46,27941109760
2678.74,27941109760
2679.02,27941109760
2679.30,27941109760
2679.59,27941109760
2679.87,27941109760
2680.16,27941109760
2680.44,27941109760
2680.72,27941109760
2681.01,27941109760
2681.29,27941109760
2681.57,27941109760
2681.84,27941109760
2682.12,27941109760
2682.39,27941109760
2682.67,27941109760
2682.95,27941109760
2683.23,27941109760
2683.51,27941109760
2683.79,27941109760
2684.07,27941109760
2684.35,27941109760
2684.63,27941109760
2684.90,27941109760
2685.18,27941109760
2685.46,27941109760
2685.74,27941109760
2686.03,27941109760
2686.31,27941109760
2686.59,27941109760
2686.88,27941109760
2687.16,27941109760
2687.45,27941109760
2687.73,27941109760
2688.01,27941109760
2688.30,27941109760
2688.59,27941109760
2688.86,27941109760
2689.14,27941109760
2689.43,27941109760
2689.70,27941109760
2689.99,27941109760
2690.28,27941109760
2690.55,27941109760
2690.83,27941109760
2691.11,27941109760
2691.39,27941109760
2691.68,27941109760
2691.96,27941109760
2692.24,27941109760
2692.52,27941109760
2692.80,27941109760
2693.08,27941109760
2693.36,27941109760
2693.64,27941109760
2693.92,27941109760
2694.20,27941109760
2694.49,27941109760
2694.77,27941109760
2695.05,27941109760
2695.33,27941109760
2695.61,27941109760
2695.89,27941109760
2696.17,27941109760
2696.46,27941109760
2696.74,27941109760
2697.02,27941109760
2697.30,27941109760
2697.58,27941109760
2697.86,27941109760
2698.15,27941109760
2698.43,27941109760
2698.72,27941109760
2699.00,27941109760
2699.28,27941109760
2699.57,27941109760
2699.86,27941109760
2700.13,27941109760
2700.42,27941109760
2700.70,27941109760
2700.98,27941109760
2701.26,27941109760
2701.54,27941109760
2701.82,27941109760
2702.11,27941109760
2702.39,27941109760
2702.67,27941109760
2702.96,27941109760
2703.24,27941109760
2703.52,27941109760
2703.80,27941109760
2704.09,27941109760
2704.37,27941109760
2704.65,27941109760
2704.93,27941109760
2705.22,27941109760
2705.50,27941109760
2705.78,27941109760
2706.06,27941109760
2706.34,27941109760
2706.62,27941109760
2706.91,27941109760
2707.19,27941109760
2707.48,27941109760
2707.76,27941109760
2708.05,27941109760
2708.32,27941109760
2708.61,27941109760
2708.89,27941109760
2709.17,27941109760
2709.46,27941109760
2709.74,27941109760
2710.02,27941109760
2710.30,27941109760
2710.58,27941109760
2710.86,27941109760
2711.15,27941109760
2711.43,27941109760
2711.71,27941109760
2712.00,27941109760
2712.28,27941109760
2712.57,27941109760
2712.85,27941109760
2713.14,27941109760
2713.42,27941109760
2713.70,27941109760
2713.98,27941109760
2714.27,27941109760
2714.55,27941109760
2714.83,27941109760
2715.12,27941109760
2715.40,27941109760
2715.68,27941109760
2715.97,27941109760
2716.25,27941109760
2716.53,27941109760
2716.81,27941109760
2717.10,27941109760
2717.38,27941109760
2717.66,27941109760
2717.95,27941109760
2718.23,27941109760
2718.51,27941109760
2718.79,27941109760
2719.08,27941109760
2719.36,27941109760
2719.64,27941109760
2719.92,27941109760
2720.20,27941109760
2720.48,27941109760
2720.77,27941109760
2721.05,27941109760
2721.33,27941109760
2721.62,27941109760
2721.89,27941109760
2722.17,27941109760
2722.45,27941109760
2722.73,27941109760
2723.02,27941109760
2723.30,27941109760
2723.59,27941109760
2723.87,27941109760
2724.15,27941109760
2724.43,27941109760
2724.71,27941109760
2724.99,27941109760
2725.27,27941109760
2725.55,27941109760
2725.84,27941109760
2726.12,27941109760
2726.40,27941109760
2726.68,27941109760
2726.96,27941109760
2727.25,27941109760
2727.52,27941109760
2727.80,27941109760
2728.08,27941109760
2728.37,27941109760
2728.65,27941109760
2728.93,27941109760
2729.22,27941109760
2729.50,27941109760
2729.78,27941109760
2730.06,27941109760
2730.34,27941109760
2730.63,27941109760
2730.91,27941109760
2731.19,27941109760
2731.47,27941109760
2731.76,27941109760
2732.04,27941109760
2732.32,27941109760
2732.61,27941109760
2732.89,27941109760
2733.17,27941109760
2733.45,27941109760
2733.74,27941109760
2734.02,27941109760
2734.30,27941109760
2734.57,27941109760
2734.86,27941109760
2735.14,27941109760
2735.42,27941109760
2735.70,27941109760
2735.98,27941109760
2736.26,27941109760
2736.54,27941109760
2736.82,27941109760
2737.10,27941109760
2737.39,27941109760
2737.67,27941109760
2737.95,27941109760
2738.24,27941109760
2738.52,27941109760
2738.80,27941109760
2739.09,27941109760
2739.37,27941109760
2739.65,27941109760
2739.93,27941109760
2740.22,27941109760
2740.50,27941109760
2740.78,27941109760
2741.06,27941109760
2741.34,27941109760
2741.63,27941109760
2741.91,27941109760
2742.20,27941109760
2742.49,27941109760
2742.76,27941109760
2743.04,27941109760
2743.32,27941109760
2743.61,27941109760
2743.89,27941109760
2744.17,27941109760
2744.45,27941109760
2744.74,27941109760
2745.01,27941109760
2745.30,27941109760
2745.58,27941109760
2745.87,27941109760
2746.16,27941109760
2746.44,27941109760
2746.72,27941109760
2747.01,27941109760
2747.29,27941109760
2747.57,27941109760
2747.86,27941109760
2748.15,27941109760
2748.43,27941109760
2748.72,27941109760
2749.00,27941109760
2749.28,27941109760
2749.56,27941109760
2749.84,27941109760
2750.12,27941109760
2750.41,27941109760
2750.69,27941109760
2750.98,27941109760
2751.27,27941109760
2751.55,27941109760
2751.82,27941109760
2752.11,27941109760
2752.39,27941109760
2752.68,27941109760
2752.96,27941109760
2753.24,27941109760
2753.53,27941109760
2753.81,27941109760
2754.09,27941109760
2754.37,27941109760
2754.65,27941109760
2754.94,27941109760
2755.22,27941109760
2755.51,27941109760
2755.79,27941109760
2756.07,27941109760
2756.35,27941109760
2756.63,27941109760
2756.91,27941109760
2757.19,27941109760
2757.47,27941109760
2757.76,27941109760
2758.05,27941109760
2758.33,27941109760
2758.61,27941109760
2758.89,27941109760
2759.18,27941109760
2759.46,27941109760
2759.75,27941109760
2760.02,27941109760
2760.31,27941109760
2760.59,27941109760
2760.87,27941109760
2761.15,27941109760
2761.44,27941109760
2761.72,27941109760
2762.01,27941109760
2762.29,27941109760
2762.57,27941109760
2762.86,27941109760
2763.14,27941109760
2763.43,27941109760
2763.71,27941109760
2764.00,27941109760
2764.28,27941109760
2764.57,27941109760
2764.85,27941109760
2765.14,27941109760
2765.41,27941109760
2765.70,27941109760
2765.98,27941109760
2766.26,27941109760
2766.54,27941109760
2766.82,27941109760
2767.10,27941109760
2767.39,27941109760
2767.67,27941109760
2767.95,27941109760
2768.23,27941109760
2768.52,27941109760
2768.79,27941109760
2769.07,27941109760
2769.37,27941109760
2769.64,27941109760
2769.92,27941109760
2770.20,27941109760
2770.48,27941109760
2770.77,27941109760
2771.05,27941109760
2771.33,27941109760
2771.61,27941109760
2771.89,27941109760
2772.17,27941109760
2772.45,27941109760
2772.73,27941109760
2773.01,27941109760
2773.29,27941109760
2773.57,27941109760
2773.85,27941109760
2774.13,27941109760
2774.41,27941109760
2774.70,27941109760
2774.97,27941109760
2775.26,27941109760
2775.54,27941109760
2775.82,27941109760
2776.11,27941109760
2776.39,27941109760
2776.67,27941109760
2776.95,27941109760
2777.23,27941109760
2777.51,27941109760
2777.79,27941109760
2778.07,27941109760
2778.35,27941109760
2778.63,27941109760
2778.91,27941109760
2779.19,27941109760
2779.47,27941109760
2779.75,27941109760
2780.04,27941109760
2780.32,27941109760
2780.60,27941109760
2780.88,27941109760
2781.17,27941109760
2781.45,27941109760
2781.73,27941109760
2782.01,27941109760
2782.29,27941109760
2782.58,27941109760
2782.86,27941109760
2783.14,27941109760
2783.42,27941109760
2783.70,27941109760
2783.99,27941109760
2784.27,27941109760
2784.55,27941109760
2784.83,27941109760
2785.11,27941109760
2785.40,27941109760
2785.69,27941109760
2785.97,27941109760
2786.25,27941109760
2786.54,27941109760
2786.82,27941109760
2787.09,27941109760
2787.38,27941109760
2787.66,27941109760
2787.95,27941109760
2788.23,27941109760
2788.52,27941109760
2788.80,27941109760
2789.08,27941109760
2789.36,27941109760
2789.64,27941109760
2789.92,27941109760
2790.21,27941109760
2790.49,27941109760
2790.77,27941109760
2791.05,27941109760
2791.33,27941109760
2791.62,27941109760
2791.90,27941109760
2792.18,27941109760
2792.47,27941109760
2792.75,27941109760
2793.03,27941109760
2793.31,27941109760
2793.59,27941109760
2793.87,27941109760
2794.15,27941109760
2794.43,27941109760
2794.72,27941109760
2795.00,27941109760
2795.28,27941109760
2795.56,27941109760
2795.84,27941109760
2796.13,27941109760
2796.41,27941109760
2796.69,27941109760
2796.97,27941109760
2797.25,27941109760
2797.53,27941109760
2797.82,27941109760
2798.11,27941109760
2798.39,27941109760
2798.67,27941109760
2798.95,27941109760
2799.24,27941109760
2799.52,27941109760
2799.80,27941109760
2800.08,27941109760
2800.36,27941109760
2800.64,27941109760
2800.92,27941109760
2801.20,27941109760
2801.49,27941109760
2801.76,27941109760
2802.05,27941109760
2802.33,27941109760
2802.61,27941109760
2802.88,27941109760
2803.16,27941109760
2803.45,27941109760
2803.72,27941109760
2804.01,27941109760
2804.29,27941109760
2804.58,27941109760
2804.86,27941109760
2805.15,27941109760
2805.43,27941109760
2805.71,27941109760
2805.99,27941109760
2806.27,27941109760
2806.56,27941109760
2806.84,27941109760
2807.13,27941109760
2807.41,27941109760
2807.69,27941109760
2807.97,27941109760
2808.26,27941109760
2808.54,27941109760
2808.82,27941109760
2809.10,27941109760
2809.39,27941109760
2809.67,27941109760
2809.95,27941109760
2810.23,27941109760
2810.51,27941109760
2810.80,27941109760
2811.08,27941109760
2811.36,27941109760
2811.64,27941109760
2811.92,27941109760
2812.20,27941109760
2812.49,27941109760
2812.77,27941109760
2813.05,27941109760
2813.33,27941109760
2813.61,27941109760
2813.90,27941109760
2814.18,27941109760
2814.46,27941109760
2814.74,27941109760
2815.02,27941109760
2815.31,27941109760
2815.59,27941109760
2815.87,27941109760
2816.16,27941109760
2816.44,27941109760
2816.72,27941109760
2817.01,27941109760
2817.29,27941109760
2817.57,27941109760
2817.86,27941109760
2818.14,27941109760
2818.42,27941109760
2818.70,27941109760
2818.98,27941109760
2819.25,27941109760
2819.54,27941109760
2819.82,27941109760
2820.11,27941109760
2820.39,27941109760
2820.67,27941109760
2820.95,27941109760
2821.23,27941109760
2821.51,27941109760
2821.79,27941109760
2822.08,27941109760
2822.36,27941109760
2822.63,27941109760
2822.91,27941109760
2823.20,27941109760
2823.48,27941109760
2823.76,27941109760
2824.05,27941109760
2824.33,27941109760
2824.61,27941109760
2824.89,27941109760
2825.17,27941109760
2825.45,27941109760
2825.73,27941109760
2826.01,27941109760
2826.30,27941109760
2826.58,27941109760
2826.86,27941109760
2827.14,27941109760
2827.42,27941109760
2827.71,27941109760
2827.99,27941109760
2828.27,27941109760
2828.55,27941109760
2828.83,27941109760
2829.11,27941109760
2829.39,27941109760
2829.67,27941109760
2829.95,27941109760
2830.24,27941109760
2830.52,27941109760
2830.80,27941109760
2831.09,27941109760
2831.38,27941109760
2831.66,27941109760
2831.94,27941109760
2832.22,27941109760
2832.50,27941109760
2832.78,27941109760
2833.07,27941109760
2833.35,27941109760
2833.63,27941109760
2833.91,27941109760
2834.19,27941109760
2834.48,27941109760
2834.76,27941109760
2835.04,27941109760
2835.32,27941109760
2835.60,27941109760
2835.88,27941109760
2836.16,27941109760
2836.44,27941109760
2836.72,27941109760
2837.00,27941109760
2837.28,27941109760
2837.56,27941109760
2837.85,27941109760
2838.13,27941109760
2838.41,27941109760
2838.69,27941109760
2838.97,27941109760
2839.26,27941109760
2839.54,27941109760
2839.83,27941109760
2840.11,27941109760
2840.39,27941109760
2840.67,27941109760
2840.96,27941109760
2841.24,27941109760
2841.53,27941109760
2841.81,27941109760
2842.09,27941109760
2842.37,27941109760
2842.65,27941109760
2842.93,27941109760
2843.21,27941109760
2843.49,27941109760
2843.77,27941109760
2844.05,27941109760
2844.33,27941109760
2844.61,27941109760
2844.89,27941109760
2845.18,27941109760
2845.46,27941109760
2845.74,27941109760
2846.02,27941109760
2846.30,27941109760
2846.59,27941109760
2846.86,27941109760
2847.14,27941109760
2847.43,27941109760
2847.71,27941109760
2847.99,27941109760
2848.27,27941109760
2848.55,27941109760
2848.83,27941109760
2849.12,27941109760
2849.40,27941109760
2849.68,27941109760
2849.96,27941109760
2850.24,27941109760
2850.52,27941109760
2850.80,27941109760
2851.08,27941109760
2851.36,27941109760
2851.64,27941109760
2851.93,27941109760
2852.21,27941109760
2852.49,27941109760
2852.77,27941109760
2853.05,27941109760
2853.33,27941109760
2853.62,27941109760
2853.90,27941109760
2854.18,27941109760
2854.47,27941109760
2854.74,27941109760
2855.03,27941109760
2855.31,27941109760
2855.58,27941109760
2855.87,27941109760
2856.15,27941109760
2856.43,27941109760
2856.71,27941109760
2857.00,27941109760
2857.28,27941109760
2857.56,27941109760
2857.84,27941109760
2858.12,27941109760
2858.41,27941109760
2858.69,27941109760
2858.97,27941109760
2859.25,27941109760
2859.53,27941109760
2859.82,27941109760
2860.09,27941109760
2860.38,27941109760
2860.66,27941109760
2860.94,27941109760
2861.22,27941109760
2861.50,27941109760
2861.78,27941109760
2862.06,27941109760
2862.34,27941109760
2862.62,27941109760
2862.91,27941109760
2863.19,27941109760
2863.48,27941109760
2863.76,27941109760
2864.04,27941109760
2864.33,27941109760
2864.61,27941109760
2864.90,27941109760
2865.18,27941109760
2865.46,27941109760
2865.75,27941109760
2866.03,27941109760
2866.32,27941109760
2866.59,27941109760
2866.88,27941109760
2867.16,27941109760
2867.44,27941109760
2867.72,27941109760
2868.01,27941109760
2868.29,27941109760
2868.57,27941109760
2868.85,27941109760
2869.14,27941109760
2869.42,27941109760
2869.70,27941109760
2869.98,27941109760
2870.27,27941109760
2870.55,27941109760
2870.83,27941109760
2871.11,27941109760
2871.39,27941109760
2871.68,27941109760
2871.96,27941109760
2872.24,27941109760
2872.52,27941109760
2872.81,27941109760
2873.09,27941109760
2873.37,27941109760
2873.65,27941109760
2873.93,27941109760
2874.21,27941109760
2874.49,27941109760
2874.77,27941109760
2875.05,27941109760
2875.34,27941109760
2875.63,27941109760
2875.91,27941109760
2876.19,27941109760
2876.47,27941109760
2876.76,27941109760
2877.04,27941109760
2877.32,27941109760
2877.60,27941109760
2877.89,27941109760
2878.17,27941109760
2878.45,27941109760
2878.73,27941109760
2879.01,27941109760
2879.30,27941109760
2879.58,27941109760
2879.86,27941109760
2880.15,27941109760
2880.43,27941109760
2880.72,27941109760
2880.99,27941109760
2881.28,27941109760
2881.56,27941109760
2881.84,27941109760
2882.12,27941109760
2882.41,27941109760
2882.70,27941109760
2882.98,27941109760
2883.26,27941109760
2883.54,27941109760
2883.82,27941109760
2884.10,27941109760
2884.38,27941109760
2884.66,27941109760
2884.95,27941109760
2885.23,27941109760
2885.51,27941109760
2885.79,27941109760
2886.07,27941109760
2886.36,27941109760
2886.64,27941109760
2886.92,27941109760
2887.20,27941109760
2887.48,27941109760
2887.77,27941109760
2888.05,27941109760
2888.33,27941109760
2888.62,27941109760
2888.90,27941109760
2889.18,27941109760
2889.46,27941109760
2889.75,27941109760
2890.03,27941109760
2890.32,27941109760
2890.59,27941109760
2890.87,27941109760
2891.15,27941109760
2891.44,27941109760
2891.72,27941109760
2892.00,27941109760
2892.28,27941109760
2892.56,27941109760
2892.84,27941109760
2893.12,27941109760
2893.40,27941109760
2893.68,27941109760
2893.97,27941109760
2894.25,27941109760
2894.53,27941109760
2894.82,27941109760
2895.10,27941109760
2895.38,27941109760
2895.66,27941109760
2895.94,27941109760
2896.23,27941109760
2896.51,27941109760
2896.79,27941109760
2897.07,27941109760
2897.35,27941109760
2897.63,27941109760
2897.91,27941109760
2898.19,27941109760
2898.47,27941109760
2898.75,27941109760
2899.03,27941109760
2899.31,27941109760
2899.59,27941109760
2899.87,27941109760
2900.14,27941109760
2900.42,27941109760
2900.70,27941109760
2900.99,27941109760
2901.27,27941109760
2901.55,27941109760
2901.84,27941109760
2902.12,27941109760
2902.40,27941109760
2902.68,27941109760
2902.97,27941109760
2903.25,27941109760
2903.53,27941109760
2903.81,27941109760
2904.09,27941109760
2904.38,27941109760
2904.66,27941109760
2904.94,27941109760
2905.22,27941109760
2905.50,27941109760
2905.78,27941109760
2906.07,27941109760
2906.35,27941109760
2906.63,27941109760
2906.91,27941109760
2907.20,27941109760
2907.48,27941109760
2907.76,27941109760
2908.04,27941109760
2908.32,27941109760
2908.61,27941109760
2908.89,27941109760
2909.18,27941109760
2909.46,27941109760
2909.75,27941109760
2910.03,27941109760
2910.31,27941109760
2910.59,27941109760
2910.87,27941109760
2911.15,27941109760
2911.43,27941109760
2911.72,27941109760
2912.00,27941109760
2912.28,27941109760
2912.57,27941109760
2912.85,27941109760
2913.13,27941109760
2913.41,27941109760
2913.69,27941109760
2913.97,27941109760
2914.26,27941109760
2914.55,27941109760
2914.83,27941109760
2915.11,27941109760
2915.39,27941109760
2915.68,27941109760
2915.96,27941109760
2916.24,27941109760
2916.52,27941109760
2916.80,27941109760
2917.09,27941109760
2917.37,27941109760
2917.65,27941109760
2917.93,27941109760
2918.22,27941109760
2918.50,27941109760
2918.78,27941109760
2919.06,27941109760
2919.35,27941109760
2919.63,27941109760
2919.91,27941109760
2920.20,27941109760
2920.48,27941109760
2920.76,27941109760
2921.04,27941109760
2921.33,27941109760
2921.61,27941109760
2921.89,27941109760
2922.17,27941109760
2922.45,27941109760
2922.73,27941109760
2923.01,27941109760
2923.29,27941109760
2923.57,27941109760
2923.86,27941109760
2924.14,27941109760
2924.42,27941109760
2924.70,27941109760
2924.98,27941109760
2925.26,27941109760
2925.55,27941109760
2925.83,27941109760
2926.11,27941109760
2926.39,27941109760
2926.67,27941109760
2926.95,27941109760
2927.24,27941109760
2927.51,27941109760
2927.79,27941109760
2928.07,27941109760
2928.35,27941109760
2928.63,27941109760
2928.91,27941109760
2929.19,27941109760
2929.47,27941109760
2929.75,27941109760
2930.04,27941109760
2930.32,27941109760
2930.60,27941109760
2930.88,27941109760
2931.16,27941109760
2931.44,27941109760
2931.73,27941109760
2932.01,27941109760
2932.29,27941109760
2932.57,27941109760
2932.85,27941109760
2933.12,27941109760
2933.41,27941109760
2933.69,27941109760
2933.97,27941109760
2934.25,27941109760
2934.53,27941109760
2934.81,27941109760
2935.09,27941109760
2935.37,27941109760
2935.65,27941109760
2935.93,27941109760
2936.22,27941109760
2936.50,27941109760
2936.78,27941109760
2937.06,27941109760
2937.34,27941109760
2937.62,27941109760
2937.91,27941109760
2938.19,27941109760
2938.47,27941109760
2938.75,27941109760
2939.03,27941109760
2939.31,27941109760
2939.59,27941109760
2939.86,27941109760
2940.15,27941109760
2940.43,27941109760
2940.71,27941109760
2940.99,27941109760
2941.28,27941109760
2941.55,27941109760
2941.83,27941109760
2942.11,27941109760
2942.39,27941109760
2942.67,27941109760
2942.96,27941109760
2943.24,27941109760
2943.52,27941109760
2943.80,27941109760
2944.08,27941109760
2944.37,27941109760
2944.65,27941109760
2944.93,27941109760
2945.22,27941109760
2945.50,27941109760
2945.78,27941109760
2946.06,27941109760
2946.35,27941109760
2946.63,27941109760
2946.91,27941109760
2947.19,27941109760
2947.47,27941109760
2947.76,27941109760
2948.05,27941109760
2948.33,27941109760
2948.61,27941109760
2948.89,27941109760
2949.17,27941109760
2949.45,27941109760
2949.74,27941109760
2950.02,27941109760
2950.30,27941109760
2950.58,27941109760
2950.86,27941109760
2951.14,27941109760
2951.42,27941109760
2951.70,27941109760
2951.98,27941109760
2952.26,27941109760
2952.55,27941109760
2952.83,27941109760
2953.11,27941109760
2953.40,27941109760
2953.68,27941109760
2953.96,27941109760
2954.24,27941109760
2954.52,27941109760
2954.81,27941109760
2955.09,27941109760
2955.37,27941109760
2955.64,27941109760
2955.93,27941109760
2956.22,27941109760
2956.50,27941109760
2956.78,27941109760
2957.07,27941109760
2957.35,27941109760
2957.63,27941109760
2957.91,27941109760
2958.19,27941109760
2958.48,27941109760
2958.75,27941109760
2959.04,27941109760
2959.32,27941109760
2959.60,27941109760
2959.89,27941109760
2960.17,27941109760
2960.45,27941109760
2960.74,27941109760
2961.02,27941109760
2961.30,27941109760
2961.58,27941109760
2961.86,27941109760
2962.13,27941109760
2962.41,27941109760
2962.69,27941109760
2962.98,27941109760
2963.26,27941109760
2963.54,27941109760
2963.82,27941109760
2964.10,27941109760
2964.38,27941109760
2964.67,27941109760
2964.95,27941109760
2965.24,27941109760
2965.51,27941109760
2965.80,27941109760
2966.08,27941109760
2966.36,27941109760
2966.64,27941109760
2966.92,27941109760
2967.20,27941109760
2967.48,27941109760
2967.76,27941109760
2968.04,27941109760
2968.33,27941109760
2968.61,27941109760
2968.89,27941109760
2969.18,27941109760
2969.46,27941109760
2969.74,27941109760
2970.03,27941109760
2970.31,27941109760
2970.59,27941109760
2970.88,27941109760
2971.16,27941109760
2971.45,27941109760
2971.72,27941109760
2972.01,27941109760
2972.29,27941109760
2972.57,27941109760
2972.86,27941109760
2973.14,27941109760
2973.42,27941109760
2973.70,27941109760
2973.98,27941109760
2974.26,27941109760
2974.55,27941109760
2974.83,27941109760
2975.11,27941109760
2975.39,27941109760
2975.67,27941109760
2975.96,27941109760
2976.24,27941109760
2976.52,27941109760
2976.80,27941109760
2977.08,27941109760
2977.36,27941109760
2977.64,27941109760
2977.92,27941109760
2978.20,27941109760
2978.48,27941109760
2978.77,27941109760
2979.05,27941109760
2979.34,27941109760
2979.62,27941109760
2979.90,27941109760
2980.18,27941109760
2980.46,27941109760
2980.75,27941109760
2981.03,27941109760
2981.32,27941109760
2981.60,27941109760
2981.88,27941109760
2982.16,27941109760
2982.44,27941109760
2982.72,27941109760
2983.01,27941109760
2983.29,27941109760
2983.57,27941109760
2983.86,27941109760
2984.14,27941109760
2984.42,27941109760
2984.71,27941109760
2984.99,27941109760
2985.27,27941109760
2985.55,27941109760
2985.84,27941109760
2986.12,27941109760
2986.40,27941109760
2986.68,27941109760
2986.97,27941109760
2987.25,27941109760
2987.53,27941109760
2987.81,27941109760
2988.09,27941109760
2988.38,27941109760
2988.66,27941109760
2988.94,27941109760
2989.23,27941109760
2989.51,27941109760
2989.79,27941109760
2990.07,27941109760
2990.36,27941109760
2990.64,27941109760
2990.92,27941109760
2991.20,27941109760
2991.48,27941109760
2991.76,27941109760
2992.03,27941109760
2992.32,27941109760
2992.60,27941109760
2992.88,27941109760
2993.16,27941109760
2993.44,27941109760
2993.72,27941109760
2994.00,27941109760
2994.29,27941109760
2994.57,27941109760
2994.86,27941109760
2995.14,27941109760
2995.42,27941109760
2995.70,27941109760
2995.99,27941109760
2996.27,27941109760
2996.54,27941109760
2996.82,27941109760
2997.11,27941109760
2997.39,27941109760
2997.67,27941109760
2997.96,27941109760
2998.24,27941109760
2998.53,27941109760
2998.81,27941109760
2999.09,27941109760
2999.37,27941109760
2999.66,27941109760
2999.94,27941109760
3000.22,27941109760
3000.50,27941109760
3000.78,27941109760
3001.07,27941109760
3001.36,27941109760
3001.64,27941109760
3001.92,27941109760
3002.20,27941109760
3002.48,27941109760
3002.76,27941109760
3003.04,27941109760
3003.32,27941109760
3003.60,27941109760
3003.89,27941109760
3004.17,27941109760
3004.45,27941109760
3004.73,27941109760
3005.02,27941109760
3005.30,27941109760
3005.59,27941109760
3005.87,27941109760
3006.15,27941109760
3006.43,27941109760
3006.72,27941109760
3007.00,27941109760
3007.28,27941109760
3007.57,27941109760
3007.85,27941109760
3008.13,27941109760
3008.41,27941109760
3008.69,27941109760
3008.97,27941109760
3009.25,27941109760
3009.53,27941109760
3009.82,27941109760
3010.09,27941109760
3010.38,27941109760
3010.66,27941109760
3010.95,27941109760
3011.23,27941109760
3011.51,27941109760
3011.80,27941109760
3012.08,27941109760
3012.36,27941109760
3012.64,27941109760
3012.92,27941109760
3013.20,27941109760
3013.49,27941109760
3013.77,27941109760
3014.05,27941109760
3014.33,27941109760
3014.61,27941109760
3014.89,27941109760
3015.17,27941109760
3015.45,27941109760
3015.74,27941109760
3016.02,27941109760
3016.30,27941109760
3016.58,27941109760
3016.87,27941109760
3017.15,27941109760
3017.43,27941109760
3017.72,27941109760
3018.00,27941109760
3018.28,27941109760
3018.56,27941109760
3018.84,27941109760
3019.12,27941109760
3019.41,27941109760
3019.69,27941109760
3019.97,27941109760
3020.25,27941109760
3020.53,27941109760
3020.81,27941109760
3021.09,27941109760
3021.37,27941109760
3021.66,27941109760
3021.93,27941109760
3022.22,27941109760
3022.50,27941109760
3022.78,27941109760
3023.07,27941109760
3023.35,27941109760
3023.63,27941109760
3023.91,27941109760
3024.20,27941109760
3024.48,27941109760
3024.76,27941109760
3025.04,27941109760
3025.33,27941109760
3025.60,27941109760
3025.88,27941109760
3026.16,27941109760
3026.44,27941109760
3026.73,27941109760
3027.01,27941109760
3027.29,27941109760
3027.57,27941109760
3027.85,27941109760
3028.13,27941109760
3028.41,27941109760
3028.70,27941109760
3028.98,27941109760
3029.26,27941109760
3029.54,27941109760
3029.82,27941109760
3030.10,27941109760
3030.39,27941109760
3030.67,27941109760
3030.95,27941109760
3031.24,27941109760
3031.52,27941109760
3031.80,27941109760
3032.09,27941109760
3032.37,27941109760
3032.64,27941109760
3032.93,27941109760
3033.21,27941109760
3033.49,27941109760
3033.78,27941109760
3034.06,27941109760
3034.34,27941109760
3034.62,27941109760
3034.90,27941109760
3035.18,27941109760
3035.46,27941109760
3035.74,27941109760
3036.01,27941109760
3036.30,27941109760
3036.58,27941109760
3036.86,27941109760
3037.15,27941109760
3037.43,27941109760
3037.72,27941109760
3038.00,27941109760
3038.29,27941109760
3038.57,27941109760
3038.84,27941109760
3039.12,27941109760
3039.41,27941109760
3039.69,27941109760
3039.97,27941109760
3040.25,27941109760
3040.53,27941109760
3040.82,27941109760
3041.10,27941109760
3041.39,27941109760
3041.67,27941109760
3041.95,27941109760
3042.24,27941109760
3042.52,27941109760
3042.80,27941109760
3043.09,27941109760
3043.37,27941109760
3043.65,27941109760
3043.94,27941109760
3044.22,27941109760
3044.51,27941109760
3044.79,27941109760
3045.07,27941109760
3045.36,27941109760
3045.64,27941109760
3045.92,27941109760
3046.21,27941109760
3046.49,27941109760
3046.78,27941109760
3047.05,27941109760
3047.34,27941109760
3047.62,27941109760
3047.90,27941109760
3048.18,27941109760
3048.47,27941109760
3048.75,27941109760
3049.03,27941109760
3049.32,27941109760
3049.59,27941109760
3049.87,27941109760
3050.15,27941109760
3050.43,27941109760
3050.72,27941109760
3051.00,27941109760
3051.29,27941109760
3051.57,27941109760
3051.85,27941109760
3052.14,27941109760
3052.41,27941109760
3052.70,27941109760
3052.98,27941109760
3053.26,27941109760
3053.53,27941109760
3053.82,27941109760
3054.10,27941109760
3054.38,27941109760
3054.66,27941109760
3054.95,27941109760
3055.23,27941109760
3055.51,27941109760
3055.80,27941109760
3056.08,27941109760
3056.36,27941109760
3056.64,27941109760
3056.92,27941109760
3057.21,27941109760
3057.49,27941109760
3057.77,27941109760
3058.05,27941109760
3058.34,27941109760
3058.62,27941109760
3058.91,27941109760
3059.19,27941109760
3059.48,27941109760
3059.76,27941109760
3060.04,27941109760
3060.32,27941109760
3060.60,27941109760
3060.88,27941109760
3061.17,27941109760
3061.45,27941109760
3061.74,27941109760
3062.02,27941109760
3062.30,27941109760
3062.58,27941109760
3062.86,27941109760
3063.14,27941109760
3063.42,27941109760
3063.70,27941109760
3064.00,27941109760
3064.27,27941109760
3064.55,27941109760
3064.83,27941109760
3065.12,27941109760
3065.40,27941109760
3065.68,27941109760
3065.96,27941109760
3066.24,27941109760
3066.53,27941109760
3066.80,27941109760
3067.08,27941109760
3067.37,27941109760
3067.65,27941109760
3067.92,27941109760
3068.21,27941109760
3068.49,27941109760
3068.77,27941109760
3069.05,27941109760
3069.34,27941109760
3069.62,27941109760
3069.90,27941109760
3070.18,27941109760
3070.47,27941109760
3070.74,27941109760
3071.03,27941109760
3071.30,27941109760
3071.58,27941109760
3071.87,27941109760
3072.15,27941109760
3072.43,27941109760
3072.70,27941109760
3072.99,27941109760
3073.27,27941109760
3073.55,27941109760
3073.82,27941109760
3074.11,27941109760
3074.39,27941109760
3074.67,27941109760
3074.95,27941109760
3075.24,27941109760
3075.52,27941109760
3075.80,27941109760
3076.07,27941109760
3076.35,27941109760
3076.63,27941109760
3076.91,27941109760
3077.19,27941109760
3077.47,27941109760
3077.74,27941109760
3078.03,27941109760
3078.31,27941109760
3078.59,27941109760
3078.87,27941109760
3079.16,27941109760
3079.44,27941109760
3079.72,27941109760
3079.99,27941109760
3080.28,27941109760
3080.56,27941109760
3080.85,27941109760
3081.13,27941109760
3081.41,27941109760
3081.70,27941109760
3081.98,27941109760
3082.26,27941109760
3082.55,27941109760
3082.84,27941109760
3083.12,27941109760
3083.39,27941109760
3083.68,27941109760
3083.95,27941109760
3084.24,27941109760
3084.51,27941109760
3084.80,27941109760
3085.08,27941109760
3085.37,27941109760
3085.65,27941109760
3085.93,27941109760
3086.21,27941109760
3086.49,27941109760
3086.77,27941109760
3087.05,27941109760
3087.34,27941109760
3087.63,27941109760
3087.91,27941109760
3088.19,27941109760
3088.47,27941109760
3088.76,27941109760
3089.04,27941109760
3089.32,27941109760
3089.60,27941109760
3089.88,27941109760
3090.16,27941109760
3090.45,27941109760
3090.73,27941109760
3091.01,27941109760
3091.29,27941109760
3091.57,27941109760
3091.85,27941109760
3092.14,27941109760
3092.42,27941109760
3092.71,27941109760
3092.99,27941109760
3093.27,27941109760
3093.55,27941109760
3093.83,27941109760
3094.12,27941109760
3094.40,27941109760
3094.68,27941109760
3094.96,27941109760
3095.24,27941109760
3095.52,27941109760
3095.80,27941109760
3096.08,27941109760
3096.36,27941109760
3096.65,27941109760
3096.93,27941109760
3097.21,27941109760
3097.49,27941109760
3097.78,27941109760
3098.06,27941109760
3098.34,27941109760
3098.62,27941109760
3098.91,27941109760
3099.19,27941109760
3099.47,27941109760
3099.76,27941109760
3100.05,27941109760
3100.33,27941109760
3100.61,27941109760
3100.89,27941109760
3101.17,27941109760
3101.45,27941109760
3101.73,27941109760
3102.01,27941109760
3102.29,27941109760
3102.58,27941109760
3102.86,27941109760
3103.13,27941109760
3103.42,27941109760
3103.70,27941109760
3103.98,27941109760
3104.26,27941109760
3104.55,27941109760
3104.83,27941109760
3105.11,27941109760
3105.40,27941109760
3105.68,27941109760
3105.96,27941109760
3106.25,27941109760
3106.53,27941109760
3106.80,27941109760
3107.08,27941109760
3107.36,27941109760
3107.64,27941109760
3107.92,27941109760
3108.19,27941109760
3108.47,27941109760
3108.75,27941109760
3109.04,27941109760
3109.32,27941109760
3109.61,27941109760
3109.89,27941109760
3110.18,27941109760
3110.46,27941109760
3110.73,27941109760
3111.02,27941109760
3111.30,27941109760
3111.58,27941109760
3111.86,27941109760
3112.14,27941109760
3112.42,27941109760
3112.70,27941109760
3112.98,27941109760
3113.26,27941109760
3113.54,27941109760
3113.82,27941109760
3114.11,27941109760
3114.39,27941109760
3114.68,27941109760
3114.96,27941109760
3115.24,27941109760
3115.52,27941109760
3115.80,27941109760
3116.07,27941109760
3116.35,27941109760
3116.64,27941109760
3116.92,27941109760
3117.20,27941109760
3117.49,27941109760
3117.77,27941109760
3118.05,27941109760
3118.33,27941109760
3118.61,27941109760
3118.89,27941109760
3119.18,27941109760
3119.46,27941109760
3119.75,27941109760
3120.03,27941109760
3120.31,27941109760
3120.59,27941109760
3120.88,27941109760
3121.16,27941109760
3121.44,27941109760
3121.73,27941109760
3122.01,27941109760
3122.29,27941109760
3122.57,27941109760
3122.86,27941109760
3123.13,27941109760
3123.41,27941109760
3123.69,27941109760
3123.98,27941109760
3124.25,27941109760
3124.53,27941109760
3124.81,27941109760
3125.09,27941109760
3125.38,27941109760
3125.65,27941109760
3125.93,27941109760
3126.22,27941109760
3126.50,27941109760
3126.78,27941109760
3127.06,27941109760
3127.34,27941109760
3127.62,27941109760
3127.91,27941109760
3128.19,27941109760
3128.47,27941109760
3128.76,27941109760
3129.04,27941109760
3129.32,27941109760
3129.60,27941109760
3129.88,27941109760
3130.16,27941109760
3130.44,27941109760
3130.72,27941109760
3131.00,27941109760
3131.29,27941109760
3131.57,27941109760
3131.84,27941109760
3132.12,27941109760
3132.41,27941109760
3132.69,27941109760
3132.97,27941109760
3133.25,27941109760
3133.53,27941109760
3133.82,27941109760
3134.10,27941109760
3134.38,27941109760
3134.66,27941109760
3134.95,27941109760
3135.23,27941109760
3135.51,27941109760
3135.79,27941109760
3136.07,27941109760
3136.35,27941109760
3136.64,27941109760
3136.92,27941109760
3137.20,27941109760
3137.48,27941109760
3137.77,27941109760
3138.05,27941109760
3138.33,27941109760
3138.61,27941109760
3138.89,27941109760
3139.17,27941109760
3139.45,27941109760
3139.73,27941109760
3140.01,27941109760
3140.29,27941109760
3140.57,27941109760
3140.86,27941109760
3141.13,27941109760
3141.42,27941109760
3141.70,27941109760
3141.98,27941109760
3142.26,27941109760
3142.54,27941109760
3142.82,27941109760
3143.11,27941109760
3143.39,27941109760
3143.66,27941109760
3143.94,27941109760
3144.23,27941109760
3144.50,27941109760
3144.78,27941109760
3145.06,27941109760
3145.34,27941109760
3145.63,27941109760
3145.90,27941109760
3146.18,27941109760
3146.47,27941109760
3146.75,27941109760
3147.03,27941109760
3147.30,27941109760
3147.59,27941109760
3147.87,27941109760
3148.15,27941109760
3148.44,27941109760
3148.73,27941109760
3149.01,27941109760
3149.29,27941109760
3149.57,27941109760
3149.85,27941109760
3150.14,27941109760
3150.42,27941109760
3150.70,27941109760
3150.98,27941109760
3151.26,27941109760
3151.54,27941109760
3151.83,27941109760
3152.10,27941109760
3152.38,27941109760
3152.66,27941109760
3152.94,27941109760
3153.22,27941109760
3153.50,27941109760
3153.78,27941109760
3154.06,27941109760
3154.34,27941109760
3154.63,27941109760
3154.91,27941109760
3155.20,27941109760
3155.48,27941109760
3155.76,27941109760
3156.04,27941109760
3156.32,27941109760
3156.60,27941109760
3156.88,27941109760
3157.16,27941109760
3157.45,27941109760
3157.73,27941109760
3158.02,27941109760
3158.30,27941109760
3158.58,27941109760
3158.86,27941109760
3159.14,27941109760
3159.43,27941109760
3159.71,27941109760
3159.99,27941109760
3160.28,27941109760
3160.56,27941109760
3160.84,27941109760
3161.13,27941109760
3161.41,27941109760
3161.68,27941109760
3161.96,27941109760
3162.24,27941109760
3162.53,27941109760
3162.81,27941109760
3163.09,27941109760
3163.37,27941109760
3163.65,27941109760
3163.93,27941109760
3164.21,27941109760
3164.49,27941109760
3164.78,27941109760
3165.06,27941109760
3165.33,27941109760
3165.61,27941109760
3165.90,27941109760
3166.18,27941109760
3166.46,27941109760
3166.74,27941109760
3167.02,27941109760
3167.30,27941109760
3167.58,27941109760
3167.86,27941109760
3168.14,27941109760
3168.42,27941109760
3168.70,27941109760
3168.99,27941109760
3169.27,27941109760
3169.55,27941109760
3169.83,27941109760
3170.11,27941109760
3170.39,27941109760
3170.68,27941109760
3170.96,27941109760
3171.24,27941109760
3171.52,27941109760
3171.80,27941109760
3172.08,27941109760
3172.37,27941109760
3172.65,27941109760
3172.93,27941109760
3173.22,27941109760
3173.50,27941109760
3173.78,27941109760
3174.06,27941109760
3174.34,27941109760
3174.62,27941109760
3174.91,27941109760
3175.19,27941109760
3175.47,27941109760
3175.75,27941109760
3176.03,27941109760
3176.31,27941109760
3176.59,27941109760
3176.87,27941109760
3177.15,27941109760
3177.43,27941109760
3177.71,27941109760
3178.00,27941109760
3178.28,27941109760
3178.57,27941109760
3178.85,27941109760
3179.12,27941109760
3179.40,27941109760
3179.68,27941109760
3179.97,27941109760
3180.25,27941109760
3180.54,27941109760
3180.82,27941109760
3181.10,27941109760
3181.38,27941109760
3181.66,27941109760
3181.95,27941109760
3182.23,27941109760
3182.51,27941109760
3182.79,27941109760
3183.07,27941109760
3183.36,27941109760
3183.64,27941109760
3183.92,27941109760
3184.20,27941109760
3184.48,27941109760
3184.77,27941109760
3185.05,27941109760
3185.33,27941109760
3185.62,27941109760
3185.90,27941109760
3186.19,27941109760
3186.47,27941109760
3186.75,27941109760
3187.03,27941109760
3187.31,27941109760
3187.59,27941109760
3187.87,27941109760
3188.14,27941109760
3188.43,27941109760
3188.71,27941109760
3188.99,27941109760
3189.28,27941109760
3189.55,27941109760
3189.84,27941109760
3190.12,27941109760
3190.40,27941109760
3190.69,27941109760
3190.97,27941109760
3191.25,27941109760
3191.53,27941109760
3191.82,27941109760
3192.09,27941109760
3192.38,27941109760
3192.65,27941109760
3192.93,27941109760
3193.22,27941109760
3193.49,27941109760
3193.77,27941109760
3194.05,27941109760
3194.33,27941109760
3194.61,27941109760
3194.90,27941109760
3195.18,27941109760
3195.46,27941109760
3195.74,27941109760
3196.02,27941109760
3196.30,27941109760
3196.59,27941109760
3196.86,27941109760
3197.14,27941109760
3197.42,27941109760
3197.71,27941109760
3197.99,27941109760
3198.27,27941109760
3198.55,27941109760
3198.84,27941109760
3199.12,27941109760
3199.40,27941109760
3199.69,27941109760
3199.97,27941109760
3200.25,27941109760
3200.54,27941109760
3200.82,27941109760
3201.10,27941109760
3201.38,27941109760
3201.66,27941109760
3201.94,27941109760
3202.23,27941109760
3202.51,27941109760
3202.79,27941109760
3203.07,27941109760
3203.35,27941109760
3203.63,27941109760
3203.91,27941109760
3204.20,27941109760
3204.47,27941109760
3204.75,27941109760
3205.03,27941109760
3205.31,27941109760
3205.59,27941109760
3205.87,27941109760
3206.15,27941109760
3206.44,27941109760
3206.72,27941109760
3207.01,27941109760
3207.29,27941109760
3207.57,27941109760
3207.86,27941109760
3208.14,27941109760
3208.42,27941109760
3208.70,27941109760
3208.99,27941109760
3209.27,27941109760
3209.55,27941109760
3209.84,27941109760
3210.11,27941109760
3210.40,27941109760
3210.68,27941109760
3210.96,27941109760
3211.24,27941109760
3211.52,27941109760
3211.80,27941109760
3212.09,27941109760
3212.37,27941109760
3212.65,27941109760
3212.93,27941109760
3213.21,27941109760
3213.49,27941109760
3213.78,27941109760
3214.06,27941109760
3214.34,27941109760
3214.62,27941109760
3214.90,27941109760
3215.18,27941109760
3215.46,27941109760
3215.75,27941109760
3216.03,27941109760
3216.31,27941109760
3216.59,27941109760
3216.88,27941109760
3217.16,27941109760
3217.44,27941109760
3217.73,27941109760
3218.01,27941109760
3218.29,27941109760
3218.58,27941109760
3218.86,27941109760
3219.13,27941109760
3219.41,27941109760
3219.69,27941109760
3219.97,27941109760
3220.26,27941109760
3220.54,27941109760
3220.82,27941109760
3221.10,27941109760
3221.38,27941109760
3221.66,27941109760
3221.95,27941109760
3222.24,27941109760
3222.52,27941109760
3222.80,27941109760
3223.08,27941109760
3223.36,27941109760
3223.64,27941109760
3223.93,27941109760
3224.21,27941109760
3224.49,27941109760
3224.77,27941109760
3225.06,27941109760
3225.34,27941109760
3225.62,27941109760
3225.90,27941109760
3226.18,27941109760
3226.46,27941109760
3226.74,27941109760
3227.02,27941109760
3227.30,27941109760
3227.58,27941109760
3227.86,27941109760
3228.14,27941109760
3228.43,27941109760
3228.71,27941109760
3228.98,27941109760
3229.27,27941109760
3229.54,27941109760
3229.83,27941109760
3230.11,27941109760
3230.39,27941109760
3230.67,27941109760
3230.95,27941109760
3231.24,27941109760
3231.51,27941109760
3231.79,27941109760
3232.07,27941109760
3232.35,27941109760
3232.64,27941109760
3232.91,27941109760
3233.19,27941109760
3233.48,27941109760
3233.76,27941109760
3234.03,27941109760
3234.32,27941109760
3234.60,27941109760
3234.87,27941109760
3235.16,27941109760
3235.43,27941109760
3235.72,27941109760
3236.00,27941109760
3236.28,27941109760
3236.56,27941109760
3236.84,27941109760
3237.13,27941109760
3237.41,27941109760
3237.70,27941109760
3237.97,27941109760
3238.26,27941109760
3238.54,27941109760
3238.82,27941109760
3239.10,27941109760
3239.39,27941109760
3239.67,27941109760
3239.95,27941109760
3240.23,27941109760
3240.51,27941109760
3240.80,27941109760
3241.07,27941109760
3241.35,27941109760
3241.63,27941109760
3241.91,27941109760
3242.20,27941109760
3242.47,27941109760
3242.76,27941109760
3243.04,27941109760
3243.32,27941109760
3243.60,27941109760
3243.88,27941109760
3244.17,27941109760
3244.45,27941109760
3244.73,27941109760
3245.01,27941109760
3245.29,27941109760
3245.57,27941109760
3245.85,27941109760
3246.14,27941109760
3246.41,27941109760
3246.70,27941109760
3246.97,27941109760
3247.26,27941109760
3247.54,27941109760
3247.82,27941109760
3248.11,27941109760
3248.39,27941109760
3248.67,27941109760
3248.95,27941109760
3249.24,27941109760
3249.52,27941109760
3249.80,27941109760
3250.08,27941109760
3250.37,27941109760
3250.65,27941109760
3250.93,27941109760
3251.21,27941109760
3251.49,27941109760
3251.77,27941109760
3252.05,27941109760
3252.34,27941109760
3252.62,27941109760
3252.91,27941109760
3253.19,27941109760
3253.47,27941109760
3253.75,27941109760
3254.03,27941109760
3254.31,27941109760
3254.59,27941109760
3254.87,27941109760
3255.15,27941109760
3255.43,27941109760
3255.72,27941109760
3256.00,27941109760
3256.29,27941109760
3256.57,27941109760
3256.85,27941109760
3257.13,27941109760
3257.41,27941109760
3257.69,27941109760
3257.97,27941109760
3258.26,27941109760
3258.53,27941109760
3258.82,27941109760
3259.09,27941109760
3259.38,27941109760
3259.66,27941109760
3259.94,27941109760
3260.22,27941109760
3260.50,27941109760
3260.78,27941109760
3261.07,27941109760
3261.35,27941109760
3261.63,27941109760
3261.91,27941109760
3262.20,27941109760
3262.48,27941109760
3262.76,27941109760
3263.04,27941109760
3263.32,27941109760
3263.61,27941109760
3263.89,27941109760
3264.17,27941109760
3264.45,27941109760
3264.74,27941109760
3265.02,27941109760
3265.30,27941109760
3265.58,27941109760
3265.87,27941109760
3266.15,27941109760
3266.43,27941109760
3266.71,27941109760
3266.99,27941109760
3267.28,27941109760
3267.55,27941109760
3267.84,27941109760
3268.12,27941109760
3268.39,27941109760
3268.68,27941109760
3268.96,27941109760
3269.24,27941109760
3269.52,27941109760
3269.81,27941109760
3270.08,27941109760
3270.36,27941109760
3270.64,27941109760
3270.93,27941109760
3271.21,27941109760
3271.49,27941109760
3271.77,27941109760
3272.06,27941109760
3272.34,27941109760
3272.62,27941109760
3272.90,27941109760
3273.18,27941109760
3273.47,27941109760
3273.75,27941109760
3274.02,27941109760
3274.30,27941109760
3274.58,27941109760
3274.87,27941109760
3275.15,27941109760
3275.43,27941109760
3275.71,27941109760
3275.99,27941109760
3276.27,27941109760
3276.55,27941109760
3276.83,27941109760
3277.11,27941109760
3277.39,27941109760
3277.67,27941109760
3277.95,27941109760
3278.23,27941109760
3278.51,27941109760
3278.79,27941109760
3279.07,27941109760
3279.35,27941109760
3279.64,27941109760
3279.91,27941109760
3280.20,27941109760
3280.48,27941109760
3280.77,27941109760
3281.05,27941109760
3281.33,27941109760
3281.61,27941109760
3281.89,27941109760
3282.18,27941109760
3282.46,27941109760
3282.73,27941109760
3283.01,27941109760
3283.30,27941109760
3283.57,27941109760
3283.86,27941109760
3284.14,27941109760
3284.42,27941109760
3284.70,27941109760
3284.99,27941109760
3285.27,27941109760
3285.55,27941109760
3285.83,27941109760
3286.11,27941109760
3286.40,27941109760
3286.68,27941109760
3286.97,27941109760
3287.25,27941109760
3287.53,27941109760
3287.82,27941109760
3288.10,27941109760
3288.38,27941109760
3288.66,27941109760
3288.95,27941109760
3289.23,27941109760
3289.50,27941109760
3289.79,27941109760
3290.07,27941109760
3290.36,27941109760
3290.64,27941109760
3290.93,27941109760
3291.21,27941109760
3291.49,27941109760
3291.77,27941109760
3292.06,27941109760
3292.34,27941109760
3292.62,27941109760
3292.90,27941109760
3293.18,27941109760
3293.46,27941109760
3293.74,27941109760
3294.02,27941109760
3294.30,27941109760
3294.58,27941109760
3294.86,27941109760
3295.14,27941109760
3295.42,27941109760
3295.70,27941109760
3295.98,27941109760
3296.26,27941109760
3296.54,27941109760
3296.82,27941109760
3297.11,27941109760
3297.39,27941109760
3297.67,27941109760
3297.95,27941109760
3298.23,27941109760
3298.51,27941109760
3298.79,27941109760
3299.07,27941109760
3299.36,27941109760
3299.65,27941109760
3299.93,27941109760
3300.21,27941109760
3300.49,27941109760
3300.77,27941109760
3301.05,27941109760
3301.33,27941109760
3301.61,27941109760
3301.89,27941109760
3302.17,27941109760
3302.46,27941109760
3302.74,27941109760
3303.02,27941109760
3303.30,27941109760
3303.58,27941109760
3303.86,27941109760
3304.14,27941109760
3304.42,27941109760
3304.71,27941109760
3304.99,27941109760
3305.27,27941109760
3305.55,27941109760
3305.83,27941109760
3306.12,27941109760
3306.40,27941109760
3306.68,27941109760
3306.97,27941109760
3307.25,27941109760
3307.53,27941109760
3307.81,27941109760
3308.09,27941109760
3308.37,27941109760
3308.65,27941109760
3308.94,27941109760
3309.22,27941109760
3309.50,27941109760
3309.78,27941109760
3310.07,27941109760
3310.35,27941109760
3310.63,27941109760
3310.92,27941109760
3311.20,27941109760
3311.49,27941109760
3311.77,27941109760
3312.05,27941109760
3312.33,27941109760
3312.61,27941109760
3312.89,27941109760
3313.17,27941109760
3313.46,27941109760
3313.74,27941109760
3314.02,27941109760
3314.30,27941109760
3314.58,27941109760
3314.86,27941109760
3315.15,27941109760
3315.43,27941109760
3315.71,27941109760
3315.99,27941109760
3316.27,27941109760
3316.55,27941109760
3316.83,27941109760
3317.11,27941109760
3317.39,27941109760
3317.68,27941109760
3317.96,27941109760
3318.24,27941109760
3318.51,27941109760
3318.79,27941109760
3319.07,27941109760
3319.35,27941109760
3319.64,27941109760
3319.92,27941109760
3320.20,27941109760
3320.48,27941109760
3320.76,27941109760
3321.04,27941109760
3321.32,27941109760
3321.61,27941109760
3321.89,27941109760
3322.16,27941109760
3322.45,27941109760
3322.73,27941109760
3323.01,27941109760
3323.29,27941109760
3323.57,27941109760
3323.86,27941109760
3324.13,27941109760
3324.42,27941109760
3324.70,27941109760
3324.98,27941109760
3325.26,27941109760
3325.54,27941109760
3325.83,27941109760
3326.11,27941109760
3326.40,27941109760
3326.68,27941109760
3326.96,27941109760
3327.24,27941109760
3327.52,27941109760
3327.80,27941109760
3328.08,27941109760
3328.36,27941109760
3328.63,27941109760
3328.92,27941109760
3329.20,27941109760
3329.48,27941109760
3329.76,27941109760
3330.04,27941109760
3330.32,27941109760
3330.60,27941109760
3330.88,27941109760
3331.16,27941109760
3331.45,27941109760
3331.73,27941109760
3332.01,27941109760
3332.29,27941109760
3332.57,27941109760
3332.86,27941109760
3333.14,27941109760
3333.41,27941109760
3333.69,27941109760
3333.98,27941109760
3334.26,27941109760
3334.54,27941109760
3334.82,27941109760
3335.10,27941109760
3335.38,27941109760
3335.67,27941109760
3335.95,27941109760
3336.23,27941109760
3336.52,27941109760
3336.80,27941109760
3337.08,27941109760
3337.36,27941109760
3337.65,27941109760
3337.93,27941109760
3338.21,27941109760
3338.49,27941109760
3338.77,27941109760
3339.06,27941109760
3339.34,27941109760
3339.62,27941109760
3339.90,27941109760
3340.18,27941109760
3340.46,27941109760
3340.74,27941109760
3341.02,27941109760
3341.30,27941109760
3341.58,27941109760
3341.86,27941109760
3342.14,27941109760
3342.42,27941109760
3342.71,27941109760
3342.99,27941109760
3343.26,27941109760
3343.54,27941109760
3343.83,27941109760
3344.11,27941109760
3344.39,27941109760
3344.67,27941109760
3344.95,27941109760
3345.24,27941109760
3345.51,27941109760
3345.79,27941109760
3346.08,27941109760
3346.36,27941109760
3346.64,27941109760
3346.92,27941109760
3347.20,27941109760
3347.48,27941109760
3347.76,27941109760
3348.04,27941109760
3348.32,27941109760
3348.60,27941109760
3348.88,27941109760
3349.17,27941109760
3349.45,27941109760
3349.73,27941109760
3350.01,27941109760
3350.30,27941109760
3350.58,27941109760
3350.86,27941109760
3351.14,27941109760
3351.43,27941109760
3351.72,27941109760
3352.00,27941109760
3352.28,27941109760
3352.56,27941109760
3352.84,27941109760
3353.12,27941109760
3353.40,27941109760
3353.68,27941109760
3353.97,27941109760
3354.25,27941109760
3354.53,27941109760
3354.82,27941109760
3355.10,27941109760
3355.38,27941109760
3355.66,27941109760
3355.95,27941109760
3356.23,27941109760
3356.51,27941109760
3356.80,27941109760
3357.08,27941109760
3357.36,27941109760
3357.64,27941109760
3357.92,27941109760
3358.20,27941109760
3358.48,27941109760
3358.76,27941109760
3359.04,27941109760
3359.32,27941109760
3359.61,27941109760
3359.89,27941109760
3360.17,27941109760
3360.45,27941109760
3360.74,27941109760
3361.02,27941109760
3361.29,27941109760
3361.58,27941109760
3361.86,27941109760
3362.14,27941109760
3362.41,27941109760
3362.69,27941109760
3362.97,27941109760
3363.25,27941109760
3363.54,27941109760
3363.82,27941109760
3364.10,27941109760
3364.39,27941109760
3364.67,27941109760
3364.95,27941109760
3365.23,27941109760
3365.51,27941109760
3365.80,27941109760
3366.08,27941109760
3366.36,27941109760
3366.64,27941109760
3366.93,27941109760
3367.20,27941109760
3367.49,27941109760
3367.76,27941109760
3368.04,27941109760
3368.33,27941109760
3368.61,27941109760
3368.89,27941109760
3369.17,27941109760
3369.46,27941109760
3369.74,27941109760
3370.02,27941109760
3370.30,27941109760
3370.58,27941109760
3370.86,27941109760
3371.14,27941109760
3371.42,27941109760
3371.70,27941109760
3371.99,27941109760
3372.27,27941109760
3372.55,27941109760
3372.83,27941109760
3373.11,27941109760
3373.39,27941109760
3373.67,27941109760
3373.95,27941109760
3374.23,27941109760
3374.51,27941109760
3374.79,27941109760
3375.08,27941109760
3375.36,27941109760
3375.64,27941109760
3375.93,27941109760
3376.21,27941109760
3376.49,27941109760
3376.77,27941109760
3377.05,27941109760
3377.33,27941109760
3377.61,27941109760
3377.89,27941109760
3378.17,27941109760
3378.46,27941109760
3378.73,27941109760
3379.01,27941109760
3379.29,27941109760
3379.58,27941109760
3379.86,27941109760
3380.14,27941109760
3380.43,27941109760
3380.72,27941109760
3380.99,27941109760
3381.28,27941109760
3381.56,27941109760
3381.85,27941109760
3382.13,27941109760
3382.41,27941109760
3382.68,27941109760
3382.96,27941109760
3383.24,27941109760
3383.52,27941109760
3383.80,27941109760
3384.08,27941109760
3384.36,27941109760
3384.65,27941109760
3384.93,27941109760
3385.22,27941109760
3385.50,27941109760
3385.78,27941109760
3386.06,27941109760
3386.35,27941109760
3386.63,27941109760
3386.91,27941109760
3387.19,27941109760
3387.47,27941109760
3387.75,27941109760
3388.03,27941109760
3388.31,27941109760
3388.59,27941109760
3388.87,27941109760
3389.15,27941109760
3389.43,27941109760
3389.72,27941109760
3390.00,27941109760
3390.28,27941109760
3390.57,27941109760
3390.85,27941109760
3391.13,27941109760
3391.40,27941109760
3391.68,27941109760
3391.96,27941109760
3392.25,27941109760
3392.53,27941109760
3392.82,27941109760
3393.11,27941109760
3393.39,27941109760
3393.67,27941109760
3393.95,27941109760
3394.23,27941109760
3394.51,27941109760
3394.80,27941109760
3395.09,27941109760
3395.37,27941109760
3395.65,27941109760
3395.93,27941109760
3396.21,27941109760
3396.49,27941109760
3396.77,27941109760
3397.05,27941109760
3397.33,27941109760
3397.61,27941109760
3397.89,27941109760
3398.17,27941109760
3398.46,27941109760
3398.74,27941109760
3399.02,27941109760
3399.30,27941109760
3399.59,27941109760
3399.87,27941109760
3400.15,27941109760
3400.43,27941109760
3400.72,27941109760
3401.00,27941109760
3401.28,27941109760
3401.56,27941109760
3401.84,27941109760
3402.12,27941109760
3402.40,27941109760
3402.69,27941109760
3402.97,27941109760
3403.26,27941109760
3403.54,27941109760
3403.82,27941109760
3404.11,27941109760
3404.39,27941109760
3404.67,27941109760
3404.95,27941109760
3405.23,27941109760
3405.52,27941109760
3405.80,27941109760
3406.08,27941109760
3406.36,27941109760
3406.64,27941109760
3406.92,27941109760
3407.20,27941109760
3407.48,27941109760
3407.77,27941109760
3408.05,27941109760
3408.33,27941109760
3408.61,27941109760
3408.90,27941109760
3409.19,27941109760
3409.46,27941109760
3409.74,27941109760
3410.03,27941109760
3410.32,27941109760
3410.60,27941109760
3410.88,27941109760
3411.16,27941109760
3411.44,27941109760
3411.73,27941109760
3412.01,27941109760
3412.29,27941109760
3412.58,27941109760
3412.86,27941109760
3413.14,27941109760
3413.43,27941109760
3413.71,27941109760
3413.98,27941109760
3414.27,27941109760
3414.55,27941109760
3414.83,27941109760
3415.11,27941109760
3415.40,27941109760
3415.68,27941109760
3415.96,27941109760
3416.24,27941109760
3416.53,27941109760
3416.81,27941109760
3417.08,27941109760
3417.36,27941109760
3417.64,27941109760
3417.93,27941109760
3418.21,27941109760
3418.50,27941109760
3418.78,27941109760
3419.06,27941109760
3419.34,27941109760
3419.62,27941109760
3419.90,27941109760
3420.18,27941109760
3420.46,27941109760
3420.74,27941109760
3421.03,27941109760
3421.31,27941109760
3421.59,27941109760
3421.88,27941109760
3422.15,27941109760
3422.44,27941109760
3422.72,27941109760
3423.00,27941109760
3423.28,27941109760
3423.57,27941109760
3423.85,27941109760
3424.14,27941109760
3424.42,27941109760
3424.70,27941109760
3424.98,27941109760
3425.26,27941109760
3425.55,27941109760
3425.83,27941109760
3426.11,27941109760
3426.39,27941109760
3426.67,27941109760
3426.95,27941109760
3427.23,27941109760
3427.51,27941109760
3427.79,27941109760
3428.07,27941109760
3428.35,27941109760
3428.64,27941109760
3428.91,27941109760
3429.20,27941109760
3429.49,27941109760
3429.76,27941109760
3430.05,27941109760
3430.33,27941109760
3430.61,27941109760
3430.89,27941109760
3431.17,27941109760
3431.45,27941109760
3431.74,27941109760
3432.02,27941109760
3432.30,27941109760
3432.58,27941109760
3432.86,27941109760
3433.14,27941109760
3433.43,27941109760
3433.71,27941109760
3433.99,27941109760
3434.27,27941109760
3434.55,27941109760
3434.83,27941109760
3435.11,27941109760
3435.39,27941109760
3435.67,27941109760
3435.96,27941109760
3436.24,27941109760
3436.52,27941109760
3436.80,27941109760
3437.08,27941109760
3437.36,27941109760
3437.64,27941109760
3437.93,27941109760
3438.21,27941109760
3438.48,27941109760
3438.77,27941109760
3439.05,27941109760
3439.33,27941109760
3439.61,27941109760
3439.89,27941109760
3440.17,27941109760
3440.45,27941109760
3440.74,27941109760
3441.01,27941109760
3441.29,27941109760
3441.58,27941109760
3441.86,27941109760
3442.14,27941109760
3442.42,27941109760
3442.70,27941109760
3442.98,27941109760
3443.26,27941109760
3443.53,27941109760
3443.81,27941109760
3444.09,27941109760
3444.37,27941109760
3444.66,27941109760
3444.94,27941109760
3445.22,27941109760
3445.51,27941109760
3445.79,27941109760
3446.07,27941109760
3446.35,27941109760
3446.64,27941109760
3446.92,27941109760
3447.20,27941109760
3447.48,27941109760
3447.76,27941109760
3448.04,27941109760
3448.32,27941109760
3448.60,27941109760
3448.88,27941109760
3449.16,27941109760
3449.45,27941109760
3449.73,27941109760
3450.01,27941109760
3450.29,27941109760
3450.57,27941109760
3450.85,27941109760
3451.13,27941109760
3451.42,27941109760
3451.70,27941109760
3451.98,27941109760
3452.26,27941109760
3452.54,27941109760
3452.83,27941109760
3453.11,27941109760
3453.39,27941109760
3453.68,27941109760
3453.96,27941109760
3454.25,27941109760
3454.54,27941109760
3454.82,27941109760
3455.10,27941109760
3455.38,27941109760
3455.66,27941109760
3455.94,27941109760
3456.22,27941109760
3456.51,27941109760
3456.79,27941109760
3457.07,27941109760
3457.35,27941109760
3457.64,27941109760
3457.92,27941109760
3458.20,27941109760
3458.49,27941109760
3458.77,27941109760
3459.05,27941109760
3459.34,27941109760
3459.61,27941109760
3459.89,27941109760
3460.18,27941109760
3460.45,27941109760
3460.74,27941109760
3461.02,27941109760
3461.30,27941109760
3461.57,27941109760
3461.85,27941109760
3462.13,27941109760
3462.41,27941109760
3462.69,27941109760
3462.98,27941109760
3463.26,27941109760
3463.54,27941109760
3463.82,27941109760
3464.10,27941109760
3464.39,27941109760
3464.67,27941109760
3464.96,27941109760
3465.24,27941109760
3465.53,27941109760
3465.81,27941109760
3466.09,27941109760
3466.37,27941109760
3466.65,27941109760
3466.94,27941109760
3467.22,27941109760
3467.50,27941109760
3467.78,27941109760
3468.06,27941109760
3468.34,27941109760
3468.63,27941109760
3468.91,27941109760
3469.19,27941109760
3469.47,27941109760
3469.76,27941109760
3470.04,27941109760
3470.32,27941109760
3470.60,27941109760
3470.88,27941109760
3471.16,27941109760
3471.44,27941109760
3471.73,27941109760
3472.01,27941109760
3472.30,27941109760
3472.57,27941109760
3472.85,27941109760
3473.14,27941109760
3473.41,27941109760
3473.70,27941109760
3473.98,27941109760
3474.26,27941109760
3474.53,27941109760
3474.82,27941109760
3475.10,27941109760
3475.38,27941109760
3475.66,27941109760
3475.94,27941109760
3476.22,27941109760
3476.50,27941109760
3476.78,27941109760
3477.06,27941109760
3477.34,27941109760
3477.62,27941109760
3477.89,27941109760
3478.18,27941109760
3478.47,27941109760
3478.75,27941109760
3479.03,27941109760
3479.31,27941109760
3479.59,27941109760
3479.87,27941109760
3480.15,27941109760
3480.43,27941109760
3480.71,27941109760
3480.99,27941109760
3481.28,27941109760
3481.57,27941109760
3481.85,27941109760
3482.13,27941109760
3482.41,27941109760
3482.70,27941109760
3482.98,27941109760
3483.26,27941109760
3483.54,27941109760
3483.82,27941109760
3484.11,27941109760
3484.39,27941109760
3484.67,27941109760
3484.95,27941109760
3485.23,27941109760
3485.51,27941109760
3485.79,27941109760
3486.07,27941109760
3486.36,27941109760
3486.64,27941109760
3486.93,27941109760
3487.20,27941109760
3487.49,27941109760
3487.76,27941109760
3488.05,27941109760
3488.33,27941109760
3488.61,27941109760
3488.89,27941109760
3489.17,27941109760
3489.45,27941109760
3489.73,27941109760
3490.01,27941109760
3490.29,27941109760
3490.57,27941109760
3490.85,27941109760
3491.13,27941109760
3491.41,27941109760
3491.69,27941109760
3491.98,27941109760
3492.26,27941109760
3492.54,27941109760
3492.82,27941109760
3493.11,27941109760
3493.38,27941109760
3493.66,27941109760
3493.94,27941109760
3494.22,27941109760
3494.50,27941109760
3494.78,27941109760
3495.06,27941109760
3495.34,27941109760
3495.63,27941109760
3495.91,27941109760
3496.20,27941109760
3496.48,27941109760
3496.76,27941109760
3497.04,27941109760
3497.33,27941109760
3497.61,27941109760
3497.89,27941109760
3498.18,27941109760
3498.46,27941109760
3498.74,27941109760
3499.02,27941109760
3499.31,27941109760
3499.59,27941109760
3499.87,27941109760
3500.14,27941109760
3500.43,27941109760
3500.71,27941109760
3500.99,27941109760
3501.27,27941109760
3501.55,27941109760
3501.83,27941109760
3502.10,27941109760
3502.39,27941109760
3502.67,27941109760
3502.95,27941109760
3503.24,27941109760
3503.52,27941109760
3503.80,27941109760
3504.08,27941109760
3504.36,27941109760
3504.64,27941109760
3504.92,27941109760
3505.20,27941109760
3505.48,27941109760
3505.76,27941109760
3506.04,27941109760
3506.32,27941109760
3506.59,27941109760
3506.88,27941109760
3507.16,27941109760
3507.44,27941109760
3507.72,27941109760
3507.99,27941109760
3508.28,27941109760
3508.56,27941109760
3508.84,27941109760
3509.12,27941109760
3509.41,27941109760
3509.69,27941109760
3509.97,27941109760
3510.25,27941109760
3510.53,27941109760
3510.81,27941109760
3511.09,27941109760
3511.37,27941109760
3511.65,27941109760
3511.93,27941109760
3512.22,27941109760
3512.50,27941109760
3512.78,27941109760
3513.07,27941109760
3513.35,27941109760
3513.64,27941109760
3513.92,27941109760
3514.20,27941109760
3514.48,27941109760
3514.76,27941109760
3515.04,27941109760
3515.32,27941109760
3515.61,27941109760
3515.89,27941109760
3516.17,27941109760
3516.45,27941109760
3516.73,27941109760
3517.01,27941109760
3517.29,27941109760
3517.57,27941109760
3517.85,27941109760
3518.13,27941109760
3518.41,27941109760
3518.69,27941109760
3518.97,27941109760
3519.25,27941109760
3519.53,27941109760
3519.82,27941109760
3520.10,27941109760
3520.38,27941109760
3520.66,27941109760
3520.93,27941109760
3521.21,27941109760
3521.49,27941109760
3521.77,27941109760
3522.05,27941109760
3522.34,27941109760
3522.62,27941109760
3522.90,27941109760
3523.18,27941109760
3523.46,27941109760
3523.74,27941109760
3524.02,27941109760
3524.31,27941109760
3524.59,27941109760
3524.87,27941109760
3525.15,27941109760
3525.44,27941109760
3525.72,27941109760
3526.00,27941109760
3526.28,27941109760
3526.56,27941109760
3526.85,27941109760
3527.13,27941109760
3527.41,27941109760
3527.69,27941109760
3527.97,27941109760
3528.25,27941109760
3528.52,27941109760
3528.80,27941109760
3529.08,27941109760
3529.36,27941109760
3529.64,27941109760
3529.93,27941109760
3530.21,27941109760
3530.49,27941109760
3530.78,27941109760
3531.06,27941109760
3531.34,27941109760
3531.62,27941109760
3531.90,27941109760
3532.19,27941109760
3532.47,27941109760
3532.75,27941109760
3533.04,27941109760
3533.32,27941109760
3533.60,27941109760
3533.88,27941109760
3534.15,27941109760
3534.43,27941109760
3534.71,27941109760
3534.99,27941109760
3535.27,27941109760
3535.55,27941109760
3535.83,27941109760
3536.11,27941109760
3536.40,27941109760
3536.68,27941109760
3536.96,27941109760
3537.24,27941109760
3537.52,27941109760
3537.80,27941109760
3538.09,27941109760
3538.37,27941109760
3538.64,27941109760
3538.92,27941109760
3539.20,27941109760
3539.48,27941109760
3539.76,27941109760
3540.05,27941109760
3540.33,27941109760
3540.61,27941109760
3540.90,27941109760
3541.18,27941109760
3541.47,27941109760
3541.75,27941109760
3542.03,27941109760
3542.31,27941109760
3542.59,27941109760
3542.87,27941109760
3543.15,27941109760
3543.43,27941109760
3543.71,27941109760
3544.00,27941109760
3544.28,27941109760
3544.56,27941109760
3544.85,27941109760
3545.13,27941109760
3545.41,27941109760
3545.69,27941109760
3545.97,27941109760
3546.25,27941109760
3546.53,27941109760
3546.81,27941109760
3547.09,27941109760
3547.37,27941109760
3547.66,27941109760
3547.94,27941109760
3548.22,27941109760
3548.50,27941109760
3548.78,27941109760
3549.07,27941109760
3549.35,27941109760
3549.63,27941109760
3549.91,27941109760
3550.19,27941109760
3550.47,27941109760
3550.76,27941109760
3551.04,27941109760
3551.32,27941109760
3551.61,27941109760
3551.89,27941109760
3552.16,27941109760
3552.44,27941109760
3552.72,27941109760
3553.01,27941109760
3553.30,27941109760
3553.58,27941109760
3553.86,27941109760
3554.14,27941109760
3554.43,27941109760
3554.70,27941109760
3554.98,27941109760
3555.27,27941109760
3555.55,27941109760
3555.84,27941109760
3556.12,27941109760
3556.41,27941109760
3556.69,27941109760
3556.97,27941109760
3557.25,27941109760
3557.53,27941109760
3557.82,27941109760
3558.10,27941109760
3558.39,27941109760
3558.66,27941109760
3558.95,27941109760
3559.22,27941109760
3559.51,27941109760
3559.79,27941109760
3560.07,27941109760
3560.35,27941109760
3560.63,27941109760
3560.91,27941109760
3561.19,27941109760
3561.47,27941109760
3561.76,27941109760
3562.05,27941109760
3562.33,27941109760
3562.61,27941109760
3562.89,27941109760
3563.17,27941109760
3563.45,27941109760
3563.73,27941109760
3564.02,27941109760
3564.30,27941109760
3564.58,27941109760
3564.87,27941109760
3565.14,27941109760
3565.42,27941109760
3565.71,27941109760
3565.99,27941109760
3566.28,27941109760
3566.56,27941109760
3566.85,27941109760
3567.12,27941109760
3567.40,27941109760
3567.68,27941109760
3567.96,27941109760
3568.24,27941109760
3568.52,27941109760
3568.81,27941109760
3569.09,27941109760
3569.37,27941109760
3569.66,27941109760
3569.94,27941109760
3570.22,27941109760
3570.50,27941109760
3570.78,27941109760
3571.07,27941109760
3571.34,27941109760
3571.62,27941109760
3571.90,27941109760
3572.18,27941109760
3572.47,27941109760
3572.74,27941109760
3573.03,27941109760
3573.31,27941109760
3573.59,27941109760
3573.87,27941109760
3574.16,27941109760
3574.44,27941109760
3574.72,27941109760
3575.00,27941109760
3575.28,27941109760
3575.56,27941109760
3575.84,27941109760
3576.12,27941109760
3576.41,27941109760
3576.69,27941109760
3576.97,27941109760
3577.25,27941109760
3577.53,27941109760
3577.81,27941109760
3578.09,27941109760
3578.37,27941109760
3578.65,27941109760
3578.93,27941109760
3579.22,27941109760
3579.50,27941109760
3579.78,27941109760
3580.06,27941109760
3580.35,27941109760
3580.63,27941109760
3580.91,27941109760
3581.19,27941109760
3581.48,27941109760
3581.76,27941109760
3582.04,27941109760
3582.32,27941109760
3582.60,27941109760
3582.88,27941109760
3583.16,27941109760
3583.44,27941109760
3583.72,27941109760
3584.00,27941109760
3584.28,27941109760
3584.56,27941109760
3584.85,27941109760
3585.13,27941109760
3585.41,27941109760
3585.69,27941109760
3585.97,27941109760
3586.25,27941109760
3586.53,27941109760
3586.81,27941109760
3587.09,27941109760
3587.38,27941109760
3587.66,27941109760
3587.94,27941109760
3588.22,27941109760
3588.50,27941109760
3588.79,27941109760
3589.07,27941109760
3589.35,27941109760
3589.63,27941109760
3589.92,27941109760
3590.20,27941109760
3590.48,27941109760
3590.76,27941109760
3591.04,27941109760
3591.32,27941109760
3591.61,27941109760
3591.88,27941109760
3592.17,27941109760
3592.45,27941109760
3592.73,27941109760
3593.01,27941109760
3593.29,27941109760
3593.57,27941109760
3593.85,27941109760
3594.14,27941109760
3594.41,27941109760
3594.69,27941109760
3594.97,27941109760
3595.26,27941109760
3595.54,27941109760
3595.82,27941109760
3596.10,27941109760
3596.38,27941109760
3596.66,27941109760
3596.95,27941109760
3597.23,27941109760
3597.51,27941109760
3597.79,27941109760
3598.07,27941109760
3598.36,27941109760
3598.63,27941109760
3598.92,27941109760
3599.20,27941109760
3599.48,27941109760
3599.76,27941109760
3600.04,27941109760
3600.33,27941109760
3600.61,27941109760
3600.89,27941109760
3601.18,27941109760
3601.46,27941109760
3601.74,27941109760
3602.03,27941109760
3602.30,27941109760
3602.59,27941109760
3602.86,27941109760
3603.14,27941109760
3603.43,27941109760
3603.71,27941109760
3603.99,27941109760
3604.27,27941109760
3604.56,27941109760
3604.84,27941109760
3605.13,27941109760
3605.41,27941109760
3605.70,27941109760
3605.99,27941109760
3606.27,27941109760
3606.55,27941109760
3606.83,27941109760
3607.11,27941109760
3607.38,27941109760
3607.66,27941109760
3607.95,27941109760
3608.23,27941109760
3608.51,27941109760
3608.79,27941109760
3609.08,27941109760
3609.36,27941109760
3609.64,27941109760
3609.92,27941109760
3610.21,27941109760
3610.49,27941109760
3610.77,27941109760
3611.05,27941109760
3611.33,27941109760
3611.61,27941109760
3611.90,27941109760
3612.18,27941109760
3612.46,27941109760
3612.74,27941109760
3613.02,27941109760
3613.30,27941109760
3613.58,27941109760
3613.86,27941109760
3614.15,27941109760
3614.43,27941109760
3614.72,27941109760
3615.00,27941109760
3615.28,27941109760
3615.56,27941109760
3615.84,27941109760
3616.11,27941109760
3616.40,27941109760
3616.68,27941109760
3616.97,27941109760
3617.26,27941109760
3617.54,27941109760
3617.82,27941109760
3618.10,27941109760
3618.38,27941109760
3618.66,27941109760
3618.95,27941109760
3619.23,27941109760
3619.51,27941109760
3619.79,27941109760
3620.07,27941109760
3620.36,27941109760
3620.63,27941109760
3620.92,27941109760
3621.20,27941109760
3621.48,27941109760
3621.76,27941109760
3622.04,27941109760
3622.33,27941109760
3622.61,27941109760
3622.89,27941109760
3623.18,27941109760
3623.46,27941109760
3623.74,27941109760
3624.02,27941109760
3624.30,27941109760
3624.58,27941109760
3624.86,27941109760
3625.14,27941109760
3625.42,27941109760
3625.70,27941109760
3625.99,27941109760
3626.28,27941109760
3626.56,27941109760
3626.83,27941109760
3627.11,27941109760
3627.39,27941109760
3627.67,27941109760
3627.95,27941109760
3628.24,27941109760
3628.52,27941109760
3628.81,27941109760
3629.09,27941109760
3629.37,27941109760
3629.65,27941109760
3629.94,27941109760
3630.22,27941109760
3630.50,27941109760
3630.78,27941109760
3631.07,27941109760
3631.35,27941109760
3631.62,27941109760
3631.90,27941109760
3632.18,27941109760
3632.47,27941109760
3632.74,27941109760
3633.02,27941109760
3633.30,27941109760
3633.58,27941109760
3633.86,27941109760
3634.14,27941109760
3634.42,27941109760
3634.70,27941109760
3634.98,27941109760
3635.26,27941109760
3635.55,27941109760
3635.83,27941109760
3636.11,27941109760
3636.39,27941109760
3636.66,27941109760
3636.95,27941109760
3637.23,27941109760
3637.52,27941109760
3637.79,27941109760
3638.08,27941109760
3638.36,27941109760
3638.64,27941109760
3638.93,27941109760
3639.21,27941109760
3639.50,27941109760
3639.77,27941109760
3640.05,27941109760
3640.33,27941109760
3640.61,27941109760
3640.89,27941109760
3641.18,27941109760
3641.45,27941109760
3641.74,27941109760
3642.02,27941109760
3642.30,27941109760
3642.58,27941109760
3642.86,27941109760
3643.14,27941109760
3643.42,27941109760
3643.71,27941109760
3643.99,27941109760
3644.27,27941109760
3644.55,27941109760
3644.83,27941109760
3645.12,27941109760
3645.40,27941109760
3645.68,27941109760
3645.97,27941109760
3646.25,27941109760
3646.53,27941109760
3646.81,27941109760
3647.09,27941109760
3647.37,27941109760
3647.66,27941109760
3647.94,27941109760
3648.22,27941109760
3648.50,27941109760
3648.78,27941109760
3649.06,27941109760
3649.34,27941109760
3649.63,27941109760
3649.91,27941109760
3650.20,27941109760
3650.48,27941109760
3650.76,27941109760
3651.04,27941109760
3651.32,27941109760
3651.61,27941109760
3651.89,27941109760
3652.17,27941109760
3652.45,27941109760
3652.74,27941109760
3653.02,27941109760
3653.30,27941109760
3653.58,27941109760
3653.86,27941109760
3654.14,27941109760
3654.43,27941109760
3654.71,27941109760
3654.99,27941109760
3655.27,27941109760
3655.55,27941109760
3655.84,27941109760
3656.12,27941109760
3656.40,27941109760
3656.68,27941109760
3656.97,27941109760
3657.25,27941109760
3657.54,27941109760
3657.82,27941109760
3658.10,27941109760
3658.38,27941109760
3658.67,27941109760
3658.95,27941109760
3659.24,27941109760
3659.52,27941109760
3659.80,27941109760
3660.08,27941109760
3660.37,27941109760
3660.65,27941109760
3660.93,27941109760
3661.22,27941109760
3661.49,27941109760
3661.78,27941109760
3662.06,27941109760
3662.34,27941109760
3662.62,27941109760
3662.90,27941109760
3663.18,27941109760
3663.46,27941109760
3663.74,27941109760
3664.02,27941109760
3664.30,27941109760
3664.59,27941109760
3664.87,27941109760
3665.14,27941109760
3665.43,27941109760
3665.71,27941109760
3665.99,27941109760
3666.27,27941109760
3666.55,27941109760
3666.84,27941109760
3667.12,27941109760
3667.40,27941109760
3667.68,27941109760
3667.96,27941109760
3668.24,27941109760
3668.52,27941109760
3668.80,27941109760
3669.08,27941109760
3669.36,27941109760
3669.64,27941109760
3669.92,27941109760
3670.21,27941109760
3670.49,27941109760
3670.77,27941109760
3671.05,27941109760
3671.34,27941109760
3671.62,27941109760
3671.90,27941109760
3672.17,27941109760
3672.45,27941109760
3672.73,27941109760
3673.01,27941109760
3673.29,27941109760
3673.58,27941109760
3673.86,27941109760
3674.14,27941109760
3674.42,27941109760
3674.70,27941109760
3674.98,27941109760
3675.26,27941109760
3675.54,27941109760
3675.82,27941109760
3676.11,27941109760
3676.39,27941109760
3676.67,27941109760
3676.96,27941109760
3677.24,27941109760
3677.52,27941109760
3677.81,27941109760
3678.09,27941109760
3678.37,27941109760
3678.65,27941109760
3678.93,27941109760
3679.21,27941109760
3679.49,27941109760
3679.77,27941109760
3680.06,27941109760
3680.34,27941109760
3680.62,27941109760
3680.90,27941109760
3681.18,27941109760
3681.47,27941109760
3681.75,27941109760
3682.03,27941109760
3682.32,27941109760
3682.59,27941109760
3682.87,27941109760
3683.15,27941109760
3683.43,27941109760
3683.71,27941109760
3683.99,27941109760
3684.27,27941109760
3684.55,27941109760
3684.83,27941109760
3685.11,27941109760
3685.38,27941109760
3685.67,27941109760
3685.95,27941109760
3686.24,27941109760
3686.52,27941109760
3686.80,27941109760
3687.07,27941109760
3687.35,27941109760
3687.63,27941109760
3687.91,27941109760
3688.19,27941109760
3688.47,27941109760
3688.75,27941109760
3689.04,27941109760
3689.32,27941109760
3689.61,27941109760
3689.89,27941109760
3690.18,27941109760
3690.46,27941109760
3690.74,27941109760
3691.02,27941109760
3691.29,27941109760
3691.57,27941109760
3691.86,27941109760
3692.14,27941109760
3692.42,27941109760
3692.70,27941109760
3692.98,27941109760
3693.26,27941109760
3693.55,27941109760
3693.83,27941109760
3694.11,27941109760
3694.39,27941109760
3694.68,27941109760
3694.96,27941109760
3695.24,27941109760
3695.53,27941109760
3695.81,27941109760
3696.09,27941109760
3696.37,27941109760
3696.65,27941109760
3696.93,27941109760
3697.22,27941109760
3697.49,27941109760
3697.78,27941109760
3698.06,27941109760
3698.34,27941109760
3698.63,27941109760
3698.91,27941109760
3699.20,27941109760
3699.48,27941109760
3699.77,27941109760
3700.06,27941109760
3700.34,27941109760
3700.62,27941109760
3700.91,27941109760
3701.19,27941109760
3701.47,27941109760
3701.75,27941109760
3702.03,27941109760
3702.31,27941109760
3702.60,27941109760
3702.88,27941109760
3703.16,27941109760
3703.45,27941109760
3703.73,27941109760
3704.01,27941109760
3704.30,27941109760
3704.57,27941109760
3704.86,27941109760
3705.14,27941109760
3705.42,27941109760
3705.70,27941109760
3705.98,27941109760
3706.26,27941109760
3706.54,27941109760
3706.82,27941109760
3707.10,27941109760
3707.39,27941109760
3707.67,27941109760
3707.95,27941109760
3708.22,27941109760
3708.51,27941109760
3708.79,27941109760
3709.07,27941109760
3709.36,27941109760
3709.64,27941109760
3709.92,27941109760
3710.21,27941109760
3710.49,27941109760
3710.78,27941109760
3711.06,27941109760
3711.34,27941109760
3711.62,27941109760
3711.91,27941109760
3712.19,27941109760
3712.47,27941109760
3712.76,27941109760
3713.04,27941109760
3713.32,27941109760
3713.60,27941109760
3713.88,27941109760
3714.16,27941109760
3714.44,27941109760
3714.72,27941109760
3715.00,27941109760
3715.28,27941109760
3715.56,27941109760
3715.84,27941109760
3716.13,27941109760
3716.41,27941109760
3716.69,27941109760
3716.97,27941109760
3717.25,27941109760
3717.53,27941109760
3717.82,27941109760
3718.10,27941109760
3718.38,27941109760
3718.66,27941109760
3718.94,27941109760
3719.22,27941109760
3719.51,27941109760
3719.79,27941109760
3720.08,27941109760
3720.36,27941109760
3720.64,27941109760
3720.92,27941109760
3721.20,27941109760
3721.49,27941109760
3721.77,27941109760
3722.05,27941109760
3722.33,27941109760
3722.61,27941109760
3722.89,27941109760
3723.17,27941109760
3723.45,27941109760
3723.74,27941109760
3724.01,27941109760
3724.30,27941109760
3724.58,27941109760
3724.86,27941109760
3725.15,27941109760
3725.43,27941109760
3725.72,27941109760
3726.00,27941109760
3726.28,27941109760
3726.57,27941109760
3726.84,27941109760
3727.13,27941109760
3727.41,27941109760
3727.69,27941109760
3727.97,27941109760
3728.26,27941109760
3728.54,27941109760
3728.82,27941109760
3729.10,27941109760
3729.39,27941109760
3729.67,27941109760
3729.95,27941109760
3730.23,27941109760
3730.51,27941109760
3730.80,27941109760
3731.08,27941109760
3731.36,27941109760
3731.65,27941109760
3731.93,27941109760
3732.22,27941109760
3732.50,27941109760
3732.78,27941109760
3733.07,27941109760
3733.35,27941109760
3733.63,27941109760
3733.91,27941109760
3734.20,27941109760
3734.48,27941109760
3734.76,27941109760
3735.05,27941109760
3735.33,27941109760
3735.61,27941109760
3735.90,27941109760
3736.18,27941109760
3736.46,27941109760
3736.75,27941109760
3737.03,27941109760
3737.31,27941109760
3737.59,27941109760
3737.88,27941109760
3738.16,27941109760
3738.44,27941109760
3738.72,27941109760
3739.01,27941109760
3739.29,27941109760
3739.57,27941109760
3739.86,27941109760
3740.14,27941109760
3740.42,27941109760
3740.70,27941109760
3740.98,27941109760
3741.26,27941109760
3741.54,27941109760
3741.82,27941109760
3742.10,27941109760
3742.38,27941109760
3742.66,27941109760
3742.95,27941109760
3743.23,27941109760
3743.51,27941109760
3743.79,27941109760
3744.08,27941109760
3744.36,27941109760
3744.64,27941109760
3744.92,27941109760
3745.20,27941109760
3745.48,27941109760
3745.76,27941109760
3746.04,27941109760
3746.32,27941109760
3746.60,27941109760
3746.89,27941109760
3747.17,27941109760
3747.45,27941109760
3747.73,27941109760
3748.01,27941109760
3748.30,27941109760
3748.58,27941109760
3748.86,27941109760
3749.14,27941109760
3749.41,27941109760
3749.69,27941109760
3749.97,27941109760
3750.25,27941109760
3750.54,27941109760
3750.81,27941109760
3751.10,27941109760
3751.38,27941109760
3751.66,27941109760
3751.94,27941109760
3752.22,27941109760
3752.50,27941109760
3752.78,27941109760
3753.07,27941109760
3753.35,27941109760
3753.63,27941109760
3753.92,27941109760
3754.20,27941109760
3754.48,27941109760
3754.76,27941109760
3755.03,27941109760
3755.32,27941109760
3755.60,27941109760
3755.88,27941109760
3756.17,27941109760
3756.44,27941109760
3756.72,27941109760
3757.00,27941109760
3757.27,27941109760
3757.56,27941109760
3757.84,27941109760
3758.12,27941109760
3758.39,27941109760
3758.67,27941109760
3758.95,27941109760
3759.23,27941109760
3759.51,27941109760
3759.79,27941109760
3760.07,27941109760
3760.35,27941109760
3760.63,27941109760
3760.91,27941109760
3761.19,27941109760
3761.47,27941109760
3761.74,27941109760
3762.02,27941109760
3762.30,27941109760
3762.58,27941109760
3762.86,27941109760
3763.15,27941109760
3763.43,27941109760
3763.72,27941109760
3763.99,27941109760
3764.28,27941109760
3764.56,27941109760
3764.85,27941109760
3765.12,27941109760
3765.40,27941109760
3765.68,27941109760
3765.97,27941109760
3766.25,27941109760
3766.53,27941109760
3766.82,27941109760
3767.10,27941109760
3767.38,27941109760
3767.66,27941109760
3767.94,27941109760
3768.22,27941109760
3768.51,27941109760
3768.78,27941109760
3769.07,27941109760
3769.34,27941109760
3769.62,27941109760
3769.90,27941109760
3770.18,27941109760
3770.47,27941109760
3770.75,27941109760
3771.03,27941109760
3771.31,27941109760
3771.59,27941109760
3771.88,27941109760
3772.16,27941109760
3772.44,27941109760
3772.72,27941109760
3773.00,27941109760
3773.28,27941109760
3773.56,27941109760
3773.85,27941109760
3774.12,27941109760
3774.41,27941109760
3774.69,27941109760
3774.97,27941109760
3775.25,27941109760
3775.53,27941109760
3775.81,27941109760
3776.10,27941109760
3776.38,27941109760
3776.67,27941109760
3776.95,27941109760
3777.23,27941109760
3777.51,27941109760
3777.79,27941109760
3778.07,27941109760
3778.36,27941109760
3778.64,27941109760
3778.92,27941109760
3779.20,27941109760
3779.48,27941109760
3779.76,27941109760
3780.04,27941109760
3780.33,27941109760
3780.61,27941109760
3780.89,27941109760
3781.16,27941109760
3781.45,27941109760
3781.73,27941109760
3782.00,27941109760
3782.28,27941109760
3782.56,27941109760
3782.84,27941109760
3783.12,27941109760
3783.40,27941109760
3783.67,27941109760
3783.95,27941109760
3784.24,27941109760
3784.51,27941109760
3784.79,27941109760
3785.07,27941109760
3785.35,27941109760
3785.63,27941109760
3785.91,27941109760
3786.19,27941109760
3786.47,27941109760
3786.74,27941109760
3787.03,27941109760
3787.31,27941109760
3787.59,27941109760
3787.88,27941109760
3788.16,27941109760
3788.44,27941109760
3788.72,27941109760
3789.00,27941109760
3789.28,27941109760
3789.56,27941109760
3789.84,27941109760
3790.12,27941109760
3790.40,27941109760
3790.68,27941109760
3790.96,27941109760
3791.24,27941109760
3791.52,27941109760
3791.81,27941109760
3792.09,27941109760
3792.38,27941109760
3792.66,27941109760
3792.94,27941109760
3793.22,27941109760
3793.51,27941109760
3793.79,27941109760
3794.07,27941109760
3794.35,27941109760
3794.64,27941109760
3794.91,27941109760
3795.20,27941109760
3795.48,27941109760
3795.77,27941109760
3796.05,27941109760
3796.33,27941109760
3796.61,27941109760
3796.89,27941109760
3797.17,27941109760
3797.46,27941109760
3797.74,27941109760
3798.03,27941109760
3798.31,27941109760
3798.60,27941109760
3798.88,27941109760
3799.16,27941109760
3799.44,27941109760
3799.72,27941109760
3800.00,27941109760
3800.29,27941109760
3800.57,27941109760
3800.85,27941109760
3801.13,27941109760
3801.41,27941109760
3801.69,27941109760
3801.97,27941109760
3802.25,27941109760
3802.53,27941109760
3802.82,27941109760
3803.09,27941109760
3803.38,27941109760
3803.66,27941109760
3803.94,27941109760
3804.23,27941109760
3804.51,27941109760
3804.79,27941109760
3805.07,27941109760
3805.35,27941109760
3805.63,27941109760
3805.92,27941109760
3806.20,27941109760
3806.48,27941109760
3806.76,27941109760
3807.04,27941109760
3807.32,27941109760
3807.61,27941109760
3807.89,27941109760
3808.18,27941109760
3808.46,27941109760
3808.73,27941109760
3809.02,27941109760
3809.30,27941109760
3809.57,27941109760
3809.86,27941109760
3810.14,27941109760
3810.41,27941109760
3810.70,27941109760
3810.98,27941109760
3811.26,27941109760
3811.55,27941109760
3811.83,27941109760
3812.11,27941109760
3812.40,27941109760
3812.68,27941109760
3812.96,27941109760
3813.24,27941109760
3813.53,27941109760
3813.81,27941109760
3814.10,27941109760
3814.38,27941109760
3814.66,27941109760
3814.94,27941109760
3815.22,27941109760
3815.51,27941109760
3815.78,27941109760
3816.07,27941109760
3816.35,27941109760
3816.63,27941109760
3816.91,27941109760
3817.20,27941109760
3817.48,27941109760
3817.76,27941109760
3818.04,27941109760
3818.33,27941109760
3818.61,27941109760
3818.90,27941109760
3819.18,27941109760
3819.46,27941109760
3819.74,27941109760
3820.03,27941109760
3820.31,27941109760
3820.60,27941109760
3820.88,27941109760
3821.16,27941109760
3821.44,27941109760
3821.73,27941109760
3822.00,27941109760
3822.29,27941109760
3822.57,27941109760
3822.86,27941109760
3823.14,27941109760
3823.42,27941109760
3823.70,27941109760
3823.99,27941109760
3824.27,27941109760
3824.56,27941109760
3824.84,27941109760
3825.12,27941109760
3825.41,27941109760
3825.69,27941109760
3825.97,27941109760
3826.25,27941109760
3826.53,27941109760
3826.81,27941109760
3827.10,27941109760
3827.38,27941109760
3827.66,27941109760
3827.94,27941109760
3828.22,27941109760
3828.51,27941109760
3828.80,27941109760
3829.08,27941109760
3829.36,27941109760
3829.65,27941109760
3829.93,27941109760
3830.22,27941109760
3830.50,27941109760
3830.78,27941109760
3831.06,27941109760
3831.34,27941109760
3831.62,27941109760
3831.91,27941109760
3832.19,27941109760
3832.47,27941109760
3832.76,27941109760
3833.03,27941109760
3833.32,27941109760
3833.60,27941109760
3833.88,27941109760
3834.16,27941109760
3834.44,27941109760
3834.72,27941109760
3835.00,27941109760
3835.28,27941109760
3835.57,27941109760
3835.85,27941109760
3836.13,27941109760
3836.41,27941109760
3836.69,27941109760
3836.97,27941109760
3837.26,27941109760
3837.54,27941109760
3837.81,27941109760
3838.10,27941109760
3838.38,27941109760
3838.66,27941109760
3838.94,27941109760
3839.22,27941109760
3839.50,27941109760
3839.78,27941109760
3840.07,27941109760
3840.35,27941109760
3840.63,27941109760
3840.92,27941109760
3841.20,27941109760
3841.47,27941109760
3841.75,27941109760
3842.04,27941109760
3842.32,27941109760
3842.60,27941109760
3842.88,27941109760
3843.16,27941109760
3843.45,27941109760
3843.73,27941109760
3844.01,27941109760
3844.30,27941109760
3844.58,27941109760
3844.86,27941109760
3845.14,27941109760
3845.42,27941109760
3845.70,27941109760
3845.98,27941109760
3846.25,27941109760
3846.53,27941109760
3846.82,27941109760
3847.09,27941109760
3847.38,27941109760
3847.66,27941109760
3847.94,27941109760
3848.22,27941109760
3848.51,27941109760
3848.79,27941109760
3849.07,27941109760
3849.35,27941109760
3849.63,27941109760
3849.91,27941109760
3850.20,27941109760
3850.48,27941109760
3850.76,27941109760
3851.05,27941109760
3851.33,27941109760
3851.61,27941109760
3851.89,27941109760
3852.17,27941109760
3852.45,27941109760
3852.73,27941109760
3853.01,27941109760
3853.29,27941109760
3853.57,27941109760
3853.85,27941109760
3854.13,27941109760
3854.41,27941109760
3854.69,27941109760
3854.97,27941109760
3855.25,27941109760
3855.54,27941109760
3855.82,27941109760
3856.10,27941109760
3856.38,27941109760
3856.67,27941109760
3856.95,27941109760
3857.23,27941109760
3857.51,27941109760
3857.80,27941109760
3858.09,27941109760
3858.36,27941109760
3858.64,27941109760
3858.93,27941109760
3859.21,27941109760
3859.49,27941109760
3859.77,27941109760
3860.05,27941109760
3860.33,27941109760
3860.61,27941109760
3860.90,27941109760
3861.19,27941109760
3861.47,27941109760
3861.75,27941109760
3862.03,27941109760
3862.31,27941109760
3862.59,27941109760
3862.88,27941109760
3863.16,27941109760
3863.44,27941109760
3863.73,27941109760
3864.01,27941109760
3864.29,27941109760
3864.57,27941109760
3864.85,27941109760
3865.14,27941109760
3865.42,27941109760
3865.70,27941109760
3865.98,27941109760
3866.26,27941109760
3866.53,27941109760
3866.82,27941109760
3867.10,27941109760
3867.39,27941109760
3867.67,27941109760
3867.95,27941109760
3868.24,27941109760
3868.52,27941109760
3868.80,27941109760
3869.08,27941109760
3869.36,27941109760
3869.65,27941109760
3869.93,27941109760
3870.21,27941109760
3870.49,27941109760
3870.78,27941109760
3871.06,27941109760
3871.34,27941109760
3871.62,27941109760
3871.90,27941109760
3872.18,27941109760
3872.45,27941109760
3872.74,27941109760
3873.02,27941109760
3873.30,27941109760
3873.58,27941109760
3873.87,27941109760
3874.15,27941109760
3874.43,27941109760
3874.71,27941109760
3874.99,27941109760
3875.28,27941109760
3875.56,27941109760
3875.84,27941109760
3876.12,27941109760
3876.40,27941109760
3876.68,27941109760
3876.97,27941109760
3877.24,27941109760
3877.53,27941109760
3877.81,27941109760
3878.09,27941109760
3878.38,27941109760
3878.66,27941109760
3878.94,27941109760
3879.23,27941109760
3879.51,27941109760
3879.79,27941109760
3880.08,27941109760
3880.36,27941109760
3880.64,27941109760
3880.92,27941109760
3881.20,27941109760
3881.49,27941109760
3881.77,27941109760
3882.05,27941109760
3882.33,27941109760
3882.61,27941109760
3882.89,27941109760
3883.17,27941109760
3883.46,27941109760
3883.74,27941109760
3884.02,27941109760
3884.31,27941109760
3884.59,27941109760
3884.87,27941109760
3885.16,27941109760
3885.44,27941109760
3885.72,27941109760
3886.01,27941109760
3886.29,27941109760
3886.57,27941109760
3886.85,27941109760
3887.14,27941109760
3887.42,27941109760
3887.70,27941109760
3887.98,27941109760
3888.26,27941109760
3888.55,27941109760
3888.83,27941109760
3889.11,27941109760
3889.40,27941109760
3889.68,27941109760
3889.97,27941109760
3890.25,27941109760
3890.53,27941109760
3890.81,27941109760
3891.09,27941109760
3891.37,27941109760
3891.66,27941109760
3891.94,27941109760
3892.22,27941109760
3892.51,27941109760
3892.79,27941109760
3893.07,27941109760
3893.36,27941109760
3893.64,27941109760
3893.92,27941109760
3894.21,27941109760
3894.49,27941109760
3894.78,27941109760
3895.06,27941109760
3895.34,27941109760
3895.63,27941109760
3895.91,27941109760
3896.19,27941109760
3896.48,27941109760
3896.76,27941109760
3897.05,27941109760
3897.33,27941109760
3897.61,27941109760
3897.90,27941109760
3898.18,27941109760
3898.45,27941109760
3898.74,27941109760
3899.02,27941109760
3899.30,27941109760
3899.59,27941109760
3899.88,27941109760
3900.16,27941109760
3900.44,27941109760
3900.72,27941109760
3901.00,27941109760
3901.28,27941109760
3901.57,27941109760
3901.85,27941109760
3902.13,27941109760
3902.42,27941109760
3902.70,27941109760
3902.98,27941109760
3903.26,27941109760
3903.55,27941109760
3903.83,27941109760
3904.12,27941109760
3904.40,27941109760
3904.68,27941109760
3904.97,27941109760
3905.25,27941109760
3905.53,27941109760
3905.81,27941109760
3906.10,27941109760
3906.38,27941109760
3906.66,27941109760
3906.95,27941109760
3907.23,27941109760
3907.52,27941109760
3907.80,27941109760
3908.08,27941109760
3908.36,27941109760
3908.64,27941109760
3908.93,27941109760
3909.20,27941109760
3909.49,27941109760
3909.77,27941109760
3910.05,27941109760
3910.34,27941109760
3910.61,27941109760
3910.89,27941109760
3911.17,27941109760
3911.46,27941109760
3911.74,27941109760
3912.02,27941109760
3912.30,27941109760
3912.57,27941109760
3912.85,27941109760
3913.13,27941109760
3913.42,27941109760
3913.70,27941109760
3913.98,27941109760
3914.27,27941109760
3914.55,27941109760
3914.83,27941109760
3915.11,27941109760
3915.40,27941109760
3915.68,27941109760
3915.96,27941109760
3916.24,27941109760
3916.53,27941109760
3916.80,27941109760
3917.09,27941109760
3917.37,27941109760
3917.65,27941109760
3917.93,27941109760
3918.21,27941109760
3918.49,27941109760
3918.77,27941109760
3919.05,27941109760
3919.33,27941109760
3919.62,27941109760
3919.90,27941109760
3920.18,27941109760
3920.46,27941109760
3920.74,27941109760
3921.02,27941109760
3921.31,27941109760
3921.59,27941109760
3921.87,27941109760
3922.15,27941109760
3922.43,27941109760
3922.71,27941109760
3922.99,27941109760
3923.28,27941109760
3923.56,27941109760
3923.84,27941109760
3924.13,27941109760
3924.41,27941109760
3924.69,27941109760
3924.97,27941109760
3925.26,27941109760
3925.53,27941109760
3925.82,27941109760
3926.10,27941109760
3926.38,27941109760
3926.66,27941109760
3926.94,27941109760
3927.22,27941109760
3927.50,27941109760
3927.78,27941109760
3928.07,27941109760
3928.35,27941109760
3928.63,27941109760
3928.91,27941109760
3929.19,27941109760
3929.48,27941109760
3929.76,27941109760
3930.05,27941109760
3930.33,27941109760
3930.61,27941109760
3930.89,27941109760
3931.18,27941109760
3931.46,27941109760
3931.74,27941109760
3932.02,27941109760
3932.30,27941109760
3932.58,27941109760
3932.86,27941109760
3933.14,27941109760
3933.43,27941109760
3933.71,27941109760
3933.99,27941109760
3934.27,27941109760
3934.55,27941109760
3934.84,27941109760
3935.12,27941109760
3935.40,27941109760
3935.69,27941109760
3935.97,27941109760
3936.25,27941109760
3936.53,27941109760
3936.81,27941109760
3937.10,27941109760
3937.38,27941109760
3937.66,27941109760
3937.94,27941109760
3938.23,27941109760
3938.51,27941109760
3938.79,27941109760
3939.07,27941109760
3939.36,27941109760
3939.64,27941109760
3939.92,27941109760
3940.20,27941109760
3940.49,27941109760
3940.77,27941109760
3941.05,27941109760
3941.33,27941109760
3941.61,27941109760
3941.89,27941109760
3942.17,27941109760
3942.45,27941109760
3942.73,27941109760
3943.01,27941109760
3943.29,27941109760
3943.56,27941109760
3943.84,27941109760
3944.12,27941109760
3944.39,27941109760
3944.67,27941109760
3944.95,27941109760
3945.22,27941109760
3945.50,27941109760
3945.77,27941109760
3946.05,27941109760
3946.34,27941109760
3946.62,27941109760
3946.90,27941109760
3947.19,27941109760
3947.46,27941109760
3947.75,27941109760
3948.03,27941109760
3948.31,27941109760
3948.59,27941109760
3948.87,27941109760
3949.16,27941109760
3949.44,27941109760
3949.72,27941109760
3950.01,27941109760
3950.29,27941109760
3950.57,27941109760
3950.85,27941109760
3951.13,27941109760
3951.42,27941109760
3951.70,27941109760
3951.98,27941109760
3952.26,27941109760
3952.54,27941109760
3952.82,27941109760
3953.11,27941109760
3953.39,27941109760
3953.68,27941109760
3953.96,27941109760
3954.24,27941109760
3954.52,27941109760
3954.80,27941109760
3955.08,27941109760
3955.36,27941109760
3955.64,27941109760
3955.92,27941109760
3956.20,27941109760
3956.48,27941109760
3956.76,27941109760
3957.04,27941109760
3957.33,27941109760
3957.61,27941109760
3957.89,27941109760
3958.16,27941109760
3958.45,27941109760
3958.73,27941109760
3959.01,27941109760
3959.29,27941109760
3959.57,27941109760
3959.85,27941109760
3960.13,27941109760
3960.41,27941109760
3960.69,27941109760
3960.97,27941109760
3961.26,27941109760
3961.54,27941109760
3961.82,27941109760
3962.10,27941109760
3962.38,27941109760
3962.66,27941109760
3962.94,27941109760
3963.22,27941109760
3963.50,27941109760
3963.78,27941109760
3964.07,27941109760
3964.35,27941109760
3964.63,27941109760
3964.92,27941109760
3965.20,27941109760
3965.48,27941109760
3965.77,27941109760
3966.04,27941109760
3966.33,27941109760
3966.61,27941109760
3966.89,27941109760
3967.18,27941109760
3967.46,27941109760
3967.74,27941109760
3968.02,27941109760
3968.30,27941109760
3968.58,27941109760
3968.86,27941109760
3969.14,27941109760
3969.42,27941109760
3969.70,27941109760
3969.98,27941109760
3970.27,27941109760
3970.55,27941109760
3970.83,27941109760
3971.12,27941109760
3971.39,27941109760
3971.67,27941109760
3971.96,27941109760
3972.24,27941109760
3972.51,27941109760
3972.80,27941109760
3973.08,27941109760
3973.36,27941109760
3973.64,27941109760
3973.92,27941109760
3974.21,27941109760
3974.49,27941109760
3974.77,27941109760
3975.05,27941109760
3975.33,27941109760
3975.61,27941109760
3975.90,27941109760
3976.18,27941109760
3976.47,27941109760
3976.75,27941109760
3977.03,27941109760
3977.31,27941109760
3977.59,27941109760
3977.87,27941109760
3978.15,27941109760
3978.43,27941109760
3978.72,27941109760
3979.01,27941109760
3979.29,27941109760
3979.57,27941109760
3979.85,27941109760
3980.14,27941109760
3980.42,27941109760
3980.70,27941109760
3980.99,27941109760
3981.27,27941109760
3981.55,27941109760
3981.84,27941109760
3982.11,27941109760
3982.40,27941109760
3982.68,27941109760
3982.96,27941109760
3983.25,27941109760
3983.53,27941109760
3983.81,27941109760
3984.09,27941109760
3984.38,27941109760
3984.66,27941109760
3984.94,27941109760
3985.22,27941109760
3985.51,27941109760
3985.79,27941109760
3986.07,27941109760
3986.35,27941109760
3986.63,27941109760
3986.91,27941109760
3987.19,27941109760
3987.48,27941109760
3987.76,27941109760
3988.04,27941109760
3988.32,27941109760
3988.60,27941109760
3988.88,27941109760
3989.16,27941109760
3989.45,27941109760
3989.73,27941109760
3990.01,27941109760
3990.29,27941109760
3990.57,27941109760
3990.86,27941109760
3991.13,27941109760
3991.41,27941109760
3991.70,27941109760
3991.98,27941109760
3992.26,27941109760
3992.54,27941109760
3992.82,27941109760
3993.10,27941109760
3993.38,27941109760
3993.66,27941109760
3993.94,27941109760
3994.22,27941109760
3994.50,27941109760
3994.78,27941109760
3995.06,27941109760
3995.34,27941109760
3995.62,27941109760
3995.90,27941109760
3996.18,27941109760
3996.46,27941109760
3996.75,27941109760
3997.03,27941109760
3997.31,27941109760
3997.60,27941109760
3997.88,27941109760
3998.16,27941109760
3998.44,27941109760
3998.72,27941109760
3999.01,27941109760
3999.29,27941109760
3999.57,27941109760
3999.85,27941109760
4000.14,27941109760
4000.42,27941109760
4000.70,27941109760
4000.99,27941109760
4001.27,27941109760
4001.54,27941109760
4001.83,27941109760
4002.11,27941109760
4002.40,27941109760
4002.68,27941109760
4002.95,27941109760
4003.24,27941109760
4003.52,27941109760
4003.80,27941109760
4004.09,27941109760
4004.37,27941109760
4004.66,27941109760
4004.94,27941109760
4005.22,27941109760
4005.50,27941109760
4005.78,27941109760
4006.06,27941109760
4006.34,27941109760
4006.62,27941109760
4006.90,27941109760
4007.18,27941109760
4007.46,27941109760
4007.74,27941109760
4008.02,27941109760
4008.31,27941109760
4008.59,27941109760
4008.86,27941109760
4009.14,27941109760
4009.42,27941109760
4009.70,27941109760
4009.98,27941109760
4010.26,27941109760
4010.54,27941109760
4010.82,27941109760
4011.10,27941109760
4011.39,27941109760
4011.67,27941109760
4011.95,27941109760
4012.23,27941109760
4012.51,27941109760
4012.80,27941109760
4013.08,27941109760
4013.36,27941109760
4013.65,27941109760
4013.93,27941109760
4014.21,27941109760
4014.49,27941109760
4014.77,27941109760
4015.04,27941109760
4015.32,27941109760
4015.60,27941109760
4015.88,27941109760
4016.16,27941109760
4016.44,27941109760
4016.72,27941109760
4017.00,27941109760
4017.29,27941109760
4017.56,27941109760
4017.84,27941109760
4018.13,27941109760
4018.41,27941109760
4018.69,27941109760
4018.97,27941109760
4019.25,27941109760
4019.53,27941109760
4019.81,27941109760
4020.09,27941109760
4020.38,27941109760
4020.66,27941109760
4020.95,27941109760
4021.23,27941109760
4021.51,27941109760
4021.79,27941109760
4022.07,27941109760
4022.35,27941109760
4022.64,27941109760
4022.92,27941109760
4023.20,27941109760
4023.49,27941109760
4023.77,27941109760
4024.05,27941109760
4024.33,27941109760
4024.61,27941109760
4024.89,27941109760
4025.17,27941109760
4025.45,27941109760
4025.73,27941109760
4026.01,27941109760
4026.29,27941109760
4026.57,27941109760
4026.86,27941109760
4027.14,27941109760
4027.43,27941109760
4027.71,27941109760
4027.99,27941109760
4028.27,27941109760
4028.55,27941109760
4028.83,27941109760
4029.11,27941109760
4029.39,27941109760
4029.66,27941109760
4029.95,27941109760
4030.23,27941109760
4030.51,27941109760
4030.79,27941109760
4031.07,27941109760
4031.35,27941109760
4031.64,27941109760
4031.91,27941109760
4032.20,27941109760
4032.48,27941109760
4032.76,27941109760
4033.05,27941109760
4033.33,27941109760
4033.61,27941109760
4033.90,27941109760
4034.18,27941109760
4034.47,27941109760
4034.75,27941109760
4035.03,27941109760
4035.31,27941109760
4035.59,27941109760
4035.87,27941109760
4036.15,27941109760
4036.43,27941109760
4036.71,27941109760
4037.00,27941109760
4037.28,27941109760
4037.57,27941109760
4037.86,27941109760
4038.14,27941109760
4038.42,27941109760
4038.70,27941109760
4038.98,27941109760
4039.26,27941109760
4039.54,27941109760
4039.82,27941109760
4040.10,27941109760
4040.39,27941109760
4040.67,27941109760
4040.95,27941109760
4041.24,27941109760
4041.52,27941109760
4041.80,27941109760
4042.08,27941109760
4042.36,27941109760
4042.64,27941109760
4042.93,27941109760
4043.21,27941109760
4043.49,27941109760
4043.77,27941109760
4044.05,27941109760
4044.33,27941109760
4044.61,27941109760
4044.89,27941109760
4045.17,27941109760
4045.46,27941109760
4045.74,27941109760
4046.02,27941109760
4046.30,27941109760
4046.58,27941109760
4046.86,27941109760
4047.14,27941109760
4047.42,27941109760
4047.70,27941109760
4047.99,27941109760
4048.26,27941109760
4048.55,27941109760
4048.84,27941109760
4049.12,27941109760
4049.40,27941109760
4049.69,27941109760
4049.97,27941109760
4050.25,27941109760
4050.53,27941109760
4050.82,27941109760
4051.10,27941109760
4051.38,27941109760
4051.67,27941109760
4051.95,27941109760
4052.24,27941109760
4052.51,27941109760
4052.80,27941109760
4053.08,27941109760
4053.36,27941109760
4053.63,27941109760
4053.91,27941109760
4054.20,27941109760
4054.48,27941109760
4054.76,27941109760
4055.04,27941109760
4055.32,27941109760
4055.60,27941109760
4055.88,27941109760
4056.16,27941109760
4056.44,27941109760
4056.72,27941109760
4057.01,27941109760
4057.28,27941109760
4057.56,27941109760
4057.85,27941109760
4058.13,27941109760
4058.41,27941109760
4058.69,27941109760
4058.97,27941109760
4059.25,27941109760
4059.54,27941109760
4059.82,27941109760
4060.10,27941109760
4060.38,27941109760
4060.67,27941109760
4060.95,27941109760
4061.23,27941109760
4061.51,27941109760
4061.79,27941109760
4062.07,27941109760
4062.35,27941109760
4062.63,27941109760
4062.91,27941109760
4063.20,27941109760
4063.48,27941109760
4063.76,27941109760
4064.04,27941109760
4064.32,27941109760
4064.60,27941109760
4064.89,27941109760
4065.17,27941109760
4065.45,27941109760
4065.72,27941109760
4066.01,27941109760
4066.29,27941109760
4066.58,27941109760
4066.86,27941109760
4067.14,27941109760
4067.43,27941109760
4067.71,27941109760
4067.99,27941109760
4068.28,27941109760
4068.56,27941109760
4068.84,27941109760
4069.13,27941109760
4069.40,27941109760
4069.69,27941109760
4069.97,27941109760
4070.25,27941109760
4070.53,27941109760
4070.81,27941109760
4071.09,27941109760
4071.38,27941109760
4071.66,27941109760
4071.94,27941109760
4072.22,27941109760
4072.50,27941109760
4072.78,27941109760
4073.06,27941109760
4073.34,27941109760
4073.63,27941109760
4073.91,27941109760
4074.19,27941109760
4074.47,27941109760
4074.75,27941109760
4075.03,27941109760
4075.32,27941109760
4075.60,27941109760
4075.88,27941109760
4076.17,27941109760
4076.45,27941109760
4076.73,27941109760
4077.01,27941109760
4077.29,27941109760
4077.56,27941109760
4077.85,27941109760
4078.13,27941109760
4078.42,27941109760
4078.70,27941109760
4078.98,27941109760
4079.26,27941109760
4079.54,27941109760
4079.83,27941109760
4080.11,27941109760
4080.39,27941109760
4080.68,27941109760
4080.96,27941109760
4081.23,27941109760
4081.52,27941109760
4081.80,27941109760
4082.08,27941109760
4082.36,27941109760
4082.64,27941109760
4082.93,27941109760
4083.21,27941109760
4083.49,27941109760
4083.78,27941109760
4084.06,27941109760
4084.34,27941109760
4084.62,27941109760
4084.90,27941109760
4085.18,27941109760
4085.46,27941109760
4085.74,27941109760
4086.02,27941109760
4086.31,27941109760
4086.59,27941109760
4086.87,27941109760
4087.15,27941109760
4087.43,27941109760
4087.71,27941109760
4087.99,27941109760
4088.27,27941109760
4088.55,27941109760
4088.84,27941109760
4089.12,27941109760
4089.40,27941109760
4089.67,27941109760
4089.95,27941109760
4090.24,27941109760
4090.52,27941109760
4090.80,27941109760
4091.09,27941109760
4091.37,27941109760
4091.66,27941109760
4091.94,27941109760
4092.21,27941109760
4092.49,27941109760
4092.78,27941109760
4093.06,27941109760
4093.34,27941109760
4093.62,27941109760
4093.90,27941109760
4094.18,27941109760
4094.46,27941109760
4094.74,27941109760
4095.02,27941109760
4095.30,27941109760
4095.59,27941109760
4095.87,27941109760
4096.15,27941109760
4096.43,27941109760
4096.72,27941109760
4097.00,27941109760
4097.28,27941109760
4097.56,27941109760
4097.85,27941109760
4098.13,27941109760
4098.42,27941109760
4098.70,27941109760
4098.98,27941109760
4099.26,27941109760
4099.55,27941109760
4099.83,27941109760
4100.11,27941109760
4100.39,27941109760
4100.67,27941109760
4100.95,27941109760
4101.23,27941109760
4101.51,27941109760
4101.79,27941109760
4102.07,27941109760
4102.35,27941109760
4102.63,27941109760
4102.92,27941109760
4103.19,27941109760
4103.48,27941109760
4103.76,27941109760
4104.04,27941109760
4104.32,27941109760
4104.61,27941109760
4104.89,27941109760
4105.17,27941109760
4105.45,27941109760
4105.74,27941109760
4106.02,27941109760
4106.31,27941109760
4106.59,27941109760
4106.87,27941109760
4107.15,27941109760
4107.43,27941109760
4107.72,27941109760
4108.00,27941109760
4108.29,27941109760
4108.57,27941109760
4108.85,27941109760
4109.13,27941109760
4109.41,27941109760
4109.69,27941109760
4109.97,27941109760
4110.26,27941109760
4110.54,27941109760
4110.82,27941109760
4111.11,27941109760
4111.39,27941109760
4111.67,27941109760
4111.95,27941109760
4112.23,27941109760
4112.52,27941109760
4112.80,27941109760
4113.08,27941109760
4113.36,27941109760
4113.64,27941109760
4113.92,27941109760
4114.20,27941109760
4114.48,27941109760
4114.76,27941109760
4115.05,27941109760
4115.33,27941109760
4115.61,27941109760
4115.89,27941109760
4116.18,27941109760
4116.46,27941109760
4116.74,27941109760
4117.02,27941109760
4117.31,27941109760
4117.59,27941109760
4117.87,27941109760
4118.15,27941109760
4118.44,27941109760
4118.72,27941109760
4119.00,27941109760
4119.28,27941109760
4119.57,27941109760
4119.85,27941109760
4120.14,27941109760
4120.42,27941109760
4120.70,27941109760
4120.98,27941109760
4121.27,27941109760
4121.55,27941109760
4121.83,27941109760
4122.12,27941109760
4122.40,27941109760
4122.68,27941109760
4122.96,27941109760
4123.24,27941109760
4123.52,27941109760
4123.80,27941109760
4124.08,27941109760
4124.36,27941109760
4124.65,27941109760
4124.93,27941109760
4125.21,27941109760
4125.49,27941109760
4125.77,27941109760
4126.05,27941109760
4126.33,27941109760
4126.62,27941109760
4126.90,27941109760
4127.18,27941109760
4127.46,27941109760
4127.75,27941109760
4128.03,27941109760
4128.31,27941109760
4128.59,27941109760
4128.88,27941109760
4129.15,27941109760
4129.43,27941109760
4129.72,27941109760
4130.00,27941109760
4130.28,27941109760
4130.56,27941109760
4130.85,27941109760
4131.14,27941109760
4131.42,27941109760
4131.70,27941109760
4131.98,27941109760
4132.26,27941109760
4132.54,27941109760
4132.82,27941109760
4133.10,27941109760
4133.38,27941109760
4133.66,27941109760
4133.94,27941109760
4134.23,27941109760
4134.51,27941109760
4134.79,27941109760
4135.07,27941109760
4135.35,27941109760
4135.63,27941109760
4135.91,27941109760
4136.20,27941109760
4136.49,27941109760
4136.77,27941109760
4137.05,27941109760
4137.33,27941109760
4137.61,27941109760
4137.89,27941109760
4138.17,27941109760
4138.45,27941109760
4138.73,27941109760
4139.02,27941109760
4139.30,27941109760
4139.58,27941109760
4139.87,27941109760
4140.15,27941109760
4140.43,27941109760
4140.72,27941109760
4141.00,27941109760
4141.28,27941109760
4141.57,27941109760
4141.85,27941109760
4142.13,27941109760
4142.41,27941109760
4142.70,27941109760
4142.98,27941109760
4143.26,27941109760
4143.54,27941109760
4143.82,27941109760
4144.10,27941109760
4144.38,27941109760
4144.66,27941109760
4144.95,27941109760
4145.23,27941109760
4145.51,27941109760
4145.80,27941109760
4146.08,27941109760
4146.36,27941109760
4146.64,27941109760
4146.93,27941109760
4147.21,27941109760
4147.49,27941109760
4147.78,27941109760
4148.05,27941109760
4148.34,27941109760
4148.62,27941109760
4148.90,27941109760
4149.19,27941109760
4149.48,27941109760
4149.76,27941109760
4150.04,27941109760
4150.32,27941109760
4150.60,27941109760
4150.88,27941109760
4151.16,27941109760
4151.45,27941109760
4151.73,27941109760
4152.01,27941109760
4152.30,27941109760
4152.58,27941109760
4152.87,27941109760
4153.15,27941109760
4153.43,27941109760
4153.71,27941109760
4153.99,27941109760
4154.28,27941109760
4154.56,27941109760
4154.85,27941109760
4155.13,27941109760
4155.41,27941109760
4155.70,27941109760
4155.98,27941109760
4156.25,27941109760
4156.53,27941109760
4156.82,27941109760
4157.10,27941109760
4157.38,27941109760
4157.65,27941109760
4157.94,27941109760
4158.22,27941109760
4158.50,27941109760
4158.78,27941109760
4159.07,27941109760
4159.35,27941109760
4159.63,27941109760
4159.91,27941109760
4160.19,27941109760
4160.46,27941109760
4160.75,27941109760
4161.03,27941109760
4161.31,27941109760
4161.59,27941109760
4161.88,27941109760
4162.16,27941109760
4162.44,27941109760
4162.72,27941109760
4163.00,27941109760
4163.28,27941109760
4163.56,27941109760
4163.85,27941109760
4164.12,27941109760
4164.41,27941109760
4164.69,27941109760
4164.98,27941109760
4165.26,27941109760
4165.54,27941109760
4165.82,27941109760
4166.10,27941109760
4166.39,27941109760
4166.67,27941109760
4166.95,27941109760
4167.23,27941109760
4167.51,27941109760
4167.78,27941109760
4168.07,27941109760
4168.35,27941109760
4168.63,27941109760
4168.91,27941109760
4169.19,27941109760
4169.47,27941109760
4169.75,27941109760
4170.03,27941109760
4170.31,27941109760
4170.59,27941109760
4170.88,27941109760
4171.16,27941109760
4171.44,27941109760
4171.72,27941109760
4172.01,27941109760
4172.29,27941109760
4172.57,27941109760
4172.85,27941109760
4173.14,27941109760
4173.42,27941109760
4173.70,27941109760
4173.98,27941109760
4174.27,27941109760
4174.55,27941109760
4174.83,27941109760
4175.11,27941109760
4175.39,27941109760
4175.67,27941109760
4175.96,27941109760
4176.24,27941109760
4176.53,27941109760
4176.81,27941109760
4177.09,27941109760
4177.37,27941109760
4177.65,27941109760
4177.93,27941109760
4178.21,27941109760
4178.49,27941109760
4178.78,27941109760
4179.06,27941109760
4179.33,27941109760
4179.62,27941109760
4179.90,27941109760
4180.19,27941109760
4180.47,27941109760
4180.75,27941109760
4181.03,27941109760
4181.31,27941109760
4181.60,27941109760
4181.87,27941109760
4182.15,27941109760
4182.43,27941109760
4182.72,27941109760
4183.00,27941109760
4183.28,27941109760
4183.56,27941109760
4183.84,27941109760
4184.12,27941109760
4184.40,27941109760
4184.68,27941109760
4184.96,27941109760
4185.24,27941109760
4185.53,27941109760
4185.81,27941109760
4186.09,27941109760
4186.37,27941109760
4186.64,27941109760
4186.92,27941109760
4187.20,27941109760
4187.48,27941109760
4187.77,27941109760
4188.05,27941109760
4188.33,27941109760
4188.61,27941109760
4188.89,27941109760
4189.17,27941109760
4189.45,27941109760
4189.73,27941109760
4190.02,27941109760
4190.30,27941109760
4190.58,27941109760
4190.86,27941109760
4191.15,27941109760
4191.43,27941109760
4191.71,27941109760
4191.99,27941109760
4192.27,27941109760
4192.56,27941109760
4192.84,27941109760
4193.12,27941109760
4193.40,27941109760
4193.69,27941109760
4193.97,27941109760
4194.26,27941109760
4194.53,27941109760
4194.82,27941109760
4195.10,27941109760
4195.38,27941109760
4195.66,27941109760
4195.95,27941109760
4196.23,27941109760
4196.51,27941109760
4196.79,27941109760
4197.07,27941109760
4197.34,27941109760
4197.63,27941109760
4197.91,27941109760
4198.18,27941109760
4198.47,27941109760
4198.75,27941109760
4199.04,27941109760
4199.32,27941109760
4199.61,27941109760
4199.89,27941109760
4200.17,27941109760
4200.45,27941109760
4200.73,27941109760
4201.01,27941109760
4201.30,27941109760
4201.58,27941109760
4201.86,27941109760
4202.14,27941109760
4202.42,27941109760
4202.70,27941109760
4202.98,27941109760
4203.27,27941109760
4203.55,27941109760
4203.83,27941109760
4204.11,27941109760
4204.39,27941109760
4204.68,27941109760
4204.96,27941109760
4205.24,27941109760
4205.52,27941109760
4205.81,27941109760
4206.09,27941109760
4206.37,27941109760
4206.65,27941109760
4206.94,27941109760
4207.22,27941109760
4207.50,27941109760
4207.78,27941109760
4208.06,27941109760
4208.34,27941109760
4208.63,27941109760
4208.91,27941109760
4209.19,27941109760
4209.47,27941109760
4209.75,27941109760
4210.03,27941109760
4210.31,27941109760
4210.60,27941109760
4210.87,27941109760
4211.16,27941109760
4211.44,27941109760
4211.72,27941109760
4212.00,27941109760
4212.28,27941109760
4212.56,27941109760
4212.85,27941109760
4213.13,27941109760
4213.41,27941109760
4213.70,27941109760
4213.98,27941109760
4214.27,27941109760
4214.55,27941109760
4214.83,27941109760
4215.11,27941109760
4215.39,27941109760
4215.67,27941109760
4215.96,27941109760
4216.24,27941109760
4216.52,27941109760
4216.80,27941109760
4217.08,27941109760
4217.36,27941109760
4217.65,27941109760
4217.93,27941109760
4218.21,27941109760
4218.49,27941109760
4218.77,27941109760
4219.05,27941109760
4219.34,27941109760
4219.62,27941109760
4219.91,27941109760
4220.19,27941109760
4220.47,27941109760
4220.76,27941109760
4221.04,27941109760
4221.32,27941109760
4221.61,27941109760
4221.90,27941109760
4222.18,27941109760
4222.46,27941109760
4222.75,27941109760
4223.03,27941109760
4223.31,27941109760
4223.60,27941109760
4223.88,27941109760
4224.16,27941109760
4224.43,27941109760
4224.72,27941109760
4225.00,27941109760
4225.28,27941109760
4225.57,27941109760
4225.85,27941109760
4226.14,27941109760
4226.42,27941109760
4226.70,27941109760
4226.98,27941109760
4227.26,27941109760
4227.54,27941109760
4227.82,27941109760
4228.10,27941109760
4228.39,27941109760
4228.67,27941109760
4228.95,27941109760
4229.23,27941109760
4229.51,27941109760
4229.80,27941109760
4230.08,27941109760
4230.36,27941109760
4230.65,27941109760
4230.93,27941109760
4231.21,27941109760
4231.50,27941109760
4231.78,27941109760
4232.06,27941109760
4232.34,27941109760
4232.62,27941109760
4232.90,27941109760
4233.18,27941109760
4233.46,27941109760
4233.74,27941109760
4234.02,27941109760
4234.30,27941109760
4234.58,27941109760
4234.86,27941109760
4235.14,27941109760
4235.42,27941109760
4235.71,27941109760
4235.99,27941109760
4236.26,27941109760
4236.55,27941109760
4236.83,27941109760
4237.10,27941109760
4237.38,27941109760
4237.67,27941109760
4237.94,27941109760
4238.22,27941109760
4238.51,27941109760
4238.79,27941109760
4239.07,27941109760
4239.35,27941109760
4239.64,27941109760
4239.92,27941109760
4240.19,27941109760
4240.47,27941109760
4240.75,27941109760
4241.03,27941109760
4241.32,27941109760
4241.60,27941109760
4241.89,27941109760
4242.17,27941109760
4242.45,27941109760
4242.73,27941109760
4243.02,27941109760
4243.29,27941109760
4243.57,27941109760
4243.85,27941109760
4244.14,27941109760
4244.42,27941109760
4244.71,27941109760
4245.00,27941109760
4245.28,27941109760
4245.56,27941109760
4245.85,27941109760
4246.13,27941109760
4246.41,27941109760
4246.69,27941109760
4246.97,27941109760
4247.25,27941109760
4247.53,27941109760
4247.82,27941109760
4248.10,27941109760
4248.39,27941109760
4248.67,27941109760
4248.95,27941109760
4249.23,27941109760
4249.51,27941109760
4249.79,27941109760
4250.08,27941109760
4250.36,27941109760
4250.64,27941109760
4250.92,27941109760
4251.20,27941109760
4251.48,27941109760
4251.76,27941109760
4252.04,27941109760
4252.32,27941109760
4252.61,27941109760
4252.89,27941109760
4253.17,27941109760
4253.45,27941109760
4253.73,27941109760
4254.02,27941109760
4254.30,27941109760
4254.58,27941109760
4254.86,27941109760
4255.15,27941109760
4255.43,27941109760
4255.71,27941109760
4256.00,27941109760
4256.28,27941109760
4256.57,27941109760
4256.84,27941109760
4257.12,27941109760
4257.40,27941109760
4257.69,27941109760
4257.97,27941109760
4258.25,27941109760
4258.53,27941109760
4258.81,27941109760
4259.09,27941109760
4259.37,27941109760
4259.65,27941109760
4259.93,27941109760
4260.21,27941109760
4260.49,27941109760
4260.78,27941109760
4261.06,27941109760
4261.34,27941109760
4261.62,27941109760
4261.90,27941109760
4262.19,27941109760
4262.46,27941109760
4262.74,27941109760
4263.03,27941109760
4263.31,27941109760
4263.59,27941109760
4263.88,27941109760
4264.16,27941109760
4264.44,27941109760
4264.72,27941109760
4265.00,27941109760
4265.29,27941109760
4265.57,27941109760
4265.86,27941109760
4266.14,27941109760
4266.42,27941109760
4266.70,27941109760
4266.98,27941109760
4267.27,27941109760
4267.55,27941109760
4267.83,27941109760
4268.12,27941109760
4268.40,27941109760
4268.69,27941109760
4268.97,27941109760
4269.25,27941109760
4269.53,27941109760
4269.81,27941109760
4270.09,27941109760
4270.37,27941109760
4270.66,27941109760
4270.94,27941109760
4271.22,27941109760
4271.51,27941109760
4271.78,27941109760
4272.07,27941109760
4272.35,27941109760
4272.63,27941109760
4272.91,27941109760
4273.20,27941109760
4273.48,27941109760
4273.77,27941109760
4274.05,27941109760
4274.33,27941109760
4274.61,27941109760
4274.89,27941109760
4275.18,27941109760
4275.47,27941109760
4275.74,27941109760
4276.02,27941109760
4276.30,27941109760
4276.58,27941109760
4276.86,27941109760
4277.15,27941109760
4277.43,27941109760
4277.71,27941109760
4277.99,27941109760
4278.27,27941109760
4278.54,27941109760
4278.83,27941109760
4279.11,27941109760
4279.39,27941109760
4279.67,27941109760
4279.95,27941109760
4280.23,27941109760
4280.52,27941109760
4280.80,27941109760
4281.09,27941109760
4281.36,27941109760
4281.64,27941109760
4281.93,27941109760
4282.21,27941109760
4282.50,27941109760
4282.78,27941109760
4283.06,27941109760
4283.34,27941109760
4283.63,27941109760
4283.91,27941109760
4284.20,27941109760
4284.48,27941109760
4284.77,27941109760
4285.05,27941109760
4285.33,27941109760
4285.61,27941109760
4285.90,27941109760
4286.18,27941109760
4286.46,27941109760
4286.74,27941109760
4287.02,27941109760
4287.31,27941109760
4287.59,27941109760
4287.87,27941109760
4288.15,27941109760
4288.43,27941109760
4288.71,27941109760
4288.99,27941109760
4289.27,27941109760
4289.55,27941109760
4289.84,27941109760
4290.12,27941109760
4290.40,27941109760
4290.68,27941109760
4290.96,27941109760
4291.24,27941109760
4291.53,27941109760
4291.81,27941109760
4292.09,27941109760
4292.37,27941109760
4292.66,27941109760
4292.94,27941109760
4293.22,27941109760
4293.51,27941109760
4293.79,27941109760
4294.07,27941109760
4294.35,27941109760
4294.64,27941109760
4294.92,27941109760
4295.20,27941109760
4295.48,27941109760
4295.77,27941109760
4296.05,27941109760
4296.33,27941109760
4296.62,27941109760
4296.90,27941109760
4297.19,27941109760
4297.47,27941109760
4297.75,27941109760
4298.03,27941109760
4298.31,27941109760
4298.60,27941109760
4298.87,27941109760
4299.16,27941109760
4299.44,27941109760
4299.72,27941109760
4300.01,27941109760
4300.29,27941109760
4300.57,27941109760
4300.85,27941109760
4301.13,27941109760
4301.41,27941109760
4301.69,27941109760
4301.98,27941109760
4302.26,27941109760
4302.54,27941109760
4302.82,27941109760
4303.10,27941109760
4303.39,27941109760
4303.67,27941109760
4303.95,27941109760
4304.23,27941109760
4304.51,27941109760
4304.79,27941109760
4305.08,27941109760
4305.36,27941109760
4305.65,27941109760
4305.92,27941109760
4306.21,27941109760
4306.49,27941109760
4306.77,27941109760
4307.05,27941109760
4307.33,27941109760
4307.62,27941109760
4307.89,27941109760
4308.18,27941109760
4308.46,27941109760
4308.74,27941109760
4309.02,27941109760
4309.31,27941109760
4309.59,27941109760
4309.87,27941109760
4310.15,27941109760
4310.43,27941109760
4310.71,27941109760
4310.99,27941109760
4311.27,27941109760
4311.55,27941109760
4311.83,27941109760
4312.11,27941109760
4312.39,27941109760
4312.68,27941109760
4312.95,27941109760
4313.23,27941109760
4313.52,27941109760
4313.80,27941109760
4314.08,27941109760
4314.36,27941109760
4314.65,27941109760
4314.93,27941109760
4315.22,27941109760
4315.50,27941109760
4315.79,27941109760
4316.06,27941109760
4316.34,27941109760
4316.62,27941109760
4316.90,27941109760
4317.19,27941109760
4317.47,27941109760
4317.75,27941109760
4318.03,27941109760
4318.31,27941109760
4318.60,27941109760
4318.88,27941109760
4319.16,27941109760
4319.44,27941109760
4319.72,27941109760
4320.00,27941109760
4320.28,27941109760
4320.57,27941109760
4320.85,27941109760
4321.13,27941109760
4321.42,27941109760
4321.70,27941109760
4321.98,27941109760
4322.26,27941109760
4322.55,27941109760
4322.83,27941109760
4323.11,27941109760
4323.39,27941109760
4323.68,27941109760
4323.96,27941109760
4324.24,27941109760
4324.52,27941109760
4324.80,27941109760
4325.09,27941109760
4325.37,27941109760
4325.65,27941109760
4325.94,27941109760
4326.22,27941109760
4326.51,27941109760
4326.78,27941109760
4327.07,27941109760
4327.35,27941109760
4327.64,27941109760
4327.92,27941109760
4328.20,27941109760
4328.48,27941109760
4328.76,27941109760
4329.04,27941109760
4329.32,27941109760
4329.60,27941109760
4329.89,27941109760
4330.17,27941109760
4330.45,27941109760
4330.73,27941109760
4331.01,27941109760
4331.29,27941109760
4331.58,27941109760
4331.86,27941109760
4332.14,27941109760
4332.42,27941109760
4332.71,27941109760
4332.99,27941109760
4333.27,27941109760
4333.55,27941109760
4333.83,27941109760
4334.11,27941109760
4334.39,27941109760
4334.68,27941109760
4334.96,27941109760
4335.24,27941109760
4335.52,27941109760
4335.80,27941109760
4336.08,27941109760
4336.37,27941109760
4336.65,27941109760
4336.92,27941109760
4337.21,27941109760
4337.49,27941109760
4337.77,27941109760
4338.05,27941109760
4338.33,27941109760
4338.62,27941109760
4338.90,27941109760
4339.18,27941109760
4339.46,27941109760
4339.74,27941109760
4340.02,27941109760
4340.31,27941109760
4340.59,27941109760
4340.87,27941109760
4341.15,27941109760
4341.43,27941109760
4341.71,27941109760
4342.00,27941109760
4342.28,27941109760
4342.55,27941109760
4342.84,27941109760
4343.12,27941109760
4343.40,27941109760
4343.69,27941109760
4343.97,27941109760
4344.25,27941109760
4344.53,27941109760
4344.82,27941109760
4345.10,27941109760
4345.38,27941109760
4345.66,27941109760
4345.94,27941109760
4346.23,27941109760
4346.51,27941109760
4346.79,27941109760
4347.07,27941109760
4347.35,27941109760
4347.63,27941109760
4347.92,27941109760
4348.21,27941109760
4348.48,27941109760
4348.77,27941109760
4349.05,27941109760
4349.33,27941109760
4349.61,27941109760
4349.89,27941109760
4350.17,27941109760
4350.45,27941109760
4350.73,27941109760
4351.02,27941109760
4351.30,27941109760
4351.58,27941109760
4351.86,27941109760
4352.14,27941109760
4352.43,27941109760
4352.71,27941109760
4352.99,27941109760
4353.28,27941109760
4353.56,27941109760
4353.84,27941109760
4354.12,27941109760
4354.40,27941109760
4354.69,27941109760
4354.96,27941109760
4355.25,27941109760
4355.53,27941109760
4355.81,27941109760
4356.09,27941109760
4356.37,27941109760
4356.66,27941109760
4356.94,27941109760
4357.22,27941109760
4357.51,27941109760
4357.79,27941109760
4358.07,27941109760
4358.36,27941109760
4358.63,27941109760
4358.91,27941109760
4359.20,27941109760
4359.48,27941109760
4359.76,27941109760
4360.05,27941109760
4360.33,27941109760
4360.61,27941109760
4360.89,27941109760
4361.17,27941109760
4361.45,27941109760
4361.74,27941109760
4362.02,27941109760
4362.30,27941109760
4362.59,27941109760
4362.87,27941109760
4363.15,27941109760
4363.43,27941109760
4363.71,27941109760
4363.99,27941109760
4364.27,27941109760
4364.56,27941109760
4364.84,27941109760
4365.12,27941109760
4365.40,27941109760
4365.68,27941109760
4365.97,27941109760
4366.25,27941109760
4366.53,27941109760
4366.81,27941109760
4367.10,27941109760
4367.39,27941109760
4367.67,27941109760
4367.95,27941109760
4368.24,27941109760
4368.52,27941109760
4368.80,27941109760
4369.07,27941109760
4369.35,27941109760
4369.64,27941109760
4369.92,27941109760
4370.20,27941109760
4370.48,27941109760
4370.76,27941109760
4371.05,27941109760
4371.33,27941109760
4371.61,27941109760
4371.89,27941109760
4372.18,27941109760
4372.46,27941109760
4372.74,27941109760
4373.02,27941109760
4373.30,27941109760
4373.58,27941109760
4373.87,27941109760
4374.15,27941109760
4374.44,27941109760
4374.72,27941109760
4375.00,27941109760
4375.29,27941109760
4375.57,27941109760
4375.85,27941109760
4376.14,27941109760
4376.42,27941109760
4376.70,27941109760
4376.98,27941109760
4377.27,27941109760
4377.55,27941109760
4377.83,27941109760
4378.11,27941109760
4378.40,27941109760
4378.68,27941109760
4378.96,27941109760
4379.24,27941109760
4379.52,27941109760
4379.80,27941109760
4380.08,27941109760
4380.37,27941109760
4380.65,27941109760
4380.93,27941109760
4381.22,27941109760
4381.50,27941109760
4381.77,27941109760
4382.05,27941109760
4382.33,27941109760
4382.60,27941109760
4382.89,27941109760
4383.17,27941109760
4383.45,27941109760
4383.73,27941109760
4384.01,27941109760
4384.30,27941109760
4384.58,27941109760
4384.87,27941109760
4385.15,27941109760
4385.43,27941109760
4385.71,27941109760
4386.00,27941109760
4386.28,27941109760
4386.56,27941109760
4386.85,27941109760
4387.13,27941109760
4387.42,27941109760
4387.70,27941109760
4387.98,27941109760
4388.27,27941109760
4388.55,27941109760
4388.83,27941109760
4389.11,27941109760
4389.40,27941109760
4389.68,27941109760
4389.96,27941109760
4390.25,27941109760
4390.53,27941109760
4390.81,27941109760
4391.09,27941109760
4391.38,27941109760
4391.66,27941109760
4391.95,27941109760
4392.23,27941109760
4392.51,27941109760
4392.79,27941109760
4393.07,27941109760
4393.36,27941109760
4393.64,27941109760
4393.92,27941109760
4394.19,27941109760
4394.48,27941109760
4394.76,27941109760
4395.04,27941109760
4395.32,27941109760
4395.60,27941109760
4395.89,27941109760
4396.16,27941109760
4396.45,27941109760
4396.73,27941109760
4397.01,27941109760
4397.30,27941109760
4397.58,27941109760
4397.87,27941109760
4398.14,27941109760
4398.42,27941109760
4398.70,27941109760
4398.98,27941109760
4399.27,27941109760
4399.55,27941109760
4399.83,27941109760
4400.11,27941109760
4400.39,27941109760
4400.68,27941109760
4400.96,27941109760
4401.24,27941109760
4401.52,27941109760
4401.80,27941109760
4402.08,27941109760
4402.36,27941109760
4402.65,27941109760
4402.93,27941109760
4403.22,27941109760
4403.50,27941109760
4403.78,27941109760
4404.06,27941109760
4404.34,27941109760
4404.61,27941109760
4404.89,27941109760
4405.16,27941109760
4405.45,27941109760
4405.73,27941109760
4406.01,27941109760
4406.29,27941109760
4406.58,27941109760
4406.86,27941109760
4407.14,27941109760
4407.43,27941109760
4407.71,27941109760
4407.99,27941109760
4408.27,27941109760
4408.56,27941109760
4408.83,27941109760
4409.12,27941109760
4409.40,27941109760
4409.68,27941109760
4409.96,27941109760
4410.24,27941109760
4410.52,27941109760
4410.80,27941109760
4411.09,27941109760
4411.37,27941109760
4411.65,27941109760
4411.93,27941109760
4412.21,27941109760
4412.49,27941109760
4412.78,27941109760
4413.06,27941109760
4413.35,27941109760
4413.64,27941109760
4413.92,27941109760
4414.20,27941109760
4414.48,27941109760
4414.76,27941109760
4415.05,27941109760
4415.32,27941109760
4415.61,27941109760
4415.89,27941109760
4416.17,27941109760
4416.45,27941109760
4416.74,27941109760
4417.01,27941109760
4417.30,27941109760
4417.58,27941109760
4417.85,27941109760
4418.14,27941109760
4418.41,27941109760
4418.70,27941109760
4418.98,27941109760
4419.26,27941109760
4419.54,27941109760
4419.82,27941109760
4420.10,27941109760
4420.38,27941109760
4420.67,27941109760
4420.95,27941109760
4421.24,27941109760
4421.52,27941109760
4421.80,27941109760
4422.08,27941109760
4422.36,27941109760
4422.64,27941109760
4422.92,27941109760
4423.20,27941109760
4423.48,27941109760
4423.77,27941109760
4424.05,27941109760
4424.33,27941109760
4424.61,27941109760
4424.89,27941109760
4425.18,27941109760
4425.46,27941109760
4425.74,27941109760
4426.02,27941109760
4426.30,27941109760
4426.58,27941109760
4426.87,27941109760
4427.15,27941109760
4427.43,27941109760
4427.72,27941109760
4428.00,27941109760
4428.28,27941109760
4428.57,27941109760
4428.84,27941109760
4429.13,27941109760
4429.41,27941109760
4429.69,27941109760
4429.97,27941109760
4430.26,27941109760
4430.55,27941109760
4430.82,27941109760
4431.11,27941109760
4431.39,27941109760
4431.66,27941109760
4431.94,27941109760
4432.22,27941109760
4432.50,27941109760
4432.79,27941109760
4433.07,27941109760
4433.35,27941109760
4433.63,27941109760
4433.91,27941109760
4434.19,27941109760
4434.47,27941109760
4434.75,27941109760
4435.03,27941109760
4435.31,27941109760
4435.60,27941109760
4435.88,27941109760
4436.17,27941109760
4436.45,27941109760
4436.73,27941109760
4437.02,27941109760
4437.29,27941109760
4437.58,27941109760
4437.85,27941109760
4438.13,27941109760
4438.42,27941109760
4438.70,27941109760
4438.99,27941109760
4439.27,27941109760
4439.55,27941109760
4439.83,27941109760
4440.11,27941109760
4440.39,27941109760
4440.67,27941109760
4440.95,27941109760
4441.23,27941109760
4441.51,27941109760
4441.80,27941109760
4442.08,27941109760
4442.36,27941109760
4442.65,27941109760
4442.93,27941109760
4443.21,27941109760
4443.50,27941109760
4443.77,27941109760
4444.06,27941109760
4444.34,27941109760
4444.62,27941109760
4444.90,27941109760
4445.18,27941109760
4445.47,27941109760
4445.75,27941109760
4446.02,27941109760
4446.30,27941109760
4446.58,27941109760
4446.87,27941109760
4447.15,27941109760
4447.43,27941109760
4447.71,27941109760
4447.99,27941109760
4448.27,27941109760
4448.56,27941109760
4448.84,27941109760
4449.12,27941109760
4449.41,27941109760
4449.69,27941109760
4449.97,27941109760
4450.25,27941109760
4450.53,27941109760
4450.82,27941109760
4451.10,27941109760
4451.38,27941109760
4451.66,27941109760
4451.94,27941109760
4452.23,27941109760
4452.51,27941109760
4452.79,27941109760
4453.06,27941109760
4453.35,27941109760
4453.63,27941109760
4453.91,27941109760
4454.20,27941109760
4454.48,27941109760
4454.76,27941109760
4455.04,27941109760
4455.32,27941109760
4455.60,27941109760
4455.88,27941109760
4456.17,27941109760
4456.45,27941109760
4456.72,27941109760
4457.01,27941109760
4457.29,27941109760
4457.58,27941109760
4457.86,27941109760
4458.15,27941109760
4458.43,27941109760
4458.71,27941109760
4458.99,27941109760
4459.27,27941109760
4459.56,27941109760
4459.84,27941109760
4460.12,27941109760
4460.40,27941109760
4460.68,27941109760
4460.96,27941109760
4461.24,27941109760
4461.53,27941109760
4461.81,27941109760
4462.09,27941109760
4462.38,27941109760
4462.66,27941109760
4462.94,27941109760
4463.23,27941109760
4463.51,27941109760
4463.79,27941109760
4464.07,27941109760
4464.34,27941109760
4464.63,27941109760
4464.91,27941109760
4465.19,27941109760
4465.48,27941109760
4465.76,27941109760
4466.04,27941109760
4466.32,27941109760
4466.60,27941109760
4466.88,27941109760
4467.16,27941109760
4467.44,27941109760
4467.73,27941109760
4468.00,27941109760
4468.29,27941109760
4468.57,27941109760
4468.85,27941109760
4469.13,27941109760
4469.41,27941109760
4469.69,27941109760
4469.97,27941109760
4470.26,27941109760
4470.53,27941109760
4470.82,27941109760
4471.10,27941109760
4471.39,27941109760
4471.67,27941109760
4471.95,27941109760
4472.23,27941109760
4472.52,27941109760
4472.80,27941109760
4473.07,27941109760
4473.36,27941109760
4473.64,27941109760
4473.91,27941109760
4474.19,27941109760
4474.47,27941109760
4474.75,27941109760
4475.03,27941109760
4475.32,27941109760
4475.60,27941109760
4475.89,27941109760
4476.17,27941109760
4476.45,27941109760
4476.73,27941109760
4477.01,27941109760
4477.29,27941109760
4477.57,27941109760
4477.85,27941109760
4478.12,27941109760
4478.41,27941109760
4478.68,27941109760
4478.97,27941109760
4479.24,27941109760
4479.53,27941109760
4479.81,27941109760
4480.10,27941109760
4480.38,27941109760
4480.67,27941109760
4480.94,27941109760
4481.22,27941109760
4481.49,27941109760
4481.77,27941109760
4482.05,27941109760
4482.34,27941109760
4482.62,27941109760
4482.90,27941109760
4483.18,27941109760
4483.46,27941109760
4483.74,27941109760
4484.03,27941109760
4484.31,27941109760
4484.59,27941109760
4484.87,27941109760
4485.15,27941109760
4485.43,27941109760
4485.71,27941109760
4485.99,27941109760
4486.27,27941109760
4486.55,27941109760
4486.84,27941109760
4487.12,27941109760
4487.40,27941109760
4487.68,27941109760
4487.96,27941109760
4488.25,27941109760
4488.53,27941109760
4488.81,27941109760
4489.09,27941109760
4489.37,27941109760
4489.66,27941109760
4489.94,27941109760
4490.22,27941109760
4490.51,27941109760
4490.78,27941109760
4491.06,27941109760
4491.35,27941109760
4491.63,27941109760
4491.91,27941109760
4492.19,27941109760
4492.46,27941109760
4492.75,27941109760
4493.02,27941109760
4493.31,27941109760
4493.59,27941109760
4493.87,27941109760
4494.16,27941109760
4494.44,27941109760
4494.72,27941109760
4495.00,27941109760
4495.28,27941109760
4495.56,27941109760
4495.85,27941109760
4496.13,27941109760
4496.41,27941109760
4496.68,27941109760
4496.96,27941109760
4497.24,27941109760
4497.52,27941109760
4497.81,27941109760
4498.09,27941109760
4498.37,27941109760
4498.66,27941109760
4498.94,27941109760
4499.22,27941109760
4499.50,27941109760
4499.78,27941109760
4500.06,27941109760
4500.35,27941109760
4500.63,27941109760
4500.91,27941109760
4501.19,27941109760
4501.48,27941109760
4501.76,27941109760
4502.04,27941109760
4502.32,27941109760
4502.60,27941109760
4502.89,27941109760
4503.17,27941109760
4503.45,27941109760
4503.73,27941109760
4504.01,27941109760
4504.29,27941109760
4504.57,27941109760
4504.85,27941109760
4505.14,27941109760
4505.42,27941109760
4505.70,27941109760
4505.98,27941109760
4506.26,27941109760
4506.54,27941109760
4506.82,27941109760
4507.10,27941109760
4507.38,27941109760
4507.67,27941109760
4507.96,27941109760
4508.24,27941109760
4508.52,27941109760
4508.81,27941109760
4509.09,27941109760
4509.37,27941109760
4509.65,27941109760
4509.94,27941109760
4510.22,27941109760
4510.50,27941109760
4510.78,27941109760
4511.06,27941109760
4511.34,27941109760
4511.61,27941109760
4511.89,27941109760
4512.18,27941109760
4512.46,27941109760
4512.74,27941109760
4513.02,27941109760
4513.31,27941109760
4513.58,27941109760
4513.86,27941109760
4514.13,27941109760
4514.41,27941109760
4514.69,27941109760
4514.97,27941109760
4515.26,27941109760
4515.54,27941109760
4515.82,27941109760
4516.11,27941109760
4516.39,27941109760
4516.67,27941109760
4516.95,27941109760
4517.23,27941109760
4517.51,27941109760
4517.79,27941109760
4518.06,27941109760
4518.34,27941109760
4518.62,27941109760
4518.90,27941109760
4519.19,27941109760
4519.47,27941109760
4519.76,27941109760
4520.03,27941109760
4520.31,27941109760
4520.59,27941109760
4520.87,27941109760
4521.15,27941109760
4521.44,27941109760
4521.72,27941109760
4521.99,27941109760
4522.27,27941109760
4522.56,27941109760
4522.84,27941109760
4523.12,27941109760
4523.40,27941109760
4523.69,27941109760
4523.96,27941109760
4524.24,27941109760
4524.53,27941109760
4524.81,27941109760
4525.09,27941109760
4525.37,27941109760
4525.65,27941109760
4525.93,27941109760
4526.21,27941109760
4526.49,27941109760
4526.77,27941109760
4527.06,27941109760
4527.33,27941109760
4527.62,27941109760
4527.90,27941109760
4528.18,27941109760
4528.46,27941109760
4528.74,27941109760
4529.02,27941109760
4529.30,27941109760
4529.58,27941109760
4529.86,27941109760
4530.14,27941109760
4530.41,27941109760
4530.70,27941109760
4530.98,27941109760
4531.26,27941109760
4531.55,27941109760
4531.83,27941109760
4532.11,27941109760
4532.40,27941109760
4532.67,27941109760
4532.95,27941109760
4533.24,27941109760
4533.52,27941109760
4533.80,27941109760
4534.08,27941109760
4534.36,27941109760
4534.64,27941109760
4534.92,27941109760
4535.20,27941109760
4535.48,27941109760
4535.77,27941109760
4536.04,27941109760
4536.32,27941109760
4536.60,27941109760
4536.88,27941109760
4537.16,27941109760
4537.44,27941109760
4537.72,27941109760
4538.01,27941109760
4538.28,27941109760
4538.56,27941109760
4538.85,27941109760
4539.13,27941109760
4539.41,27941109760
4539.69,27941109760
4539.97,27941109760
4540.25,27941109760
4540.53,27941109760
4540.81,27941109760
4541.09,27941109760
4541.37,27941109760
4541.66,27941109760
4541.94,27941109760
4542.22,27941109760
4542.49,27941109760
4542.77,27941109760
4543.05,27941109760
4543.33,27941109760
4543.61,27941109760
4543.90,27941109760
4544.18,27941109760
4544.46,27941109760
4544.74,27941109760
4545.02,27941109760
4545.31,27941109760
4545.59,27941109760
4545.87,27941109760
4546.15,27941109760
4546.44,27941109760
4546.72,27941109760
4547.00,27941109760
4547.28,27941109760
4547.56,27941109760
4547.84,27941109760
4548.12,27941109760
4548.40,27941109760
4548.68,27941109760
4548.96,27941109760
4549.25,27941109760
4549.53,27941109760
4549.81,27941109760
4550.09,27941109760
4550.37,27941109760
4550.65,27941109760
4550.94,27941109760
4551.22,27941109760
4551.50,27941109760
4551.77,27941109760
4552.06,27941109760
4552.34,27941109760
4552.62,27941109760
4552.90,27941109760
4553.19,27941109760
4553.47,27941109760
4553.75,27941109760
4554.03,27941109760
4554.32,27941109760
4554.60,27941109760
4554.88,27941109760
4555.16,27941109760
4555.44,27941109760
4555.73,27941109760
4556.01,27941109760
4556.29,27941109760
4556.58,27941109760
4556.86,27941109760
4557.15,27941109760
4557.43,27941109760
4557.72,27941109760
4558.00,27941109760
4558.27,27941109760
4558.56,27941109760
4558.84,27941109760
4559.12,27941109760
4559.40,27941109760
4559.68,27941109760
4559.96,27941109760
4560.25,27941109760
4560.53,27941109760
4560.81,27941109760
4561.09,27941109760
4561.37,27941109760
4561.65,27941109760
4561.94,27941109760
4562.22,27941109760
4562.50,27941109760
4562.78,27941109760
4563.06,27941109760
4563.34,27941109760
4563.63,27941109760
4563.91,27941109760
4564.19,27941109760
4564.47,27941109760
4564.75,27941109760
4565.03,27941109760
4565.31,27941109760
4565.59,27941109760
4565.87,27941109760
4566.15,27941109760
4566.43,27941109760
4566.72,27941109760
4567.00,27941109760
4567.29,27941109760
4567.57,27941109760
4567.85,27941109760
4568.13,27941109760
4568.40,27941109760
4568.69,27941109760
4568.97,27941109760
4569.25,27941109760
4569.53,27941109760
4569.81,27941109760
4570.09,27941109760
4570.37,27941109760
4570.65,27941109760
4570.93,27941109760
4571.22,27941109760
4571.50,27941109760
4571.78,27941109760
4572.06,27941109760
4572.35,27941109760
4572.63,27941109760
4572.91,27941109760
4573.20,27941109760
4573.48,27941109760
4573.76,27941109760
4574.04,27941109760
4574.32,27941109760
4574.60,27941109760
4574.88,27941109760
4575.16,27941109760
4575.44,27941109760
4575.73,27941109760
4576.01,27941109760
4576.29,27941109760
4576.57,27941109760
4576.86,27941109760
4577.14,27941109760
4577.43,27941109760
4577.71,27941109760
4577.99,27941109760
4578.28,27941109760
4578.56,27941109760
4578.84,27941109760
4579.12,27941109760
4579.40,27941109760
4579.69,27941109760
4579.97,27941109760
4580.26,27941109760
4580.54,27941109760
4580.82,27941109760
4581.10,27941109760
4581.38,27941109760
4581.67,27941109760
4581.94,27941109760
4582.23,27941109760
4582.51,27941109760
4582.80,27941109760
4583.08,27941109760
4583.36,27941109760
4583.64,27941109760
4583.93,27941109760
4584.21,27941109760
4584.49,27941109760
4584.78,27941109760
4585.06,27941109760
4585.34,27941109760
4585.62,27941109760
4585.91,27941109760
4586.19,27941109760
4586.47,27941109760
4586.75,27941109760
4587.03,27941109760
4587.32,27941109760
4587.60,27941109760
4587.88,27941109760
4588.16,27941109760
4588.45,27941109760
4588.73,27941109760
4589.01,27941109760
4589.30,27941109760
4589.58,27941109760
4589.86,27941109760
4590.14,27941109760
4590.42,27941109760
4590.70,27941109760
4590.99,27941109760
4591.27,27941109760
4591.55,27941109760
4591.83,27941109760
4592.11,27941109760
4592.39,27941109760
4592.67,27941109760
4592.96,27941109760
4593.24,27941109760
4593.52,27941109760
4593.80,27941109760
4594.09,27941109760
4594.37,27941109760
4594.65,27941109760
4594.94,27941109760
4595.22,27941109760
4595.50,27941109760
4595.78,27941109760
4596.06,27941109760
4596.34,27941109760
4596.62,27941109760
4596.91,27941109760
4597.19,27941109760
4597.48,27941109760
4597.76,27941109760
4598.04,27941109760
4598.32,27941109760
4598.61,27941109760
4598.89,27941109760
4599.17,27941109760
4599.45,27941109760
4599.73,27941109760
4600.02,27941109760
4600.30,27941109760
4600.58,27941109760
4600.86,27941109760
4601.15,27941109760
4601.44,27941109760
4601.72,27941109760
4602.00,27941109760
4602.28,27941109760
4602.56,27941109760
4602.84,27941109760
4603.12,27941109760
4603.40,27941109760
4603.69,27941109760
4603.97,27941109760
4604.24,27941109760
4604.52,27941109760
4604.80,27941109760
4605.09,27941109760
4605.36,27941109760
4605.65,27941109760
4605.93,27941109760
4606.21,27941109760
4606.49,27941109760
4606.77,27941109760
4607.06,27941109760
4607.34,27941109760
4607.62,27941109760
4607.90,27941109760
4608.18,27941109760
4608.46,27941109760
4608.75,27941109760
4609.03,27941109760
4609.31,27941109760
4609.59,27941109760
4609.87,27941109760
4610.15,27941109760
4610.43,27941109760
4610.71,27941109760
4611.00,27941109760
4611.28,27941109760
4611.57,27941109760
4611.85,27941109760
4612.12,27941109760
4612.41,27941109760
4612.69,27941109760
4612.97,27941109760
4613.26,27941109760
4613.54,27941109760
4613.81,27941109760
4614.09,27941109760
4614.38,27941109760
4614.66,27941109760
4614.95,27941109760
4615.23,27941109760
4615.51,27941109760
4615.79,27941109760
4616.07,27941109760
4616.35,27941109760
4616.64,27941109760
4616.92,27941109760
4617.20,27941109760
4617.49,27941109760
4617.77,27941109760
4618.05,27941109760
4618.34,27941109760
4618.61,27941109760
4618.90,27941109760
4619.18,27941109760
4619.47,27941109760
4619.75,27941109760
4620.03,27941109760
4620.31,27941109760
4620.58,27941109760
4620.87,27941109760
4621.15,27941109760
4621.43,27941109760
4621.72,27941109760
4621.99,27941109760
4622.27,27941109760
4622.55,27941109760
4622.83,27941109760
4623.11,27941109760
4623.39,27941109760
4623.67,27941109760
4623.95,27941109760
4624.23,27941109760
4624.51,27941109760
4624.79,27941109760
4625.07,27941109760
4625.35,27941109760
4625.63,27941109760
4625.91,27941109760
4626.19,27941109760
4626.47,27941109760
4626.75,27941109760
4627.03,27941109760
4627.31,27941109760
4627.59,27941109760
4627.86,27941109760
4628.15,27941109760
4628.42,27941109760
4628.70,27941109760
4628.99,27941109760
4629.27,27941109760
4629.55,27941109760
4629.83,27941109760
4630.11,27941109760
4630.40,27941109760
4630.68,27941109760
4630.96,27941109760
4631.23,27941109760
4631.52,27941109760
4631.80,27941109760
4632.08,27941109760
4632.36,27941109760
4632.64,27941109760
4632.93,27941109760
4633.21,27941109760
4633.50,27941109760
4633.77,27941109760
4634.06,27941109760
4634.34,27941109760
4634.62,27941109760
4634.90,27941109760
4635.18,27941109760
4635.46,27941109760
4635.74,27941109760
4636.02,27941109760
4636.31,27941109760
4636.59,27941109760
4636.87,27941109760
4637.16,27941109760
4637.44,27941109760
4637.73,27941109760
4638.01,27941109760
4638.29,27941109760
4638.57,27941109760
4638.85,27941109760
4639.13,27941109760
4639.41,27941109760
4639.70,27941109760
4639.98,27941109760
4640.26,27941109760
4640.53,27941109760
4640.81,27941109760
4641.10,27941109760
4641.38,27941109760
4641.66,27941109760
4641.94,27941109760
4642.23,27941109760
4642.51,27941109760
4642.80,27941109760
4643.08,27941109760
4643.36,27941109760
4643.63,27941109760
4643.92,27941109760
4644.20,27941109760
4644.48,27941109760
4644.76,27941109760
4645.05,27941109760
4645.34,27941109760
4645.62,27941109760
4645.90,27941109760
4646.19,27941109760
4646.47,27941109760
4646.75,27941109760
4647.03,27941109760
4647.31,27941109760
4647.60,27941109760
4647.88,27941109760
4648.16,27941109760
4648.44,27941109760
4648.73,27941109760
4649.01,27941109760
4649.29,27941109760
4649.57,27941109760
4649.85,27941109760
4650.14,27941109760
4650.42,27941109760
4650.69,27941109760
4650.98,27941109760
4651.26,27941109760
4651.55,27941109760
4651.82,27941109760
4652.10,27941109760
4652.38,27941109760
4652.66,27941109760
4652.94,27941109760
4653.23,27941109760
4653.51,27941109760
4653.79,27941109760
4654.07,27941109760
4654.35,27941109760
4654.64,27941109760
4654.92,27941109760
4655.20,27941109760
4655.49,27941109760
4655.77,27941109760
4656.05,27941109760
4656.33,27941109760
4656.61,27941109760
4656.90,27941109760
4657.18,27941109760
4657.46,27941109760
4657.74,27941109760
4658.02,27941109760
4658.30,27941109760
4658.59,27941109760
4658.87,27941109760
4659.16,27941109760
4659.44,27941109760
4659.73,27941109760
4660.01,27941109760
4660.29,27941109760
4660.58,27941109760
4660.86,27941109760
4661.14,27941109760
4661.42,27941109760
4661.71,27941109760
4661.99,27941109760
4662.27,27941109760
4662.55,27941109760
4662.83,27941109760
4663.12,27941109760
4663.39,27941109760
4663.68,27941109760
4663.96,27941109760
4664.24,27941109760
4664.52,27941109760
4664.81,27941109760
4665.09,27941109760
4665.37,27941109760
4665.65,27941109760
4665.93,27941109760
4666.22,27941109760
4666.50,27941109760
4666.78,27941109760
4667.06,27941109760
4667.35,27941109760
4667.63,27941109760
4667.91,27941109760
4668.19,27941109760
4668.47,27941109760
4668.75,27941109760
4669.04,27941109760
4669.32,27941109760
4669.60,27941109760
4669.88,27941109760
4670.16,27941109760
4670.44,27941109760
4670.72,27941109760
4671.01,27941109760
4671.29,27941109760
4671.57,27941109760
4671.86,27941109760
4672.14,27941109760
4672.42,27941109760
4672.70,27941109760
4672.99,27941109760
4673.27,27941109760
4673.55,27941109760
4673.84,27941109760
4674.12,27941109760
4674.40,27941109760
4674.68,27941109760
4674.97,27941109760
4675.25,27941109760
4675.54,27941109760
4675.82,27941109760
4676.10,27941109760
4676.38,27941109760
4676.66,27941109760
4676.94,27941109760
4677.23,27941109760
4677.51,27941109760
4677.79,27941109760
4678.07,27941109760
4678.36,27941109760
4678.64,27941109760
4678.92,27941109760
4679.20,27941109760
4679.48,27941109760
4679.77,27941109760
4680.05,27941109760
4680.34,27941109760
4680.62,27941109760
4680.91,27941109760
4681.19,27941109760
4681.47,27941109760
4681.75,27941109760
4682.03,27941109760
4682.32,27941109760
4682.60,27941109760
4682.88,27941109760
4683.17,27941109760
4683.45,27941109760
4683.74,27941109760
4684.02,27941109760
4684.30,27941109760
4684.59,27941109760
4684.87,27941109760
4685.15,27941109760
4685.43,27941109760
4685.71,27941109760
4685.99,27941109760
4686.28,27941109760
4686.56,27941109760
4686.84,27941109760
4687.12,27941109760
4687.40,27941109760
4687.69,27941109760
4687.97,27941109760
4688.25,27941109760
4688.53,27941109760
4688.81,27941109760
4689.09,27941109760
4689.37,27941109760
4689.66,27941109760
4689.94,27941109760
4690.23,27941109760
4690.51,27941109760
4690.79,27941109760
4691.07,27941109760
4691.35,27941109760
4691.63,27941109760
4691.92,27941109760
4692.20,27941109760
4692.48,27941109760
4692.76,27941109760
4693.04,27941109760
4693.33,27941109760
4693.61,27941109760
4693.89,27941109760
4694.17,27941109760
4694.45,27941109760
4694.74,27941109760
4695.02,27941109760
4695.31,27941109760
4695.59,27941109760
4695.87,27941109760
4696.15,27941109760
4696.43,27941109760
4696.72,27941109760
4697.01,27941109760
4697.30,27941109760
4697.58,27941109760
4697.86,27941109760
4698.14,27941109760
4698.43,27941109760
4698.71,27941109760
4698.99,27941109760
4699.28,27941109760
4699.56,27941109760
4699.84,27941109760
4700.12,27941109760
4700.40,27941109760
4700.68,27941109760
4700.96,27941109760
4701.24,27941109760
4701.53,27941109760
4701.81,27941109760
4702.09,27941109760
4702.38,27941109760
4702.65,27941109760
4702.94,27941109760
4703.22,27941109760
4703.50,27941109760
4703.78,27941109760
4704.06,27941109760
4704.35,27941109760
4704.62,27941109760
4704.90,27941109760
4705.19,27941109760
4705.47,27941109760
4705.75,27941109760
4706.03,27941109760
4706.31,27941109760
4706.59,27941109760
4706.88,27941109760
4707.15,27941109760
4707.43,27941109760
4707.72,27941109760
4707.99,27941109760
4708.27,27941109760
4708.56,27941109760
4708.84,27941109760
4709.12,27941109760
4709.41,27941109760
4709.68,27941109760
4709.96,27941109760
4710.25,27941109760
4710.53,27941109760
4710.81,27941109760
4711.10,27941109760
4711.38,27941109760
4711.66,27941109760
4711.95,27941109760
4712.22,27941109760
4712.51,27941109760
4712.79,27941109760
4713.07,27941109760
4713.36,27941109760
4713.64,27941109760
4713.92,27941109760
4714.20,27941109760
4714.49,27941109760
4714.77,27941109760
4715.06,27941109760
4715.34,27941109760
4715.63,27941109760
4715.91,27941109760
4716.20,27941109760
4716.48,27941109760
4716.77,27941109760
4717.05,27941109760
4717.34,27941109760
4717.62,27941109760
4717.90,27941109760
4718.19,27941109760
4718.47,27941109760
4718.75,27941109760
4719.03,27941109760
4719.31,27941109760
4719.59,27941109760
4719.87,27941109760
4720.15,27941109760
4720.44,27941109760
4720.72,27941109760
4721.00,27941109760
4721.28,27941109760
4721.56,27941109760
4721.84,27941109760
4722.13,27941109760
4722.41,27941109760
4722.68,27941109760
4722.96,27941109760
4723.25,27941109760
4723.52,27941109760
4723.80,27941109760
4724.08,27941109760
4724.37,27941109760
4724.65,27941109760
4724.93,27941109760
4725.22,27941109760
4725.49,27941109760
4725.77,27941109760
4726.05,27941109760
4726.34,27941109760
4726.62,27941109760
4726.90,27941109760
4727.19,27941109760
4727.47,27941109760
4727.75,27941109760
4728.03,27941109760
4728.31,27941109760
4728.59,27941109760
4728.88,27941109760
4729.16,27941109760
4729.45,27941109760
4729.72,27941109760
4730.01,27941109760
4730.28,27941109760
4730.56,27941109760
4730.84,27941109760
4731.12,27941109760
4731.40,27941109760
4731.68,27941109760
4731.97,27941109760
4732.25,27941109760
4732.53,27941109760
4732.81,27941109760
4733.09,27941109760
4733.38,27941109760
4733.66,27941109760
4733.94,27941109760
4734.23,27941109760
4734.51,27941109760
4734.78,27941109760
4735.07,27941109760
4735.35,27941109760
4735.63,27941109760
4735.91,27941109760
4736.19,27941109760
4736.47,27941109760
4736.76,27941109760
4737.04,27941109760
4737.32,27941109760
4737.60,27941109760
4737.88,27941109760
4738.16,27941109760
4738.44,27941109760
4738.72,27941109760
4739.00,27941109760
4739.28,27941109760
4739.56,27941109760
4739.84,27941109760
4740.12,27941109760
4740.40,27941109760
4740.68,27941109760
4740.96,27941109760
4741.24,27941109760
4741.52,27941109760
4741.80,27941109760
4742.08,27941109760
4742.37,27941109760
4742.65,27941109760
4742.93,27941109760
4743.21,27941109760
4743.48,27941109760
4743.76,27941109760
4744.04,27941109760
4744.32,27941109760
4744.60,27941109760
4744.88,27941109760
4745.16,27941109760
4745.44,27941109760
4745.73,27941109760
4746.01,27941109760
4746.29,27941109760
4746.57,27941109760
4746.86,27941109760
4747.14,27941109760
4747.41,27941109760
4747.70,27941109760
4747.98,27941109760
4748.26,27941109760
4748.55,27941109760
4748.83,27941109760
4749.11,27941109760
4749.39,27941109760
4749.68,27941109760
4749.96,27941109760
4750.24,27941109760
4750.53,27941109760
4750.81,27941109760
4751.09,27941109760
4751.38,27941109760
4751.65,27941109760
4751.94,27941109760
4752.23,27941109760
4752.51,27941109760
4752.78,27941109760
4753.06,27941109760
4753.35,27941109760
4753.63,27941109760
4753.91,27941109760
4754.20,27941109760
4754.48,27941109760
4754.77,27941109760
4755.05,27941109760
4755.33,27941109760
4755.62,27941109760
4755.90,27941109760
4756.18,27941109760
4756.46,27941109760
4756.74,27941109760
4757.02,27941109760
4757.31,27941109760
4757.58,27941109760
4757.86,27941109760
4758.15,27941109760
4758.43,27941109760
4758.71,27941109760
4758.99,27941109760
4759.28,27941109760
4759.55,27941109760
4759.83,27941109760
4760.11,27941109760
4760.40,27941109760
4760.68,27941109760
4760.97,27941109760
4761.25,27941109760
4761.52,27941109760
4761.80,27941109760
4762.08,27941109760
4762.36,27941109760
4762.65,27941109760
4762.93,27941109760
4763.21,27941109760
4763.49,27941109760
4763.77,27941109760
4764.05,27941109760
4764.33,27941109760
4764.61,27941109760
4764.89,27941109760
4765.17,27941109760
4765.45,27941109760
4765.74,27941109760
4766.02,27941109760
4766.30,27941109760
4766.58,27941109760
4766.86,27941109760
4767.15,27941109760
4767.43,27941109760
4767.71,27941109760
4767.99,27941109760
4768.27,27941109760
4768.56,27941109760
4768.84,27941109760
4769.12,27941109760
4769.40,27941109760
4769.69,27941109760
4769.98,27941109760
4770.26,27941109760
4770.55,27941109760
4770.83,27941109760
4771.12,27941109760
4771.40,27941109760
4771.69,27941109760
4771.96,27941109760
4772.25,27941109760
4772.52,27941109760
4772.81,27941109760
4773.09,27941109760
4773.37,27941109760
4773.65,27941109760
4773.93,27941109760
4774.21,27941109760
4774.50,27941109760
4774.78,27941109760
4775.06,27941109760
4775.34,27941109760
4775.62,27941109760
4775.90,27941109760
4776.18,27941109760
4776.47,27941109760
4776.75,27941109760
4777.03,27941109760
4777.31,27941109760
4777.60,27941109760
4777.88,27941109760
4778.16,27941109760
4778.45,27941109760
4778.73,27941109760
4779.01,27941109760
4779.28,27941109760
4779.57,27941109760
4779.85,27941109760
4780.13,27941109760
4780.42,27941109760
4780.70,27941109760
4780.98,27941109760
4781.26,27941109760
4781.55,27941109760
4781.82,27941109760
4782.11,27941109760
4782.39,27941109760
4782.67,27941109760
4782.95,27941109760
4783.23,27941109760
4783.51,27941109760
4783.79,27941109760
4784.07,27941109760
4784.35,27941109760
4784.64,27941109760
4784.92,27941109760
4785.20,27941109760
4785.49,27941109760
4785.77,27941109760
4786.05,27941109760
4786.33,27941109760
4786.61,27941109760
4786.90,27941109760
4787.18,27941109760
4787.47,27941109760
4787.75,27941109760
4788.03,27941109760
4788.32,27941109760
4788.60,27941109760
4788.88,27941109760
4789.16,27941109760
4789.44,27941109760
4789.73,27941109760
4790.00,27941109760
4790.28,27941109760
4790.56,27941109760
4790.84,27941109760
4791.12,27941109760
4791.40,27941109760
4791.69,27941109760
4791.97,27941109760
4792.25,27941109760
4792.53,27941109760
4792.82,27941109760
4793.10,27941109760
4793.39,27941109760
4793.67,27941109760
4793.96,27941109760
4794.24,27941109760
4794.52,27941109760
4794.80,27941109760
4795.08,27941109760
4795.36,27941109760
4795.65,27941109760
4795.93,27941109760
4796.21,27941109760
4796.49,27941109760
4796.77,27941109760
4797.06,27941109760
4797.34,27941109760
4797.62,27941109760
4797.90,27941109760
4798.18,27941109760
4798.47,27941109760
4798.75,27941109760
4799.03,27941109760
4799.30,27941109760
4799.58,27941109760
4799.86,27941109760
4800.14,27941109760
4800.43,27941109760
4800.70,27941109760
4800.98,27941109760
4801.26,27941109760
4801.54,27941109760
4801.81,27941109760
4802.10,27941109760
4802.38,27941109760
4802.66,27941109760
4802.94,27941109760
4803.22,27941109760
4803.50,27941109760
4803.78,27941109760
4804.06,27941109760
4804.35,27941109760
4804.63,27941109760
4804.91,27941109760
4805.19,27941109760
4805.47,27941109760
4805.75,27941109760
4806.03,27941109760
4806.31,27941109760
4806.60,27941109760
4806.88,27941109760
4807.16,27941109760
4807.44,27941109760
4807.73,27941109760
4808.01,27941109760
4808.28,27941109760
4808.57,27941109760
4808.85,27941109760
4809.13,27941109760
4809.41,27941109760
4809.69,27941109760
4809.98,27941109760
4810.26,27941109760
4810.54,27941109760
4810.82,27941109760
4811.10,27941109760
4811.38,27941109760
4811.66,27941109760
4811.95,27941109760
4812.23,27941109760
4812.50,27941109760
4812.78,27941109760
4813.06,27941109760
4813.34,27941109760
4813.62,27941109760
4813.91,27941109760
4814.19,27941109760
4814.47,27941109760
4814.76,27941109760
4815.04,27941109760
4815.32,27941109760
4815.60,27941109760
4815.89,27941109760
4816.17,27941109760
4816.45,27941109760
4816.73,27941109760
4817.01,27941109760
4817.29,27941109760
4817.57,27941109760
4817.86,27941109760
4818.14,27941109760
4818.42,27941109760
4818.71,27941109760
4818.99,27941109760
4819.27,27941109760
4819.55,27941109760
4819.83,27941109760
4820.12,27941109760
4820.40,27941109760
4820.68,27941109760
4820.96,27941109760
4821.24,27941109760
4821.52,27941109760
4821.80,27941109760
4822.08,27941109760
4822.37,27941109760
4822.65,27941109760
4822.93,27941109760
4823.21,27941109760
4823.49,27941109760
4823.77,27941109760
4824.06,27941109760
4824.34,27941109760
4824.62,27941109760
4824.90,27941109760
4825.18,27941109760
4825.46,27941109760
4825.74,27941109760
4826.02,27941109760
4826.31,27941109760
4826.59,27941109760
4826.88,27941109760
4827.15,27941109760
4827.44,27941109760
4827.72,27941109760
4828.01,27941109760
4828.28,27941109760
4828.57,27941109760
4828.85,27941109760
4829.13,27941109760
4829.41,27941109760
4829.69,27941109760
4829.97,27941109760
4830.25,27941109760
4830.54,27941109760
4830.82,27941109760
4831.11,27941109760
4831.39,27941109760
4831.67,27941109760
4831.95,27941109760
4832.23,27941109760
4832.52,27941109760
4832.80,27941109760
4833.09,27941109760
4833.37,27941109760
4833.65,27941109760
4833.94,27941109760
4834.22,27941109760
4834.50,27941109760
4834.77,27941109760
4835.06,27941109760
4835.34,27941109760
4835.62,27941109760
4835.90,27941109760
4836.18,27941109760
4836.46,27941109760
4836.75,27941109760
4837.03,27941109760
4837.31,27941109760
4837.59,27941109760
4837.87,27941109760
4838.15,27941109760
4838.43,27941109760
4838.72,27941109760
4839.00,27941109760
4839.28,27941109760
4839.56,27941109760
4839.84,27941109760
4840.12,27941109760
4840.40,27941109760
4840.68,27941109760
4840.97,27941109760
4841.25,27941109760
4841.54,27941109760
4841.82,27941109760
4842.10,27941109760
4842.38,27941109760
4842.67,27941109760
4842.94,27941109760
4843.23,27941109760
4843.51,27941109760
4843.80,27941109760
4844.08,27941109760
4844.36,27941109760
4844.65,27941109760
4844.93,27941109760
4845.21,27941109760
4845.49,27941109760
4845.77,27941109760
4846.05,27941109760
4846.33,27941109760
4846.61,27941109760
4846.89,27941109760
4847.18,27941109760
4847.46,27941109760
4847.75,27941109760
4848.03,27941109760
4848.31,27941109760
4848.59,27941109760
4848.88,27941109760
4849.16,27941109760
4849.45,27941109760
4849.73,27941109760
4850.01,27941109760
4850.29,27941109760
4850.58,27941109760
4850.86,27941109760
4851.15,27941109760
4851.43,27941109760
4851.72,27941109760
4852.00,27941109760
4852.28,27941109760
4852.56,27941109760
4852.85,27941109760
4853.13,27941109760
4853.42,27941109760
4853.70,27941109760
4853.98,27941109760
4854.27,27941109760
4854.54,27941109760
4854.82,27941109760
4855.10,27941109760
4855.38,27941109760
4855.66,27941109760
4855.94,27941109760
4856.22,27941109760
4856.50,27941109760
4856.78,27941109760
4857.06,27941109760
4857.34,27941109760
4857.62,27941109760
4857.90,27941109760
4858.18,27941109760
4858.47,27941109760
4858.75,27941109760
4859.03,27941109760
4859.32,27941109760
4859.60,27941109760
4859.88,27941109760
4860.16,27941109760
4860.44,27941109760
4860.72,27941109760
4861.00,27941109760
4861.28,27941109760
4861.56,27941109760
4861.84,27941109760
4862.12,27941109760
4862.40,27941109760
4862.69,27941109760
4862.97,27941109760
4863.25,27941109760
4863.53,27941109760
4863.82,27941109760
4864.10,27941109760
4864.37,27941109760
4864.65,27941109760
4864.93,27941109760
4865.21,27941109760
4865.50,27941109760
4865.78,27941109760
4866.06,27941109760
4866.34,27941109760
4866.62,27941109760
4866.91,27941109760
4867.19,27941109760
4867.48,27941109760
4867.76,27941109760
4868.04,27941109760
4868.32,27941109760
4868.61,27941109760
4868.89,27941109760
4869.18,27941109760
4869.46,27941109760
4869.74,27941109760
4870.03,27941109760
4870.31,27941109760
4870.58,27941109760
4870.86,27941109760
4871.14,27941109760
4871.42,27941109760
4871.71,27941109760
4871.99,27941109760
4872.27,27941109760
4872.55,27941109760
4872.84,27941109760
4873.12,27941109760
4873.40,27941109760
4873.68,27941109760
4873.96,27941109760
4874.24,27941109760
4874.52,27941109760
4874.81,27941109760
4875.09,27941109760
4875.36,27941109760
4875.64,27941109760
4875.92,27941109760
4876.20,27941109760
4876.48,27941109760
4876.77,27941109760
4877.05,27941109760
4877.33,27941109760
4877.61,27941109760
4877.89,27941109760
4878.18,27941109760
4878.46,27941109760
4878.74,27941109760
4879.02,27941109760
4879.31,27941109760
4879.59,27941109760
4879.87,27941109760
4880.16,27941109760
4880.44,27941109760
4880.72,27941109760
4881.00,27941109760
4881.28,27941109760
4881.57,27941109760
4881.85,27941109760
4882.14,27941109760
4882.42,27941109760
4882.70,27941109760
4882.98,27941109760
4883.26,27941109760
4883.55,27941109760
4883.83,27941109760
4884.11,27941109760
4884.40,27941109760
4884.68,27941109760
4884.96,27941109760
4885.24,27941109760
4885.52,27941109760
4885.81,27941109760
4886.09,27941109760
4886.37,27941109760
4886.66,27941109760
4886.94,27941109760
4887.21,27941109760
4887.50,27941109760
4887.78,27941109760
4888.06,27941109760
4888.34,27941109760
4888.62,27941109760
4888.91,27941109760
4889.19,27941109760
4889.48,27941109760
4889.76,27941109760
4890.04,27941109760
4890.32,27941109760
4890.61,27941109760
4890.89,27941109760
4891.17,27941109760
4891.46,27941109760
4891.74,27941109760
4892.02,27941109760
4892.31,27941109760
4892.59,27941109760
4892.87,27941109760
4893.15,27941109760
4893.42,27941109760
4893.71,27941109760
4893.99,27941109760
4894.27,27941109760
4894.54,27941109760
4894.83,27941109760
4895.11,27941109760
4895.39,27941109760
4895.66,27941109760
4895.94,27941109760
4896.22,27941109760
4896.50,27941109760
4896.78,27941109760
4897.06,27941109760
4897.34,27941109760
4897.62,27941109760
4897.89,27941109760
4898.18,27941109760
4898.46,27941109760
4898.74,27941109760
4899.02,27941109760
4899.30,27941109760
4899.58,27941109760
4899.87,27941109760
4900.15,27941109760
4900.43,27941109760
4900.71,27941109760
4900.98,27941109760
4901.27,27941109760
4901.55,27941109760
4901.83,27941109760
4902.12,27941109760
4902.40,27941109760
4902.68,27941109760
4902.96,27941109760
4903.24,27941109760
4903.52,27941109760
4903.80,27941109760
4904.08,27941109760
4904.37,27941109760
4904.65,27941109760
4904.93,27941109760
4905.21,27941109760
4905.49,27941109760
4905.77,27941109760
4906.05,27941109760
4906.33,27941109760
4906.62,27941109760
4906.89,27941109760
4907.17,27941109760
4907.45,27941109760
4907.73,27941109760
4908.02,27941109760
4908.30,27941109760
4908.58,27941109760
4908.86,27941109760
4909.15,27941109760
4909.43,27941109760
4909.71,27941109760
4909.98,27941109760
4910.27,27941109760
4910.55,27941109760
4910.84,27941109760
4911.12,27941109760
4911.40,27941109760
4911.68,27941109760
4911.96,27941109760
4912.24,27941109760
4912.52,27941109760
4912.80,27941109760
4913.08,27941109760
4913.36,27941109760
4913.64,27941109760
4913.93,27941109760
4914.21,27941109760
4914.49,27941109760
4914.78,27941109760
4915.05,27941109760
4915.33,27941109760
4915.61,27941109760
4915.90,27941109760
4916.18,27941109760
4916.46,27941109760
4916.74,27941109760
4917.02,27941109760
4917.31,27941109760
4917.59,27941109760
4917.87,27941109760
4918.15,27941109760
4918.44,27941109760
4918.71,27941109760
4919.00,27941109760
4919.27,27941109760
4919.56,27941109760
4919.83,27941109760
4920.12,27941109760
4920.40,27941109760
4920.68,27941109760
4920.96,27941109760
4921.24,27941109760
4921.52,27941109760
4921.80,27941109760
4922.08,27941109760
4922.36,27941109760
4922.64,27941109760
4922.92,27941109760
4923.20,27941109760
4923.48,27941109760
4923.77,27941109760
4924.05,27941109760
4924.32,27941109760
4924.61,27941109760
4924.89,27941109760
4925.17,27941109760
4925.45,27941109760
4925.74,27941109760
4926.02,27941109760
4926.30,27941109760
4926.58,27941109760
4926.86,27941109760
4927.13,27941109760
4927.42,27941109760
4927.70,27941109760
4927.98,27941109760
4928.26,27941109760
4928.54,27941109760
4928.82,27941109760
4929.10,27941109760
4929.38,27941109760
4929.66,27941109760
4929.94,27941109760
4930.23,27941109760
4930.51,27941109760
4930.79,27941109760
4931.08,27941109760
4931.36,27941109760
4931.65,27941109760
4931.93,27941109760
4932.21,27941109760
4932.49,27941109760
4932.78,27941109760
4933.06,27941109760
4933.34,27941109760
4933.62,27941109760
4933.90,27941109760
4934.18,27941109760
4934.46,27941109760
4934.74,27941109760
4935.02,27941109760
4935.30,27941109760
4935.59,27941109760
4935.88,27941109760
4936.15,27941109760
4936.44,27941109760
4936.71,27941109760
4936.99,27941109760
4937.27,27941109760
4937.56,27941109760
4937.84,27941109760
4938.12,27941109760
4938.40,27941109760
4938.68,27941109760
4938.97,27941109760
4939.25,27941109760
4939.53,27941109760
4939.81,27941109760
4940.09,27941109760
4940.38,27941109760
4940.66,27941109760
4940.95,27941109760
4941.23,27941109760
4941.51,27941109760
4941.80,27941109760
4942.07,27941109760
4942.35,27941109760
4942.64,27941109760
4942.92,27941109760
4943.19,27941109760
4943.48,27941109760
4943.77,27941109760
4944.05,27941109760
4944.33,27941109760
4944.62,27941109760
4944.90,27941109760
4945.18,27941109760
4945.46,27941109760
4945.74,27941109760
4946.02,27941109760
4946.30,27941109760
4946.57,27941109760
4946.86,27941109760
4947.14,27941109760
4947.42,27941109760
4947.70,27941109760
4947.98,27941109760
4948.27,27941109760
4948.55,27941109760
4948.83,27941109760
4949.11,27941109760
4949.40,27941109760
4949.68,27941109760
4949.97,27941109760
4950.25,27941109760
4950.53,27941109760
4950.81,27941109760
4951.10,27941109760
4951.37,27941109760
4951.65,27941109760
4951.94,27941109760
4952.22,27941109760
4952.51,27941109760
4952.79,27941109760
4953.07,27941109760
4953.35,27941109760
4953.63,27941109760
4953.91,27941109760
4954.19,27941109760
4954.47,27941109760
4954.76,27941109760
4955.04,27941109760
4955.32,27941109760
4955.60,27941109760
4955.88,27941109760
4956.16,27941109760
4956.45,27941109760
4956.72,27941109760
4957.00,27941109760
4957.29,27941109760
4957.56,27941109760
4957.84,27941109760
4958.13,27941109760
4958.41,27941109760
4958.69,27941109760
4958.97,27941109760
4959.26,27941109760
4959.53,27941109760
4959.81,27941109760
4960.10,27941109760
4960.38,27941109760
4960.66,27941109760
4960.94,27941109760
4961.22,27941109760
4961.50,27941109760
4961.79,27941109760
4962.07,27941109760
4962.35,27941109760
4962.64,27941109760
4962.92,27941109760
4963.20,27941109760
4963.48,27941109760
4963.76,27941109760
4964.05,27941109760
4964.33,27941109760
4964.61,27941109760
4964.89,27941109760
4965.17,27941109760
4965.46,27941109760
4965.74,27941109760
4966.02,27941109760
4966.30,27941109760
4966.59,27941109760
4966.87,27941109760
4967.15,27941109760
4967.43,27941109760
4967.72,27941109760
4968.00,27941109760
4968.28,27941109760
4968.57,27941109760
4968.85,27941109760
4969.13,27941109760
4969.41,27941109760
4969.69,27941109760
4969.98,27941109760
4970.26,27941109760
4970.54,27941109760
4970.82,27941109760
4971.10,27941109760
4971.38,27941109760
4971.66,27941109760
4971.94,27941109760
4972.22,27941109760
4972.49,27941109760
4972.78,27941109760
4973.06,27941109760
4973.34,27941109760
4973.62,27941109760
4973.90,27941109760
4974.19,27941109760
4974.47,27941109760
4974.76,27941109760
4975.04,27941109760
4975.32,27941109760
4975.60,27941109760
4975.89,27941109760
4976.17,27941109760
4976.45,27941109760
4976.73,27941109760
4977.01,27941109760
4977.29,27941109760
4977.57,27941109760
4977.85,27941109760
4978.14,27941109760
4978.43,27941109760
4978.71,27941109760
4978.99,27941109760
4979.27,27941109760
4979.55,27941109760
4979.83,27941109760
4980.11,27941109760
4980.40,27941109760
4980.68,27941109760
4980.96,27941109760
4981.24,27941109760
4981.52,27941109760
4981.81,27941109760
4982.09,27941109760
4982.37,27941109760
4982.65,27941109760
4982.94,27941109760
4983.22,27941109760
4983.50,27941109760
4983.79,27941109760
4984.06,27941109760
4984.35,27941109760
4984.62,27941109760
4984.90,27941109760
4985.18,27941109760
4985.46,27941109760
4985.74,27941109760
4986.03,27941109760
4986.31,27941109760
4986.59,27941109760
4986.87,27941109760
4987.15,27941109760
4987.43,27941109760
4987.72,27941109760
4988.00,27941109760
4988.28,27941109760
4988.57,27941109760
4988.85,27941109760
4989.14,27941109760
4989.42,27941109760
4989.70,27941109760
4989.97,27941109760
4990.26,27941109760
4990.54,27941109760
4990.82,27941109760
4991.10,27941109760
4991.38,27941109760
4991.66,27941109760
4991.94,27941109760
4992.22,27941109760
4992.50,27941109760
4992.78,27941109760
4993.07,27941109760
4993.35,27941109760
4993.63,27941109760
4993.90,27941109760
4994.19,27941109760
4994.47,27941109760
4994.76,27941109760
4995.04,27941109760
4995.32,27941109760
4995.60,27941109760
4995.89,27941109760
4996.17,27941109760
4996.45,27941109760
4996.73,27941109760
4997.01,27941109760
4997.29,27941109760
4997.58,27941109760
4997.86,27941109760
4998.14,27941109760
4998.43,27941109760
4998.71,27941109760
4998.99,27941109760
4999.27,27941109760
4999.56,27941109760
4999.84,27941109760
5000.12,27941109760
5000.40,27941109760
5000.68,27941109760
5000.97,27941109760
5001.26,27941109760
5001.54,27941109760
5001.82,27941109760
5002.10,27941109760
5002.38,27941109760
5002.67,27941109760
5002.94,27941109760
5003.22,27941109760
5003.50,27941109760
5003.78,27941109760
5004.06,27941109760
5004.34,27941109760
5004.62,27941109760
5004.90,27941109760
5005.19,27941109760
5005.47,27941109760
5005.74,27941109760
5006.02,27941109760
5006.30,27941109760
5006.58,27941109760
5006.87,27941109760
5007.15,27941109760
5007.43,27941109760
5007.71,27941109760
5007.99,27941109760
5008.27,27941109760
5008.56,27941109760
5008.83,27941109760
5009.11,27941109760
5009.39,27941109760
5009.68,27941109760
5009.96,27941109760
5010.24,27941109760
5010.52,27941109760
5010.81,27941109760
5011.09,27941109760
5011.37,27941109760
5011.65,27941109760
5011.93,27941109760
5012.21,27941109760
5012.49,27941109760
5012.78,27941109760
5013.06,27941109760
5013.34,27941109760
5013.62,27941109760
5013.90,27941109760
5014.19,27941109760
5014.47,27941109760
5014.76,27941109760
5015.03,27941109760
5015.31,27941109760
5015.59,27941109760
5015.88,27941109760
5016.16,27941109760
5016.44,27941109760
5016.72,27941109760
5017.00,27941109760
5017.28,27941109760
5017.56,27941109760
5017.84,27941109760
5018.12,27941109760
5018.39,27941109760
5018.67,27941109760
5018.95,27941109760
5019.23,27941109760
5019.51,27941109760
5019.79,27941109760
5020.07,27941109760
5020.36,27941109760
5020.64,27941109760
5020.92,27941109760
5021.20,27941109760
5021.49,27941109760
5021.77,27941109760
5022.05,27941109760
5022.34,27941109760
5022.62,27941109760
5022.90,27941109760
5023.18,27941109760
5023.45,27941109760
5023.74,27941109760
5024.02,27941109760
5024.29,27941109760
5024.57,27941109760
5024.86,27941109760
5025.14,27941109760
5025.42,27941109760
5025.70,27941109760
5025.99,27941109760
5026.27,27941109760
5026.55,27941109760
5026.84,27941109760
5027.12,27941109760
5027.40,27941109760
5027.68,27941109760
5027.97,27941109760
5028.25,27941109760
5028.53,27941109760
5028.81,27941109760
5029.10,27941109760
5029.38,27941109760
5029.66,27941109760
5029.94,27941109760
5030.22,27941109760
5030.51,27941109760
5030.79,27941109760
5031.07,27941109760
5031.35,27941109760
5031.63,27941109760
5031.91,27941109760
5032.19,27941109760
5032.47,27941109760
5032.76,27941109760
5033.04,27941109760
5033.32,27941109760
5033.60,27941109760
5033.89,27941109760
5034.18,27941109760
5034.46,27941109760
5034.74,27941109760
5035.01,27941109760
5035.30,27941109760
5035.58,27941109760
5035.86,27941109760
5036.14,27941109760
5036.43,27941109760
5036.71,27941109760
5036.99,27941109760
5037.28,27941109760
5037.56,27941109760
5037.84,27941109760
5038.12,27941109760
5038.40,27941109760
5038.68,27941109760
5038.96,27941109760
5039.25,27941109760
5039.53,27941109760
5039.81,27941109760
5040.09,27941109760
5040.37,27941109760
5040.65,27941109760
5040.93,27941109760
5041.21,27941109760
5041.50,27941109760
5041.78,27941109760
5042.06,27941109760
5042.34,27941109760
5042.63,27941109760
5042.91,27941109760
5043.19,27941109760
5043.47,27941109760
5043.75,27941109760
5044.03,27941109760
5044.31,27941109760
5044.60,27941109760
5044.88,27941109760
5045.16,27941109760
5045.44,27941109760
5045.72,27941109760
5046.00,27941109760
5046.29,27941109760
5046.57,27941109760
5046.85,27941109760
5047.14,27941109760
5047.42,27941109760
5047.70,27941109760
5047.99,27941109760
5048.27,27941109760
5048.55,27941109760
5048.83,27941109760
5049.11,27941109760
5049.39,27941109760
5049.67,27941109760
5049.95,27941109760
5050.23,27941109760
5050.51,27941109760
5050.80,27941109760
5051.08,27941109760
5051.36,27941109760
5051.64,27941109760
5051.92,27941109760
5052.21,27941109760
5052.49,27941109760
5052.78,27941109760
5053.06,27941109760
5053.34,27941109760
5053.62,27941109760
5053.90,27941109760
5054.18,27941109760
5054.47,27941109760
5054.75,27941109760
5055.03,27941109760
5055.31,27941109760
5055.60,27941109760
5055.88,27941109760
5056.16,27941109760
5056.44,27941109760
5056.73,27941109760
5057.01,27941109760
5057.30,27941109760
5057.58,27941109760
5057.86,27941109760
5058.15,27941109760
5058.42,27941109760
5058.70,27941109760
5058.98,27941109760
5059.27,27941109760
5059.55,27941109760
5059.83,27941109760
5060.10,27941109760
5060.39,27941109760
5060.66,27941109760
5060.95,27941109760
5061.23,27941109760
5061.52,27941109760
5061.80,27941109760
5062.08,27941109760
5062.36,27941109760
5062.65,27941109760
5062.93,27941109760
5063.22,27941109760
5063.50,27941109760
5063.78,27941109760
5064.06,27941109760
5064.34,27941109760
5064.62,27941109760
5064.90,27941109760
5065.18,27941109760
5065.45,27941109760
5065.73,27941109760
5066.01,27941109760
5066.30,27941109760
5066.58,27941109760
5066.86,27941109760
5067.14,27941109760
5067.43,27941109760
5067.72,27941109760
5068.00,27941109760
5068.28,27941109760
5068.57,27941109760
5068.85,27941109760
5069.13,27941109760
5069.42,27941109760
5069.70,27941109760
5069.98,27941109760
5070.26,27941109760
5070.54,27941109760
5070.82,27941109760
5071.10,27941109760
5071.38,27941109760
5071.66,27941109760
5071.94,27941109760
5072.22,27941109760
5072.51,27941109760
5072.79,27941109760
5073.07,27941109760
5073.35,27941109760
5073.63,27941109760
5073.91,27941109760
5074.19,27941109760
5074.47,27941109760
5074.74,27941109760
5075.03,27941109760
5075.31,27941109760
5075.59,27941109760
5075.87,27941109760
5076.15,27941109760
5076.43,27941109760
5076.71,27941109760
5076.99,27941109760
5077.28,27941109760
5077.56,27941109760
5077.84,27941109760
5078.12,27941109760
5078.41,27941109760
5078.68,27941109760
5078.97,27941109760
5079.25,27941109760
5079.54,27941109760
5079.82,27941109760
5080.10,27941109760
5080.38,27941109760
5080.66,27941109760
5080.94,27941109760
5081.22,27941109760
5081.50,27941109760
5081.79,27941109760
5082.07,27941109760
5082.36,27941109760
5082.64,27941109760
5082.92,27941109760
5083.20,27941109760
5083.48,27941109760
5083.76,27941109760
5084.04,27941109760
5084.33,27941109760
5084.62,27941109760
5084.90,27941109760
5085.18,27941109760
5085.46,27941109760
5085.74,27941109760
5086.02,27941109760
5086.30,27941109760
5086.57,27941109760
5086.86,27941109760
5087.14,27941109760
5087.42,27941109760
5087.70,27941109760
5087.98,27941109760
5088.26,27941109760
5088.54,27941109760
5088.82,27941109760
5089.10,27941109760
5089.38,27941109760
5089.66,27941109760
5089.94,27941109760
5090.23,27941109760
5090.51,27941109760
5090.80,27941109760
5091.08,27941109760
5091.36,27941109760
5091.64,27941109760
5091.92,27941109760
5092.20,27941109760
5092.48,27941109760
5092.77,27941109760
5093.05,27941109760
5093.33,27941109760
5093.61,27941109760
5093.90,27941109760
5094.17,27941109760
5094.45,27941109760
5094.73,27941109760
5095.02,27941109760
5095.30,27941109760
5095.59,27941109760
5095.87,27941109760
5096.15,27941109760
5096.44,27941109760
5096.72,27941109760
5097.00,27941109760
5097.28,27941109760
5097.56,27941109760
5097.85,27941109760
5098.13,27941109760
5098.41,27941109760
5098.69,27941109760
5098.98,27941109760
5099.26,27941109760
5099.54,27941109760
5099.82,27941109760
5100.11,27941109760
5100.39,27941109760
5100.67,27941109760
5100.95,27941109760
5101.24,27941109760
5101.52,27941109760
5101.80,27941109760
5102.07,27941109760
5102.35,27941109760
5102.64,27941109760
5102.91,27941109760
5103.19,27941109760
5103.48,27941109760
5103.76,27941109760
5104.05,27941109760
5104.33,27941109760
5104.61,27941109760
5104.89,27941109760
5105.18,27941109760
5105.46,27941109760
5105.74,27941109760
5106.02,27941109760
5106.30,27941109760
5106.58,27941109760
5106.86,27941109760
5107.15,27941109760
5107.42,27941109760
5107.71,27941109760
5107.99,27941109760
5108.27,27941109760
5108.55,27941109760
5108.83,27941109760
5109.11,27941109760
5109.40,27941109760
5109.68,27941109760
5109.96,27941109760
5110.25,27941109760
5110.53,27941109760
5110.82,27941109760
5111.09,27941109760
5111.38,27941109760
5111.66,27941109760
5111.94,27941109760
5112.22,27941109760
5112.51,27941109760
5112.79,27941109760
5113.07,27941109760
5113.35,27941109760
5113.63,27941109760
5113.92,27941109760
5114.20,27941109760
5114.49,27941109760
5114.77,27941109760
5115.04,27941109760
5115.32,27941109760
5115.61,27941109760
5115.88,27941109760
5116.17,27941109760
5116.45,27941109760
5116.74,27941109760
5117.02,27941109760
5117.30,27941109760
5117.58,27941109760
5117.87,27941109760
5118.15,27941109760
5118.43,27941109760
5118.71,27941109760
5118.99,27941109760
5119.27,27941109760
5119.55,27941109760
5119.83,27941109760
5120.11,27941109760
5120.40,27941109760
5120.68,27941109760
5120.96,27941109760
5121.25,27941109760
5121.53,27941109760
5121.81,27941109760
5122.09,27941109760
5122.37,27941109760
5122.65,27941109760
5122.93,27941109760
5123.21,27941109760
5123.49,27941109760
5123.78,27941109760
5124.06,27941109760
5124.34,27941109760
5124.62,27941109760
5124.90,27941109760
5125.19,27941109760
5125.47,27941109760
5125.75,27941109760
5126.03,27941109760
5126.31,27941109760
5126.60,27941109760
5126.88,27941109760
5127.16,27941109760
5127.44,27941109760
5127.72,27941109760
5128.00,27941109760
5128.28,27941109760
5128.57,27941109760
5128.85,27941109760
5129.14,27941109760
5129.42,27941109760
5129.70,27941109760
5129.99,27941109760
5130.27,27941109760
5130.56,27941109760
5130.84,27941109760
5131.11,27941109760
5131.40,27941109760
5131.68,27941109760
5131.96,27941109760
5132.24,27941109760
5132.52,27941109760
5132.81,27941109760
5133.09,27941109760
5133.37,27941109760
5133.65,27941109760
5133.93,27941109760
5134.21,27941109760
5134.49,27941109760
5134.78,27941109760
5135.06,27941109760
5135.35,27941109760
5135.63,27941109760
5135.91,27941109760
5136.19,27941109760
5136.47,27941109760
5136.75,27941109760
5137.03,27941109760
5137.31,27941109760
5137.60,27941109760
5137.88,27941109760
5138.16,27941109760
5138.44,27941109760
5138.72,27941109760
5139.00,27941109760
5139.28,27941109760
5139.57,27941109760
5139.85,27941109760
5140.13,27941109760
5140.42,27941109760
5140.70,27941109760
5140.98,27941109760
5141.26,27941109760
5141.54,27941109760
5141.82,27941109760
5142.11,27941109760
5142.39,27941109760
5142.67,27941109760
5142.95,27941109760
5143.23,27941109760
5143.51,27941109760
5143.79,27941109760
5144.07,27941109760
5144.35,27941109760
5144.63,27941109760
5144.92,27941109760
5145.20,27941109760
5145.48,27941109760
5145.77,27941109760
5146.04,27941109760
5146.32,27941109760
5146.61,27941109760
5146.89,27941109760
5147.17,27941109760
5147.46,27941109760
5147.74,27941109760
5148.02,27941109760
5148.30,27941109760
5148.58,27941109760
5148.86,27941109760
5149.15,27941109760
5149.43,27941109760
5149.71,27941109760
5150.00,27941109760
5150.28,27941109760
5150.56,27941109760
5150.85,27941109760
5151.14,27941109760
5151.41,27941109760
5151.69,27941109760
5151.97,27941109760
5152.26,27941109760
5152.54,27941109760
5152.82,27941109760
5153.10,27941109760
5153.39,27941109760
5153.67,27941109760
5153.95,27941109760
5154.23,27941109760
5154.52,27941109760
5154.80,27941109760
5155.08,27941109760
5155.35,27941109760
5155.64,27941109760
5155.92,27941109760
5156.21,27941109760
5156.49,27941109760
5156.77,27941109760
5157.06,27941109760
5157.34,27941109760
5157.61,27941109760
5157.90,27941109760
5158.18,27941109760
5158.47,27941109760
5158.74,27941109760
5159.02,27941109760
5159.30,27941109760
5159.59,27941109760
5159.86,27941109760
5160.15,27941109760
5160.43,27941109760
5160.71,27941109760
5160.99,27941109760
5161.27,27941109760
5161.56,27941109760
5161.83,27941109760
5162.11,27941109760
5162.40,27941109760
5162.67,27941109760
5162.96,27941109760
5163.24,27941109760
5163.52,27941109760
5163.80,27941109760
5164.09,27941109760
5164.37,27941109760
5164.65,27941109760
5164.94,27941109760
5165.22,27941109760
5165.50,27941109760
5165.79,27941109760
5166.07,27941109760
5166.35,27941109760
5166.64,27941109760
5166.92,27941109760
5167.20,27941109760
5167.48,27941109760
5167.77,27941109760
5168.05,27941109760
5168.34,27941109760
5168.62,27941109760
5168.90,27941109760
5169.18,27941109760
5169.47,27941109760
5169.75,27941109760
5170.03,27941109760
5170.32,27941109760
5170.60,27941109760
5170.88,27941109760
5171.17,27941109760
5171.45,27941109760
5171.73,27941109760
5172.00,27941109760
5172.28,27941109760
5172.57,27941109760
5172.85,27941109760
5173.13,27941109760
5173.41,27941109760
5173.69,27941109760
5173.97,27941109760
5174.25,27941109760
5174.53,27941109760
5174.81,27941109760
5175.09,27941109760
5175.37,27941109760
5175.65,27941109760
5175.93,27941109760
5176.21,27941109760
5176.49,27941109760
5176.77,27941109760
5177.06,27941109760
5177.34,27941109760
5177.62,27941109760
5177.91,27941109760
5178.19,27941109760
5178.47,27941109760
5178.75,27941109760
5179.04,27941109760
5179.32,27941109760
5179.60,27941109760
5179.87,27941109760
5180.15,27941109760
5180.43,27941109760
5180.71,27941109760
5180.99,27941109760
5181.27,27941109760
5181.55,27941109760
5181.83,27941109760
5182.11,27941109760
5182.39,27941109760
5182.68,27941109760
5182.96,27941109760
5183.24,27941109760
5183.52,27941109760
5183.80,27941109760
5184.09,27941109760
5184.37,27941109760
5184.65,27941109760
5184.93,27941109760
5185.21,27941109760
5185.49,27941109760
5185.77,27941109760
5186.05,27941109760
5186.33,27941109760
5186.60,27941109760
5186.88,27941109760
5187.16,27941109760
5187.45,27941109760
5187.73,27941109760
5188.01,27941109760
5188.29,27941109760
5188.56,27941109760
5188.85,27941109760
5189.13,27941109760
5189.41,27941109760
5189.69,27941109760
5189.97,27941109760
5190.25,27941109760
5190.53,27941109760
5190.81,27941109760
5191.09,27941109760
5191.37,27941109760
5191.65,27941109760
5191.94,27941109760
5192.22,27941109760
5192.50,27941109760
5192.78,27941109760
5193.06,27941109760
5193.34,27941109760
5193.62,27941109760
5193.91,27941109760
5194.19,27941109760
5194.47,27941109760
5194.75,27941109760
5195.03,27941109760
5195.31,27941109760
5195.59,27941109760
5195.87,27941109760
5196.15,27941109760
5196.43,27941109760
5196.71,27941109760
5196.99,27941109760
5197.27,27941109760
5197.55,27941109760
5197.83,27941109760
5198.11,27941109760
5198.40,27941109760
5198.67,27941109760
5198.95,27941109760
5199.23,27941109760
5199.51,27941109760
5199.79,27941109760
5200.07,27941109760
5200.35,27941109760
5200.63,27941109760
5200.92,27941109760
5201.20,27941109760
5201.48,27941109760
5201.76,27941109760
5202.04,27941109760
5202.32,27941109760
5202.60,27941109760
5202.88,27941109760
5203.16,27941109760
5203.44,27941109760
5203.72,27941109760
5204.00,27941109760
5204.28,27941109760
5204.56,27941109760
5204.85,27941109760
5205.13,27941109760
5205.40,27941109760
5205.69,27941109760
5205.96,27941109760
5206.25,27941109760
5206.53,27941109760
5206.81,27941109760
5207.10,27941109760
5207.38,27941109760
5207.66,27941109760
5207.94,27941109760
5208.22,27941109760
5208.51,27941109760
5208.79,27941109760
5209.06,27941109760
5209.35,27941109760
5209.63,27941109760
5209.91,27941109760
5210.20,27941109760
5210.48,27941109760
5210.76,27941109760
5211.04,27941109760
5211.32,27941109760
5211.60,27941109760
5211.88,27941109760
5212.17,27941109760
5212.45,27941109760
5212.74,27941109760
5213.03,27941109760
5213.31,27941109760
5213.59,27941109760
5213.87,27941109760
5214.16,27941109760
5214.44,27941109760
5214.72,27941109760
5215.01,27941109760
5215.29,27941109760
5215.58,27941109760
5215.86,27941109760
5216.14,27941109760
5216.42,27941109760
5216.70,27941109760
5216.99,27941109760
5217.27,27941109760
5217.55,27941109760
5217.82,27941109760
5218.11,27941109760
5218.39,27941109760
5218.68,27941109760
5218.96,27941109760
5219.24,27941109760
5219.52,27941109760
5219.80,27941109760
5220.08,27941109760
5220.37,27941109760
5220.65,27941109760
5220.94,27941109760
5221.22,27941109760
5221.51,27941109760
5221.79,27941109760
5222.07,27941109760
5222.35,27941109760
5222.63,27941109760
5222.91,27941109760
5223.20,27941109760
5223.48,27941109760
5223.76,27941109760
5224.04,27941109760
5224.32,27941109760
5224.60,27941109760
5224.88,27941109760
5225.16,27941109760
5225.44,27941109760
5225.72,27941109760
5226.01,27941109760
5226.29,27941109760
5226.56,27941109760
5226.85,27941109760
5227.13,27941109760
5227.41,27941109760
5227.69,27941109760
5227.97,27941109760
5228.24,27941109760
5228.52,27941109760
5228.81,27941109760
5229.09,27941109760
5229.37,27941109760
5229.65,27941109760
5229.94,27941109760
5230.21,27941109760
5230.49,27941109760
5230.77,27941109760
5231.06,27941109760
5231.34,27941109760
5231.63,27941109760
5231.91,27941109760
5232.19,27941109760
5232.47,27941109760
5232.75,27941109760
5233.03,27941109760
5233.31,27941109760
5233.60,27941109760
5233.88,27941109760
5234.16,27941109760
5234.44,27941109760
5234.72,27941109760
5235.00,27941109760
5235.28,27941109760
5235.56,27941109760
5235.84,27941109760
5236.11,27941109760
5236.40,27941109760
5236.68,27941109760
5236.96,27941109760
5237.24,27941109760
5237.52,27941109760
5237.80,27941109760
5238.08,27941109760
5238.36,27941109760
5238.65,27941109760
5238.93,27941109760
5239.21,27941109760
5239.50,27941109760
5239.77,27941109760
5240.06,27941109760
5240.34,27941109760
5240.63,27941109760
5240.91,27941109760
5241.19,27941109760
5241.47,27941109760
5241.75,27941109760
5242.03,27941109760
5242.31,27941109760
5242.60,27941109760
5242.88,27941109760
5243.16,27941109760
5243.44,27941109760
5243.73,27941109760
5244.01,27941109760
5244.29,27941109760
5244.57,27941109760
5244.85,27941109760
5245.13,27941109760
5245.41,27941109760
5245.69,27941109760
5245.97,27941109760
5246.25,27941109760
5246.54,27941109760
5246.82,27941109760
5247.10,27941109760
5247.39,27941109760
5247.67,27941109760
5247.95,27941109760
5248.23,27941109760
5248.51,27941109760
5248.80,27941109760
5249.08,27941109760
5249.35,27941109760
5249.64,27941109760
5249.92,27941109760
5250.20,27941109760
5250.48,27941109760
5250.76,27941109760
5251.04,27941109760
5251.33,27941109760
5251.61,27941109760
5251.89,27941109760
5252.17,27941109760
5252.45,27941109760
5252.74,27941109760
5253.02,27941109760
5253.30,27941109760
5253.58,27941109760
5253.86,27941109760
5254.14,27941109760
5254.43,27941109760
5254.71,27941109760
5254.99,27941109760
5255.28,27941109760
5255.56,27941109760
5255.84,27941109760
5256.12,27941109760
5256.40,27941109760
5256.68,27941109760
5256.97,27941109760
5257.25,27941109760
5257.52,27941109760
5257.80,27941109760
5258.09,27941109760
5258.37,27941109760
5258.65,27941109760
5258.94,27941109760
5259.22,27941109760
5259.50,27941109760
5259.78,27941109760
5260.06,27941109760
5260.35,27941109760
5260.63,27941109760
5260.91,27941109760
5261.19,27941109760
5261.48,27941109760
5261.77,27941109760
5262.05,27941109760
5262.34,27941109760
5262.61,27941109760
5262.89,27941109760
5263.18,27941109760
5263.46,27941109760
5263.73,27941109760
5264.02,27941109760
5264.30,27941109760
5264.58,27941109760
5264.86,27941109760
5265.14,27941109760
5265.42,27941109760
5265.71,27941109760
5265.99,27941109760
5266.27,27941109760
5266.55,27941109760
5266.83,27941109760
5267.11,27941109760
5267.39,27941109760
5267.67,27941109760
5267.96,27941109760
5268.23,27941109760
5268.52,27941109760
5268.79,27941109760
5269.07,27941109760
5269.35,27941109760
5269.64,27941109760
5269.92,27941109760
5270.20,27941109760
5270.48,27941109760
5270.76,27941109760
5271.04,27941109760
5271.32,27941109760
5271.60,27941109760
5271.88,27941109760
5272.16,27941109760
5272.44,27941109760
5272.72,27941109760
5272.99,27941109760
5273.28,27941109760
5273.55,27941109760
5273.84,27941109760
5274.12,27941109760
5274.40,27941109760
5274.68,27941109760
5274.96,27941109760
5275.24,27941109760
5275.53,27941109760
5275.81,27941109760
5276.09,27941109760
5276.37,27941109760
5276.65,27941109760
5276.94,27941109760
5277.21,27941109760
5277.49,27941109760
5277.77,27941109760
5278.06,27941109760
5278.34,27941109760
5278.62,27941109760
5278.90,27941109760
5279.18,27941109760
5279.46,27941109760
5279.75,27941109760
5280.03,27941109760
5280.32,27941109760
5280.60,27941109760
5280.88,27941109760
5281.16,27941109760
5281.44,27941109760
5281.72,27941109760
5282.00,27941109760
5282.27,27941109760
5282.56,27941109760
5282.84,27941109760
5283.12,27941109760
5283.40,27941109760
5283.68,27941109760
5283.96,27941109760
5284.25,27941109760
5284.53,27941109760
5284.81,27941109760
5285.09,27941109760
5285.37,27941109760
5285.66,27941109760
5285.94,27941109760
5286.22,27941109760
5286.50,27941109760
5286.79,27941109760
5287.07,27941109760
5287.35,27941109760
5287.64,27941109760
5287.92,27941109760
5288.20,27941109760
5288.48,27941109760
5288.77,27941109760
5289.05,27941109760
5289.33,27941109760
5289.61,27941109760
5289.89,27941109760
5290.17,27941109760
5290.46,27941109760
5290.74,27941109760
5291.02,27941109760
5291.30,27941109760
5291.59,27941109760
5291.87,27941109760
5292.15,27941109760
5292.43,27941109760
5292.71,27941109760
5292.99,27941109760
5293.27,27941109760
5293.55,27941109760
5293.83,27941109760
5294.11,27941109760
5294.39,27941109760
5294.67,27941109760
5294.95,27941109760
5295.24,27941109760
5295.52,27941109760
5295.80,27941109760
5296.09,27941109760
5296.37,27941109760
5296.65,27941109760
5296.93,27941109760
5297.20,27941109760
5297.49,27941109760
5297.77,27941109760
5298.05,27941109760
5298.34,27941109760
5298.62,27941109760
5298.90,27941109760
5299.17,27941109760
5299.45,27941109760
5299.73,27941109760
5300.02,27941109760
5300.29,27941109760
5300.57,27941109760
5300.86,27941109760
5301.15,27941109760
5301.43,27941109760
5301.71,27941109760
5301.99,27941109760
5302.27,27941109760
5302.55,27941109760
5302.83,27941109760
5303.11,27941109760
5303.38,27941109760
5303.66,27941109760
5303.94,27941109760
5304.23,27941109760
5304.51,27941109760
5304.80,27941109760
5305.08,27941109760
5305.36,27941109760
5305.64,27941109760
5305.92,27941109760
5306.20,27941109760
5306.49,27941109760
5306.77,27941109760
5307.05,27941109760
5307.34,27941109760
5307.62,27941109760
5307.90,27941109760
5308.19,27941109760
5308.47,27941109760
5308.76,27941109760
5309.04,27941109760
5309.32,27941109760
5309.60,27941109760
5309.88,27941109760
5310.17,27941109760
5310.44,27941109760
5310.73,27941109760
5311.01,27941109760
5311.29,27941109760
5311.57,27941109760
5311.85,27941109760
5312.13,27941109760
5312.42,27941109760
5312.70,27941109760
5312.98,27941109760
5313.26,27941109760
5313.55,27941109760
5313.83,27941109760
5314.12,27941109760
5314.40,27941109760
5314.68,27941109760
5314.97,27941109760
5315.25,27941109760
5315.53,27941109760
5315.81,27941109760
5316.09,27941109760
5316.38,27941109760
5316.66,27941109760
5316.93,27941109760
5317.21,27941109760
5317.49,27941109760
5317.78,27941109760
5318.06,27941109760
5318.34,27941109760
5318.62,27941109760
5318.90,27941109760
5319.18,27941109760
5319.46,27941109760
5319.74,27941109760
5320.02,27941109760
5320.30,27941109760
5320.57,27941109760
5320.85,27941109760
5321.14,27941109760
5321.42,27941109760
5321.70,27941109760
5321.98,27941109760
5322.26,27941109760
5322.54,27941109760
5322.82,27941109760
5323.11,27941109760
5323.39,27941109760
5323.67,27941109760
5323.96,27941109760
5324.23,27941109760
5324.52,27941109760
5324.80,27941109760
5325.08,27941109760
5325.36,27941109760
5325.65,27941109760
5325.93,27941109760
5326.21,27941109760
5326.49,27941109760
5326.77,27941109760
5327.06,27941109760
5327.34,27941109760
5327.63,27941109760
5327.91,27941109760
5328.19,27941109760
5328.47,27941109760
5328.75,27941109760
5329.04,27941109760
5329.32,27941109760
5329.59,27941109760
5329.87,27941109760
5330.15,27941109760
5330.43,27941109760
5330.71,27941109760
5331.00,27941109760
5331.27,27941109760
5331.56,27941109760
5331.83,27941109760
5332.11,27941109760
5332.39,27941109760
5332.67,27941109760
5332.96,27941109760
5333.24,27941109760
5333.52,27941109760
5333.81,27941109760
5334.09,27941109760
5334.37,27941109760
5334.65,27941109760
5334.93,27941109760
5335.21,27941109760
5335.48,27941109760
5335.76,27941109760
5336.05,27941109760
5336.33,27941109760
5336.61,27941109760
5336.89,27941109760
5337.18,27941109760
5337.45,27941109760
5337.74,27941109760
5338.02,27941109760
5338.31,27941109760
5338.59,27941109760
5338.87,27941109760
5339.15,27941109760
5339.44,27941109760
5339.72,27941109760
5340.00,27941109760
5340.28,27941109760
5340.56,27941109760
5340.84,27941109760
5341.12,27941109760
5341.40,27941109760
5341.69,27941109760
5341.96,27941109760
5342.24,27941109760
5342.53,27941109760
5342.81,27941109760
5343.08,27941109760
5343.36,27941109760
5343.65,27941109760
5343.93,27941109760
5344.21,27941109760
5344.50,27941109760
5344.78,27941109760
5345.06,27941109760
5345.35,27941109760
5345.62,27941109760
5345.91,27941109760
5346.19,27941109760
5346.47,27941109760
5346.76,27941109760
5347.04,27941109760
5347.32,27941109760
5347.60,27941109760
5347.89,27941109760
5348.17,27941109760
5348.45,27941109760
5348.74,27941109760
5349.02,27941109760
5349.30,27941109760
5349.58,27941109760
5349.86,27941109760
5350.14,27941109760
5350.43,27941109760
5350.70,27941109760
5350.98,27941109760
5351.26,27941109760
5351.55,27941109760
5351.83,27941109760
5352.11,27941109760
5352.39,27941109760
5352.67,27941109760
5352.96,27941109760
5353.24,27941109760
5353.52,27941109760
5353.80,27941109760
5354.08,27941109760
5354.36,27941109760
5354.64,27941109760
5354.93,27941109760
5355.20,27941109760
5355.49,27941109760
5355.77,27941109760
5356.05,27941109760
5356.33,27941109760
5356.61,27941109760
5356.89,27941109760
5357.18,27941109760
5357.46,27941109760
5357.74,27941109760
5358.03,27941109760
5358.30,27941109760
5358.59,27941109760
5358.87,27941109760
5359.15,27941109760
5359.43,27941109760
5359.71,27941109760
5359.99,27941109760
5360.28,27941109760
5360.56,27941109760
5360.85,27941109760
5361.13,27941109760
5361.42,27941109760
5361.70,27941109760
5361.97,27941109760
5362.26,27941109760
5362.55,27941109760
5362.82,27941109760
5363.10,27941109760
5363.38,27941109760
5363.66,27941109760
5363.94,27941109760
5364.23,27941109760
5364.51,27941109760
5364.79,27941109760
5365.07,27941109760
5365.35,27941109760
5365.64,27941109760
5365.92,27941109760
5366.20,27941109760
5366.48,27941109760
5366.76,27941109760
5367.03,27941109760
5367.31,27941109760
5367.60,27941109760
5367.88,27941109760
5368.16,27941109760
5368.45,27941109760
5368.73,27941109760
5369.01,27941109760
5369.29,27941109760
5369.57,27941109760
5369.85,27941109760
5370.13,27941109760
5370.42,27941109760
5370.70,27941109760
5370.99,27941109760
5371.27,27941109760
5371.55,27941109760
5371.83,27941109760
5372.11,27941109760
5372.40,27941109760
5372.68,27941109760
5372.97,27941109760
5373.25,27941109760
5373.53,27941109760
5373.81,27941109760
5374.09,27941109760
5374.38,27941109760
5374.66,27941109760
5374.94,27941109760
5375.23,27941109760
5375.51,27941109760
5375.79,27941109760
5376.08,27941109760
5376.36,27941109760
5376.64,27941109760
5376.93,27941109760
5377.21,27941109760
5377.49,27941109760
5377.78,27941109760
5378.06,27941109760
5378.34,27941109760
5378.63,27941109760
5378.91,27941109760
5379.19,27941109760
5379.47,27941109760
5379.75,27941109760
5380.03,27941109760
5380.31,27941109760
5380.60,27941109760
5380.88,27941109760
5381.17,27941109760
5381.45,27941109760
5381.74,27941109760
5382.02,27941109760
5382.30,27941109760
5382.57,27941109760
5382.86,27941109760
5383.14,27941109760
5383.41,27941109760
5383.69,27941109760
5383.97,27941109760
5384.26,27941109760
5384.54,27941109760
5384.82,27941109760
5385.11,27941109760
5385.39,27941109760
5385.67,27941109760
5385.95,27941109760
5386.24,27941109760
5386.52,27941109760
5386.81,27941109760
5387.09,27941109760
5387.37,27941109760
5387.65,27941109760
5387.93,27941109760
5388.22,27941109760
5388.50,27941109760
5388.78,27941109760
5389.06,27941109760
5389.33,27941109760
5389.61,27941109760
5389.89,27941109760
5390.18,27941109760
5390.46,27941109760
5390.74,27941109760
5391.02,27941109760
5391.30,27941109760
5391.58,27941109760
5391.87,27941109760
5392.15,27941109760
5392.43,27941109760
5392.71,27941109760
5392.99,27941109760
5393.28,27941109760
5393.56,27941109760
5393.84,27941109760
5394.12,27941109760
5394.41,27941109760
5394.69,27941109760
5394.97,27941109760
5395.25,27941109760
5395.53,27941109760
5395.81,27941109760
5396.10,27941109760
5396.38,27941109760
5396.65,27941109760
5396.94,27941109760
5397.22,27941109760
5397.50,27941109760
5397.78,27941109760
5398.06,27941109760
5398.34,27941109760
5398.62,27941109760
5398.90,27941109760
5399.19,27941109760
5399.47,27941109760
5399.75,27941109760
5400.03,27941109760
5400.31,27941109760
5400.59,27941109760
5400.87,27941109760
5401.15,27941109760
5401.44,27941109760
5401.73,27941109760
5402.00,27941109760
5402.28,27941109760
5402.56,27941109760
5402.85,27941109760
5403.13,27941109760
5403.41,27941109760
5403.69,27941109760
5403.97,27941109760
5404.26,27941109760
5404.53,27941109760
5404.81,27941109760
5405.09,27941109760
5405.38,27941109760
5405.66,27941109760
5405.94,27941109760
5406.22,27941109760
5406.51,27941109760
5406.79,27941109760
5407.07,27941109760
5407.35,27941109760
5407.63,27941109760
5407.91,27941109760
5408.19,27941109760
5408.47,27941109760
5408.76,27941109760
5409.04,27941109760
5409.32,27941109760
5409.60,27941109760
5409.88,27941109760
5410.17,27941109760
5410.45,27941109760
5410.73,27941109760
5411.01,27941109760
5411.28,27941109760
5411.57,27941109760
5411.85,27941109760
5412.13,27941109760
5412.42,27941109760
5412.70,27941109760
5412.97,27941109760
5413.25,27941109760
5413.53,27941109760
5413.81,27941109760
5414.09,27941109760
5414.38,27941109760
5414.66,27941109760
5414.94,27941109760
5415.22,27941109760
5415.50,27941109760
5415.78,27941109760
5416.06,27941109760
5416.34,27941109760
5416.63,27941109760
5416.91,27941109760
5417.19,27941109760
5417.48,27941109760
5417.76,27941109760
5418.04,27941109760
5418.32,27941109760
5418.60,27941109760
5418.89,27941109760
5419.17,27941109760
5419.44,27941109760
5419.73,27941109760
5420.01,27941109760
5420.29,27941109760
5420.56,27941109760
5420.85,27941109760
5421.12,27941109760
5421.41,27941109760
5421.69,27941109760
5421.97,27941109760
5422.25,27941109760
5422.53,27941109760
5422.81,27941109760
5423.10,27941109760
5423.38,27941109760
5423.66,27941109760
5423.94,27941109760
5424.23,27941109760
5424.51,27941109760
5424.79,27941109760
5425.07,27941109760
5425.36,27941109760
5425.64,27941109760
5425.92,27941109760
5426.20,27941109760
5426.48,27941109760
5426.76,27941109760
5427.05,27941109760
5427.33,27941109760
5427.61,27941109760
5427.89,27941109760
5428.17,27941109760
5428.46,27941109760
5428.74,27941109760
5429.02,27941109760
5429.31,27941109760
5429.59,27941109760
5429.87,27941109760
5430.15,27941109760
5430.43,27941109760
5430.72,27941109760
5431.00,27941109760
5431.28,27941109760
5431.56,27941109760
5431.84,27941109760
5432.12,27941109760
5432.40,27941109760
5432.68,27941109760
5432.96,27941109760
5433.24,27941109760
5433.53,27941109760
5433.81,27941109760
5434.09,27941109760
5434.38,27941109760
5434.66,27941109760
5434.94,27941109760
5435.22,27941109760
5435.50,27941109760
5435.78,27941109760
5436.06,27941109760
5436.34,27941109760
5436.63,27941109760
5436.91,27941109760
5437.19,27941109760
5437.47,27941109760
5437.76,27941109760
5438.04,27941109760
5438.32,27941109760
5438.60,27941109760
5438.89,27941109760
5439.17,27941109760
5439.45,27941109760
5439.73,27941109760
5440.02,27941109760
5440.30,27941109760
5440.58,27941109760
5440.86,27941109760
5441.15,27941109760
5441.43,27941109760
5441.71,27941109760
5441.99,27941109760
5442.27,27941109760
5442.55,27941109760
5442.82,27941109760
5443.10,27941109760
5443.39,27941109760
5443.67,27941109760
5443.95,27941109760
5444.24,27941109760
5444.52,27941109760
5444.80,27941109760
5445.07,27941109760
5445.35,27941109760
5445.64,27941109760
5445.92,27941109760
5446.20,27941109760
5446.48,27941109760
5446.76,27941109760
5447.05,27941109760
5447.33,27941109760
5447.61,27941109760
5447.90,27941109760
5448.18,27941109760
5448.46,27941109760
5448.74,27941109760
5449.02,27941109760
5449.31,27941109760
5449.59,27941109760
5449.87,27941109760
5450.15,27941109760
5450.43,27941109760
5450.71,27941109760
5450.99,27941109760
5451.27,27941109760
5451.56,27941109760
5451.84,27941109760
5452.12,27941109760
5452.40,27941109760
5452.68,27941109760
5452.96,27941109760
5453.24,27941109760
5453.52,27941109760
5453.80,27941109760
5454.08,27941109760
5454.36,27941109760
5454.64,27941109760
5454.92,27941109760
5455.20,27941109760
5455.48,27941109760
5455.77,27941109760
5456.05,27941109760
5456.33,27941109760
5456.61,27941109760
5456.90,27941109760
5457.18,27941109760
5457.46,27941109760
5457.74,27941109760
5458.02,27941109760
5458.30,27941109760
5458.59,27941109760
5458.87,27941109760
5459.15,27941109760
5459.43,27941109760
5459.71,27941109760
5459.99,27941109760
5460.27,27941109760
5460.55,27941109760
5460.83,27941109760
5461.11,27941109760
5461.39,27941109760
5461.67,27941109760
5461.95,27941109760
5462.24,27941109760
5462.52,27941109760
5462.80,27941109760
5463.08,27941109760
5463.36,27941109760
5463.64,27941109760
5463.93,27941109760
5464.21,27941109760
5464.49,27941109760
5464.76,27941109760
5465.04,27941109760
5465.33,27941109760
5465.61,27941109760
5465.89,27941109760
5466.17,27941109760
5466.45,27941109760
5466.73,27941109760
5467.01,27941109760
5467.29,27941109760
5467.58,27941109760
5467.85,27941109760
5468.13,27941109760
5468.41,27941109760
5468.69,27941109760
5468.97,27941109760
5469.25,27941109760
5469.54,27941109760
5469.82,27941109760
5470.10,27941109760
5470.38,27941109760
5470.66,27941109760
5470.95,27941109760
5471.23,27941109760
5471.51,27941109760
5471.79,27941109760
5472.07,27941109760
5472.35,27941109760
5472.63,27941109760
5472.90,27941109760
5473.18,27941109760
5473.47,27941109760
5473.75,27941109760
5474.03,27941109760
5474.31,27941109760
5474.59,27941109760
5474.88,27941109760
5475.16,27941109760
5475.44,27941109760
5475.72,27941109760
5476.00,27941109760
5476.29,27941109760
5476.57,27941109760
5476.85,27941109760
5477.12,27941109760
5477.40,27941109760
5477.69,27941109760
5477.97,27941109760
5478.25,27941109760
5478.53,27941109760
5478.82,27941109760
5479.10,27941109760
5479.38,27941109760
5479.66,27941109760
5479.94,27941109760
5480.22,27941109760
5480.51,27941109760
5480.80,27941109760
5481.08,27941109760
5481.35,27941109760
5481.64,27941109760
5481.91,27941109760
5482.20,27941109760
5482.48,27941109760
5482.76,27941109760
5483.03,27941109760
5483.32,27941109760
5483.60,27941109760
5483.88,27941109760
5484.16,27941109760
5484.44,27941109760
5484.72,27941109760
5485.00,27941109760
5485.28,27941109760
5485.56,27941109760
5485.84,27941109760
5486.12,27941109760
5486.40,27941109760
5486.68,27941109760
5486.96,27941109760
5487.24,27941109760
5487.52,27941109760
5487.81,27941109760
5488.09,27941109760
5488.37,27941109760
5488.65,27941109760
5488.93,27941109760
5489.21,27941109760
5489.49,27941109760
5489.77,27941109760
5490.06,27941109760
5490.34,27941109760
5490.62,27941109760
5490.90,27941109760
5491.18,27941109760
5491.46,27941109760
5491.75,27941109760
5492.03,27941109760
5492.31,27941109760
5492.59,27941109760
5492.86,27941109760
5493.15,27941109760
5493.42,27941109760
5493.70,27941109760
5493.99,27941109760
5494.27,27941109760
5494.55,27941109760
5494.83,27941109760
5495.11,27941109760
5495.39,27941109760
5495.67,27941109760
5495.95,27941109760
5496.23,27941109760
5496.51,27941109760
5496.80,27941109760
5497.08,27941109760
5497.36,27941109760
5497.65,27941109760
5497.92,27941109760
5498.20,27941109760
5498.48,27941109760
5498.77,27941109760
5499.05,27941109760
5499.32,27941109760
5499.61,27941109760
5499.89,27941109760
5500.17,27941109760
5500.46,27941109760
5500.74,27941109760
5501.03,27941109760
5501.31,27941109760
5501.59,27941109760
5501.87,27941109760
5502.15,27941109760
5502.44,27941109760
5502.72,27941109760
5503.01,27941109760
5503.28,27941109760
5503.57,27941109760
5503.85,27941109760
5504.14,27941109760
5504.42,27941109760
5504.70,27941109760
5504.99,27941109760
5505.27,27941109760
5505.55,27941109760
5505.83,27941109760
5506.12,27941109760
5506.40,27941109760
5506.68,27941109760
5506.96,27941109760
5507.24,27941109760
5507.53,27941109760
5507.81,27941109760
5508.09,27941109760
5508.37,27941109760
5508.65,27941109760
5508.93,27941109760
5509.21,27941109760
5509.49,27941109760
5509.78,27941109760
5510.06,27941109760
5510.34,27941109760
5510.62,27941109760
5510.90,27941109760
5511.18,27941109760
5511.46,27941109760
5511.74,27941109760
5512.02,27941109760
5512.30,27941109760
5512.58,27941109760
5512.86,27941109760
5513.14,27941109760
5513.42,27941109760
5513.70,27941109760
5513.98,27941109760
5514.26,27941109760
5514.54,27941109760
5514.82,27941109760
5515.10,27941109760
5515.38,27941109760
5515.67,27941109760
5515.95,27941109760
5516.24,27941109760
5516.52,27941109760
5516.80,27941109760
5517.09,27941109760
5517.36,27941109760
5517.64,27941109760
5517.93,27941109760
5518.21,27941109760
5518.49,27941109760
5518.78,27941109760
5519.06,27941109760
5519.34,27941109760
5519.63,27941109760
5519.91,27941109760
5520.19,27941109760
5520.47,27941109760
5520.76,27941109760
5521.04,27941109760
5521.32,27941109760
5521.60,27941109760
5521.88,27941109760
5522.16,27941109760
5522.44,27941109760
5522.72,27941109760
5523.00,27941109760
5523.28,27941109760
5523.56,27941109760
5523.85,27941109760
5524.13,27941109760
5524.40,27941109760
5524.69,27941109760
5524.96,27941109760
5525.24,27941109760
5525.52,27941109760
5525.81,27941109760
5526.10,27941109760
5526.37,27941109760
5526.65,27941109760
5526.94,27941109760
5527.23,27941109760
5527.51,27941109760
5527.80,27941109760
5528.08,27941109760
5528.35,27941109760
5528.64,27941109760
5528.92,27941109760
5529.20,27941109760
5529.48,27941109760
5529.76,27941109760
5530.05,27941109760
5530.33,27941109760
5530.61,27941109760
5530.89,27941109760
5531.17,27941109760
5531.46,27941109760
5531.74,27941109760
5532.02,27941109760
5532.31,27941109760
5532.60,27941109760
5532.88,27941109760
5533.16,27941109760
5533.44,27941109760
5533.72,27941109760
5534.00,27941109760
5534.29,27941109760
5534.57,27941109760
5534.85,27941109760
5535.13,27941109760
5535.42,27941109760
5535.70,27941109760
5535.98,27941109760
5536.26,27941109760
5536.55,27941109760
5536.83,27941109760
5537.11,27941109760
5537.39,27941109760
5537.68,27941109760
5537.96,27941109760
5538.25,27941109760
5538.53,27941109760
5538.81,27941109760
5539.09,27941109760
5539.38,27941109760
5539.66,27941109760
5539.94,27941109760
5540.23,27941109760
5540.50,27941109760
5540.79,27941109760
5541.07,27941109760
5541.35,27941109760
5541.63,27941109760
5541.91,27941109760
5542.19,27941109760
5542.47,27941109760
5542.76,27941109760
5543.04,27941109760
5543.32,27941109760
5543.60,27941109760
5543.88,27941109760
5544.17,27941109760
5544.45,27941109760
5544.73,27941109760
5545.01,27941109760
5545.30,27941109760
5545.58,27941109760
5545.86,27941109760
5546.15,27941109760
5546.43,27941109760
5546.72,27941109760
5547.00,27941109760
5547.28,27941109760
5547.56,27941109760
5547.85,27941109760
5548.13,27941109760
5548.41,27941109760
5548.69,27941109760
5548.97,27941109760
5549.25,27941109760
5549.53,27941109760
5549.82,27941109760
5550.10,27941109760
5550.38,27941109760
5550.66,27941109760
5550.94,27941109760
5551.22,27941109760
5551.50,27941109760
5551.78,27941109760
5552.06,27941109760
5552.35,27941109760
5552.63,27941109760
5552.91,27941109760
5553.19,27941109760
5553.48,27941109760
5553.76,27941109760
5554.04,27941109760
5554.32,27941109760
5554.60,27941109760
5554.89,27941109760
5555.17,27941109760
5555.45,27941109760
5555.73,27941109760
5556.02,27941109760
5556.30,27941109760
5556.58,27941109760
5556.86,27941109760
5557.15,27941109760
5557.43,27941109760
5557.72,27941109760
5558.00,27941109760
5558.28,27941109760
5558.56,27941109760
5558.85,27941109760
5559.13,27941109760
5559.41,27941109760
5559.69,27941109760
5559.98,27941109760
5560.26,27941109760
5560.55,27941109760
5560.83,27941109760
5561.11,27941109760
5561.39,27941109760
5561.68,27941109760
5561.96,27941109760
5562.24,27941109760
5562.52,27941109760
5562.80,27941109760
5563.08,27941109760
5563.36,27941109760
5563.64,27941109760
5563.92,27941109760
5564.20,27941109760
5564.48,27941109760
5564.77,27941109760
5565.05,27941109760
5565.33,27941109760
5565.61,27941109760
5565.89,27941109760
5566.17,27941109760
5566.46,27941109760
5566.74,27941109760
5567.02,27941109760
5567.31,27941109760
5567.59,27941109760
5567.87,27941109760
5568.15,27941109760
5568.43,27941109760
5568.71,27941109760
5569.00,27941109760
5569.28,27941109760
5569.57,27941109760
5569.85,27941109760
5570.13,27941109760
5570.42,27941109760
5570.69,27941109760
5570.98,27941109760
5571.26,27941109760
5571.54,27941109760
5571.83,27941109760
5572.11,27941109760
5572.39,27941109760
5572.67,27941109760
5572.96,27941109760
5573.24,27941109760
5573.53,27941109760
5573.81,27941109760
5574.08,27941109760
5574.36,27941109760
5574.65,27941109760
5574.93,27941109760
5575.22,27941109760
5575.49,27941109760
5575.77,27941109760
5576.05,27941109760
5576.33,27941109760
5576.61,27941109760
5576.90,27941109760
5577.18,27941109760
5577.47,27941109760
5577.75,27941109760
5578.03,27941109760
5578.31,27941109760
5578.60,27941109760
5578.88,27941109760
5579.17,27941109760
5579.45,27941109760
5579.73,27941109760
5580.01,27941109760
5580.29,27941109760
5580.58,27941109760
5580.85,27941109760
5581.13,27941109760
5581.42,27941109760
5581.70,27941109760
5581.97,27941109760
5582.26,27941109760
5582.54,27941109760
5582.82,27941109760
5583.10,27941109760
5583.39,27941109760
5583.67,27941109760
5583.96,27941109760
5584.24,27941109760
5584.53,27941109760
5584.81,27941109760
5585.09,27941109760
5585.38,27941109760
5585.66,27941109760
5585.95,27941109760
5586.23,27941109760
5586.51,27941109760
5586.79,27941109760
5587.07,27941109760
5587.35,27941109760
5587.63,27941109760
5587.91,27941109760
5588.20,27941109760
5588.48,27941109760
5588.76,27941109760
5589.04,27941109760
5589.33,27941109760
5589.60,27941109760
5589.89,27941109760
5590.17,27941109760
5590.46,27941109760
5590.74,27941109760
5591.02,27941109760
5591.30,27941109760
5591.59,27941109760
5591.87,27941109760
5592.16,27941109760
5592.44,27941109760
5592.72,27941109760
5593.00,27941109760
5593.28,27941109760
5593.57,27941109760
5593.85,27941109760
5594.13,27941109760
5594.42,27941109760
5594.70,27941109760
5594.98,27941109760
5595.26,27941109760
5595.54,27941109760
5595.82,27941109760
5596.10,27941109760
5596.38,27941109760
5596.66,27941109760
5596.94,27941109760
5597.23,27941109760
5597.51,27941109760
5597.79,27941109760
5598.07,27941109760
5598.36,27941109760
5598.64,27941109760
5598.91,27941109760
5599.19,27941109760
5599.47,27941109760
5599.75,27941109760
5600.03,27941109760
5600.31,27941109760
5600.59,27941109760
5600.87,27941109760
5601.15,27941109760
5601.43,27941109760
5601.71,27941109760
5602.00,27941109760
5602.27,27941109760
5602.56,27941109760
5602.84,27941109760
5603.12,27941109760
5603.40,27941109760
5603.68,27941109760
5603.96,27941109760
5604.24,27941109760
5604.53,27941109760
5604.81,27941109760
5605.09,27941109760
5605.37,27941109760
5605.66,27941109760
5605.94,27941109760
5606.22,27941109760
5606.50,27941109760
5606.78,27941109760
5607.06,27941109760
5607.34,27941109760
5607.62,27941109760
5607.90,27941109760
5608.18,27941109760
5608.47,27941109760
5608.75,27941109760
5609.03,27941109760
5609.32,27941109760
5609.60,27941109760
5609.88,27941109760
5610.16,27941109760
5610.43,27941109760
5610.71,27941109760
5610.99,27941109760
5611.27,27941109760
5611.56,27941109760
5611.84,27941109760
5612.12,27941109760
5612.41,27941109760
5612.69,27941109760
5612.97,27941109760
5613.25,27941109760
5613.54,27941109760
5613.82,27941109760
5614.09,27941109760
5614.38,27941109760
5614.66,27941109760
5614.94,27941109760
5615.22,27941109760
5615.50,27941109760
5615.77,27941109760
5616.06,27941109760
5616.34,27941109760
5616.62,27941109760
5616.90,27941109760
5617.19,27941109760
5617.47,27941109760
5617.75,27941109760
5618.03,27941109760
5618.32,27941109760
5618.60,27941109760
5618.89,27941109760
5619.16,27941109760
5619.44,27941109760
5619.72,27941109760
5620.01,27941109760
5620.29,27941109760
5620.57,27941109760
5620.85,27941109760
5621.13,27941109760
5621.41,27941109760
5621.69,27941109760
5621.98,27941109760
5622.26,27941109760
5622.54,27941109760
5622.82,27941109760
5623.11,27941109760
5623.39,27941109760
5623.67,27941109760
5623.95,27941109760
5624.24,27941109760
5624.52,27941109760
5624.80,27941109760
5625.08,27941109760
5625.36,27941109760
5625.64,27941109760
5625.92,27941109760
5626.20,27941109760
5626.49,27941109760
5626.77,27941109760
5627.05,27941109760
5627.33,27941109760
5627.62,27941109760
5627.89,27941109760
5628.18,27941109760
5628.46,27941109760
5628.74,27941109760
5629.02,27941109760
5629.31,27941109760
5629.59,27941109760
5629.87,27941109760
5630.16,27941109760
5630.44,27941109760
5630.73,27941109760
5631.01,27941109760
5631.29,27941109760
5631.57,27941109760
5631.85,27941109760
5632.13,27941109760
5632.42,27941109760
5632.70,27941109760
5632.98,27941109760
5633.26,27941109760
5633.54,27941109760
5633.82,27941109760
5634.10,27941109760
5634.38,27941109760
5634.67,27941109760
5634.95,27941109760
5635.23,27941109760
5635.51,27941109760
5635.79,27941109760
5636.07,27941109760
5636.36,27941109760
5636.64,27941109760
5636.92,27941109760
5637.21,27941109760
5637.49,27941109760
5637.78,27941109760
5638.06,27941109760
5638.34,27941109760
5638.63,27941109760
5638.90,27941109760
5639.19,27941109760
5639.47,27941109760
5639.75,27941109760
5640.03,27941109760
5640.31,27941109760
5640.59,27941109760
5640.88,27941109760
5641.16,27941109760
5641.44,27941109760
5641.72,27941109760
5642.00,27941109760
5642.28,27941109760
5642.57,27941109760
5642.85,27941109760
5643.13,27941109760
5643.41,27941109760
5643.70,27941109760
5643.98,27941109760
5644.26,27941109760
5644.55,27941109760
5644.83,27941109760
5645.11,27941109760
5645.40,27941109760
5645.68,27941109760
5645.97,27941109760
5646.25,27941109760
5646.53,27941109760
5646.81,27941109760
5647.08,27941109760
5647.36,27941109760
5647.65,27941109760
5647.93,27941109760
5648.20,27941109760
5648.49,27941109760
5648.77,27941109760
5649.05,27941109760
5649.33,27941109760
5649.61,27941109760
5649.90,27941109760
5650.18,27941109760
5650.47,27941109760
5650.74,27941109760
5651.02,27941109760
5651.30,27941109760
5651.58,27941109760
5651.86,27941109760
5652.14,27941109760
5652.43,27941109760
5652.71,27941109760
5652.99,27941109760
5653.28,27941109760
5653.56,27941109760
5653.84,27941109760
5654.12,27941109760
5654.40,27941109760
5654.68,27941109760
5654.97,27941109760
5655.25,27941109760
5655.54,27941109760
5655.82,27941109760
5656.10,27941109760
5656.39,27941109760
5656.67,27941109760
5656.95,27941109760
5657.24,27941109760
5657.51,27941109760
5657.80,27941109760
5658.08,27941109760
5658.36,27941109760
5658.65,27941109760
5658.93,27941109760
5659.21,27941109760
5659.49,27941109760
5659.78,27941109760
5660.06,27941109760
5660.33,27941109760
5660.62,27941109760
5660.90,27941109760
5661.18,27941109760
5661.46,27941109760
5661.75,27941109760
5662.03,27941109760
5662.31,27941109760
5662.60,27941109760
5662.88,27941109760
5663.17,27941109760
5663.45,27941109760
5663.73,27941109760
5664.01,27941109760
5664.30,27941109760
5664.58,27941109760
5664.86,27941109760
5665.15,27941109760
5665.43,27941109760
5665.71,27941109760
5665.99,27941109760
5666.28,27941109760
5666.56,27941109760
5666.85,27941109760
5667.13,27941109760
5667.42,27941109760
5667.70,27941109760
5667.98,27941109760
5668.27,27941109760
5668.55,27941109760
5668.83,27941109760
5669.11,27941109760
5669.40,27941109760
5669.68,27941109760
5669.97,27941109760
5670.24,27941109760
5670.53,27941109760
5670.81,27941109760
5671.09,27941109760
5671.37,27941109760
5671.65,27941109760
5671.93,27941109760
5672.22,27941109760
5672.50,27941109760
5672.78,27941109760
5673.07,27941109760
5673.35,27941109760
5673.63,27941109760
5673.92,27941109760
5674.20,27941109760
5674.48,27941109760
5674.77,27941109760
5675.05,27941109760
5675.34,27941109760
5675.62,27941109760
5675.90,27941109760
5676.18,27941109760
5676.46,27941109760
5676.74,27941109760
5677.03,27941109760
5677.31,27941109760
5677.59,27941109760
5677.88,27941109760
5678.16,27941109760
5678.44,27941109760
5678.73,27941109760
5679.01,27941109760
5679.29,27941109760
5679.58,27941109760
5679.86,27941109760
5680.14,27941109760
5680.43,27941109760
5680.71,27941109760
5681.00,27941109760
5681.28,27941109760
5681.56,27941109760
5681.85,27941109760
5682.13,27941109760
5682.42,27941109760
5682.70,27941109760
5682.99,27941109760
5683.26,27941109760
5683.55,27941109760
5683.83,27941109760
5684.11,27941109760
5684.40,27941109760
5684.68,27941109760
5684.96,27941109760
5685.24,27941109760
5685.52,27941109760
5685.80,27941109760
5686.09,27941109760
5686.37,27941109760
5686.65,27941109760
5686.93,27941109760
5687.21,27941109760
5687.50,27941109760
5687.78,27941109760
5688.07,27941109760
5688.35,27941109760
5688.63,27941109760
5688.91,27941109760
5689.19,27941109760
5689.47,27941109760
5689.75,27941109760
5690.03,27941109760
5690.31,27941109760
5690.59,27941109760
5690.87,27941109760
5691.15,27941109760
5691.44,27941109760
5691.72,27941109760
5692.00,27941109760
5692.27,27941109760
5692.56,27941109760
5692.84,27941109760
5693.12,27941109760
5693.40,27941109760
5693.68,27941109760
5693.96,27941109760
5694.24,27941109760
5694.53,27941109760
5694.81,27941109760
5695.09,27941109760
5695.37,27941109760
5695.65,27941109760
5695.94,27941109760
5696.22,27941109760
5696.50,27941109760
5696.78,27941109760
5697.07,27941109760
5697.34,27941109760
5697.62,27941109760
5697.91,27941109760
5698.19,27941109760
5698.48,27941109760
5698.75,27941109760
5699.03,27941109760
5699.31,27941109760
5699.59,27941109760
5699.87,27941109760
5700.16,27941109760
5700.44,27941109760
5700.72,27941109760
5701.01,27941109760
5701.29,27941109760
5701.58,27941109760
5701.86,27941109760
5702.14,27941109760
5702.42,27941109760
5702.70,27941109760
5702.98,27941109760
5703.26,27941109760
5703.55,27941109760
5703.83,27941109760
5704.11,27941109760
5704.40,27941109760
5704.68,27941109760
5704.97,27941109760
5705.25,27941109760
5705.53,27941109760
5705.81,27941109760
5706.09,27941109760
5706.38,27941109760
5706.65,27941109760
5706.93,27941109760
5707.22,27941109760
5707.50,27941109760
5707.78,27941109760
5708.07,27941109760
5708.35,27941109760
5708.63,27941109760
5708.91,27941109760
5709.18,27941109760
5709.47,27941109760
5709.75,27941109760
5710.03,27941109760
5710.32,27941109760
5710.60,27941109760
5710.88,27941109760
5711.16,27941109760
5711.44,27941109760
5711.72,27941109760
5712.00,27941109760
5712.28,27941109760
5712.56,27941109760
5712.85,27941109760
5713.12,27941109760
5713.40,27941109760
5713.68,27941109760
5713.97,27941109760
5714.25,27941109760
5714.53,27941109760
5714.81,27941109760
5715.09,27941109760
5715.37,27941109760
5715.65,27941109760
5715.93,27941109760
5716.21,27941109760
5716.49,27941109760
5716.77,27941109760
5717.06,27941109760
5717.34,27941109760
5717.62,27941109760
5717.90,27941109760
5718.18,27941109760
5718.47,27941109760
5718.74,27941109760
5719.02,27941109760
5719.31,27941109760
5719.59,27941109760
5719.88,27941109760
5720.16,27941109760
5720.44,27941109760
5720.72,27941109760
5721.00,27941109760
5721.28,27941109760
5721.56,27941109760
5721.84,27941109760
5722.12,27941109760
5722.40,27941109760
5722.68,27941109760
5722.96,27941109760
5723.25,27941109760
5723.53,27941109760
5723.82,27941109760
5724.09,27941109760
5724.37,27941109760
5724.64,27941109760
5724.92,27941109760
5725.20,27941109760
5725.49,27941109760
5725.77,27941109760
5726.05,27941109760
5726.33,27941109760
5726.61,27941109760
5726.89,27941109760
5727.18,27941109760
5727.46,27941109760
5727.74,27941109760
5728.03,27941109760
5728.31,27941109760
5728.59,27941109760
5728.87,27941109760
5729.15,27941109760
5729.43,27941109760
5729.71,27941109760
5729.99,27941109760
5730.27,27941109760
5730.55,27941109760
5730.83,27941109760
5731.11,27941109760
5731.39,27941109760
5731.67,27941109760
5731.95,27941109760
5732.23,27941109760
5732.51,27941109760
5732.79,27941109760
5733.07,27941109760
5733.36,27941109760
5733.64,27941109760
5733.92,27941109760
5734.20,27941109760
5734.48,27941109760
5734.76,27941109760
5735.04,27941109760
5735.32,27941109760
5735.60,27941109760
5735.89,27941109760
5736.17,27941109760
5736.45,27941109760
5736.73,27941109760
5737.01,27941109760
5737.28,27941109760
5737.57,27941109760
5737.85,27941109760
5738.13,27941109760
5738.41,27941109760
5738.69,27941109760
5738.98,27941109760
5739.26,27941109760
5739.54,27941109760
5739.82,27941109760
5740.10,27941109760
5740.39,27941109760
5740.66,27941109760
5740.94,27941109760
5741.23,27941109760
5741.51,27941109760
5741.78,27941109760
5742.07,27941109760
5742.35,27941109760
5742.63,27941109760
5742.91,27941109760
5743.19,27941109760
5743.47,27941109760
5743.76,27941109760
5744.04,27941109760
5744.32,27941109760
5744.60,27941109760
5744.88,27941109760
5745.16,27941109760
5745.44,27941109760
5745.73,27941109760
5746.01,27941109760
5746.28,27941109760
5746.56,27941109760
5746.85,27941109760
5747.12,27941109760
5747.40,27941109760
5747.68,27941109760
5747.96,27941109760
5748.24,27941109760
5748.53,27941109760
5748.81,27941109760
5749.09,27941109760
5749.37,27941109760
5749.65,27941109760
5749.93,27941109760
5750.21,27941109760
5750.49,27941109760
5750.77,27941109760
5751.04,27941109760
5751.33,27941109760
5751.61,27941109760
5751.88,27941109760
5752.16,27941109760
5752.44,27941109760
5752.73,27941109760
5753.00,27941109760
5753.29,27941109760
5753.56,27941109760
5753.85,27941109760
5754.13,27941109760
5754.41,27941109760
5754.69,27941109760
5754.97,27941109760
5755.26,27941109760
5755.54,27941109760
5755.82,27941109760
5756.10,27941109760
5756.38,27941109760
5756.66,27941109760
5756.94,27941109760
5757.22,27941109760
5757.50,27941109760
5757.78,27941109760
5758.06,27941109760
5758.35,27941109760
5758.63,27941109760
5758.92,27941109760
5759.20,27941109760
5759.49,27941109760
5759.77,27941109760
5760.05,27941109760
5760.33,27941109760
5760.61,27941109760
5760.89,27941109760
5761.17,27941109760
5761.45,27941109760
5761.73,27941109760
5762.01,27941109760
5762.29,27941109760
5762.57,27941109760
5762.85,27941109760
5763.13,27941109760
5763.41,27941109760
5763.69,27941109760
5763.97,27941109760
5764.25,27941109760
5764.53,27941109760
5764.82,27941109760
5765.10,27941109760
5765.39,27941109760
5765.67,27941109760
5765.96,27941109760
5766.24,27941109760
5766.53,27941109760
5766.81,27941109760
5767.09,27941109760
5767.37,27941109760
5767.65,27941109760
5767.94,27941109760
5768.22,27941109760
5768.50,27941109760
5768.78,27941109760
5769.06,27941109760
5769.34,27941109760
5769.62,27941109760
5769.90,27941109760
5770.19,27941109760
5770.46,27941109760
5770.74,27941109760
5771.02,27941109760
5771.30,27941109760
5771.58,27941109760
5771.87,27941109760
5772.15,27941109760
5772.43,27941109760
5772.72,27941109760
5773.00,27941109760
5773.29,27941109760
5773.57,27941109760
5773.85,27941109760
5774.14,27941109760
5774.42,27941109760
5774.69,27941109760
5774.98,27941109760
5775.26,27941109760
5775.54,27941109760
5775.82,27941109760
5776.10,27941109760
5776.38,27941109760
5776.67,27941109760
5776.95,27941109760
5777.23,27941109760
5777.51,27941109760
5777.79,27941109760
5778.06,27941109760
5778.35,27941109760
5778.63,27941109760
5778.91,27941109760
5779.19,27941109760
5779.47,27941109760
5779.76,27941109760
5780.04,27941109760
5780.32,27941109760
5780.60,27941109760
5780.89,27941109760
5781.17,27941109760
5781.45,27941109760
5781.73,27941109760
5782.01,27941109760
5782.29,27941109760
5782.58,27941109760
5782.86,27941109760
5783.14,27941109760
5783.42,27941109760
5783.70,27941109760
5783.98,27941109760
5784.27,27941109760
5784.55,27941109760
5784.84,27941109760
5785.12,27941109760
5785.40,27941109760
5785.68,27941109760
5785.96,27941109760
5786.24,27941109760
5786.52,27941109760
5786.81,27941109760
5787.09,27941109760
5787.38,27941109760
5787.66,27941109760
5787.94,27941109760
5788.22,27941109760
5788.51,27941109760
5788.79,27941109760
5789.07,27941109760
5789.35,27941109760
5789.63,27941109760
5789.92,27941109760
5790.19,27941109760
5790.48,27941109760
5790.76,27941109760
5791.04,27941109760
5791.32,27941109760
5791.60,27941109760
5791.88,27941109760
5792.17,27941109760
5792.45,27941109760
5792.73,27941109760
5793.01,27941109760
5793.29,27941109760
5793.58,27941109760
5793.86,27941109760
5794.14,27941109760
5794.43,27941109760
5794.71,27941109760
5794.99,27941109760
5795.26,27941109760
5795.54,27941109760
5795.83,27941109760
5796.11,27941109760
5796.39,27941109760
5796.66,27941109760
5796.94,27941109760
5797.23,27941109760
5797.52,27941109760
5797.80,27941109760
5798.08,27941109760
5798.37,27941109760
5798.65,27941109760
5798.93,27941109760
5799.22,27941109760
5799.49,27941109760
5799.78,27941109760
5800.06,27941109760
5800.34,27941109760
5800.62,27941109760
5800.91,27941109760
5801.19,27941109760
5801.47,27941109760
5801.74,27941109760
5802.02,27941109760
5802.31,27941109760
5802.59,27941109760
5802.87,27941109760
5803.15,27941109760
5803.43,27941109760
5803.72,27941109760
5804.00,27941109760
5804.28,27941109760
5804.56,27941109760
5804.84,27941109760
5805.12,27941109760
5805.40,27941109760
5805.68,27941109760
5805.97,27941109760
5806.25,27941109760
5806.53,27941109760
5806.81,27941109760
5807.10,27941109760
5807.38,27941109760
5807.66,27941109760
5807.94,27941109760
5808.23,27941109760
5808.51,27941109760
5808.79,27941109760
5809.07,27941109760
5809.35,27941109760
5809.63,27941109760
5809.92,27941109760
5810.20,27941109760
5810.49,27941109760
5810.77,27941109760
5811.06,27941109760
5811.34,27941109760
5811.62,27941109760
5811.90,27941109760
5812.18,27941109760
5812.47,27941109760
5812.75,27941109760
5813.04,27941109760
5813.32,27941109760
5813.60,27941109760
5813.88,27941109760
5814.16,27941109760
5814.45,27941109760
5814.73,27941109760
5815.01,27941109760
5815.30,27941109760
5815.57,27941109760
5815.86,27941109760
5816.14,27941109760
5816.42,27941109760
5816.70,27941109760
5816.98,27941109760
5817.27,27941109760
5817.54,27941109760
5817.83,27941109760
5818.11,27941109760
5818.39,27941109760
5818.67,27941109760
5818.95,27941109760
5819.23,27941109760
5819.51,27941109760
5819.79,27941109760
5820.07,27941109760
5820.36,27941109760
5820.64,27941109760
5820.92,27941109760
5821.20,27941109760
5821.48,27941109760
5821.76,27941109760
5822.04,27941109760
5822.32,27941109760
5822.60,27941109760
5822.88,27941109760
5823.16,27941109760
5823.44,27941109760
5823.73,27941109760
5824.01,27941109760
5824.28,27941109760
5824.57,27941109760
5824.85,27941109760
5825.13,27941109760
5825.42,27941109760
5825.70,27941109760
5825.98,27941109760
5826.27,27941109760
5826.55,27941109760
5826.83,27941109760
5827.11,27941109760
5827.40,27941109760
5827.68,27941109760
5827.97,27941109760
5828.25,27941109760
5828.53,27941109760
5828.81,27941109760
5829.09,27941109760
5829.37,27941109760
5829.65,27941109760
5829.94,27941109760
5830.22,27941109760
5830.50,27941109760
5830.78,27941109760
5831.07,27941109760
5831.35,27941109760
5831.63,27941109760
5831.91,27941109760
5832.19,27941109760
5832.47,27941109760
5832.76,27941109760
5833.03,27941109760
5833.32,27941109760
5833.59,27941109760
5833.87,27941109760
5834.15,27941109760
5834.44,27941109760
5834.72,27941109760
5835.00,27941109760
5835.29,27941109760
5835.57,27941109760
5835.85,27941109760
5836.13,27941109760
5836.42,27941109760
5836.70,27941109760
5836.98,27941109760
5837.26,27941109760
5837.54,27941109760
5837.82,27941109760
5838.11,27941109760
5838.39,27941109760
5838.67,27941109760
5838.95,27941109760
5839.23,27941109760
5839.51,27941109760
5839.79,27941109760
5840.07,27941109760
5840.36,27941109760
5840.64,27941109760
5840.92,27941109760
5841.20,27941109760
5841.49,27941109760
5841.77,27941109760
5842.05,27941109760
5842.34,27941109760
5842.62,27941109760
5842.90,27941109760
5843.19,27941109760
5843.48,27941109760
5843.76,27941109760
5844.04,27941109760
5844.32,27941109760
5844.60,27941109760
5844.88,27941109760
5845.16,27941109760
5845.44,27941109760
5845.72,27941109760
5846.00,27941109760
5846.28,27941109760
5846.57,27941109760
5846.85,27941109760
5847.13,27941109760
5847.42,27941109760
5847.70,27941109760
5847.98,27941109760
5848.26,27941109760
5848.54,27941109760
5848.82,27941109760
5849.10,27941109760
5849.38,27941109760
5849.66,27941109760
5849.95,27941109760
5850.23,27941109760
5850.51,27941109760
5850.79,27941109760
5851.07,27941109760
5851.35,27941109760
5851.63,27941109760
5851.91,27941109760
5852.19,27941109760
5852.48,27941109760
5852.76,27941109760
5853.03,27941109760
5853.31,27941109760
5853.59,27941109760
5853.87,27941109760
5854.15,27941109760
5854.43,27941109760
5854.71,27941109760
5854.99,27941109760
5855.27,27941109760
5855.55,27941109760
5855.83,27941109760
5856.11,27941109760
5856.39,27941109760
5856.67,27941109760
5856.95,27941109760
5857.24,27941109760
5857.52,27941109760
5857.80,27941109760
5858.08,27941109760
5858.36,27941109760
5858.65,27941109760
5858.93,27941109760
5859.21,27941109760
5859.49,27941109760
5859.77,27941109760
5860.05,27941109760
5860.33,27941109760
5860.61,27941109760
5860.90,27941109760
5861.19,27941109760
5861.47,27941109760
5861.74,27941109760
5862.03,27941109760
5862.32,27941109760
5862.60,27941109760
5862.88,27941109760
5863.16,27941109760
5863.44,27941109760
5863.72,27941109760
5864.01,27941109760
5864.29,27941109760
5864.57,27941109760
5864.86,27941109760
5865.14,27941109760
5865.42,27941109760
5865.70,27941109760
5865.98,27941109760
5866.27,27941109760
5866.55,27941109760
5866.83,27941109760
5867.12,27941109760
5867.40,27941109760
5867.69,27941109760
5867.97,27941109760
5868.25,27941109760
5868.53,27941109760
5868.81,27941109760
5869.10,27941109760
5869.38,27941109760
5869.66,27941109760
5869.95,27941109760
5870.23,27941109760
5870.51,27941109760
5870.79,27941109760
5871.07,27941109760
5871.36,27941109760
5871.64,27941109760
5871.92,27941109760
5872.21,27941109760
5872.49,27941109760
5872.78,27941109760
5873.06,27941109760
5873.34,27941109760
5873.62,27941109760
5873.91,27941109760
5874.19,27941109760
5874.47,27941109760
5874.75,27941109760
5875.04,27941109760
5875.32,27941109760
5875.60,27941109760
5875.89,27941109760
5876.17,27941109760
5876.45,27941109760
5876.74,27941109760
5877.02,27941109760
5877.31,27941109760
5877.59,27941109760
5877.87,27941109760
5878.15,27941109760
5878.44,27941109760
5878.72,27941109760
5879.00,27941109760
5879.28,27941109760
5879.56,27941109760
5879.84,27941109760
5880.13,27941109760
5880.41,27941109760
5880.69,27941109760
5880.97,27941109760
5881.25,27941109760
5881.53,27941109760
5881.81,27941109760
5882.09,27941109760
5882.37,27941109760
5882.65,27941109760
5882.94,27941109760
5883.22,27941109760
5883.51,27941109760
5883.78,27941109760
5884.06,27941109760
5884.35,27941109760
5884.63,27941109760
5884.90,27941109760
5885.19,27941109760
5885.47,27941109760
5885.74,27941109760
5886.03,27941109760
5886.31,27941109760
5886.59,27941109760
5886.86,27941109760
5887.15,27941109760
5887.43,27941109760
5887.71,27941109760
5887.99,27941109760
5888.27,27941109760
5888.55,27941109760
5888.83,27941109760
5889.11,27941109760
5889.39,27941109760
5889.67,27941109760
5889.95,27941109760
5890.23,27941109760
5890.52,27941109760
5890.80,27941109760
5891.07,27941109760
5891.36,27941109760
5891.64,27941109760
5891.92,27941109760
5892.20,27941109760
5892.48,27941109760
5892.77,27941109760
5893.05,27941109760
5893.32,27941109760
5893.60,27941109760
5893.89,27941109760
5894.17,27941109760
5894.45,27941109760
5894.74,27941109760
5895.02,27941109760
5895.30,27941109760
5895.58,27941109760
5895.86,27941109760
5896.14,27941109760
5896.42,27941109760
5896.70,27941109760
5896.99,27941109760
5897.27,27941109760
5897.55,27941109760
5897.83,27941109760
5898.11,27941109760
5898.39,27941109760
5898.68,27941109760
5898.96,27941109760
5899.23,27941109760
5899.52,27941109760
5899.80,27941109760
5900.08,27941109760
5900.37,27941109760
5900.65,27941109760
5900.93,27941109760
5901.22,27941109760
5901.50,27941109760
5901.78,27941109760
5902.06,27941109760
5902.35,27941109760
5902.63,27941109760
5902.92,27941109760
5903.20,27941109760
5903.48,27941109760
5903.76,27941109760
5904.05,27941109760
5904.33,27941109760
5904.61,27941109760
5904.89,27941109760
5905.17,27941109760
5905.46,27941109760
5905.74,27941109760
5906.02,27941109760
5906.30,27941109760
5906.58,27941109760
5906.86,27941109760
5907.14,27941109760
5907.42,27941109760
5907.70,27941109760
5907.99,27941109760
5908.27,27941109760
5908.55,27941109760
5908.84,27941109760
5909.12,27941109760
5909.40,27941109760
5909.69,27941109760
5909.97,27941109760
5910.25,27941109760
5910.53,27941109760
5910.81,27941109760
5911.09,27941109760
5911.38,27941109760
5911.66,27941109760
5911.94,27941109760
5912.22,27941109760
5912.50,27941109760
5912.78,27941109760
5913.06,27941109760
5913.34,27941109760
5913.63,27941109760
5913.91,27941109760
5914.19,27941109760
5914.48,27941109760
5914.76,27941109760
5915.04,27941109760
5915.32,27941109760
5915.60,27941109760
5915.88,27941109760
5916.16,27941109760
5916.44,27941109760
5916.73,27941109760
5917.01,27941109760
5917.29,27941109760
5917.56,27941109760
5917.84,27941109760
5918.13,27941109760
5918.41,27941109760
5918.69,27941109760
5918.97,27941109760
5919.26,27941109760
5919.53,27941109760
5919.82,27941109760
5920.10,27941109760
5920.38,27941109760
5920.66,27941109760
5920.94,27941109760
5921.22,27941109760
5921.51,27941109760
5921.78,27941109760
5922.06,27941109760
5922.35,27941109760
5922.62,27941109760
5922.91,27941109760
5923.20,27941109760
5923.48,27941109760
5923.76,27941109760
5924.05,27941109760
5924.32,27941109760
5924.60,27941109760
5924.89,27941109760
5925.17,27941109760
5925.46,27941109760
5925.74,27941109760
5926.02,27941109760
5926.30,27941109760
5926.58,27941109760
5926.87,27941109760
5927.15,27941109760
5927.43,27941109760
5927.72,27941109760
5928.00,27941109760
5928.28,27941109760
5928.56,27941109760
5928.84,27941109760
5929.12,27941109760
5929.40,27941109760
5929.69,27941109760
5929.97,27941109760
5930.25,27941109760
5930.54,27941109760
5930.82,27941109760
5931.11,27941109760
5931.39,27941109760
5931.68,27941109760
5931.95,27941109760
5932.23,27941109760
5932.51,27941109760
5932.79,27941109760
5933.08,27941109760
5933.36,27941109760
5933.64,27941109760
5933.92,27941109760
5934.20,27941109760
5934.48,27941109760
5934.76,27941109760
5935.04,27941109760
5935.33,27941109760
5935.61,27941109760
5935.89,27941109760
5936.18,27941109760
5936.46,27941109760
5936.74,27941109760
5937.02,27941109760
5937.30,27941109760
5937.59,27941109760
5937.87,27941109760
5938.15,27941109760
5938.43,27941109760
5938.71,27941109760
5938.99,27941109760
5939.27,27941109760
5939.55,27941109760
5939.83,27941109760
5940.11,27941109760
5940.40,27941109760
5940.68,27941109760
5940.96,27941109760
5941.24,27941109760
5941.52,27941109760
5941.81,27941109760
5942.09,27941109760
5942.37,27941109760
5942.66,27941109760
5942.94,27941109760
5943.22,27941109760
5943.50,27941109760
5943.78,27941109760
5944.06,27941109760
5944.35,27941109760
5944.63,27941109760
5944.91,27941109760
5945.19,27941109760
5945.47,27941109760
5945.75,27941109760
5946.04,27941109760
5946.32,27941109760
5946.60,27941109760
5946.88,27941109760
5947.16,27941109760
5947.44,27941109760
5947.73,27941109760
5948.01,27941109760
5948.30,27941109760
5948.57,27941109760
5948.86,27941109760
5949.14,27941109760
5949.43,27941109760
5949.71,27941109760
5949.99,27941109760
5950.27,27941109760
5950.55,27941109760
5950.83,27941109760
5951.11,27941109760
5951.40,27941109760
5951.68,27941109760
5951.96,27941109760
5952.23,27941109760
5952.51,27941109760
5952.80,27941109760
5953.08,27941109760
5953.36,27941109760
5953.65,27941109760
5953.93,27941109760
5954.20,27941109760
5954.49,27941109760
5954.77,27941109760
5955.05,27941109760
5955.33,27941109760
5955.61,27941109760
5955.89,27941109760
5956.18,27941109760
5956.45,27941109760
5956.74,27941109760
5957.02,27941109760
5957.30,27941109760
5957.59,27941109760
5957.87,27941109760
5958.15,27941109760
5958.44,27941109760
5958.72,27941109760
5959.00,27941109760
5959.28,27941109760
5959.56,27941109760
5959.84,27941109760
5960.12,27941109760
5960.41,27941109760
5960.69,27941109760
5960.98,27941109760
5961.25,27941109760
5961.53,27941109760
5961.81,27941109760
5962.10,27941109760
5962.38,27941109760
5962.66,27941109760
5962.94,27941109760
5963.23,27941109760
5963.51,27941109760
5963.79,27941109760
5964.07,27941109760
5964.35,27941109760
5964.64,27941109760
5964.92,27941109760
5965.20,27941109760
5965.49,27941109760
5965.77,27941109760
5966.05,27941109760
5966.33,27941109760
5966.62,27941109760
5966.90,27941109760
5967.17,27941109760
5967.45,27941109760
5967.74,27941109760
5968.02,27941109760
5968.31,27941109760
5968.59,27941109760
5968.87,27941109760
5969.15,27941109760
5969.43,27941109760
5969.71,27941109760
5970.00,27941109760
5970.28,27941109760
5970.56,27941109760
5970.84,27941109760
5971.12,27941109760
5971.41,27941109760
5971.69,27941109760
5971.96,27941109760
5972.24,27941109760
5972.53,27941109760
5972.81,27941109760
5973.10,27941109760
5973.38,27941109760
5973.66,27941109760
5973.94,27941109760
5974.22,27941109760
5974.51,27941109760
5974.79,27941109760
5975.07,27941109760
5975.35,27941109760
5975.63,27941109760
5975.92,27941109760
5976.20,27941109760
5976.48,27941109760
5976.76,27941109760
5977.04,27941109760
5977.33,27941109760
5977.61,27941109760
5977.89,27941109760
5978.17,27941109760
5978.46,27941109760
5978.74,27941109760
5979.03,27941109760
5979.31,27941109760
5979.60,27941109760
5979.88,27941109760
5980.17,27941109760
5980.45,27941109760
5980.74,27941109760
5981.02,27941109760
5981.31,27941109760
5981.59,27941109760
5981.87,27941109760
5982.15,27941109760
5982.44,27941109760
5982.72,27941109760
5983.00,27941109760
5983.28,27941109760
5983.57,27941109760
5983.85,27941109760
5984.13,27941109760
5984.41,27941109760
5984.69,27941109760
5984.97,27941109760
5985.25,27941109760
5985.54,27941109760
5985.82,27941109760
5986.09,27941109760
5986.37,27941109760
5986.65,27941109760
5986.93,27941109760
5987.22,27941109760
5987.51,27941109760
5987.79,27941109760
5988.07,27941109760
5988.35,27941109760
5988.63,27941109760
5988.91,27941109760
5989.19,27941109760
5989.47,27941109760
5989.75,27941109760
5990.03,27941109760
5990.31,27941109760
5990.59,27941109760
5990.88,27941109760
5991.16,27941109760
5991.44,27941109760
5991.72,27941109760
5992.00,27941109760
5992.28,27941109760
5992.56,27941109760
5992.84,27941109760
5993.12,27941109760
5993.41,27941109760
5993.69,27941109760
5993.97,27941109760
5994.25,27941109760
5994.53,27941109760
5994.81,27941109760
5995.09,27941109760
5995.37,27941109760
5995.65,27941109760
5995.92,27941109760
5996.20,27941109760
5996.48,27941109760
5996.77,27941109760
5997.06,27941109760
5997.34,27941109760
5997.62,27941109760
5997.90,27941109760
5998.18,27941109760
5998.45,27941109760
5998.73,27941109760
5999.02,27941109760
5999.30,27941109760
5999.58,27941109760
5999.86,27941109760
6000.14,27941109760
6000.42,27941109760
6000.70,27941109760
6000.99,27941109760
6001.27,27941109760
6001.55,27941109760
6001.83,27941109760
6002.11,27941109760
6002.40,27941109760
6002.68,27941109760
6002.96,27941109760
6003.24,27941109760
6003.52,27941109760
6003.80,27941109760
6004.08,27941109760
6004.36,27941109760
6004.65,27941109760
6004.92,27941109760
6005.20,27941109760
6005.49,27941109760
6005.77,27941109760
6006.04,27941109760
6006.33,27941109760
6006.61,27941109760
6006.89,27941109760
6007.17,27941109760
6007.45,27941109760
6007.74,27941109760
6008.02,27941109760
6008.30,27941109760
6008.58,27941109760
6008.86,27941109760
6009.15,27941109760
6009.43,27941109760
6009.71,27941109760
6009.99,27941109760
6010.28,27941109760
6010.56,27941109760
6010.84,27941109760
6011.12,27941109760
6011.40,27941109760
6011.68,27941109760
6011.96,27941109760
6012.25,27941109760
6012.53,27941109760
6012.81,27941109760
6013.09,27941109760
6013.37,27941109760
6013.65,27941109760
6013.93,27941109760
6014.22,27941109760
6014.50,27941109760
6014.78,27941109760
6015.07,27941109760
6015.35,27941109760
6015.63,27941109760
6015.91,27941109760
6016.19,27941109760
6016.47,27941109760
6016.75,27941109760
6017.03,27941109760
6017.31,27941109760
6017.59,27941109760
6017.87,27941109760
6018.15,27941109760
6018.43,27941109760
6018.71,27941109760
6018.99,27941109760
6019.28,27941109760
6019.56,27941109760
6019.84,27941109760
6020.12,27941109760
6020.40,27941109760
6020.69,27941109760
6020.96,27941109760
6021.24,27941109760
6021.52,27941109760
6021.80,27941109760
6022.08,27941109760
6022.36,27941109760
6022.64,27941109760
6022.92,27941109760
6023.21,27941109760
6023.49,27941109760
6023.77,27941109760
6024.05,27941109760
6024.33,27941109760
6024.61,27941109760
6024.89,27941109760
6025.17,27941109760
6025.45,27941109760
6025.74,27941109760
6026.02,27941109760
6026.30,27941109760
6026.58,27941109760
6026.87,27941109760
6027.15,27941109760
6027.43,27941109760
6027.71,27941109760
6028.00,27941109760
6028.28,27941109760
6028.56,27941109760
6028.84,27941109760
6029.12,27941109760
6029.41,27941109760
6029.69,27941109760
6029.97,27941109760
6030.26,27941109760
6030.54,27941109760
6030.82,27941109760
6031.11,27941109760
6031.39,27941109760
6031.67,27941109760
6031.96,27941109760
6032.24,27941109760
6032.52,27941109760
6032.80,27941109760
6033.09,27941109760
6033.36,27941109760
6033.65,27941109760
6033.94,27941109760
6034.22,27941109760
6034.51,27941109760
6034.79,27941109760
6035.07,27941109760
6035.35,27941109760
6035.63,27941109760
6035.91,27941109760
6036.19,27941109760
6036.47,27941109760
6036.76,27941109760
6037.04,27941109760
6037.33,27941109760
6037.61,27941109760
6037.89,27941109760
6038.17,27941109760
6038.45,27941109760
6038.74,27941109760
6039.02,27941109760
6039.29,27941109760
6039.57,27941109760
6039.85,27941109760
6040.14,27941109760
6040.41,27941109760
6040.70,27941109760
6040.98,27941109760
6041.26,27941109760
6041.54,27941109760
6041.82,27941109760
6042.10,27941109760
6042.39,27941109760
6042.67,27941109760
6042.95,27941109760
6043.23,27941109760
6043.51,27941109760
6043.80,27941109760
6044.08,27941109760
6044.37,27941109760
6044.65,27941109760
6044.94,27941109760
6045.21,27941109760
6045.50,27941109760
6045.79,27941109760
6046.07,27941109760
6046.36,27941109760
6046.64,27941109760
6046.92,27941109760
6047.20,27941109760
6047.48,27941109760
6047.76,27941109760
6048.04,27941109760
6048.33,27941109760
6048.60,27941109760
6048.89,27941109760
6049.17,27941109760
6049.44,27941109760
6049.72,27941109760
6050.00,27941109760
6050.28,27941109760
6050.56,27941109760
6050.84,27941109760
6051.13,27941109760
6051.40,27941109760
6051.69,27941109760
6051.98,27941109760
6052.26,27941109760
6052.54,27941109760
6052.82,27941109760
6053.10,27941109760
6053.38,27941109760
6053.66,27941109760
6053.95,27941109760
6054.23,27941109760
6054.52,27941109760
6054.80,27941109760
6055.08,27941109760
6055.36,27941109760
6055.64,27941109760
6055.92,27941109760
6056.20,27941109760
6056.48,27941109760
6056.77,27941109760
6057.05,27941109760
6057.33,27941109760
6057.61,27941109760
6057.89,27941109760
6058.17,27941109760
6058.46,27941109760
6058.74,27941109760
6059.02,27941109760
6059.29,27941109760
6059.57,27941109760
6059.86,27941109760
6060.14,27941109760
6060.42,27941109760
6060.70,27941109760
6060.98,27941109760
6061.26,27941109760
6061.54,27941109760
6061.82,27941109760
6062.10,27941109760
6062.38,27941109760
6062.66,27941109760
6062.94,27941109760
6063.22,27941109760
6063.50,27941109760
6063.78,27941109760
6064.07,27941109760
6064.35,27941109760
6064.63,27941109760
6064.91,27941109760
6065.19,27941109760
6065.47,27941109760
6065.75,27941109760
6066.04,27941109760
6066.31,27941109760
6066.59,27941109760
6066.88,27941109760
6067.16,27941109760
6067.44,27941109760
6067.73,27941109760
6068.01,27941109760
6068.29,27941109760
6068.57,27941109760
6068.85,27941109760
6069.13,27941109760
6069.42,27941109760
6069.69,27941109760
6069.97,27941109760
6070.26,27941109760
6070.54,27941109760
6070.82,27941109760
6071.10,27941109760
6071.39,27941109760
6071.66,27941109760
6071.95,27941109760
6072.23,27941109760
6072.52,27941109760
6072.80,27941109760
6073.08,27941109760
6073.36,27941109760
6073.64,27941109760
6073.92,27941109760
6074.20,27941109760
6074.48,27941109760
6074.77,27941109760
6075.04,27941109760
6075.32,27941109760
6075.60,27941109760
6075.88,27941109760
6076.16,27941109760
6076.44,27941109760
6076.72,27941109760
6077.01,27941109760
6077.29,27941109760
6077.56,27941109760
6077.84,27941109760
6078.12,27941109760
6078.40,27941109760
6078.68,27941109760
6078.96,27941109760
6079.24,27941109760
6079.52,27941109760
6079.80,27941109760
6080.08,27941109760
6080.37,27941109760
6080.65,27941109760
6080.93,27941109760
6081.21,27941109760
6081.49,27941109760
6081.77,27941109760
6082.05,27941109760
6082.33,27941109760
6082.61,27941109760
6082.89,27941109760
6083.18,27941109760
6083.45,27941109760
6083.73,27941109760
6084.01,27941109760
6084.29,27941109760
6084.58,27941109760
6084.86,27941109760
6085.14,27941109760
6085.42,27941109760
6085.70,27941109760
6085.98,27941109760
6086.26,27941109760
6086.55,27941109760
6086.82,27941109760
6087.11,27941109760
6087.39,27941109760
6087.67,27941109760
6087.94,27941109760
6088.23,27941109760
6088.51,27941109760
6088.80,27941109760
6089.08,27941109760
6089.36,27941109760
6089.64,27941109760
6089.93,27941109760
6090.21,27941109760
6090.49,27941109760
6090.78,27941109760
6091.06,27941109760
6091.35,27941109760
6091.62,27941109760
6091.90,27941109760
6092.19,27941109760
6092.46,27941109760
6092.74,27941109760
6093.02,27941109760
6093.30,27941109760
6093.58,27941109760
6093.86,27941109760
6094.14,27941109760
6094.43,27941109760
6094.71,27941109760
6094.99,27941109760
6095.27,27941109760
6095.56,27941109760
6095.84,27941109760
6096.12,27941109760
6096.40,27941109760
6096.69,27941109760
6096.97,27941109760
6097.25,27941109760
6097.53,27941109760
6097.82,27941109760
6098.10,27941109760
6098.38,27941109760
6098.66,27941109760
6098.94,27941109760
6099.22,27941109760
6099.50,27941109760
6099.79,27941109760
6100.06,27941109760
6100.34,27941109760
6100.62,27941109760
6100.90,27941109760
6101.18,27941109760
6101.46,27941109760
6101.75,27941109760
6102.03,27941109760
6102.31,27941109760
6102.60,27941109760
6102.87,27941109760
6103.16,27941109760
6103.44,27941109760
6103.72,27941109760
6104.00,27941109760
6104.28,27941109760
6104.57,27941109760
6104.85,27941109760
6105.13,27941109760
6105.41,27941109760
6105.70,27941109760
6105.98,27941109760
6106.26,27941109760
6106.55,27941109760
6106.84,27941109760
6107.12,27941109760
6107.40,27941109760
6107.69,27941109760
6107.96,27941109760
6108.24,27941109760
6108.52,27941109760
6108.80,27941109760
6109.09,27941109760
6109.37,27941109760
6109.65,27941109760
6109.93,27941109760
6110.21,27941109760
6110.49,27941109760
6110.77,27941109760
6111.05,27941109760
6111.34,27941109760
6111.62,27941109760
6111.90,27941109760
6112.18,27941109760
6112.46,27941109760
6112.73,27941109760
6113.02,27941109760
6113.30,27941109760
6113.58,27941109760
6113.86,27941109760
6114.15,27941109760
6114.43,27941109760
6114.71,27941109760
6114.99,27941109760
6115.27,27941109760
6115.55,27941109760
6115.83,27941109760
6116.12,27941109760
6116.40,27941109760
6116.68,27941109760
6116.96,27941109760
6117.25,27941109760
6117.53,27941109760
6117.81,27941109760
6118.09,27941109760
6118.38,27941109760
6118.66,27941109760
6118.94,27941109760
6119.22,27941109760
6119.51,27941109760
6119.79,27941109760
6120.07,27941109760
6120.35,27941109760
6120.64,27941109760
6120.92,27941109760
6121.20,27941109760
6121.49,27941109760
6121.77,27941109760
6122.05,27941109760
6122.33,27941109760
6122.61,27941109760
6122.90,27941109760
6123.17,27941109760
6123.46,27941109760
6123.74,27941109760
6124.02,27941109760
6124.30,27941109760
6124.58,27941109760
6124.87,27941109760
6125.15,27941109760
6125.43,27941109760
6125.71,27941109760
6126.00,27941109760
6126.28,27941109760
6126.56,27941109760
6126.85,27941109760
6127.13,27941109760
6127.41,27941109760
6127.70,27941109760
6127.98,27941109760
6128.26,27941109760
6128.54,27941109760
6128.81,27941109760
6129.10,27941109760
6129.38,27941109760
6129.67,27941109760
6129.95,27941109760
6130.23,27941109760
6130.51,27941109760
6130.79,27941109760
6131.06,27941109760
6131.34,27941109760
6131.63,27941109760
6131.91,27941109760
6132.18,27941109760
6132.46,27941109760
6132.74,27941109760
6133.02,27941109760
6133.30,27941109760
6133.58,27941109760
6133.86,27941109760
6134.15,27941109760
6134.43,27941109760
6134.72,27941109760
6135.00,27941109760
6135.28,27941109760
6135.56,27941109760
6135.85,27941109760
6136.13,27941109760
6136.41,27941109760
6136.69,27941109760
6136.98,27941109760
6137.25,27941109760
6137.53,27941109760
6137.81,27941109760
6138.10,27941109760
6138.38,27941109760
6138.66,27941109760
6138.95,27941109760
6139.24,27941109760
6139.52,27941109760
6139.80,27941109760
6140.08,27941109760
6140.36,27941109760
6140.64,27941109760
6140.93,27941109760
6141.21,27941109760
6141.49,27941109760
6141.77,27941109760
6142.06,27941109760
6142.34,27941109760
6142.62,27941109760
6142.91,27941109760
6143.19,27941109760
6143.46,27941109760
6143.75,27941109760
6144.03,27941109760
6144.31,27941109760
6144.59,27941109760
6144.87,27941109760
6145.15,27941109760
6145.43,27941109760
6145.71,27941109760
6146.00,27941109760
6146.28,27941109760
6146.56,27941109760
6146.84,27941109760
6147.12,27941109760
6147.41,27941109760
6147.69,27941109760
6147.97,27941109760
6148.26,27941109760
6148.54,27941109760
6148.82,27941109760
6149.10,27941109760
6149.38,27941109760
6149.66,27941109760
6149.94,27941109760
6150.23,27941109760
6150.51,27941109760
6150.79,27941109760
6151.07,27941109760
6151.35,27941109760
6151.63,27941109760
6151.90,27941109760
6152.18,27941109760
6152.46,27941109760
6152.74,27941109760
6153.03,27941109760
6153.31,27941109760
6153.59,27941109760
6153.88,27941109760
6154.16,27941109760
6154.44,27941109760
6154.72,27941109760
6155.00,27941109760
6155.28,27941109760
6155.56,27941109760
6155.84,27941109760
6156.12,27941109760
6156.40,27941109760
6156.68,27941109760
6156.96,27941109760
6157.24,27941109760
6157.52,27941109760
6157.80,27941109760
6158.08,27941109760
6158.36,27941109760
6158.64,27941109760
6158.93,27941109760
6159.20,27941109760
6159.48,27941109760
6159.76,27941109760
6160.04,27941109760
6160.32,27941109760
6160.60,27941109760
6160.88,27941109760
6161.16,27941109760
6161.44,27941109760
6161.72,27941109760
6162.00,27941109760
6162.29,27941109760
6162.57,27941109760
6162.85,27941109760
6163.13,27941109760
6163.41,27941109760
6163.70,27941109760
6163.98,27941109760
6164.26,27941109760
6164.54,27941109760
6164.82,27941109760
6165.10,27941109760
6165.38,27941109760
6165.66,27941109760
6165.94,27941109760
6166.22,27941109760
6166.50,27941109760
6166.78,27941109760
6167.06,27941109760
6167.34,27941109760
6167.62,27941109760
6167.90,27941109760
6168.18,27941109760
6168.47,27941109760
6168.75,27941109760
6169.03,27941109760
6169.32,27941109760
6169.60,27941109760
6169.88,27941109760
6170.16,27941109760
6170.44,27941109760
6170.73,27941109760
6171.01,27941109760
6171.29,27941109760
6171.56,27941109760
6171.84,27941109760
6172.12,27941109760
6172.41,27941109760
6172.69,27941109760
6172.96,27941109760
6173.24,27941109760
6173.52,27941109760
6173.81,27941109760
6174.09,27941109760
6174.37,27941109760
6174.65,27941109760
6174.93,27941109760
6175.21,27941109760
6175.50,27941109760
6175.78,27941109760
6176.06,27941109760
6176.34,27941109760
6176.62,27941109760
6176.90,27941109760
6177.17,27941109760
6177.45,27941109760
6177.73,27941109760
6178.01,27941109760
6178.30,27941109760
6178.58,27941109760
6178.86,27941109760
6179.14,27941109760
6179.42,27941109760
6179.70,27941109760
6179.99,27941109760
6180.26,27941109760
6180.55,27941109760
6180.83,27941109760
6181.11,27941109760
6181.39,27941109760
6181.68,27941109760
6181.96,27941109760
6182.24,27941109760
6182.52,27941109760
6182.81,27941109760
6183.09,27941109760
6183.36,27941109760
6183.65,27941109760
6183.93,27941109760
6184.21,27941109760
6184.50,27941109760
6184.78,27941109760
6185.06,27941109760
6185.34,27941109760
6185.62,27941109760
6185.91,27941109760
6186.19,27941109760
6186.47,27941109760
6186.76,27941109760
6187.04,27941109760
6187.32,27941109760
6187.61,27941109760
6187.90,27941109760
6188.18,27941109760
6188.46,27941109760
6188.74,27941109760
6189.02,27941109760
6189.30,27941109760
6189.58,27941109760
6189.85,27941109760
6190.14,27941109760
6190.41,27941109760
6190.69,27941109760
6190.98,27941109760
6191.26,27941109760
6191.53,27941109760
6191.82,27941109760
6192.10,27941109760
6192.38,27941109760
6192.66,27941109760
6192.94,27941109760
6193.22,27941109760
6193.50,27941109760
6193.78,27941109760
6194.06,27941109760
6194.35,27941109760
6194.63,27941109760
6194.91,27941109760
6195.19,27941109760
6195.47,27941109760
6195.76,27941109760
6196.04,27941109760
6196.31,27941109760
6196.59,27941109760
6196.88,27941109760
6197.16,27941109760
6197.44,27941109760
6197.72,27941109760
6198.00,27941109760
6198.29,27941109760
6198.57,27941109760
6198.85,27941109760
6199.13,27941109760
6199.42,27941109760
6199.70,27941109760
6199.99,27941109760
6200.27,27941109760
6200.55,27941109760
6200.83,27941109760
6201.11,27941109760
6201.39,27941109760
6201.68,27941109760
6201.96,27941109760
6202.25,27941109760
6202.53,27941109760
6202.81,27941109760
6203.09,27941109760
6203.37,27941109760
6203.65,27941109760
6203.94,27941109760
6204.22,27941109760
6204.50,27941109760
6204.78,27941109760
6205.07,27941109760
6205.35,27941109760
6205.63,27941109760
6205.91,27941109760
6206.19,27941109760
6206.48,27941109760
6206.76,27941109760
6207.03,27941109760
6207.31,27941109760
6207.59,27941109760
6207.88,27941109760
6208.15,27941109760
6208.43,27941109760
6208.72,27941109760
6208.99,27941109760
6209.27,27941109760
6209.56,27941109760
6209.84,27941109760
6210.11,27941109760
6210.39,27941109760
6210.68,27941109760
6210.96,27941109760
6211.24,27941109760
6211.52,27941109760
6211.81,27941109760
6212.09,27941109760
6212.37,27941109760
6212.65,27941109760
6212.94,27941109760
6213.22,27941109760
6213.51,27941109760
6213.79,27941109760
6214.07,27941109760
6214.35,27941109760
6214.63,27941109760
6214.90,27941109760
6215.19,27941109760
6215.47,27941109760
6215.75,27941109760
6216.03,27941109760
6216.31,27941109760
6216.60,27941109760
6216.88,27941109760
6217.16,27941109760
6217.44,27941109760
6217.73,27941109760
6218.01,27941109760
6218.29,27941109760
6218.57,27941109760
6218.85,27941109760
6219.13,27941109760
6219.40,27941109760
6219.69,27941109760
6219.97,27941109760
6220.25,27941109760
6220.52,27941109760
6220.81,27941109760
6221.09,27941109760
6221.37,27941109760
6221.65,27941109760
6221.93,27941109760
6222.22,27941109760
6222.50,27941109760
6222.78,27941109760
6223.06,27941109760
6223.34,27941109760
6223.62,27941109760
6223.91,27941109760
6224.19,27941109760
6224.47,27941109760
6224.75,27941109760
6225.04,27941109760
6225.32,27941109760
6225.61,27941109760
6225.88,27941109760
6226.16,27941109760
6226.44,27941109760
6226.72,27941109760
6227.00,27941109760
6227.28,27941109760
6227.56,27941109760
6227.84,27941109760
6228.12,27941109760
6228.40,27941109760
6228.68,27941109760
6228.97,27941109760
6229.24,27941109760
6229.53,27941109760
6229.81,27941109760
6230.09,27941109760
6230.37,27941109760
6230.65,27941109760
6230.93,27941109760
6231.21,27941109760
6231.49,27941109760
6231.78,27941109760
6232.06,27941109760
6232.34,27941109760
6232.63,27941109760
6232.91,27941109760
6233.19,27941109760
6233.47,27941109760
6233.75,27941109760
6234.03,27941109760
6234.31,27941109760
6234.58,27941109760
6234.86,27941109760
6235.14,27941109760
6235.42,27941109760
6235.70,27941109760
6235.99,27941109760
6236.27,27941109760
6236.55,27941109760
6236.84,27941109760
6237.13,27941109760
6237.41,27941109760
6237.69,27941109760
6237.97,27941109760
6238.26,27941109760
6238.54,27941109760
6238.82,27941109760
6239.10,27941109760
6239.39,27941109760
6239.67,27941109760
6239.96,27941109760
6240.24,27941109760
6240.52,27941109760
6240.81,27941109760
6241.10,27941109760
6241.38,27941109760
6241.66,27941109760
6241.94,27941109760
6242.23,27941109760
6242.51,27941109760
6242.79,27941109760
6243.08,27941109760
6243.36,27941109760
6243.64,27941109760
6243.92,27941109760
6244.20,27941109760
6244.48,27941109760
6244.76,27941109760
6245.05,27941109760
6245.33,27941109760
6245.61,27941109760
6245.89,27941109760
6246.17,27941109760
6246.45,27941109760
6246.73,27941109760
6247.02,27941109760
6247.29,27941109760
6247.57,27941109760
6247.85,27941109760
6248.13,27941109760
6248.41,27941109760
6248.70,27941109760
6248.98,27941109760
6249.26,27941109760
6249.55,27941109760
6249.83,27941109760
6250.12,27941109760
6250.40,27941109760
6250.68,27941109760
6250.96,27941109760
6251.24,27941109760
6251.53,27941109760
6251.81,27941109760
6252.09,27941109760
6252.37,27941109760
6252.65,27941109760
6252.94,27941109760
6253.22,27941109760
6253.50,27941109760
6253.78,27941109760
6254.06,27941109760
6254.34,27941109760
6254.63,27941109760
6254.91,27941109760
6255.20,27941109760
6255.48,27941109760
6255.76,27941109760
6256.03,27941109760
6256.31,27941109760
6256.59,27941109760
6256.88,27941109760
6257.16,27941109760
6257.44,27941109760
6257.73,27941109760
6258.01,27941109760
6258.29,27941109760
6258.57,27941109760
6258.85,27941109760
6259.14,27941109760
6259.42,27941109760
6259.70,27941109760
6259.99,27941109760
6260.27,27941109760
6260.55,27941109760
6260.83,27941109760
6261.12,27941109760
6261.40,27941109760
6261.67,27941109760
6261.96,27941109760
6262.23,27941109760
6262.52,27941109760
6262.80,27941109760
6263.08,27941109760
6263.36,27941109760
6263.64,27941109760
6263.92,27941109760
6264.20,27941109760
6264.48,27941109760
6264.77,27941109760
6265.05,27941109760
6265.32,27941109760
6265.60,27941109760
6265.89,27941109760
6266.17,27941109760
6266.45,27941109760
6266.73,27941109760
6267.01,27941109760
6267.30,27941109760
6267.58,27941109760
6267.86,27941109760
6268.15,27941109760
6268.43,27941109760
6268.71,27941109760
6268.98,27941109760
6269.27,27941109760
6269.55,27941109760
6269.83,27941109760
6270.11,27941109760
6270.39,27941109760
6270.67,27941109760
6270.95,27941109760
6271.23,27941109760
6271.52,27941109760
6271.80,27941109760
6272.08,27941109760
6272.36,27941109760
6272.64,27941109760
6272.92,27941109760
6273.20,27941109760
6273.49,27941109760
6273.77,27941109760
6274.05,27941109760
6274.33,27941109760
6274.61,27941109760
6274.89,27941109760
6275.17,27941109760
6275.45,27941109760
6275.74,27941109760
6276.02,27941109760
6276.30,27941109760
6276.58,27941109760
6276.86,27941109760
6277.14,27941109760
6277.43,27941109760
6277.71,27941109760
6277.99,27941109760
6278.28,27941109760
6278.56,27941109760
6278.84,27941109760
6279.12,27941109760
6279.40,27941109760
6279.68,27941109760
6279.96,27941109760
6280.24,27941109760
6280.52,27941109760
6280.80,27941109760
6281.08,27941109760
6281.37,27941109760
6281.65,27941109760
6281.93,27941109760
6282.21,27941109760
6282.49,27941109760
6282.77,27941109760
6283.05,27941109760
6283.34,27941109760
6283.62,27941109760
6283.90,27941109760
6284.18,27941109760
6284.46,27941109760
6284.74,27941109760
6285.02,27941109760
6285.30,27941109760
6285.58,27941109760
6285.86,27941109760
6286.15,27941109760
6286.43,27941109760
6286.71,27941109760
6286.99,27941109760
6287.27,27941109760
6287.55,27941109760
6287.83,27941109760
6288.11,27941109760
6288.40,27941109760
6288.69,27941109760
6288.97,27941109760
6289.25,27941109760
6289.53,27941109760
6289.81,27941109760
6290.09,27941109760
6290.37,27941109760
6290.65,27941109760
6290.93,27941109760
6291.22,27941109760
6291.50,27941109760
6291.78,27941109760
6292.06,27941109760
6292.35,27941109760
6292.64,27941109760
6292.92,27941109760
6293.20,27941109760
6293.48,27941109760
6293.77,27941109760
6294.04,27941109760
6294.32,27941109760
6294.61,27941109760
6294.90,27941109760
6295.18,27941109760
6295.46,27941109760
6295.74,27941109760
6296.02,27941109760
6296.30,27941109760
6296.58,27941109760
6296.85,27941109760
6297.14,27941109760
6297.42,27941109760
6297.71,27941109760
6297.99,27941109760
6298.27,27941109760
6298.56,27941109760
6298.84,27941109760
6299.12,27941109760
6299.41,27941109760
6299.69,27941109760
6299.97,27941109760
6300.24,27941109760
6300.52,27941109760
6300.80,27941109760
6301.08,27941109760
6301.36,27941109760
6301.64,27941109760
6301.92,27941109760
6302.20,27941109760
6302.48,27941109760
6302.76,27941109760
6303.04,27941109760
6303.33,27941109760
6303.61,27941109760
6303.89,27941109760
6304.17,27941109760
6304.45,27941109760
6304.73,27941109760
6305.02,27941109760
6305.30,27941109760
6305.59,27941109760
6305.87,27941109760
6306.15,27941109760
6306.43,27941109760
6306.71,27941109760
6306.99,27941109760
6307.28,27941109760
6307.56,27941109760
6307.84,27941109760
6308.12,27941109760
6308.41,27941109760
6308.69,27941109760
6308.97,27941109760
6309.25,27941109760
6309.53,27941109760
6309.81,27941109760
6310.10,27941109760
6310.38,27941109760
6310.66,27941109760
6310.95,27941109760
6311.23,27941109760
6311.51,27941109760
6311.78,27941109760
6312.06,27941109760
6312.35,27941109760
6312.63,27941109760
6312.91,27941109760
6313.19,27941109760
6313.48,27941109760
6313.75,27941109760
6314.03,27941109760
6314.32,27941109760
6314.60,27941109760
6314.89,27941109760
6315.17,27941109760
6315.46,27941109760
6315.74,27941109760
6316.02,27941109760
6316.30,27941109760
6316.58,27941109760
6316.86,27941109760
6317.14,27941109760
6317.42,27941109760
6317.70,27941109760
6317.98,27941109760
6318.25,27941109760
6318.54,27941109760
6318.82,27941109760
6319.10,27941109760
6319.39,27941109760
6319.67,27941109760
6319.95,27941109760
6320.23,27941109760
6320.52,27941109760
6320.80,27941109760
6321.09,27941109760
6321.37,27941109760
6321.65,27941109760
6321.93,27941109760
6322.21,27941109760
6322.49,27941109760
6322.77,27941109760
6323.05,27941109760
6323.32,27941109760
6323.61,27941109760
6323.89,27941109760
6324.17,27941109760
6324.45,27941109760
6324.73,27941109760
6325.00,27941109760
6325.28,27941109760
6325.57,27941109760
6325.85,27941109760
6326.13,27941109760
6326.41,27941109760
6326.69,27941109760
6326.97,27941109760
6327.25,27941109760
6327.53,27941109760
6327.81,27941109760
6328.10,27941109760
6328.38,27941109760
6328.66,27941109760
6328.94,27941109760
6329.23,27941109760
6329.52,27941109760
6329.79,27941109760
6330.07,27941109760
6330.35,27941109760
6330.64,27941109760
6330.91,27941109760
6331.19,27941109760
6331.47,27941109760
6331.75,27941109760
6332.04,27941109760
6332.32,27941109760
6332.60,27941109760
6332.88,27941109760
6333.17,27941109760
6333.45,27941109760
6333.73,27941109760
6334.01,27941109760
6334.29,27941109760
6334.57,27941109760
6334.85,27941109760
6335.14,27941109760
6335.42,27941109760
6335.70,27941109760
6335.98,27941109760
6336.27,27941109760
6336.55,27941109760
6336.83,27941109760
6337.12,27941109760
6337.40,27941109760
6337.68,27941109760
6337.96,27941109760
6338.24,27941109760
6338.52,27941109760
6338.80,27941109760
6339.08,27941109760
6339.36,27941109760
6339.65,27941109760
6339.94,27941109760
6340.22,27941109760
6340.51,27941109760
6340.79,27941109760
6341.07,27941109760
6341.35,27941109760
6341.63,27941109760
6341.91,27941109760
6342.20,27941109760
6342.48,27941109760
6342.76,27941109760
6343.04,27941109760
6343.32,27941109760
6343.60,27941109760
6343.88,27941109760
6344.16,27941109760
6344.44,27941109760
6344.72,27941109760
6345.01,27941109760
6345.29,27941109760
6345.57,27941109760
6345.86,27941109760
6346.14,27941109760
6346.42,27941109760
6346.70,27941109760
6346.98,27941109760
6347.27,27941109760
6347.55,27941109760
6347.83,27941109760
6348.11,27941109760
6348.39,27941109760
6348.68,27941109760
6348.96,27941109760
6349.25,27941109760
6349.53,27941109760
6349.81,27941109760
6350.10,27941109760
6350.38,27941109760
6350.66,27941109760
6350.94,27941109760
6351.23,27941109760
6351.51,27941109760
6351.79,27941109760
6352.08,27941109760
6352.36,27941109760
6352.65,27941109760
6352.93,27941109760
6353.21,27941109760
6353.50,27941109760
6353.78,27941109760
6354.06,27941109760
6354.35,27941109760
6354.63,27941109760
6354.91,27941109760
6355.19,27941109760
6355.48,27941109760
6355.76,27941109760
6356.05,27941109760
6356.33,27941109760
6356.61,27941109760
6356.89,27941109760
6357.17,27941109760
6357.46,27941109760
6357.74,27941109760
6358.03,27941109760
6358.31,27941109760
6358.59,27941109760
6358.87,27941109760
6359.16,27941109760
6359.44,27941109760
6359.72,27941109760
6360.00,27941109760
6360.29,27941109760
6360.57,27941109760
6360.85,27941109760
6361.13,27941109760
6361.41,27941109760
6361.69,27941109760
6361.98,27941109760
6362.25,27941109760
6362.53,27941109760
6362.81,27941109760
6363.09,27941109760
6363.37,27941109760
6363.65,27941109760
6363.94,27941109760
6364.22,27941109760
6364.50,27941109760
6364.79,27941109760
6365.07,27941109760
6365.35,27941109760
6365.63,27941109760
6365.91,27941109760
6366.19,27941109760
6366.47,27941109760
6366.75,27941109760
6367.04,27941109760
6367.32,27941109760
6367.60,27941109760
6367.88,27941109760
6368.17,27941109760
6368.45,27941109760
6368.73,27941109760
6369.01,27941109760
6369.29,27941109760
6369.57,27941109760
6369.86,27941109760
6370.14,27941109760
6370.42,27941109760
6370.70,27941109760
6370.98,27941109760
6371.26,27941109760
6371.54,27941109760
6371.83,27941109760
6372.11,27941109760
6372.39,27941109760
6372.67,27941109760
6372.95,27941109760
6373.24,27941109760
6373.52,27941109760
6373.80,27941109760
6374.07,27941109760
6374.35,27941109760
6374.63,27941109760
6374.91,27941109760
6375.20,27941109760
6375.47,27941109760
6375.76,27941109760
6376.04,27941109760
6376.32,27941109760
6376.60,27941109760
6376.89,27941109760
6377.17,27941109760
6377.45,27941109760
6377.73,27941109760
6378.01,27941109760
6378.29,27941109760
6378.57,27941109760
6378.86,27941109760
6379.14,27941109760
6379.43,27941109760
6379.70,27941109760
6379.98,27941109760
6380.27,27941109760
6380.55,27941109760
6380.83,27941109760
6381.11,27941109760
6381.39,27941109760
6381.66,27941109760
6381.95,27941109760
6382.23,27941109760
6382.51,27941109760
6382.79,27941109760
6383.07,27941109760
6383.36,27941109760
6383.64,27941109760
6383.92,27941109760
6384.21,27941109760
6384.49,27941109760
6384.77,27941109760
6385.05,27941109760
6385.34,27941109760
6385.62,27941109760
6385.90,27941109760
6386.18,27941109760
6386.47,27941109760
6386.74,27941109760
6387.02,27941109760
6387.30,27941109760
6387.59,27941109760
6387.87,27941109760
6388.15,27941109760
6388.43,27941109760
6388.71,27941109760
6388.99,27941109760
6389.28,27941109760
6389.56,27941109760
6389.84,27941109760
6390.12,27941109760
6390.40,27941109760
6390.68,27941109760
6390.96,27941109760
6391.24,27941109760
6391.52,27941109760
6391.80,27941109760
6392.08,27941109760
6392.36,27941109760
6392.65,27941109760
6392.93,27941109760
6393.21,27941109760
6393.50,27941109760
6393.78,27941109760
6394.06,27941109760
6394.35,27941109760
6394.63,27941109760
6394.91,27941109760
6395.19,27941109760
6395.48,27941109760
6395.76,27941109760
6396.04,27941109760
6396.33,27941109760
6396.61,27941109760
6396.89,27941109760
6397.18,27941109760
6397.46,27941109760
6397.74,27941109760
6398.02,27941109760
6398.30,27941109760
6398.58,27941109760
6398.86,27941109760
6399.15,27941109760
6399.43,27941109760
6399.71,27941109760
6399.99,27941109760
6400.27,27941109760
6400.55,27941109760
6400.84,27941109760
6401.11,27941109760
6401.39,27941109760
6401.68,27941109760
6401.95,27941109760
6402.24,27941109760
6402.51,27941109760
6402.79,27941109760
6403.07,27941109760
6403.35,27941109760
6403.64,27941109760
6403.91,27941109760
6404.20,27941109760
6404.48,27941109760
6404.76,27941109760
6405.04,27941109760
6405.33,27941109760
6405.61,27941109760
6405.89,27941109760
6406.17,27941109760
6406.45,27941109760
6406.74,27941109760
6407.02,27941109760
6407.31,27941109760
6407.59,27941109760
6407.87,27941109760
6408.15,27941109760
6408.44,27941109760
6408.72,27941109760
6409.01,27941109760
6409.29,27941109760
6409.58,27941109760
6409.86,27941109760
6410.14,27941109760
6410.41,27941109760
6410.70,27941109760
6410.97,27941109760
6411.25,27941109760
6411.54,27941109760
6411.82,27941109760
6412.10,27941109760
6412.38,27941109760
6412.66,27941109760
6412.94,27941109760
6413.22,27941109760
6413.50,27941109760
6413.78,27941109760
6414.06,27941109760
6414.34,27941109760
6414.63,27941109760
6414.91,27941109760
6415.19,27941109760
6415.47,27941109760
6415.75,27941109760
6416.04,27941109760
6416.32,27941109760
6416.60,27941109760
6416.88,27941109760
6417.16,27941109760
6417.44,27941109760
6417.72,27941109760
6418.00,27941109760
6418.28,27941109760
6418.56,27941109760
6418.85,27941109760
6419.13,27941109760
6419.42,27941109760
6419.70,27941109760
6419.98,27941109760
6420.26,27941109760
6420.54,27941109760
6420.82,27941109760
6421.11,27941109760
6421.39,27941109760
6421.67,27941109760
6421.95,27941109760
6422.23,27941109760
6422.51,27941109760
6422.80,27941109760
6423.07,27941109760
6423.35,27941109760
6423.64,27941109760
6423.92,27941109760
6424.20,27941109760
6424.49,27941109760
6424.77,27941109760
6425.05,27941109760
6425.33,27941109760
6425.61,27941109760
6425.90,27941109760
6426.18,27941109760
6426.45,27941109760
6426.74,27941109760
6427.02,27941109760
6427.31,27941109760
6427.59,27941109760
6427.88,27941109760
6428.16,27941109760
6428.44,27941109760
6428.72,27941109760
6429.01,27941109760
6429.29,27941109760
6429.57,27941109760
6429.85,27941109760
6430.14,27941109760
6430.42,27941109760
6430.70,27941109760
6430.99,27941109760
6431.27,27941109760
6431.56,27941109760
6431.85,27941109760
6432.13,27941109760
6432.41,27941109760
6432.69,27941109760
6432.97,27941109760
6433.25,27941109760
6433.53,27941109760
6433.80,27941109760
6434.09,27941109760
6434.37,27941109760
6434.65,27941109760
6434.94,27941109760
6435.22,27941109760
6435.50,27941109760
6435.79,27941109760
6436.06,27941109760
6436.35,27941109760
6436.63,27941109760
6436.91,27941109760
6437.19,27941109760
6437.47,27941109760
6437.75,27941109760
6438.04,27941109760
6438.32,27941109760
6438.60,27941109760
6438.89,27941109760
6439.17,27941109760
6439.45,27941109760
6439.73,27941109760
6440.01,27941109760
6440.30,27941109760
6440.57,27941109760
6440.85,27941109760
6441.14,27941109760
6441.42,27941109760
6441.71,27941109760
6441.99,27941109760
6442.27,27941109760
6442.55,27941109760
6442.84,27941109760
6443.12,27941109760
6443.40,27941109760
6443.69,27941109760
6443.97,27941109760
6444.26,27941109760
6444.54,27941109760
6444.82,27941109760
6445.10,27941109760
6445.39,27941109760
6445.67,27941109760
6445.95,27941109760
6446.23,27941109760
6446.51,27941109760
6446.79,27941109760
6447.07,27941109760
6447.35,27941109760
6447.63,27941109760
6447.91,27941109760
6448.19,27941109760
6448.47,27941109760
6448.75,27941109760
6449.04,27941109760
6449.32,27941109760
6449.60,27941109760
6449.89,27941109760
6450.17,27941109760
6450.45,27941109760
6450.73,27941109760
6451.02,27941109760
6451.30,27941109760
6451.58,27941109760
6451.87,27941109760
6452.15,27941109760
6452.43,27941109760
6452.72,27941109760
6453.00,27941109760
6453.28,27941109760
6453.56,27941109760
6453.85,27941109760
6454.12,27941109760
6454.40,27941109760
6454.69,27941109760
6454.97,27941109760
6455.25,27941109760
6455.54,27941109760
6455.82,27941109760
6456.10,27941109760
6456.38,27941109760
6456.66,27941109760
6456.94,27941109760
6457.22,27941109760
6457.50,27941109760
6457.79,27941109760
6458.06,27941109760
6458.35,27941109760
6458.63,27941109760
6458.91,27941109760
6459.20,27941109760
6459.48,27941109760
6459.76,27941109760
6460.05,27941109760
6460.33,27941109760
6460.61,27941109760
6460.89,27941109760
6461.18,27941109760
6461.45,27941109760
6461.74,27941109760
6462.01,27941109760
6462.29,27941109760
6462.57,27941109760
6462.85,27941109760
6463.13,27941109760
6463.41,27941109760
6463.70,27941109760
6463.98,27941109760
6464.26,27941109760
6464.55,27941109760
6464.83,27941109760
6465.11,27941109760
6465.39,27941109760
6465.67,27941109760
6465.96,27941109760
6466.24,27941109760
6466.52,27941109760
6466.80,27941109760
6467.08,27941109760
6467.36,27941109760
6467.64,27941109760
6467.92,27941109760
6468.21,27941109760
6468.49,27941109760
6468.77,27941109760
6469.06,27941109760
6469.34,27941109760
6469.62,27941109760
6469.90,27941109760
6470.19,27941109760
6470.47,27941109760
6470.75,27941109760
6471.04,27941109760
6471.32,27941109760
6471.59,27941109760
6471.88,27941109760
6472.16,27941109760
6472.44,27941109760
6472.72,27941109760
6473.00,27941109760
6473.28,27941109760
6473.56,27941109760
6473.84,27941109760
6474.13,27941109760
6474.41,27941109760
6474.69,27941109760
6474.98,27941109760
6475.25,27941109760
6475.53,27941109760
6475.81,27941109760
6476.09,27941109760
6476.38,27941109760
6476.66,27941109760
6476.94,27941109760
6477.23,27941109760
6477.51,27941109760
6477.79,27941109760
6478.07,27941109760
6478.35,27941109760
6478.63,27941109760
6478.91,27941109760
6479.19,27941109760
6479.47,27941109760
6479.76,27941109760
6480.03,27941109760
6480.32,27941109760
6480.60,27941109760
6480.88,27941109760
6481.16,27941109760
6481.44,27941109760
6481.72,27941109760
6482.01,27941109760
6482.29,27941109760
6482.57,27941109760
6482.85,27941109760
6483.13,27941109760
6483.41,27941109760
6483.70,27941109760
6483.98,27941109760
6484.26,27941109760
6484.55,27941109760
6484.83,27941109760
6485.11,27941109760
6485.40,27941109760
6485.68,27941109760
6485.96,27941109760
6486.24,27941109760
6486.52,27941109760
6486.81,27941109760
6487.09,27941109760
6487.37,27941109760
6487.65,27941109760
6487.94,27941109760
6488.22,27941109760
6488.50,27941109760
6488.79,27941109760
6489.07,27941109760
6489.35,27941109760
6489.64,27941109760
6489.92,27941109760
6490.20,27941109760
6490.48,27941109760
6490.76,27941109760
6491.04,27941109760
6491.32,27941109760
6491.60,27941109760
6491.89,27941109760
6492.17,27941109760
6492.45,27941109760
6492.73,27941109760
6493.02,27941109760
6493.30,27941109760
6493.58,27941109760
6493.86,27941109760
6494.14,27941109760
6494.42,27941109760
6494.70,27941109760
6494.99,27941109760
6495.26,27941109760
6495.54,27941109760
6495.82,27941109760
6496.10,27941109760
6496.39,27941109760
6496.67,27941109760
6496.95,27941109760
6497.23,27941109760
6497.52,27941109760
6497.79,27941109760
6498.07,27941109760
6498.35,27941109760
6498.63,27941109760
6498.91,27941109760
6499.19,27941109760
6499.47,27941109760
6499.75,27941109760
6500.03,27941109760
6500.31,27941109760
6500.60,27941109760
6500.88,27941109760
6501.16,27941109760
6501.44,27941109760
6501.73,27941109760
6502.01,27941109760
6502.29,27941109760
6502.57,27941109760
6502.85,27941109760
6503.13,27941109760
6503.41,27941109760
6503.69,27941109760
6503.98,27941109760
6504.26,27941109760
6504.54,27941109760
6504.82,27941109760
6505.10,27941109760
6505.38,27941109760
6505.66,27941109760
6505.94,27941109760
6506.22,27941109760
6506.50,27941109760
6506.77,27941109760
6507.06,27941109760
6507.34,27941109760
6507.62,27941109760
6507.91,27941109760
6508.18,27941109760
6508.47,27941109760
6508.75,27941109760
6509.03,27941109760
6509.31,27941109760
6509.60,27941109760
6509.88,27941109760
6510.17,27941109760
6510.45,27941109760
6510.73,27941109760
6511.01,27941109760
6511.29,27941109760
6511.58,27941109760
6511.86,27941109760
6512.14,27941109760
6512.43,27941109760
6512.70,27941109760
6512.99,27941109760
6513.27,27941109760
6513.55,27941109760
6513.84,27941109760
6514.12,27941109760
6514.40,27941109760
6514.69,27941109760
6514.97,27941109760
6515.25,27941109760
6515.53,27941109760
6515.81,27941109760
6516.09,27941109760
6516.38,27941109760
6516.66,27941109760
6516.94,27941109760
6517.22,27941109760
6517.51,27941109760
6517.79,27941109760
6518.07,27941109760
6518.35,27941109760
6518.63,27941109760
6518.91,27941109760
6519.19,27941109760
6519.48,27941109760
6519.76,27941109760
6520.04,27941109760
6520.33,27941109760
6520.61,27941109760
6520.90,27941109760
6521.18,27941109760
6521.46,27941109760
6521.74,27941109760
6522.02,27941109760
6522.30,27941109760
6522.58,27941109760
6522.87,27941109760
6523.15,27941109760
6523.43,27941109760
6523.71,27941109760
6523.99,27941109760
6524.27,27941109760
6524.55,27941109760
6524.84,27941109760
6525.12,27941109760
6525.40,27941109760
6525.68,27941109760
6525.96,27941109760
6526.24,27941109760
6526.52,27941109760
6526.80,27941109760
6527.08,27941109760
6527.37,27941109760
6527.65,27941109760
6527.94,27941109760
6528.21,27941109760
6528.49,27941109760
6528.78,27941109760
6529.06,27941109760
6529.35,27941109760
6529.63,27941109760
6529.91,27941109760
6530.19,27941109760
6530.47,27941109760
6530.76,27941109760
6531.04,27941109760
6531.32,27941109760
6531.60,27941109760
6531.88,27941109760
6532.16,27941109760
6532.45,27941109760
6532.73,27941109760
6533.01,27941109760
6533.29,27941109760
6533.57,27941109760
6533.85,27941109760
6534.13,27941109760
6534.41,27941109760
6534.70,27941109760
6534.98,27941109760
6535.26,27941109760
6535.54,27941109760
6535.82,27941109760
6536.10,27941109760
6536.38,27941109760
6536.66,27941109760
6536.94,27941109760
6537.23,27941109760
6537.51,27941109760
6537.79,27941109760
6538.07,27941109760
6538.35,27941109760
6538.64,27941109760
6538.91,27941109760
6539.19,27941109760
6539.48,27941109760
6539.76,27941109760
6540.04,27941109760
6540.32,27941109760
6540.60,27941109760
6540.89,27941109760
6541.17,27941109760
6541.44,27941109760
6541.73,27941109760
6542.01,27941109760
6542.29,27941109760
6542.57,27941109760
6542.85,27941109760
6543.13,27941109760
6543.41,27941109760
6543.69,27941109760
6543.97,27941109760
6544.25,27941109760
6544.54,27941109760
6544.82,27941109760
6545.10,27941109760
6545.37,27941109760
6545.66,27941109760
6545.94,27941109760
6546.23,27941109760
6546.50,27941109760
6546.78,27941109760
6547.07,27941109760
6547.34,27941109760
6547.62,27941109760
6547.90,27941109760
6548.19,27941109760
6548.47,27941109760
6548.75,27941109760
6549.03,27941109760
6549.31,27941109760
6549.59,27941109760
6549.86,27941109760
6550.15,27941109760
6550.43,27941109760
6550.70,27941109760
6550.99,27941109760
6551.26,27941109760
6551.54,27941109760
6551.83,27941109760
6552.12,27941109760
6552.40,27941109760
6552.68,27941109760
6552.96,27941109760
6553.24,27941109760
6553.52,27941109760
6553.81,27941109760
6554.09,27941109760
6554.37,27941109760
6554.65,27941109760
6554.94,27941109760
6555.22,27941109760
6555.50,27941109760
6555.78,27941109760
6556.06,27941109760
6556.35,27941109760
6556.63,27941109760
6556.91,27941109760
6557.20,27941109760
6557.48,27941109760
6557.76,27941109760
6558.04,27941109760
6558.32,27941109760
6558.60,27941109760
6558.88,27941109760
6559.16,27941109760
6559.44,27941109760
6559.72,27941109760
6560.00,27941109760
6560.29,27941109760
6560.57,27941109760
6560.85,27941109760
6561.14,27941109760
6561.43,27941109760
6561.71,27941109760
6561.99,27941109760
6562.27,27941109760
6562.55,27941109760
6562.83,27941109760
6563.11,27941109760
6563.39,27941109760
6563.67,27941109760
6563.95,27941109760
6564.23,27941109760
6564.51,27941109760
6564.79,27941109760
6565.07,27941109760
6565.35,27941109760
6565.63,27941109760
6565.91,27941109760
6566.19,27941109760
6566.48,27941109760
6566.75,27941109760
6567.02,27941109760
6567.30,27941109760
6567.58,27941109760
6567.87,27941109760
6568.15,27941109760
6568.44,27941109760
6568.72,27941109760
6569.00,27941109760
6569.28,27941109760
6569.57,27941109760
6569.85,27941109760
6570.13,27941109760
6570.41,27941109760
6570.70,27941109760
6570.98,27941109760
6571.27,27941109760
6571.55,27941109760
6571.83,27941109760
6572.11,27941109760
6572.40,27941109760
6572.68,27941109760
6572.96,27941109760
6573.24,27941109760
6573.52,27941109760
6573.80,27941109760
6574.09,27941109760
6574.37,27941109760
6574.65,27941109760
6574.93,27941109760
6575.21,27941109760
6575.49,27941109760
6575.77,27941109760
6576.05,27941109760
6576.33,27941109760
6576.61,27941109760
6576.90,27941109760
6577.19,27941109760
6577.46,27941109760
6577.75,27941109760
6578.03,27941109760
6578.31,27941109760
6578.59,27941109760
6578.87,27941109760
6579.15,27941109760
6579.43,27941109760
6579.71,27941109760
6579.99,27941109760
6580.27,27941109760
6580.55,27941109760
6580.83,27941109760
6581.11,27941109760
6581.40,27941109760
6581.68,27941109760
6581.97,27941109760
6582.25,27941109760
6582.53,27941109760
6582.81,27941109760
6583.09,27941109760
6583.38,27941109760
6583.66,27941109760
6583.94,27941109760
6584.23,27941109760
6584.51,27941109760
6584.79,27941109760
6585.07,27941109760
6585.35,27941109760
6585.63,27941109760
6585.91,27941109760
6586.19,27941109760
6586.47,27941109760
6586.76,27941109760
6587.03,27941109760
6587.31,27941109760
6587.59,27941109760
6587.87,27941109760
6588.15,27941109760
6588.43,27941109760
6588.71,27941109760
6588.99,27941109760
6589.27,27941109760
6589.55,27941109760
6589.84,27941109760
6590.12,27941109760
6590.40,27941109760
6590.68,27941109760
6590.97,27941109760
6591.25,27941109760
6591.53,27941109760
6591.81,27941109760
6592.09,27941109760
6592.38,27941109760
6592.66,27941109760
6592.94,27941109760
6593.22,27941109760
6593.51,27941109760
6593.79,27941109760
6594.07,27941109760
6594.35,27941109760
6594.63,27941109760
6594.91,27941109760
6595.20,27941109760
6595.48,27941109760
6595.76,27941109760
6596.04,27941109760
6596.32,27941109760
6596.60,27941109760
6596.88,27941109760
6597.16,27941109760
6597.45,27941109760
6597.73,27941109760
6598.01,27941109760
6598.30,27941109760
6598.58,27941109760
6598.86,27941109760
6599.14,27941109760
6599.43,27941109760
6599.71,27941109760
6599.98,27941109760
6600.27,27941109760
6600.55,27941109760
6600.84,27941109760
6601.12,27941109760
6601.40,27941109760
6601.69,27941109760
6601.97,27941109760
6602.25,27941109760
6602.53,27941109760
6602.81,27941109760
6603.10,27941109760
6603.38,27941109760
6603.66,27941109760
6603.94,27941109760
6604.23,27941109760
6604.51,27941109760
6604.79,27941109760
6605.07,27941109760
6605.36,27941109760
6605.64,27941109760
6605.92,27941109760
6606.20,27941109760
6606.48,27941109760
6606.76,27941109760
6607.05,27941109760
6607.33,27941109760
6607.62,27941109760
6607.90,27941109760
6608.19,27941109760
6608.47,27941109760
6608.75,27941109760
6609.03,27941109760
6609.31,27941109760
6609.60,27941109760
6609.87,27941109760
6610.15,27941109760
6610.44,27941109760
6610.72,27941109760
6611.01,27941109760
6611.29,27941109760
6611.57,27941109760
6611.85,27941109760
6612.14,27941109760
6612.43,27941109760
6612.71,27941109760
6612.99,27941109760
6613.26,27941109760
6613.55,27941109760
6613.83,27941109760
6614.11,27941109760
6614.39,27941109760
6614.68,27941109760
6614.96,27941109760
6615.25,27941109760
6615.53,27941109760
6615.81,27941109760
6616.09,27941109760
6616.37,27941109760
6616.65,27941109760
6616.93,27941109760
6617.22,27941109760
6617.50,27941109760
6617.78,27941109760
6618.06,27941109760
6618.34,27941109760
6618.62,27941109760
6618.90,27941109760
6619.19,27941109760
6619.46,27941109760
6619.74,27941109760
6620.02,27941109760
6620.30,27941109760
6620.58,27941109760
6620.86,27941109760
6621.14,27941109760
6621.43,27941109760
6621.72,27941109760
6622.00,27941109760
6622.28,27941109760
6622.57,27941109760
6622.85,27941109760
6623.14,27941109760
6623.42,27941109760
6623.70,27941109760
6623.98,27941109760
6624.27,27941109760
6624.55,27941109760
6624.83,27941109760
6625.11,27941109760
6625.39,27941109760
6625.67,27941109760
6625.95,27941109760
6626.23,27941109760
6626.51,27941109760
6626.79,27941109760
6627.08,27941109760
6627.35,27941109760
6627.63,27941109760
6627.92,27941109760
6628.20,27941109760
6628.48,27941109760
6628.77,27941109760
6629.05,27941109760
6629.34,27941109760
6629.62,27941109760
6629.89,27941109760
6630.17,27941109760
6630.45,27941109760
6630.73,27941109760
6631.01,27941109760
6631.29,27941109760
6631.56,27941109760
6631.84,27941109760
6632.12,27941109760
6632.40,27941109760
6632.68,27941109760
6632.97,27941109760
6633.25,27941109760
6633.54,27941109760
6633.82,27941109760
6634.10,27941109760
6634.38,27941109760
6634.65,27941109760
6634.94,27941109760
6635.22,27941109760
6635.50,27941109760
6635.78,27941109760
6636.07,27941109760
6636.35,27941109760
6636.63,27941109760
6636.92,27941109760
6637.20,27941109760
6637.47,27941109760
6637.75,27941109760
6638.03,27941109760
6638.31,27941109760
6638.59,27941109760
6638.88,27941109760
6639.16,27941109760
6639.44,27941109760
6639.72,27941109760
6640.00,27941109760
6640.28,27941109760
6640.56,27941109760
6640.85,27941109760
6641.13,27941109760
6641.41,27941109760
6641.69,27941109760
6641.97,27941109760
6642.25,27941109760
6642.53,27941109760
6642.81,27941109760
6643.10,27941109760
6643.38,27941109760
6643.66,27941109760
6643.94,27941109760
6644.23,27941109760
6644.51,27941109760
6644.80,27941109760
6645.08,27941109760
6645.36,27941109760
6645.64,27941109760
6645.93,27941109760
6646.21,27941109760
6646.48,27941109760
6646.76,27941109760
6647.05,27941109760
6647.32,27941109760
6647.60,27941109760
6647.89,27941109760
6648.17,27941109760
6648.45,27941109760
6648.73,27941109760
6649.01,27941109760
6649.29,27941109760
6649.58,27941109760
6649.86,27941109760
6650.14,27941109760
6650.42,27941109760
6650.70,27941109760
6650.98,27941109760
6651.26,27941109760
6651.54,27941109760
6651.82,27941109760
6652.10,27941109760
6652.38,27941109760
6652.66,27941109760
6652.95,27941109760
6653.23,27941109760
6653.50,27941109760
6653.78,27941109760
6654.06,27941109760
6654.34,27941109760
6654.62,27941109760
6654.90,27941109760
6655.18,27941109760
6655.46,27941109760
6655.74,27941109760
6656.02,27941109760
6656.30,27941109760
6656.59,27941109760
6656.87,27941109760
6657.15,27941109760
6657.43,27941109760
6657.71,27941109760
6657.99,27941109760
6658.27,27941109760
6658.55,27941109760
6658.83,27941109760
6659.11,27941109760
6659.39,27941109760
6659.67,27941109760
6659.96,27941109760
6660.24,27941109760
6660.52,27941109760
6660.80,27941109760
6661.08,27941109760
6661.36,27941109760
6661.64,27941109760
6661.92,27941109760
6662.20,27941109760
6662.47,27941109760
6662.75,27941109760
6663.04,27941109760
6663.32,27941109760
6663.60,27941109760
6663.88,27941109760
6664.16,27941109760
6664.45,27941109760
6664.73,27941109760
6665.01,27941109760
6665.29,27941109760
6665.57,27941109760
6665.86,27941109760
6666.14,27941109760
6666.41,27941109760
6666.69,27941109760
6666.96,27941109760
6667.24,27941109760
6667.52,27941109760
6667.81,27941109760
6668.09,27941109760
6668.37,27941109760
6668.65,27941109760
6668.93,27941109760
6669.22,27941109760
6669.50,27941109760
6669.78,27941109760
6670.06,27941109760
6670.35,27941109760
6670.62,27941109760
6670.91,27941109760
6671.19,27941109760
6671.48,27941109760
6671.75,27941109760
6672.04,27941109760
6672.32,27941109760
6672.60,27941109760
6672.88,27941109760
6673.16,27941109760
6673.44,27941109760
6673.73,27941109760
6674.01,27941109760
6674.29,27941109760
6674.57,27941109760
6674.86,27941109760
6675.13,27941109760
6675.41,27941109760
6675.69,27941109760
6675.98,27941109760
6676.26,27941109760
6676.54,27941109760
6676.82,27941109760
6677.10,27941109760
6677.38,27941109760
6677.66,27941109760
6677.95,27941109760
6678.23,27941109760
6678.51,27941109760
6678.79,27941109760
6679.07,27941109760
6679.35,27941109760
6679.63,27941109760
6679.91,27941109760
6680.20,27941109760
6680.48,27941109760
6680.76,27941109760
6681.05,27941109760
6681.33,27941109760
6681.61,27941109760
6681.90,27941109760
6682.18,27941109760
6682.46,27941109760
6682.74,27941109760
6683.02,27941109760
6683.31,27941109760
6683.59,27941109760
6683.87,27941109760
6684.15,27941109760
6684.43,27941109760
6684.72,27941109760
6685.00,27941109760
6685.28,27941109760
6685.57,27941109760
6685.85,27941109760
6686.13,27941109760
6686.41,27941109760
6686.69,27941109760
6686.97,27941109760
6687.25,27941109760
6687.53,27941109760
6687.82,27941109760
6688.10,27941109760
6688.38,27941109760
6688.67,27941109760
6688.95,27941109760
6689.23,27941109760
6689.51,27941109760
6689.80,27941109760
6690.07,27941109760
6690.36,27941109760
6690.64,27941109760
6690.91,27941109760
6691.19,27941109760
6691.47,27941109760
6691.76,27941109760
6692.04,27941109760
6692.32,27941109760
6692.60,27941109760
6692.89,27941109760
6693.17,27941109760
6693.45,27941109760
6693.73,27941109760
6694.02,27941109760
6694.29,27941109760
6694.58,27941109760
6694.86,27941109760
6695.14,27941109760
6695.42,27941109760
6695.70,27941109760
6695.98,27941109760
6696.26,27941109760
6696.55,27941109760
6696.84,27941109760
6697.12,27941109760
6697.40,27941109760
6697.68,27941109760
6697.96,27941109760
6698.24,27941109760
6698.52,27941109760
6698.80,27941109760
6699.08,27941109760
6699.36,27941109760
6699.64,27941109760
6699.92,27941109760
6700.20,27941109760
6700.48,27941109760
6700.77,27941109760
6701.05,27941109760
6701.33,27941109760
6701.61,27941109760
6701.90,27941109760
6702.18,27941109760
6702.46,27941109760
6702.73,27941109760
6703.02,27941109760
6703.30,27941109760
6703.58,27941109760
6703.86,27941109760
6704.15,27941109760
6704.43,27941109760
6704.71,27941109760
6705.00,27941109760
6705.28,27941109760
6705.56,27941109760
6705.85,27941109760
6706.12,27941109760
6706.41,27941109760
6706.69,27941109760
6706.97,27941109760
6707.25,27941109760
6707.54,27941109760
6707.82,27941109760
6708.10,27941109760
6708.39,27941109760
6708.67,27941109760
6708.95,27941109760
6709.23,27941109760
6709.52,27941109760
6709.80,27941109760
6710.08,27941109760
6710.36,27941109760
6710.64,27941109760
6710.92,27941109760
6711.20,27941109760
6711.48,27941109760
6711.77,27941109760
6712.05,27941109760
6712.33,27941109760
6712.60,27941109760
6712.89,27941109760
6713.17,27941109760
6713.45,27941109760
6713.73,27941109760
6714.02,27941109760
6714.30,27941109760
6714.59,27941109760
6714.86,27941109760
6715.15,27941109760
6715.43,27941109760
6715.72,27941109760
6716.00,27941109760
6716.28,27941109760
6716.56,27941109760
6716.85,27941109760
6717.13,27941109760
6717.41,27941109760
6717.69,27941109760
6717.98,27941109760
6718.26,27941109760
6718.54,27941109760
6718.82,27941109760
6719.11,27941109760
6719.39,27941109760
6719.68,27941109760
6719.96,27941109760
6720.24,27941109760
6720.53,27941109760
6720.81,27941109760
6721.09,27941109760
6721.38,27941109760
6721.65,27941109760
6721.94,27941109760
6722.22,27941109760
6722.51,27941109760
6722.79,27941109760
6723.07,27941109760
6723.35,27941109760
6723.64,27941109760
6723.91,27941109760
6724.20,27941109760
6724.48,27941109760
6724.76,27941109760
6725.05,27941109760
6725.33,27941109760
6725.62,27941109760
6725.90,27941109760
6726.18,27941109760
6726.47,27941109760
6726.75,27941109760
6727.02,27941109760
6727.31,27941109760
6727.59,27941109760
6727.87,27941109760
6728.15,27941109760
6728.43,27941109760
6728.71,27941109760
6729.00,27941109760
6729.28,27941109760
6729.56,27941109760
6729.84,27941109760
6730.12,27941109760
6730.40,27941109760
6730.69,27941109760
6730.97,27941109760
6731.24,27941109760
6731.52,27941109760
6731.81,27941109760
6732.09,27941109760
6732.37,27941109760
6732.65,27941109760
6732.94,27941109760
6733.22,27941109760
6733.50,27941109760
6733.78,27941109760
6734.06,27941109760
6734.34,27941109760
6734.63,27941109760
6734.90,27941109760
6735.19,27941109760
6735.47,27941109760
6735.75,27941109760
6736.03,27941109760
6736.32,27941109760
6736.60,27941109760
6736.89,27941109760
6737.17,27941109760
6737.44,27941109760
6737.73,27941109760
6738.01,27941109760
6738.29,27941109760
6738.58,27941109760
6738.86,27941109760
6739.14,27941109760
6739.41,27941109760
6739.70,27941109760
6739.98,27941109760
6740.25,27941109760
6740.53,27941109760
6740.81,27941109760
6741.09,27941109760
6741.37,27941109760
6741.64,27941109760
6741.92,27941109760
6742.20,27941109760
6742.48,27941109760
6742.76,27941109760
6743.04,27941109760
6743.32,27941109760
6743.60,27941109760
6743.88,27941109760
6744.16,27941109760
6744.45,27941109760
6744.73,27941109760
6745.01,27941109760
6745.29,27941109760
6745.57,27941109760
6745.85,27941109760
6746.14,27941109760
6746.42,27941109760
6746.70,27941109760
6746.98,27941109760
6747.26,27941109760
6747.54,27941109760
6747.82,27941109760
6748.10,27941109760
6748.38,27941109760
6748.66,27941109760
6748.94,27941109760
6749.23,27941109760
6749.50,27941109760
6749.78,27941109760
6750.06,27941109760
6750.33,27941109760
6750.61,27941109760
6750.89,27941109760
6751.17,27941109760
6751.46,27941109760
6751.74,27941109760
6752.02,27941109760
6752.30,27941109760
6752.57,27941109760
6752.86,27941109760
6753.14,27941109760
6753.43,27941109760
6753.71,27941109760
6753.98,27941109760
6754.27,27941109760
6754.54,27941109760
6754.83,27941109760
6755.11,27941109760
6755.39,27941109760
6755.68,27941109760
6755.95,27941109760
6756.23,27941109760
6756.51,27941109760
6756.79,27941109760
6757.07,27941109760
6757.34,27941109760
6757.62,27941109760
6757.90,27941109760
6758.17,27941109760
6758.45,27941109760
6758.73,27941109760
6759.01,27941109760
6759.29,27941109760
6759.57,27941109760
6759.85,27941109760
6760.12,27941109760
6760.40,27941109760
6760.69,27941109760
6760.97,27941109760
6761.25,27941109760
6761.52,27941109760
6761.81,27941109760
6762.09,27941109760
6762.37,27941109760
6762.65,27941109760
6762.93,27941109760
6763.21,27941109760
6763.49,27941109760
6763.77,27941109760
6764.05,27941109760
6764.33,27941109760
6764.61,27941109760
6764.89,27941109760
6765.16,27941109760
6765.44,27941109760
6765.72,27941109760
6766.00,27941109760
6766.28,27941109760
6766.57,27941109760
6766.85,27941109760
6767.13,27941109760
6767.41,27941109760
6767.69,27941109760
6767.97,27941109760
6768.25,27941109760
6768.53,27941109760
6768.81,27941109760
6769.09,27941109760
6769.38,27941109760
6769.66,27941109760
6769.94,27941109760
6770.22,27941109760
6770.50,27941109760
6770.78,27941109760
6771.07,27941109760
6771.35,27941109760
6771.63,27941109760
6771.91,27941109760
6772.19,27941109760
6772.47,27941109760
6772.76,27941109760
6773.04,27941109760
6773.32,27941109760
6773.60,27941109760
6773.89,27941109760
6774.17,27941109760
6774.45,27941109760
6774.74,27941109760
6775.02,27941109760
6775.30,27941109760
6775.58,27941109760
6775.87,27941109760
6776.15,27941109760
6776.44,27941109760
6776.72,27941109760
6777.00,27941109760
6777.29,27941109760
6777.57,27941109760
6777.85,27941109760
6778.13,27941109760
6778.42,27941109760
6778.70,27941109760
6778.98,27941109760
6779.26,27941109760
6779.55,27941109760
6779.83,27941109760
6780.11,27941109760
6780.40,27941109760
6780.68,27941109760
6780.96,27941109760
6781.25,27941109760
6781.52,27941109760
6781.80,27941109760
6782.08,27941109760
6782.37,27941109760
6782.65,27941109760
6782.93,27941109760
6783.22,27941109760
6783.49,27941109760
6783.77,27941109760
6784.06,27941109760
6784.33,27941109760
6784.61,27941109760
6784.90,27941109760
6785.18,27941109760
6785.46,27941109760
6785.74,27941109760
6786.02,27941109760
6786.30,27941109760
6786.58,27941109760
6786.87,27941109760
6787.16,27941109760
6787.44,27941109760
6787.72,27941109760
6788.00,27941109760
6788.29,27941109760
6788.57,27941109760
6788.85,27941109760
6789.13,27941109760
6789.42,27941109760
6789.70,27941109760
6789.99,27941109760
6790.27,27941109760
6790.55,27941109760
6790.83,27941109760
6791.11,27941109760
6791.39,27941109760
6791.68,27941109760
6791.95,27941109760
6792.23,27941109760
6792.52,27941109760
6792.80,27941109760
6793.08,27941109760
6793.36,27941109760
6793.65,27941109760
6793.92,27941109760
6794.20,27941109760
6794.48,27941109760
6794.76,27941109760
6795.05,27941109760
6795.33,27941109760
6795.61,27941109760
6795.89,27941109760
6796.17,27941109760
6796.45,27941109760
6796.74,27941109760
6797.02,27941109760
6797.30,27941109760
6797.58,27941109760
6797.87,27941109760
6798.15,27941109760
6798.44,27941109760
6798.72,27941109760
6799.01,27941109760
6799.29,27941109760
6799.56,27941109760
6799.84,27941109760
6800.13,27941109760
6800.41,27941109760
6800.69,27941109760
6800.98,27941109760
6801.26,27941109760
6801.54,27941109760
6801.82,27941109760
6802.10,27941109760
6802.38,27941109760
6802.67,27941109760
6802.95,27941109760
6803.23,27941109760
6803.51,27941109760
6803.80,27941109760
6804.08,27941109760
6804.36,27941109760
6804.64,27941109760
6804.92,27941109760
6805.21,27941109760
6805.48,27941109760
6805.77,27941109760
6806.05,27941109760
6806.33,27941109760
6806.61,27941109760
6806.89,27941109760
6807.18,27941109760
6807.46,27941109760
6807.74,27941109760
6808.02,27941109760
6808.30,27941109760
6808.59,27941109760
6808.87,27941109760
6809.15,27941109760
6809.43,27941109760
6809.71,27941109760
6809.99,27941109760
6810.28,27941109760
6810.56,27941109760
6810.85,27941109760
6811.13,27941109760
6811.41,27941109760
6811.69,27941109760
6811.98,27941109760
6812.27,27941109760
6812.55,27941109760
6812.83,27941109760
6813.11,27941109760
6813.40,27941109760
6813.68,27941109760
6813.96,27941109760
6814.24,27941109760
6814.52,27941109760
6814.81,27941109760
6815.09,27941109760
6815.38,27941109760
6815.66,27941109760
6815.94,27941109760
6816.23,27941109760
6816.50,27941109760
6816.79,27941109760
6817.07,27941109760
6817.35,27941109760
6817.63,27941109760
6817.91,27941109760
6818.19,27941109760
6818.47,27941109760
6818.76,27941109760
6819.04,27941109760
6819.32,27941109760
6819.60,27941109760
6819.88,27941109760
6820.17,27941109760
6820.45,27941109760
6820.73,27941109760
6821.01,27941109760
6821.30,27941109760
6821.57,27941109760
6821.85,27941109760
6822.14,27941109760
6822.42,27941109760
6822.70,27941109760
6822.98,27941109760
6823.27,27941109760
6823.55,27941109760
6823.83,27941109760
6824.10,27941109760
6824.39,27941109760
6824.67,27941109760
6824.94,27941109760
6825.22,27941109760
6825.50,27941109760
6825.78,27941109760
6826.07,27941109760
6826.35,27941109760
6826.63,27941109760
6826.91,27941109760
6827.19,27941109760
6827.47,27941109760
6827.76,27941109760
6828.04,27941109760
6828.32,27941109760
6828.60,27941109760
6828.88,27941109760
6829.16,27941109760
6829.44,27941109760
6829.73,27941109760
6830.01,27941109760
6830.29,27941109760
6830.57,27941109760
6830.85,27941109760
6831.14,27941109760
6831.42,27941109760
6831.70,27941109760
6831.98,27941109760
6832.26,27941109760
6832.54,27941109760
6832.83,27941109760
6833.11,27941109760
6833.39,27941109760
6833.67,27941109760
6833.94,27941109760
6834.23,27941109760
6834.51,27941109760
6834.79,27941109760
6835.07,27941109760
6835.35,27941109760
6835.63,27941109760
6835.91,27941109760
6836.20,27941109760
6836.48,27941109760
6836.77,27941109760
6837.04,27941109760
6837.33,27941109760
6837.61,27941109760
6837.90,27941109760
6838.18,27941109760
6838.47,27941109760
6838.75,27941109760
6839.04,27941109760
6839.32,27941109760
6839.60,27941109760
6839.88,27941109760
6840.17,27941109760
6840.44,27941109760
6840.72,27941109760
6841.01,27941109760
6841.29,27941109760
6841.58,27941109760
6841.86,27941109760
6842.14,27941109760
6842.42,27941109760
6842.70,27941109760
6842.99,27941109760
6843.27,27941109760
6843.55,27941109760
6843.83,27941109760
6844.12,27941109760
6844.40,27941109760
6844.68,27941109760
6844.97,27941109760
6845.24,27941109760
6845.52,27941109760
6845.81,27941109760
6846.09,27941109760
6846.38,27941109760
6846.66,27941109760
6846.94,27941109760
6847.22,27941109760
6847.50,27941109760
6847.78,27941109760
6848.07,27941109760
6848.35,27941109760
6848.63,27941109760
6848.91,27941109760
6849.19,27941109760
6849.47,27941109760
6849.75,27941109760
6850.02,27941109760
6850.30,27941109760
6850.59,27941109760
6850.87,27941109760
6851.15,27941109760
6851.43,27941109760
6851.72,27941109760
6852.00,27941109760
6852.28,27941109760
6852.56,27941109760
6852.85,27941109760
6853.13,27941109760
6853.41,27941109760
6853.69,27941109760
6853.98,27941109760
6854.26,27941109760
6854.54,27941109760
6854.82,27941109760
6855.10,27941109760
6855.38,27941109760
6855.67,27941109760
6855.95,27941109760
6856.23,27941109760
6856.51,27941109760
6856.79,27941109760
6857.08,27941109760
6857.36,27941109760
6857.64,27941109760
6857.92,27941109760
6858.21,27941109760
6858.48,27941109760
6858.76,27941109760
6859.04,27941109760
6859.32,27941109760
6859.60,27941109760
6859.88,27941109760
6860.16,27941109760
6860.45,27941109760
6860.73,27941109760
6861.01,27941109760
6861.29,27941109760
6861.57,27941109760
6861.85,27941109760
6862.14,27941109760
6862.42,27941109760
6862.69,27941109760
6862.97,27941109760
6863.25,27941109760
6863.53,27941109760
6863.81,27941109760
6864.10,27941109760
6864.38,27941109760
6864.66,27941109760
6864.94,27941109760
6865.22,27941109760
6865.51,27941109760
6865.79,27941109760
6866.07,27941109760
6866.35,27941109760
6866.63,27941109760
6866.91,27941109760
6867.20,27941109760
6867.48,27941109760
6867.76,27941109760
6868.04,27941109760
6868.32,27941109760
6868.61,27941109760
6868.89,27941109760
6869.17,27941109760
6869.45,27941109760
6869.73,27941109760
6870.02,27941109760
6870.30,27941109760
6870.58,27941109760
6870.86,27941109760
6871.15,27941109760
6871.42,27941109760
6871.70,27941109760
6871.98,27941109760
6872.27,27941109760
6872.55,27941109760
6872.83,27941109760
6873.11,27941109760
6873.39,27941109760
6873.67,27941109760
6873.95,27941109760
6874.24,27941109760
6874.51,27941109760
6874.79,27941109760
6875.07,27941109760
6875.35,27941109760
6875.63,27941109760
6875.92,27941109760
6876.20,27941109760
6876.48,27941109760
6876.76,27941109760
6877.04,27941109760
6877.32,27941109760
6877.61,27941109760
6877.89,27941109760
6878.17,27941109760
6878.45,27941109760
6878.73,27941109760
6879.02,27941109760
6879.30,27941109760
6879.58,27941109760
6879.86,27941109760
6880.14,27941109760
6880.42,27941109760
6880.70,27941109760
6880.99,27941109760
6881.27,27941109760
6881.55,27941109760
6881.83,27941109760
6882.11,27941109760
6882.39,27941109760
6882.67,27941109760
6882.95,27941109760
6883.23,27941109760
6883.51,27941109760
6883.80,27941109760
6884.08,27941109760
6884.36,27941109760
6884.65,27941109760
6884.93,27941109760
6885.22,27941109760
6885.50,27941109760
6885.78,27941109760
6886.06,27941109760
6886.34,27941109760
6886.62,27941109760
6886.90,27941109760
6887.18,27941109760
6887.46,27941109760
6887.74,27941109760
6888.02,27941109760
6888.31,27941109760
6888.59,27941109760
6888.86,27941109760
6889.15,27941109760
6889.43,27941109760
6889.71,27941109760
6889.99,27941109760
6890.27,27941109760
6890.56,27941109760
6890.84,27941109760
6891.12,27941109760
6891.41,27941109760
6891.69,27941109760
6891.97,27941109760
6892.25,27941109760
6892.53,27941109760
6892.82,27941109760
6893.10,27941109760
6893.38,27941109760
6893.66,27941109760
6893.94,27941109760
6894.22,27941109760
6894.49,27941109760
6894.78,27941109760
6895.06,27941109760
6895.34,27941109760
6895.63,27941109760
6895.91,27941109760
6896.20,27941109760
6896.47,27941109760
6896.76,27941109760
6897.04,27941109760
6897.32,27941109760
6897.60,27941109760
6897.88,27941109760
6898.16,27941109760
6898.44,27941109760
6898.73,27941109760
6899.01,27941109760
6899.29,27941109760
6899.57,27941109760
6899.85,27941109760
6900.13,27941109760
6900.41,27941109760
6900.69,27941109760
6900.98,27941109760
6901.26,27941109760
6901.54,27941109760
6901.83,27941109760
6902.11,27941109760
6902.39,27941109760
6902.67,27941109760
6902.95,27941109760
6903.23,27941109760
6903.52,27941109760
6903.80,27941109760
6904.09,27941109760
6904.37,27941109760
6904.65,27941109760
6904.94,27941109760
6905.22,27941109760
6905.50,27941109760
6905.78,27941109760
6906.06,27941109760
6906.34,27941109760
6906.62,27941109760
6906.90,27941109760
6907.18,27941109760
6907.46,27941109760
6907.73,27941109760
6908.02,27941109760
6908.30,27941109760
6908.58,27941109760
6908.86,27941109760
6909.15,27941109760
6909.43,27941109760
6909.71,27941109760
6909.99,27941109760
6910.28,27941109760
6910.55,27941109760
6910.84,27941109760
6911.12,27941109760
6911.40,27941109760
6911.68,27941109760
6911.96,27941109760
6912.24,27941109760
6912.52,27941109760
6912.80,27941109760
6913.08,27941109760
6913.36,27941109760
6913.65,27941109760
6913.92,27941109760
6914.20,27941109760
6914.48,27941109760
6914.76,27941109760
6915.04,27941109760
6915.32,27941109760
6915.61,27941109760
6915.89,27941109760
6916.17,27941109760
6916.46,27941109760
6916.74,27941109760
6917.02,27941109760
6917.30,27941109760
6917.59,27941109760
6917.87,27941109760
6918.15,27941109760
6918.43,27941109760
6918.71,27941109760
6918.99,27941109760
6919.28,27941109760
6919.56,27941109760
6919.84,27941109760
6920.12,27941109760
6920.40,27941109760
6920.69,27941109760
6920.97,27941109760
6921.25,27941109760
6921.53,27941109760
6921.82,27941109760
6922.09,27941109760
6922.38,27941109760
6922.66,27941109760
6922.94,27941109760
6923.22,27941109760
6923.50,27941109760
6923.78,27941109760
6924.07,27941109760
6924.35,27941109760
6924.63,27941109760
6924.91,27941109760
6925.19,27941109760
6925.48,27941109760
6925.75,27941109760
6926.03,27941109760
6926.31,27941109760
6926.59,27941109760
6926.87,27941109760
6927.15,27941109760
6927.43,27941109760
6927.70,27941109760
6927.98,27941109760
6928.26,27941109760
6928.54,27941109760
6928.83,27941109760
6929.11,27941109760
6929.39,27941109760
6929.67,27941109760
6929.95,27941109760
6930.24,27941109760
6930.52,27941109760
6930.80,27941109760
6931.09,27941109760
6931.37,27941109760
6931.65,27941109760
6931.93,27941109760
6932.21,27941109760
6932.49,27941109760
6932.78,27941109760
6933.06,27941109760
6933.35,27941109760
6933.62,27941109760
6933.91,27941109760
6934.19,27941109760
6934.47,27941109760
6934.75,27941109760
6935.03,27941109760
6935.31,27941109760
6935.60,27941109760
6935.88,27941109760
6936.16,27941109760
6936.44,27941109760
6936.73,27941109760
6937.00,27941109760
6937.29,27941109760
6937.57,27941109760
6937.85,27941109760
6938.13,27941109760
6938.41,27941109760
6938.70,27941109760
6938.98,27941109760
6939.26,27941109760
6939.53,27941109760
6939.82,27941109760
6940.10,27941109760
6940.38,27941109760
6940.66,27941109760
6940.94,27941109760
6941.23,27941109760
6941.51,27941109760
6941.80,27941109760
6942.08,27941109760
6942.35,27941109760
6942.63,27941109760
6942.91,27941109760
6943.19,27941109760
6943.47,27941109760
6943.76,27941109760
6944.04,27941109760
6944.32,27941109760
6944.60,27941109760
6944.89,27941109760
6945.18,27941109760
6945.46,27941109760
6945.74,27941109760
6946.02,27941109760
6946.29,27941109760
6946.57,27941109760
6946.85,27941109760
6947.13,27941109760
6947.41,27941109760
6947.69,27941109760
6947.98,27941109760
6948.26,27941109760
6948.55,27941109760
6948.83,27941109760
6949.11,27941109760
6949.39,27941109760
6949.67,27941109760
6949.95,27941109760
6950.23,27941109760
6950.51,27941109760
6950.79,27941109760
6951.07,27941109760
6951.35,27941109760
6951.64,27941109760
6951.91,27941109760
6952.19,27941109760
6952.47,27941109760
6952.75,27941109760
6953.03,27941109760
6953.32,27941109760
6953.60,27941109760
6953.88,27941109760
6954.16,27941109760
6954.44,27941109760
6954.72,27941109760
6955.00,27941109760
6955.29,27941109760
6955.57,27941109760
6955.85,27941109760
6956.14,27941109760
6956.42,27941109760
6956.70,27941109760
6956.99,27941109760
6957.27,27941109760
6957.55,27941109760
6957.84,27941109760
6958.12,27941109760
6958.40,27941109760
6958.68,27941109760
6958.97,27941109760
6959.25,27941109760
6959.53,27941109760
6959.82,27941109760
6960.10,27941109760
6960.38,27941109760
6960.66,27941109760
6960.94,27941109760
6961.22,27941109760
6961.51,27941109760
6961.79,27941109760
6962.07,27941109760
6962.35,27941109760
6962.64,27941109760
6962.92,27941109760
6963.19,27941109760
6963.47,27941109760
6963.76,27941109760
6964.04,27941109760
6964.32,27941109760
6964.61,27941109760
6964.89,27941109760
6965.17,27941109760
6965.45,27941109760
6965.73,27941109760
6966.02,27941109760
6966.30,27941109760
6966.58,27941109760
6966.86,27941109760
6967.14,27941109760
6967.42,27941109760
6967.70,27941109760
6967.98,27941109760
6968.26,27941109760
6968.54,27941109760
6968.82,27941109760
6969.11,27941109760
6969.39,27941109760
6969.67,27941109760
6969.95,27941109760
6970.23,27941109760
6970.52,27941109760
6970.80,27941109760
6971.09,27941109760
6971.37,27941109760
6971.64,27941109760
6971.93,27941109760
6972.21,27941109760
6972.49,27941109760
6972.78,27941109760
6973.06,27941109760
6973.34,27941109760
6973.63,27941109760
6973.90,27941109760
6974.19,27941109760
6974.47,27941109760
6974.76,27941109760
6975.04,27941109760
6975.32,27941109760
6975.60,27941109760
6975.89,27941109760
6976.17,27941109760
6976.45,27941109760
6976.73,27941109760
6977.01,27941109760
6977.29,27941109760
6977.57,27941109760
6977.85,27941109760
6978.13,27941109760
6978.41,27941109760
6978.69,27941109760
6978.97,27941109760
6979.26,27941109760
6979.54,27941109760
6979.81,27941109760
6980.10,27941109760
6980.38,27941109760
6980.65,27941109760
6980.94,27941109760
6981.21,27941109760
6981.49,27941109760
6981.77,27941109760
6982.05,27941109760
6982.34,27941109760
6982.62,27941109760
6982.90,27941109760
6983.18,27941109760
6983.46,27941109760
6983.74,27941109760
6984.03,27941109760
6984.31,27941109760
6984.59,27941109760
6984.87,27941109760
6985.15,27941109760
6985.43,27941109760
6985.71,27941109760
6985.99,27941109760
6986.28,27941109760
6986.56,27941109760
6986.84,27941109760
6987.12,27941109760
6987.40,27941109760
6987.68,27941109760
6987.95,27941109760
6988.23,27941109760
6988.52,27941109760
6988.80,27941109760
6989.08,27941109760
6989.36,27941109760
6989.64,27941109760
6989.93,27941109760
6990.21,27941109760
6990.49,27941109760
6990.78,27941109760
6991.06,27941109760
6991.33,27941109760
6991.62,27941109760
6991.91,27941109760
6992.19,27941109760
6992.47,27941109760
6992.75,27941109760
6993.03,27941109760
6993.32,27941109760
6993.60,27941109760
6993.88,27941109760
6994.16,27941109760
6994.44,27941109760
6994.72,27941109760
6995.00,27941109760
6995.28,27941109760
6995.56,27941109760
6995.85,27941109760
6996.13,27941109760
6996.42,27941109760
6996.70,27941109760
6996.98,27941109760
6997.27,27941109760
6997.55,27941109760
6997.83,27941109760
6998.11,27941109760
6998.39,27941109760
6998.67,27941109760
6998.95,27941109760
6999.23,27941109760
6999.52,27941109760
6999.81,27941109760
7000.09,27941109760
7000.36,27941109760
7000.65,27941109760
7000.93,27941109760
7001.21,27941109760
7001.49,27941109760
7001.77,27941109760
7002.05,27941109760
7002.33,27941109760
7002.61,27941109760
7002.90,27941109760
7003.17,27941109760
7003.45,27941109760
7003.73,27941109760
7004.02,27941109760
7004.30,27941109760
7004.58,27941109760
7004.87,27941109760
7005.15,27941109760
7005.43,27941109760
7005.71,27941109760
7005.99,27941109760
7006.28,27941109760
7006.56,27941109760
7006.84,27941109760
7007.13,27941109760
7007.41,27941109760
7007.69,27941109760
7007.97,27941109760
7008.24,27941109760
7008.52,27941109760
7008.81,27941109760
7009.09,27941109760
7009.37,27941109760
7009.65,27941109760
7009.93,27941109760
7010.21,27941109760
7010.49,27941109760
7010.78,27941109760
7011.06,27941109760
7011.34,27941109760
7011.62,27941109760
7011.91,27941109760
7012.19,27941109760
7012.47,27941109760
7012.74,27941109760
7013.03,27941109760
7013.31,27941109760
7013.59,27941109760
7013.87,27941109760
7014.15,27941109760
7014.44,27941109760
7014.72,27941109760
7015.00,27941109760
7015.28,27941109760
7015.56,27941109760
7015.83,27941109760
7016.11,27941109760
7016.38,27941109760
7016.65,27941109760
7016.93,27941109760
7017.21,27941109760
7017.49,27941109760
7017.77,27941109760
7018.05,27941109760
7018.33,27941109760
7018.60,27941109760
7018.89,27941109760
7019.17,27941109760
7019.45,27941109760
7019.74,27941109760
7020.02,27941109760
7020.30,27941109760
7020.59,27941109760
7020.87,27941109760
7021.16,27941109760
7021.43,27941109760
7021.72,27941109760
7021.99,27941109760
7022.28,27941109760
7022.56,27941109760
7022.85,27941109760
7023.13,27941109760
7023.42,27941109760
7023.70,27941109760
7023.98,27941109760
7024.27,27941109760
7024.55,27941109760
7024.83,27941109760
7025.11,27941109760
7025.39,27941109760
7025.68,27941109760
7025.96,27941109760
7026.24,27941109760
7026.52,27941109760
7026.81,27941109760
7027.09,27941109760
7027.37,27941109760
7027.65,27941109760
7027.93,27941109760
7028.21,27941109760
7028.50,27941109760
7028.78,27941109760
7029.07,27941109760
7029.35,27941109760
7029.63,27941109760
7029.91,27941109760
7030.20,27941109760
7030.48,27941109760
7030.76,27941109760
7031.04,27941109760
7031.32,27941109760
7031.61,27941109760
7031.89,27941109760
7032.16,27941109760
7032.45,27941109760
7032.73,27941109760
7033.02,27941109760
7033.30,27941109760
7033.58,27941109760
7033.86,27941109760
7034.14,27941109760
7034.42,27941109760
7034.71,27941109760
7034.99,27941109760
7035.27,27941109760
7035.56,27941109760
7035.84,27941109760
7036.12,27941109760
7036.41,27941109760
7036.69,27941109760
7036.97,27941109760
7037.25,27941109760
7037.53,27941109760
7037.81,27941109760
7038.09,27941109760
7038.37,27941109760
7038.65,27941109760
7038.93,27941109760
7039.22,27941109760
7039.50,27941109760
7039.78,27941109760
7040.06,27941109760
7040.34,27941109760
7040.62,27941109760
7040.90,27941109760
7041.19,27941109760
7041.47,27941109760
7041.75,27941109760
7042.03,27941109760
7042.32,27941109760
7042.60,27941109760
7042.88,27941109760
7043.16,27941109760
7043.44,27941109760
7043.72,27941109760
7044.00,27941109760
7044.28,27941109760
7044.56,27941109760
7044.85,27941109760
7045.13,27941109760
7045.41,27941109760
7045.69,27941109760
7045.97,27941109760
7046.25,27941109760
7046.54,27941109760
7046.82,27941109760
7047.10,27941109760
7047.39,27941109760
7047.67,27941109760
7047.95,27941109760
7048.23,27941109760
7048.52,27941109760
7048.80,27941109760
7049.08,27941109760
7049.36,27941109760
7049.64,27941109760
7049.93,27941109760
7050.21,27941109760
7050.48,27941109760
7050.77,27941109760
7051.05,27941109760
7051.33,27941109760
7051.61,27941109760
7051.89,27941109760
7052.17,27941109760
7052.46,27941109760
7052.74,27941109760
7053.02,27941109760
7053.30,27941109760
7053.58,27941109760
7053.87,27941109760
7054.15,27941109760
7054.43,27941109760
7054.72,27941109760
7055.00,27941109760
7055.28,27941109760
7055.56,27941109760
7055.85,27941109760
7056.13,27941109760
7056.42,27941109760
7056.70,27941109760
7056.98,27941109760
7057.26,27941109760
7057.54,27941109760
7057.82,27941109760
7058.10,27941109760
7058.38,27941109760
7058.67,27941109760
7058.95,27941109760
7059.23,27941109760
7059.51,27941109760
7059.79,27941109760
7060.07,27941109760
7060.36,27941109760
7060.64,27941109760
7060.93,27941109760
7061.21,27941109760
7061.49,27941109760
7061.78,27941109760
7062.06,27941109760
7062.35,27941109760
7062.63,27941109760
7062.91,27941109760
7063.19,27941109760
7063.47,27941109760
7063.75,27941109760
7064.03,27941109760
7064.32,27941109760
7064.60,27941109760
7064.88,27941109760
7065.16,27941109760
7065.44,27941109760
7065.72,27941109760
7066.00,27941109760
7066.28,27941109760
7066.57,27941109760
7066.85,27941109760
7067.13,27941109760
7067.42,27941109760
7067.70,27941109760
7067.98,27941109760
7068.26,27941109760
7068.54,27941109760
7068.82,27941109760
7069.11,27941109760
7069.39,27941109760
7069.67,27941109760
7069.95,27941109760
7070.23,27941109760
7070.52,27941109760
7070.81,27941109760
7071.09,27941109760
7071.38,27941109760
7071.66,27941109760
7071.94,27941109760
7072.22,27941109760
7072.51,27941109760
7072.79,27941109760
7073.07,27941109760
7073.36,27941109760
7073.64,27941109760
7073.92,27941109760
7074.20,27941109760
7074.48,27941109760
7074.76,27941109760
7075.04,27941109760
7075.32,27941109760
7075.61,27941109760
7075.89,27941109760
7076.18,27941109760
7076.46,27941109760
7076.73,27941109760
7077.02,27941109760
7077.30,27941109760
7077.58,27941109760
7077.86,27941109760
7078.14,27941109760
7078.43,27941109760
7078.71,27941109760
7078.99,27941109760
7079.27,27941109760
7079.55,27941109760
7079.83,27941109760
7080.11,27941109760
7080.39,27941109760
7080.67,27941109760
7080.95,27941109760
7081.24,27941109760
7081.52,27941109760
7081.80,27941109760
7082.09,27941109760
7082.37,27941109760
7082.65,27941109760
7082.93,27941109760
7083.22,27941109760
7083.50,27941109760
7083.78,27941109760
7084.06,27941109760
7084.34,27941109760
7084.62,27941109760
7084.90,27941109760
7085.18,27941109760
7085.46,27941109760
7085.74,27941109760
7086.02,27941109760
7086.31,27941109760
7086.59,27941109760
7086.87,27941109760
7087.15,27941109760
7087.43,27941109760
7087.71,27941109760
7087.99,27941109760
7088.28,27941109760
7088.56,27941109760
7088.84,27941109760
7089.12,27941109760
7089.40,27941109760
7089.69,27941109760
7089.97,27941109760
7090.26,27941109760
7090.54,27941109760
7090.82,27941109760
7091.10,27941109760
7091.38,27941109760
7091.67,27941109760
7091.95,27941109760
7092.23,27941109760
7092.51,27941109760
7092.79,27941109760
7093.07,27941109760
7093.35,27941109760
7093.64,27941109760
7093.92,27941109760
7094.20,27941109760
7094.49,27941109760
7094.77,27941109760
7095.05,27941109760
7095.33,27941109760
7095.61,27941109760
7095.89,27941109760
7096.17,27941109760
7096.45,27941109760
7096.73,27941109760
7097.02,27941109760
7097.30,27941109760
7097.58,27941109760
7097.86,27941109760
7098.14,27941109760
7098.42,27941109760
7098.70,27941109760
7098.99,27941109760
7099.27,27941109760
7099.55,27941109760
7099.83,27941109760
7100.11,27941109760
7100.39,27941109760
7100.68,27941109760
7100.95,27941109760
7101.24,27941109760
7101.51,27941109760
7101.79,27941109760
7102.07,27941109760
7102.36,27941109760
7102.64,27941109760
7102.92,27941109760
7103.20,27941109760
7103.49,27941109760
7103.76,27941109760
7104.04,27941109760
7104.32,27941109760
7104.60,27941109760
7104.89,27941109760
7105.16,27941109760
7105.45,27941109760
7105.72,27941109760
7106.01,27941109760
7106.28,27941109760
7106.57,27941109760
7106.85,27941109760
7107.14,27941109760
7107.42,27941109760
7107.70,27941109760
7107.98,27941109760
7108.27,27941109760
7108.55,27941109760
7108.83,27941109760
7109.11,27941109760
7109.40,27941109760
7109.68,27941109760
7109.96,27941109760
7110.25,27941109760
7110.53,27941109760
7110.81,27941109760
7111.09,27941109760
7111.38,27941109760
7111.66,27941109760
7111.94,27941109760
7112.23,27941109760
7112.51,27941109760
7112.79,27941109760
7113.08,27941109760
7113.36,27941109760
7113.64,27941109760
7113.92,27941109760
7114.20,27941109760
7114.48,27941109760
7114.76,27941109760
7115.04,27941109760
7115.32,27941109760
7115.61,27941109760
7115.89,27941109760
7116.17,27941109760
7116.45,27941109760
7116.73,27941109760
7117.01,27941109760
7117.30,27941109760
7117.58,27941109760
7117.86,27941109760
7118.14,27941109760
7118.42,27941109760
7118.70,27941109760
7118.98,27941109760
7119.26,27941109760
7119.55,27941109760
7119.82,27941109760
7120.11,27941109760
7120.39,27941109760
7120.67,27941109760
7120.95,27941109760
7121.23,27941109760
7121.51,27941109760
7121.79,27941109760
7122.08,27941109760
7122.36,27941109760
7122.64,27941109760
7122.92,27941109760
7123.20,27941109760
7123.49,27941109760
7123.77,27941109760
7124.05,27941109760
7124.33,27941109760
7124.61,27941109760
7124.89,27941109760
7125.17,27941109760
7125.45,27941109760
7125.74,27941109760
7126.02,27941109760
7126.30,27941109760
7126.58,27941109760
7126.86,27941109760
7127.14,27941109760
7127.42,27941109760
7127.70,27941109760
7127.98,27941109760
7128.27,27941109760
7128.55,27941109760
7128.83,27941109760
7129.11,27941109760
7129.39,27941109760
7129.67,27941109760
7129.95,27941109760
7130.24,27941109760
7130.52,27941109760
7130.81,27941109760
7131.08,27941109760
7131.36,27941109760
7131.65,27941109760
7131.93,27941109760
7132.21,27941109760
7132.50,27941109760
7132.78,27941109760
7133.06,27941109760
7133.35,27941109760
7133.62,27941109760
7133.91,27941109760
7134.18,27941109760
7134.47,27941109760
7134.74,27941109760
7135.02,27941109760
7135.31,27941109760
7135.60,27941109760
7135.88,27941109760
7136.16,27941109760
7136.44,27941109760
7136.73,27941109760
7137.01,27941109760
7137.29,27941109760
7137.57,27941109760
7137.85,27941109760
7138.13,27941109760
7138.41,27941109760
7138.70,27941109760
7138.98,27941109760
7139.27,27941109760
7139.55,27941109760
7139.84,27941109760
7140.12,27941109760
7140.40,27941109760
7140.69,27941109760
7140.97,27941109760
7141.25,27941109760
7141.53,27941109760
7141.80,27941109760
7142.08,27941109760
7142.36,27941109760
7142.64,27941109760
7142.93,27941109760
7143.20,27941109760
7143.48,27941109760
7143.77,27941109760
7144.05,27941109760
7144.33,27941109760
7144.61,27941109760
7144.89,27941109760
7145.17,27941109760
7145.46,27941109760
7145.74,27941109760
7146.01,27941109760
7146.30,27941109760
7146.58,27941109760
7146.86,27941109760
7147.14,27941109760
7147.42,27941109760
7147.70,27941109760
7147.98,27941109760
7148.26,27941109760
7148.54,27941109760
7148.82,27941109760
7149.11,27941109760
7149.39,27941109760
7149.67,27941109760
7149.95,27941109760
7150.24,27941109760
7150.52,27941109760
7150.80,27941109760
7151.08,27941109760
7151.37,27941109760
7151.66,27941109760
7151.94,27941109760
7152.23,27941109760
7152.51,27941109760
7152.80,27941109760
7153.08,27941109760
7153.36,27941109760
7153.64,27941109760
7153.93,27941109760
7154.21,27941109760
7154.49,27941109760
7154.78,27941109760
7155.06,27941109760
7155.34,27941109760
7155.63,27941109760
7155.91,27941109760
7156.19,27941109760
7156.48,27941109760
7156.75,27941109760
7157.04,27941109760
7157.32,27941109760
7157.60,27941109760
7157.89,27941109760
7158.16,27941109760
7158.45,27941109760
7158.73,27941109760
7159.01,27941109760
7159.29,27941109760
7159.58,27941109760
7159.86,27941109760
7160.15,27941109760
7160.43,27941109760
7160.71,27941109760
7160.99,27941109760
7161.27,27941109760
7161.55,27941109760
7161.84,27941109760
7162.12,27941109760
7162.41,27941109760
7162.69,27941109760
7162.97,27941109760
7163.24,27941109760
7163.53,27941109760
7163.81,27941109760
7164.09,27941109760
7164.37,27941109760
7164.65,27941109760
7164.93,27941109760
7165.22,27941109760
7165.49,27941109760
7165.78,27941109760
7166.06,27941109760
7166.34,27941109760
7166.62,27941109760
7166.90,27941109760
7167.19,27941109760
7167.47,27941109760
7167.76,27941109760
7168.04,27941109760
7168.32,27941109760
7168.61,27941109760
7168.89,27941109760
7169.17,27941109760
7169.45,27941109760
7169.74,27941109760
7170.02,27941109760
7170.31,27941109760
7170.59,27941109760
7170.88,27941109760
7171.16,27941109760
7171.44,27941109760
7171.72,27941109760
7172.01,27941109760
7172.30,27941109760
7172.58,27941109760
7172.86,27941109760
7173.15,27941109760
7173.43,27941109760
7173.72,27941109760
7174.00,27941109760
7174.28,27941109760
7174.56,27941109760
7174.84,27941109760
7175.12,27941109760
7175.40,27941109760
7175.69,27941109760
7175.97,27941109760
7176.24,27941109760
7176.52,27941109760
7176.80,27941109760
7177.08,27941109760
7177.36,27941109760
7177.64,27941109760
7177.92,27941109760
7178.20,27941109760
7178.49,27941109760
7178.77,27941109760
7179.06,27941109760
7179.34,27941109760
7179.62,27941109760
7179.91,27941109760
7180.19,27941109760
7180.47,27941109760
7180.76,27941109760
7181.04,27941109760
7181.31,27941109760
7181.59,27941109760
7181.88,27941109760
7182.16,27941109760
7182.44,27941109760
7182.72,27941109760
7183.00,27941109760
7183.28,27941109760
7183.56,27941109760
7183.84,27941109760
7184.13,27941109760
7184.41,27941109760
7184.69,27941109760
7184.98,27941109760
7185.26,27941109760
7185.54,27941109760
7185.83,27941109760
7186.11,27941109760
7186.39,27941109760
7186.67,27941109760
7186.95,27941109760
7187.23,27941109760
7187.51,27941109760
7187.79,27941109760
7188.07,27941109760
7188.35,27941109760
7188.63,27941109760
7188.91,27941109760
7189.20,27941109760
7189.48,27941109760
7189.76,27941109760
7190.04,27941109760
7190.33,27941109760
7190.61,27941109760
7190.89,27941109760
7191.18,27941109760
7191.45,27941109760
7191.74,27941109760
7192.02,27941109760
7192.30,27941109760
7192.58,27941109760
7192.87,27941109760
7193.15,27941109760
7193.43,27941109760
7193.72,27941109760
7194.00,27941109760
7194.28,27941109760
7194.56,27941109760
7194.84,27941109760
7195.13,27941109760
7195.41,27941109760
7195.70,27941109760
7195.98,27941109760
7196.26,27941109760
7196.55,27941109760
7196.83,27941109760
7197.11,27941109760
7197.39,27941109760
7197.67,27941109760
7197.95,27941109760
7198.23,27941109760
7198.51,27941109760
7198.80,27941109760
7199.08,27941109760
7199.36,27941109760
7199.64,27941109760
7199.92,27941109760
7200.21,27941109760
7200.49,27941109760
7200.77,27941109760
7201.06,27941109760
7201.34,27941109760
7201.62,27941109760
7201.91,27941109760
7202.19,27941109760
7202.47,27941109760
7202.75,27941109760
7203.03,27941109760
7203.31,27941109760
7203.60,27941109760
7203.88,27941109760
7204.17,27941109760
7204.45,27941109760
7204.73,27941109760
7205.00,27941109760
7205.29,27941109760
7205.57,27941109760
7205.85,27941109760
7206.14,27941109760
7206.42,27941109760
7206.70,27941109760
7206.98,27941109760
7207.27,27941109760
7207.56,27941109760
7207.85,27941109760
7208.13,27941109760
7208.41,27941109760
7208.69,27941109760
7208.98,27941109760
7209.26,27941109760
7209.54,27941109760
7209.81,27941109760
7210.09,27941109760
7210.37,27941109760
7210.66,27941109760
7210.94,27941109760
7211.22,27941109760
7211.51,27941109760
7211.78,27941109760
7212.06,27941109760
7212.35,27941109760
7212.63,27941109760
7212.91,27941109760
7213.19,27941109760
7213.48,27941109760
7213.76,27941109760
7214.04,27941109760
7214.32,27941109760
7214.60,27941109760
7214.89,27941109760
7215.17,27941109760
7215.45,27941109760
7215.73,27941109760
7216.01,27941109760
7216.28,27941109760
7216.57,27941109760
7216.85,27941109760
7217.14,27941109760
7217.42,27941109760
7217.69,27941109760
7217.98,27941109760
7218.25,27941109760
7218.53,27941109760
7218.81,27941109760
7219.10,27941109760
7219.38,27941109760
7219.66,27941109760
7219.94,27941109760
7220.23,27941109760
7220.51,27941109760
7220.79,27941109760
7221.07,27941109760
7221.35,27941109760
7221.63,27941109760
7221.91,27941109760
7222.19,27941109760
7222.48,27941109760
7222.76,27941109760
7223.04,27941109760
7223.32,27941109760
7223.60,27941109760
7223.88,27941109760
7224.16,27941109760
7224.44,27941109760
7224.73,27941109760
7225.01,27941109760
7225.29,27941109760
7225.57,27941109760
7225.85,27941109760
7226.14,27941109760
7226.42,27941109760
7226.69,27941109760
7226.98,27941109760
7227.26,27941109760
7227.54,27941109760
7227.83,27941109760
7228.11,27941109760
7228.40,27941109760
7228.68,27941109760
7228.96,27941109760
7229.23,27941109760
7229.52,27941109760
7229.80,27941109760
7230.09,27941109760
7230.37,27941109760
7230.65,27941109760
7230.93,27941109760
7231.22,27941109760
7231.50,27941109760
7231.78,27941109760
7232.06,27941109760
7232.34,27941109760
7232.62,27941109760
7232.90,27941109760
7233.19,27941109760
7233.47,27941109760
7233.74,27941109760
7234.03,27941109760
7234.31,27941109760
7234.58,27941109760
7234.86,27941109760
7235.15,27941109760
7235.43,27941109760
7235.71,27941109760
7235.99,27941109760
7236.28,27941109760
7236.56,27941109760
7236.84,27941109760
7237.13,27941109760
7237.41,27941109760
7237.69,27941109760
7237.98,27941109760
7238.26,27941109760
7238.55,27941109760
7238.82,27941109760
7239.11,27941109760
7239.39,27941109760
7239.68,27941109760
7239.96,27941109760
7240.24,27941109760
7240.53,27941109760
7240.81,27941109760
7241.09,27941109760
7241.37,27941109760
7241.65,27941109760
7241.94,27941109760
7242.22,27941109760
7242.51,27941109760
7242.79,27941109760
7243.07,27941109760
7243.35,27941109760
7243.63,27941109760
7243.91,27941109760
7244.20,27941109760
7244.47,27941109760
7244.76,27941109760
7245.03,27941109760
7245.32,27941109760
7245.61,27941109760
7245.88,27941109760
7246.16,27941109760
7246.44,27941109760
7246.72,27941109760
7247.00,27941109760
7247.29,27941109760
7247.57,27941109760
7247.86,27941109760
7248.14,27941109760
7248.41,27941109760
7248.70,27941109760
7248.98,27941109760
7249.26,27941109760
7249.55,27941109760
7249.83,27941109760
7250.11,27941109760
7250.39,27941109760
7250.68,27941109760
7250.95,27941109760
7251.24,27941109760
7251.52,27941109760
7251.80,27941109760
7252.09,27941109760
7252.37,27941109760
7252.65,27941109760
7252.93,27941109760
7253.21,27941109760
7253.49,27941109760
7253.77,27941109760
7254.05,27941109760
7254.34,27941109760
7254.62,27941109760
7254.91,27941109760
7255.20,27941109760
7255.48,27941109760
7255.76,27941109760
7256.05,27941109760
7256.33,27941109760
7256.61,27941109760
7256.89,27941109760
7257.18,27941109760
7257.46,27941109760
7257.74,27941109760
7258.02,27941109760
7258.31,27941109760
7258.59,27941109760
7258.87,27941109760
7259.15,27941109760
7259.42,27941109760
7259.71,27941109760
7259.99,27941109760
7260.27,27941109760
7260.55,27941109760
7260.83,27941109760
7261.11,27941109760
7261.40,27941109760
7261.67,27941109760
7261.95,27941109760
7262.24,27941109760
7262.52,27941109760
7262.80,27941109760
7263.07,27941109760
7263.36,27941109760
7263.64,27941109760
7263.93,27941109760
7264.20,27941109760
7264.49,27941109760
7264.77,27941109760
7265.05,27941109760
7265.34,27941109760
7265.61,27941109760
7265.90,27941109760
7266.18,27941109760
7266.46,27941109760
7266.74,27941109760
7267.02,27941109760
7267.30,27941109760
7267.59,27941109760
7267.87,27941109760
7268.15,27941109760
7268.44,27941109760
7268.72,27941109760
7269.01,27941109760
7269.28,27941109760
7269.57,27941109760
7269.85,27941109760
7270.13,27941109760
7270.41,27941109760
7270.69,27941109760
7270.97,27941109760
7271.25,27941109760
7271.53,27941109760
7271.81,27941109760
7272.10,27941109760
7272.38,27941109760
7272.65,27941109760
7272.94,27941109760
7273.22,27941109760
7273.50,27941109760
7273.78,27941109760
7274.06,27941109760
7274.34,27941109760
7274.61,27941109760
7274.90,27941109760
7275.18,27941109760
7275.46,27941109760
7275.74,27941109760
7276.02,27941109760
7276.31,27941109760
7276.58,27941109760
7276.86,27941109760
7277.15,27941109760
7277.43,27941109760
7277.71,27941109760
7277.99,27941109760
7278.27,27941109760
7278.56,27941109760
7278.84,27941109760
7279.11,27941109760
7279.39,27941109760
7279.68,27941109760
7279.96,27941109760
7280.24,27941109760
7280.53,27941109760
7280.81,27941109760
7281.09,27941109760
7281.37,27941109760
7281.65,27941109760
7281.93,27941109760
7282.21,27941109760
7282.49,27941109760
7282.77,27941109760
7283.05,27941109760
7283.34,27941109760
7283.62,27941109760
7283.90,27941109760
7284.18,27941109760
7284.46,27941109760
7284.74,27941109760
7285.02,27941109760
7285.30,27941109760
7285.58,27941109760
7285.87,27941109760
7286.15,27941109760
7286.43,27941109760
7286.71,27941109760
7286.99,27941109760
7287.27,27941109760
7287.56,27941109760
7287.84,27941109760
7288.12,27941109760
7288.40,27941109760
7288.68,27941109760
7288.97,27941109760
7289.25,27941109760
7289.53,27941109760
7289.81,27941109760
7290.09,27941109760
7290.37,27941109760
7290.65,27941109760
7290.93,27941109760
7291.21,27941109760
7291.49,27941109760
7291.77,27941109760
7292.05,27941109760
7292.34,27941109760
7292.62,27941109760
7292.90,27941109760
7293.18,27941109760
7293.47,27941109760
7293.75,27941109760
7294.03,27941109760
7294.31,27941109760
7294.59,27941109760
7294.87,27941109760
7295.15,27941109760
7295.43,27941109760
7295.71,27941109760
7295.99,27941109760
7296.28,27941109760
7296.56,27941109760
7296.84,27941109760
7297.12,27941109760
7297.41,27941109760
7297.69,27941109760
7297.97,27941109760
7298.25,27941109760
7298.54,27941109760
7298.82,27941109760
7299.11,27941109760
7299.39,27941109760
7299.67,27941109760
7299.95,27941109760
7300.23,27941109760
7300.51,27941109760
7300.79,27941109760
7301.07,27941109760
7301.36,27941109760
7301.64,27941109760
7301.93,27941109760
7302.21,27941109760
7302.49,27941109760
7302.77,27941109760
7303.05,27941109760
7303.33,27941109760
7303.61,27941109760
7303.89,27941109760
7304.17,27941109760
7304.45,27941109760
7304.73,27941109760
7305.02,27941109760
7305.30,27941109760
7305.57,27941109760
7305.85,27941109760
7306.14,27941109760
7306.42,27941109760
7306.70,27941109760
7306.98,27941109760
7307.27,27941109760
7307.55,27941109760
7307.84,27941109760
7308.12,27941109760
7308.40,27941109760
7308.68,27941109760
7308.97,27941109760
7309.25,27941109760
7309.53,27941109760
7309.81,27941109760
7310.09,27941109760
7310.38,27941109760
7310.65,27941109760
7310.94,27941109760
7311.23,27941109760
7311.51,27941109760
7311.79,27941109760
7312.07,27941109760
7312.35,27941109760
7312.63,27941109760
7312.92,27941109760
7313.20,27941109760
7313.48,27941109760
7313.76,27941109760
7314.04,27941109760
7314.33,27941109760
7314.61,27941109760
7314.89,27941109760
7315.17,27941109760
7315.45,27941109760
7315.73,27941109760
7316.01,27941109760
7316.29,27941109760
7316.58,27941109760
7316.86,27941109760
7317.14,27941109760
7317.42,27941109760
7317.69,27941109760
7317.98,27941109760
7318.26,27941109760
7318.54,27941109760
7318.82,27941109760
7319.10,27941109760
7319.38,27941109760
7319.66,27941109760
7319.94,27941109760
7320.22,27941109760
7320.50,27941109760
7320.78,27941109760
7321.07,27941109760
7321.35,27941109760
7321.64,27941109760
7321.92,27941109760
7322.20,27941109760
7322.48,27941109760
7322.76,27941109760
7323.04,27941109760
7323.32,27941109760
7323.61,27941109760
7323.89,27941109760
7324.17,27941109760
7324.45,27941109760
7324.73,27941109760
7325.01,27941109760
7325.29,27941109760
7325.57,27941109760
7325.85,27941109760
7326.14,27941109760
7326.42,27941109760
7326.71,27941109760
7326.99,27941109760
7327.27,27941109760
7327.55,27941109760
7327.83,27941109760
7328.11,27941109760
7328.40,27941109760
7328.68,27941109760
7328.96,27941109760
7329.25,27941109760
7329.53,27941109760
7329.81,27941109760
7330.10,27941109760
7330.38,27941109760
7330.65,27941109760
7330.94,27941109760
7331.22,27941109760
7331.50,27941109760
7331.78,27941109760
7332.06,27941109760
7332.35,27941109760
7332.63,27941109760
7332.91,27941109760
7333.19,27941109760
7333.48,27941109760
7333.76,27941109760
7334.05,27941109760
7334.33,27941109760
7334.61,27941109760
7334.89,27941109760
7335.18,27941109760
7335.46,27941109760
7335.74,27941109760
7336.02,27941109760
7336.30,27941109760
7336.59,27941109760
7336.86,27941109760
7337.14,27941109760
7337.43,27941109760
7337.70,27941109760
7337.99,27941109760
7338.27,27941109760
7338.55,27941109760
7338.83,27941109760
7339.11,27941109760
7339.39,27941109760
7339.68,27941109760
7339.96,27941109760
7340.25,27941109760
7340.54,27941109760
7340.82,27941109760
7341.10,27941109760
7341.38,27941109760
7341.66,27941109760
7341.95,27941109760
7342.23,27941109760
7342.51,27941109760
7342.79,27941109760
7343.07,27941109760
7343.36,27941109760
7343.64,27941109760
7343.93,27941109760
7344.21,27941109760
7344.49,27941109760
7344.77,27941109760
7345.05,27941109760
7345.33,27941109760
7345.61,27941109760
7345.90,27941109760
7346.19,27941109760
7346.47,27941109760
7346.75,27941109760
7347.03,27941109760
7347.31,27941109760
7347.60,27941109760
7347.88,27941109760
7348.16,27941109760
7348.45,27941109760
7348.73,27941109760
7349.02,27941109760
7349.30,27941109760
7349.58,27941109760
7349.86,27941109760
7350.15,27941109760
7350.43,27941109760
7350.71,27941109760
7350.99,27941109760
7351.27,27941109760
7351.55,27941109760
7351.83,27941109760
7352.12,27941109760
7352.40,27941109760
7352.68,27941109760
7352.95,27941109760
7353.23,27941109760
7353.52,27941109760
7353.80,27941109760
7354.08,27941109760
7354.36,27941109760
7354.64,27941109760
7354.93,27941109760
7355.21,27941109760
7355.49,27941109760
7355.77,27941109760
7356.06,27941109760
7356.34,27941109760
7356.62,27941109760
7356.90,27941109760
7357.19,27941109760
7357.46,27941109760
7357.75,27941109760
7358.03,27941109760
7358.32,27941109760
7358.60,27941109760
7358.88,27941109760
7359.17,27941109760
7359.44,27941109760
7359.73,27941109760
7360.01,27941109760
7360.29,27941109760
7360.57,27941109760
7360.86,27941109760
7361.14,27941109760
7361.42,27941109760
7361.70,27941109760
7361.99,27941109760
7362.27,27941109760
7362.55,27941109760
7362.83,27941109760
7363.11,27941109760
7363.39,27941109760
7363.68,27941109760
7363.96,27941109760
7364.24,27941109760
7364.52,27941109760
7364.80,27941109760
7365.08,27941109760
7365.37,27941109760
7365.64,27941109760
7365.93,27941109760
7366.21,27941109760
7366.49,27941109760
7366.77,27941109760
7367.05,27941109760
7367.34,27941109760
7367.61,27941109760
7367.90,27941109760
7368.17,27941109760
7368.45,27941109760
7368.73,27941109760
7369.01,27941109760
7369.29,27941109760
7369.57,27941109760
7369.85,27941109760
7370.14,27941109760
7370.42,27941109760
7370.70,27941109760
7370.98,27941109760
7371.27,27941109760
7371.55,27941109760
7371.84,27941109760
7372.12,27941109760
7372.40,27941109760
7372.68,27941109760
7372.96,27941109760
7373.24,27941109760
7373.52,27941109760
7373.80,27941109760
7374.09,27941109760
7374.37,27941109760
7374.65,27941109760
7374.93,27941109760
7375.22,27941109760
7375.49,27941109760
7375.77,27941109760
7376.06,27941109760
7376.34,27941109760
7376.62,27941109760
7376.89,27941109760
7377.17,27941109760
7377.45,27941109760
7377.73,27941109760
7378.01,27941109760
7378.29,27941109760
7378.57,27941109760
7378.86,27941109760
7379.14,27941109760
7379.42,27941109760
7379.70,27941109760
7379.97,27941109760
7380.26,27941109760
7380.54,27941109760
7380.82,27941109760
7381.10,27941109760
7381.39,27941109760
7381.67,27941109760
7381.95,27941109760
7382.23,27941109760
7382.52,27941109760
7382.80,27941109760
7383.08,27941109760
7383.36,27941109760
7383.65,27941109760
7383.93,27941109760
7384.21,27941109760
7384.49,27941109760
7384.77,27941109760
7385.05,27941109760
7385.33,27941109760
7385.61,27941109760
7385.89,27941109760
7386.17,27941109760
7386.45,27941109760
7386.74,27941109760
7387.03,27941109760
7387.31,27941109760
7387.59,27941109760
7387.87,27941109760
7388.16,27941109760
7388.44,27941109760
7388.72,27941109760
7389.01,27941109760
7389.29,27941109760
7389.57,27941109760
7389.85,27941109760
7390.13,27941109760
7390.41,27941109760
7390.69,27941109760
7390.97,27941109760
7391.26,27941109760
7391.54,27941109760
7391.82,27941109760
7392.10,27941109760
7392.38,27941109760
7392.66,27941109760
7392.94,27941109760
7393.22,27941109760
7393.51,27941109760
7393.79,27941109760
7394.07,27941109760
7394.35,27941109760
7394.64,27941109760
7394.92,27941109760
7395.20,27941109760
7395.48,27941109760
7395.76,27941109760
7396.05,27941109760
7396.33,27941109760
7396.61,27941109760
7396.89,27941109760
7397.17,27941109760
7397.46,27941109760
7397.74,27941109760
7398.02,27941109760
7398.30,27941109760
7398.59,27941109760
7398.86,27941109760
7399.15,27941109760
7399.43,27941109760
7399.71,27941109760
7399.99,27941109760
7400.27,27941109760
7400.54,27941109760
7400.83,27941109760
7401.10,27941109760
7401.38,27941109760
7401.67,27941109760
7401.95,27941109760
7402.24,27941109760
7402.52,27941109760
7402.81,27941109760
7403.09,27941109760
7403.37,27941109760
7403.65,27941109760
7403.93,27941109760
7404.21,27941109760
7404.50,27941109760
7404.78,27941109760
7405.06,27941109760
7405.35,27941109760
7405.63,27941109760
7405.91,27941109760
7406.19,27941109760
7406.47,27941109760
7406.75,27941109760
7407.03,27941109760
7407.32,27941109760
7407.60,27941109760
7407.88,27941109760
7408.16,27941109760
7408.44,27941109760
7408.72,27941109760
7409.00,27941109760
7409.28,27941109760
7409.56,27941109760
7409.84,27941109760
7410.13,27941109760
7410.40,27941109760
7410.69,27941109760
7410.97,27941109760
7411.26,27941109760
7411.54,27941109760
7411.81,27941109760
7412.10,27941109760
7412.38,27941109760
7412.66,27941109760
7412.94,27941109760
7413.22,27941109760
7413.51,27941109760
7413.79,27941109760
7414.08,27941109760
7414.36,27941109760
7414.65,27941109760
7414.93,27941109760
7415.21,27941109760
7415.49,27941109760
7415.78,27941109760
7416.06,27941109760
7416.34,27941109760
7416.62,27941109760
7416.90,27941109760
7417.18,27941109760
7417.46,27941109760
7417.74,27941109760
7418.03,27941109760
7418.31,27941109760
7418.59,27941109760
7418.87,27941109760
7419.15,27941109760
7419.43,27941109760
7419.71,27941109760
7419.99,27941109760
7420.27,27941109760
7420.55,27941109760
7420.83,27941109760
7421.11,27941109760
7421.39,27941109760
7421.67,27941109760
7421.95,27941109760
7422.24,27941109760
7422.52,27941109760
7422.80,27941109760
7423.08,27941109760
7423.37,27941109760
7423.65,27941109760
7423.93,27941109760
7424.22,27941109760
7424.50,27941109760
7424.78,27941109760
7425.06,27941109760
7425.34,27941109760
7425.62,27941109760
7425.90,27941109760
7426.19,27941109760
7426.46,27941109760
7426.74,27941109760
7427.02,27941109760
7427.30,27941109760
7427.59,27941109760
7427.88,27941109760
7428.16,27941109760
7428.44,27941109760
7428.73,27941109760
7429.01,27941109760
7429.29,27941109760
7429.57,27941109760
7429.85,27941109760
7430.14,27941109760
7430.42,27941109760
7430.71,27941109760
7430.99,27941109760
7431.27,27941109760
7431.56,27941109760
7431.84,27941109760
7432.12,27941109760
7432.40,27941109760
7432.68,27941109760
7432.96,27941109760
7433.25,27941109760
7433.53,27941109760
7433.82,27941109760
7434.10,27941109760
7434.38,27941109760
7434.66,27941109760
7434.94,27941109760
7435.22,27941109760
7435.51,27941109760
7435.79,27941109760
7436.07,27941109760
7436.35,27941109760
7436.63,27941109760
7436.91,27941109760
7437.19,27941109760
7437.48,27941109760
7437.76,27941109760
7438.04,27941109760
7438.32,27941109760
7438.60,27941109760
7438.88,27941109760
7439.16,27941109760
7439.45,27941109760
7439.73,27941109760
7440.01,27941109760
7440.29,27941109760
7440.57,27941109760
7440.86,27941109760
7441.14,27941109760
7441.42,27941109760
7441.71,27941109760
7441.99,27941109760
7442.28,27941109760
7442.56,27941109760
7442.85,27941109760
7443.13,27941109760
7443.41,27941109760
7443.69,27941109760
7443.97,27941109760
7444.25,27941109760
7444.54,27941109760
7444.82,27941109760
7445.10,27941109760
7445.39,27941109760
7445.67,27941109760
7445.95,27941109760
7446.23,27941109760
7446.51,27941109760
7446.79,27941109760
7447.07,27941109760
7447.35,27941109760
7447.64,27941109760
7447.92,27941109760
7448.20,27941109760
7448.49,27941109760
7448.77,27941109760
7449.06,27941109760
7449.34,27941109760
7449.62,27941109760
7449.90,27941109760
7450.19,27941109760
7450.47,27941109760
7450.75,27941109760
7451.03,27941109760
7451.31,27941109760
7451.59,27941109760
7451.87,27941109760
7452.15,27941109760
7452.43,27941109760
7452.71,27941109760
7452.99,27941109760
7453.27,27941109760
7453.56,27941109760
7453.84,27941109760
7454.12,27941109760
7454.40,27941109760
7454.68,27941109760
7454.96,27941109760
7455.25,27941109760
7455.53,27941109760
7455.81,27941109760
7456.10,27941109760
7456.38,27941109760
7456.66,27941109760
7456.94,27941109760
7457.23,27941109760
7457.51,27941109760
7457.80,27941109760
7458.08,27941109760
7458.37,27941109760
7458.65,27941109760
7458.93,27941109760
7459.21,27941109760
7459.50,27941109760
7459.78,27941109760
7460.06,27941109760
7460.34,27941109760
7460.63,27941109760
7460.91,27941109760
7461.19,27941109760
7461.47,27941109760
7461.75,27941109760
7462.03,27941109760
7462.31,27941109760
7462.60,27941109760
7462.88,27941109760
7463.16,27941109760
7463.44,27941109760
7463.73,27941109760
7464.01,27941109760
7464.29,27941109760
7464.57,27941109760
7464.86,27941109760
7465.14,27941109760
7465.42,27941109760
7465.70,27941109760
7465.99,27941109760
7466.27,27941109760
7466.55,27941109760
7466.83,27941109760
7467.11,27941109760
7467.40,27941109760
7467.68,27941109760
7467.96,27941109760
7468.24,27941109760
7468.52,27941109760
7468.81,27941109760
7469.09,27941109760
7469.37,27941109760
7469.66,27941109760
7469.93,27941109760
7470.21,27941109760
7470.49,27941109760
7470.77,27941109760
7471.05,27941109760
7471.34,27941109760
7471.62,27941109760
7471.90,27941109760
7472.19,27941109760
7472.48,27941109760
7472.76,27941109760
7473.04,27941109760
7473.32,27941109760
7473.61,27941109760
7473.89,27941109760
7474.17,27941109760
7474.45,27941109760
7474.73,27941109760
7475.02,27941109760
7475.30,27941109760
7475.58,27941109760
7475.87,27941109760
7476.15,27941109760
7476.43,27941109760
7476.71,27941109760
7476.99,27941109760
7477.28,27941109760
7477.56,27941109760
7477.84,27941109760
7478.12,27941109760
7478.40,27941109760
7478.69,27941109760
7478.97,27941109760
7479.25,27941109760
7479.52,27941109760
7479.80,27941109760
7480.08,27941109760
7480.36,27941109760
7480.64,27941109760
7480.92,27941109760
7481.20,27941109760
7481.48,27941109760
7481.77,27941109760
7482.05,27941109760
7482.33,27941109760
7482.61,27941109760
7482.89,27941109760
7483.17,27941109760
7483.45,27941109760
7483.73,27941109760
7484.02,27941109760
7484.30,27941109760
7484.58,27941109760
7484.86,27941109760
7485.14,27941109760
7485.42,27941109760
7485.70,27941109760
7485.98,27941109760
7486.26,27941109760
7486.54,27941109760
7486.83,27941109760
7487.11,27941109760
7487.38,27941109760
7487.66,27941109760
7487.95,27941109760
7488.23,27941109760
7488.51,27941109760
7488.80,27941109760
7489.08,27941109760
7489.35,27941109760
7489.64,27941109760
7489.92,27941109760
7490.20,27941109760
7490.48,27941109760
7490.76,27941109760
7491.04,27941109760
7491.32,27941109760
7491.60,27941109760
7491.88,27941109760
7492.16,27941109760
7492.44,27941109760
7492.72,27941109760
7493.00,27941109760
7493.28,27941109760
7493.56,27941109760
7493.84,27941109760
7494.12,27941109760
7494.40,27941109760
7494.69,27941109760
7494.97,27941109760
7495.25,27941109760
7495.53,27941109760
7495.81,27941109760
7496.09,27941109760
7496.38,27941109760
7496.66,27941109760
7496.94,27941109760
7497.21,27941109760
7497.49,27941109760
7497.78,27941109760
7498.06,27941109760
7498.34,27941109760
7498.62,27941109760
7498.91,27941109760
7499.19,27941109760
7499.48,27941109760
7499.75,27941109760
7500.03,27941109760
7500.32,27941109760
7500.60,27941109760
7500.87,27941109760
7501.16,27941109760
7501.44,27941109760
7501.72,27941109760
7502.00,27941109760
7502.28,27941109760
7502.56,27941109760
7502.85,27941109760
7503.13,27941109760
7503.41,27941109760
7503.69,27941109760
7503.97,27941109760
7504.26,27941109760
7504.54,27941109760
7504.82,27941109760
7505.10,27941109760
7505.39,27941109760
7505.67,27941109760
7505.95,27941109760
7506.23,27941109760
7506.52,27941109760
7506.80,27941109760
7507.08,27941109760
7507.36,27941109760
7507.64,27941109760
7507.92,27941109760
7508.20,27941109760
7508.48,27941109760
7508.76,27941109760
7509.05,27941109760
7509.33,27941109760
7509.61,27941109760
7509.89,27941109760
7510.18,27941109760
7510.46,27941109760
7510.73,27941109760
7511.01,27941109760
7511.29,27941109760
7511.57,27941109760
7511.85,27941109760
7512.13,27941109760
7512.41,27941109760
7512.69,27941109760
7512.97,27941109760
7513.25,27941109760
7513.53,27941109760
7513.81,27941109760
7514.09,27941109760
7514.38,27941109760
7514.66,27941109760
7514.94,27941109760
7515.22,27941109760
7515.50,27941109760
7515.78,27941109760
7516.06,27941109760
7516.35,27941109760
7516.63,27941109760
7516.91,27941109760
7517.19,27941109760
7517.47,27941109760
7517.75,27941109760
7518.03,27941109760
7518.32,27941109760
7518.60,27941109760
7518.88,27941109760
7519.16,27941109760
7519.44,27941109760
7519.72,27941109760
7520.01,27941109760
7520.29,27941109760
7520.58,27941109760
7520.86,27941109760
7521.14,27941109760
7521.42,27941109760
7521.71,27941109760
7521.99,27941109760
7522.27,27941109760
7522.55,27941109760
7522.84,27941109760
7523.12,27941109760
7523.40,27941109760
7523.68,27941109760
7523.96,27941109760
7524.24,27941109760
7524.52,27941109760
7524.80,27941109760
7525.09,27941109760
7525.37,27941109760
7525.65,27941109760
7525.93,27941109760
7526.21,27941109760
7526.49,27941109760
7526.78,27941109760
7527.06,27941109760
7527.34,27941109760
7527.62,27941109760
7527.90,27941109760
7528.18,27941109760
7528.47,27941109760
7528.75,27941109760
7529.03,27941109760
7529.32,27941109760
7529.60,27941109760
7529.89,27941109760
7530.17,27941109760
7530.45,27941109760
7530.73,27941109760
7531.01,27941109760
7531.29,27941109760
7531.58,27941109760
7531.86,27941109760
7532.14,27941109760
7532.41,27941109760
7532.69,27941109760
7532.97,27941109760
7533.26,27941109760
7533.54,27941109760
7533.82,27941109760
7534.10,27941109760
7534.39,27941109760
7534.67,27941109760
7534.95,27941109760
7535.23,27941109760
7535.51,27941109760
7535.79,27941109760
7536.07,27941109760
7536.36,27941109760
7536.64,27941109760
7536.92,27941109760
7537.20,27941109760
7537.48,27941109760
7537.76,27941109760
7538.04,27941109760
7538.32,27941109760
7538.60,27941109760
7538.88,27941109760
7539.16,27941109760
7539.44,27941109760
7539.72,27941109760
7540.00,27941109760
7540.28,27941109760
7540.56,27941109760
7540.85,27941109760
7541.13,27941109760
7541.41,27941109760
7541.69,27941109760
7541.97,27941109760
7542.25,27941109760
7542.53,27941109760
7542.81,27941109760
7543.09,27941109760
7543.37,27941109760
7543.65,27941109760
7543.93,27941109760
7544.22,27941109760
7544.50,27941109760
7544.77,27941109760
7545.05,27941109760
7545.33,27941109760
7545.61,27941109760
7545.90,27941109760
7546.18,27941109760
7546.46,27941109760
7546.74,27941109760
7547.02,27941109760
7547.30,27941109760
7547.58,27941109760
7547.86,27941109760
7548.15,27941109760
7548.43,27941109760
7548.71,27941109760
7548.99,27941109760
7549.28,27941109760
7549.56,27941109760
7549.83,27941109760
7550.11,27941109760
7550.40,27941109760
7550.68,27941109760
7550.96,27941109760
7551.24,27941109760
7551.52,27941109760
7551.80,27941109760
7552.09,27941109760
7552.37,27941109760
7552.65,27941109760
7552.92,27941109760
7553.20,27941109760
7553.49,27941109760
7553.77,27941109760
7554.05,27941109760
7554.33,27941109760
7554.60,27941109760
7554.89,27941109760
7555.17,27941109760
7555.45,27941109760
7555.73,27941109760
7556.02,27941109760
7556.29,27941109760
7556.57,27941109760
7556.85,27941109760
7557.13,27941109760
7557.41,27941109760
7557.69,27941109760
7557.97,27941109760
7558.25,27941109760
7558.54,27941109760
7558.82,27941109760
7559.11,27941109760
7559.39,27941109760
7559.67,27941109760
7559.95,27941109760
7560.23,27941109760
7560.52,27941109760
7560.80,27941109760
7561.07,27941109760
7561.36,27941109760
7561.64,27941109760
7561.93,27941109760
7562.21,27941109760
7562.49,27941109760
7562.77,27941109760
7563.06,27941109760
7563.34,27941109760
7563.62,27941109760
7563.90,27941109760
7564.18,27941109760
7564.46,27941109760
7564.74,27941109760
7565.03,27941109760
7565.31,27941109760
7565.59,27941109760
7565.88,27941109760
7566.16,27941109760
7566.44,27941109760
7566.72,27941109760
7567.00,27941109760
7567.28,27941109760
7567.56,27941109760
7567.84,27941109760
7568.13,27941109760
7568.41,27941109760
7568.69,27941109760
7568.97,27941109760
7569.25,27941109760
7569.53,27941109760
7569.81,27941109760
7570.10,27941109760
7570.38,27941109760
7570.65,27941109760
7570.93,27941109760
7571.21,27941109760
7571.49,27941109760
7571.77,27941109760
7572.04,27941109760
7572.32,27941109760
7572.60,27941109760
7572.88,27941109760
7573.17,27941109760
7573.45,27941109760
7573.73,27941109760
7574.02,27941109760
7574.30,27941109760
7574.58,27941109760
7574.87,27941109760
7575.15,27941109760
7575.43,27941109760
7575.72,27941109760
7575.99,27941109760
7576.27,27941109760
7576.55,27941109760
7576.83,27941109760
7577.12,27941109760
7577.40,27941109760
7577.68,27941109760
7577.96,27941109760
7578.24,27941109760
7578.52,27941109760
7578.81,27941109760
7579.09,27941109760
7579.37,27941109760
7579.65,27941109760
7579.93,27941109760
7580.21,27941109760
7580.49,27941109760
7580.78,27941109760
7581.06,27941109760
7581.34,27941109760
7581.62,27941109760
7581.90,27941109760
7582.18,27941109760
7582.46,27941109760
7582.74,27941109760
7583.02,27941109760
7583.31,27941109760
7583.59,27941109760
7583.87,27941109760
7584.15,27941109760
7584.43,27941109760
7584.71,27941109760
7584.99,27941109760
7585.27,27941109760
7585.56,27941109760
7585.84,27941109760
7586.13,27941109760
7586.40,27941109760
7586.69,27941109760
7586.97,27941109760
7587.26,27941109760
7587.54,27941109760
7587.82,27941109760
7588.11,27941109760
7588.40,27941109760
7588.68,27941109760
7588.96,27941109760
7589.24,27941109760
7589.52,27941109760
7589.80,27941109760
7590.08,27941109760
7590.36,27941109760
7590.65,27941109760
7590.93,27941109760
7591.21,27941109760
7591.50,27941109760
7591.78,27941109760
7592.07,27941109760
7592.35,27941109760
7592.63,27941109760
7592.92,27941109760
7593.20,27941109760
7593.48,27941109760
7593.76,27941109760
7594.05,27941109760
7594.33,27941109760
7594.61,27941109760
7594.90,27941109760
7595.17,27941109760
7595.45,27941109760
7595.73,27941109760
7596.01,27941109760
7596.29,27941109760
7596.58,27941109760
7596.85,27941109760
7597.14,27941109760
7597.42,27941109760
7597.70,27941109760
7597.97,27941109760
7598.26,27941109760
7598.54,27941109760
7598.82,27941109760
7599.10,27941109760
7599.38,27941109760
7599.66,27941109760
7599.95,27941109760
7600.23,27941109760
7600.51,27941109760
7600.80,27941109760
7601.08,27941109760
7601.36,27941109760
7601.64,27941109760
7601.92,27941109760
7602.20,27941109760
7602.49,27941109760
7602.77,27941109760
7603.04,27941109760
7603.33,27941109760
7603.61,27941109760
7603.89,27941109760
7604.17,27941109760
7604.46,27941109760
7604.74,27941109760
7605.03,27941109760
7605.31,27941109760
7605.59,27941109760
7605.87,27941109760
7606.15,27941109760
7606.43,27941109760
7606.71,27941109760
7606.99,27941109760
7607.27,27941109760
7607.56,27941109760
7607.84,27941109760
7608.12,27941109760
7608.40,27941109760
7608.69,27941109760
7608.97,27941109760
7609.25,27941109760
7609.54,27941109760
7609.81,27941109760
7610.09,27941109760
7610.38,27941109760
7610.65,27941109760
7610.94,27941109760
7611.22,27941109760
7611.50,27941109760
7611.78,27941109760
7612.06,27941109760
7612.34,27941109760
7612.62,27941109760
7612.91,27941109760
7613.19,27941109760
7613.47,27941109760
7613.75,27941109760
7614.03,27941109760
7614.31,27941109760
7614.59,27941109760
7614.87,27941109760
7615.16,27941109760
7615.44,27941109760
7615.73,27941109760
7616.02,27941109760
7616.30,27941109760
7616.58,27941109760
7616.86,27941109760
7617.14,27941109760
7617.43,27941109760
7617.70,27941109760
7617.98,27941109760
7618.26,27941109760
7618.54,27941109760
7618.82,27941109760
7619.10,27941109760
7619.39,27941109760
7619.66,27941109760
7619.95,27941109760
7620.23,27941109760
7620.50,27941109760
7620.79,27941109760
7621.07,27941109760
7621.35,27941109760
7621.63,27941109760
7621.91,27941109760
7622.19,27941109760
7622.47,27941109760
7622.75,27941109760
7623.04,27941109760
7623.32,27941109760
7623.60,27941109760
7623.88,27941109760
7624.16,27941109760
7624.45,27941109760
7624.73,27941109760
7625.01,27941109760
7625.30,27941109760
7625.57,27941109760
7625.86,27941109760
7626.14,27941109760
7626.42,27941109760
7626.70,27941109760
7626.98,27941109760
7627.26,27941109760
7627.54,27941109760
7627.82,27941109760
7628.10,27941109760
7628.39,27941109760
7628.67,27941109760
7628.95,27941109760
7629.23,27941109760
7629.51,27941109760
7629.80,27941109760
7630.07,27941109760
7630.36,27941109760
7630.64,27941109760
7630.92,27941109760
7631.20,27941109760
7631.48,27941109760
7631.76,27941109760
7632.04,27941109760
7632.31,27941109760
7632.60,27941109760
7632.88,27941109760
7633.16,27941109760
7633.44,27941109760
7633.73,27941109760
7634.00,27941109760
7634.29,27941109760
7634.57,27941109760
7634.85,27941109760
7635.12,27941109760
7635.40,27941109760
7635.69,27941109760
7635.98,27941109760
7636.26,27941109760
7636.54,27941109760
7636.82,27941109760
7637.10,27941109760
7637.38,27941109760
7637.66,27941109760
7637.94,27941109760
7638.22,27941109760
7638.50,27941109760
7638.79,27941109760
7639.07,27941109760
7639.34,27941109760
7639.62,27941109760
7639.90,27941109760
7640.19,27941109760
7640.46,27941109760
7640.74,27941109760
7641.02,27941109760
7641.31,27941109760
7641.59,27941109760
7641.87,27941109760
7642.16,27941109760
7642.44,27941109760
7642.73,27941109760
7643.01,27941109760
7643.29,27941109760
7643.57,27941109760
7643.86,27941109760
7644.14,27941109760
7644.42,27941109760
7644.70,27941109760
7644.98,27941109760
7645.27,27941109760
7645.55,27941109760
7645.84,27941109760
7646.12,27941109760
7646.40,27941109760
7646.68,27941109760
7646.96,27941109760
7647.24,27941109760
7647.52,27941109760
7647.81,27941109760
7648.09,27941109760
7648.37,27941109760
7648.66,27941109760
7648.94,27941109760
7649.22,27941109760
7649.51,27941109760
7649.79,27941109760
7650.06,27941109760
7650.35,27941109760
7650.63,27941109760
7650.91,27941109760
7651.19,27941109760
7651.47,27941109760
7651.75,27941109760
7652.03,27941109760
7652.32,27941109760
7652.60,27941109760
7652.88,27941109760
7653.16,27941109760
7653.44,27941109760
7653.72,27941109760
7654.00,27941109760
7654.29,27941109760
7654.57,27941109760
7654.85,27941109760
7655.13,27941109760
7655.41,27941109760
7655.70,27941109760
7655.98,27941109760
7656.26,27941109760
7656.55,27941109760
7656.83,27941109760
7657.12,27941109760
7657.40,27941109760
7657.68,27941109760
7657.97,27941109760
7658.25,27941109760
7658.54,27941109760
7658.81,27941109760
7659.09,27941109760
7659.38,27941109760
7659.65,27941109760
7659.94,27941109760
7660.21,27941109760
7660.49,27941109760
7660.78,27941109760
7661.06,27941109760
7661.34,27941109760
7661.62,27941109760
7661.90,27941109760
7662.18,27941109760
7662.46,27941109760
7662.74,27941109760
7663.02,27941109760
7663.30,27941109760
7663.58,27941109760
7663.86,27941109760
7664.14,27941109760
7664.43,27941109760
7664.71,27941109760
7664.99,27941109760
7665.27,27941109760
7665.56,27941109760
7665.84,27941109760
7666.12,27941109760
7666.40,27941109760
7666.68,27941109760
7666.96,27941109760
7667.24,27941109760
7667.52,27941109760
7667.80,27941109760
7668.08,27941109760
7668.36,27941109760
7668.64,27941109760
7668.92,27941109760
7669.21,27941109760
7669.48,27941109760
7669.77,27941109760
7670.05,27941109760
7670.33,27941109760
7670.61,27941109760
7670.90,27941109760
7671.18,27941109760
7671.46,27941109760
7671.74,27941109760
7672.02,27941109760
7672.31,27941109760
7672.59,27941109760
7672.87,27941109760
7673.15,27941109760
7673.43,27941109760
7673.72,27941109760
7674.00,27941109760
7674.28,27941109760
7674.57,27941109760
7674.85,27941109760
7675.13,27941109760
7675.41,27941109760
7675.69,27941109760
7675.98,27941109760
7676.26,27941109760
7676.54,27941109760
7676.82,27941109760
7677.11,27941109760
7677.39,27941109760
7677.67,27941109760
7677.95,27941109760
7678.23,27941109760
7678.51,27941109760
7678.79,27941109760
7679.08,27941109760
7679.36,27941109760
7679.64,27941109760
7679.93,27941109760
7680.21,27941109760
7680.49,27941109760
7680.77,27941109760
7681.05,27941109760
7681.34,27941109760
7681.62,27941109760
7681.90,27941109760
7682.18,27941109760
7682.46,27941109760
7682.74,27941109760
7683.03,27941109760
7683.31,27941109760
7683.59,27941109760
7683.87,27941109760
7684.15,27941109760
7684.43,27941109760
7684.71,27941109760
7684.99,27941109760
7685.28,27941109760
7685.56,27941109760
7685.84,27941109760
7686.12,27941109760
7686.40,27941109760
7686.68,27941109760
7686.95,27941109760
7687.24,27941109760
7687.51,27941109760
7687.80,27941109760
7688.08,27941109760
7688.36,27941109760
7688.64,27941109760
7688.91,27941109760
7689.20,27941109760
7689.48,27941109760
7689.76,27941109760
7690.05,27941109760
7690.33,27941109760
7690.62,27941109760
7690.90,27941109760
7691.18,27941109760
7691.46,27941109760
7691.73,27941109760
7692.02,27941109760
7692.30,27941109760
7692.58,27941109760
7692.86,27941109760
7693.14,27941109760
7693.42,27941109760
7693.70,27941109760
7693.98,27941109760
7694.27,27941109760
7694.55,27941109760
7694.83,27941109760
7695.11,27941109760
7695.40,27941109760
7695.68,27941109760
7695.96,27941109760
7696.24,27941109760
7696.52,27941109760
7696.81,27941109760
7697.09,27941109760
7697.37,27941109760
7697.66,27941109760
7697.94,27941109760
7698.22,27941109760
7698.49,27941109760
7698.77,27941109760
7699.05,27941109760
7699.33,27941109760
7699.61,27941109760
7699.90,27941109760
7700.18,27941109760
7700.46,27941109760
7700.74,27941109760
7701.02,27941109760
7701.30,27941109760
7701.58,27941109760
7701.86,27941109760
7702.14,27941109760
7702.43,27941109760
7702.71,27941109760
7702.99,27941109760
7703.27,27941109760
7703.56,27941109760
7703.83,27941109760
7704.11,27941109760
7704.40,27941109760
7704.68,27941109760
7704.96,27941109760
7705.24,27941109760
7705.52,27941109760
7705.80,27941109760
7706.08,27941109760
7706.36,27941109760
7706.65,27941109760
7706.93,27941109760
7707.21,27941109760
7707.49,27941109760
7707.77,27941109760
7708.05,27941109760
7708.34,27941109760
7708.62,27941109760
7708.90,27941109760
7709.18,27941109760
7709.47,27941109760
7709.75,27941109760
7710.04,27941109760
7710.32,27941109760
7710.60,27941109760
7710.88,27941109760
7711.16,27941109760
7711.44,27941109760
7711.72,27941109760
7712.01,27941109760
7712.28,27941109760
7712.57,27941109760
7712.85,27941109760
7713.13,27941109760
7713.41,27941109760
7713.69,27941109760
7713.97,27941109760
7714.25,27941109760
7714.54,27941109760
7714.82,27941109760
7715.10,27941109760
7715.39,27941109760
7715.66,27941109760
7715.94,27941109760
7716.22,27941109760
7716.50,27941109760
7716.77,27941109760
7717.05,27941109760
7717.34,27941109760
7717.62,27941109760
7717.91,27941109760
7718.19,27941109760
7718.47,27941109760
7718.76,27941109760
7719.03,27941109760
7719.31,27941109760
7719.59,27941109760
7719.87,27941109760
7720.16,27941109760
7720.43,27941109760
7720.71,27941109760
7720.99,27941109760
7721.27,27941109760
7721.55,27941109760
7721.84,27941109760
7722.12,27941109760
7722.40,27941109760
7722.67,27941109760
7722.95,27941109760
7723.23,27941109760
7723.51,27941109760
7723.79,27941109760
7724.07,27941109760
7724.35,27941109760
7724.64,27941109760
7724.92,27941109760
7725.20,27941109760
7725.48,27941109760
7725.77,27941109760
7726.05,27941109760
7726.33,27941109760
7726.61,27941109760
7726.89,27941109760
7727.18,27941109760
7727.45,27941109760
7727.73,27941109760
7728.02,27941109760
7728.30,27941109760
7728.59,27941109760
7728.86,27941109760
7729.14,27941109760
7729.43,27941109760
7729.71,27941109760
7729.99,27941109760
7730.27,27941109760
7730.55,27941109760
7730.83,27941109760
7731.11,27941109760
7731.40,27941109760
7731.68,27941109760
7731.96,27941109760
7732.24,27941109760
7732.52,27941109760
7732.80,27941109760
7733.09,27941109760
7733.37,27941109760
7733.65,27941109760
7733.93,27941109760
7734.21,27941109760
7734.50,27941109760
7734.78,27941109760
7735.06,27941109760
7735.34,27941109760
7735.62,27941109760
7735.91,27941109760
7736.19,27941109760
7736.47,27941109760
7736.75,27941109760
7737.04,27941109760
7737.32,27941109760
7737.60,27941109760
7737.88,27941109760
7738.16,27941109760
7738.44,27941109760
7738.72,27941109760
7739.00,27941109760
7739.28,27941109760
7739.56,27941109760
7739.85,27941109760
7740.13,27941109760
7740.41,27941109760
7740.68,27941109760
7740.96,27941109760
7741.25,27941109760
7741.53,27941109760
7741.81,27941109760
7742.09,27941109760
7742.38,27941109760
7742.66,27941109760
7742.93,27941109760
7743.21,27941109760
7743.49,27941109760
7743.77,27941109760
7744.05,27941109760
7744.33,27941109760
7744.62,27941109760
7744.90,27941109760
7745.19,27941109760
7745.47,27941109760
7745.76,27941109760
7746.04,27941109760
7746.32,27941109760
7746.60,27941109760
7746.88,27941109760
7747.16,27941109760
7747.45,27941109760
7747.73,27941109760
7748.02,27941109760
7748.30,27941109760
7748.58,27941109760
7748.86,27941109760
7749.15,27941109760
7749.43,27941109760
7749.71,27941109760
7749.99,27941109760
7750.27,27941109760
7750.56,27941109760
7750.84,27941109760
7751.13,27941109760
7751.41,27941109760
7751.70,27941109760
7751.98,27941109760
7752.26,27941109760
7752.54,27941109760
7752.82,27941109760
7753.11,27941109760
7753.40,27941109760
7753.68,27941109760
7753.96,27941109760
7754.24,27941109760
7754.52,27941109760
7754.80,27941109760
7755.09,27941109760
7755.37,27941109760
7755.64,27941109760
7755.93,27941109760
7756.21,27941109760
7756.49,27941109760
7756.77,27941109760
7757.06,27941109760
7757.34,27941109760
7757.62,27941109760
7757.91,27941109760
7758.19,27941109760
7758.47,27941109760
7758.75,27941109760
7759.03,27941109760
7759.31,27941109760
7759.60,27941109760
7759.88,27941109760
7760.17,27941109760
7760.45,27941109760
7760.72,27941109760
7761.00,27941109760
7761.28,27941109760
7761.56,27941109760
7761.84,27941109760
7762.13,27941109760
7762.41,27941109760
7762.69,27941109760
7762.97,27941109760
7763.25,27941109760
7763.54,27941109760
7763.81,27941109760
7764.10,27941109760
7764.38,27941109760
7764.66,27941109760
7764.95,27941109760
7765.23,27941109760
7765.51,27941109760
7765.79,27941109760
7766.07,27941109760
7766.35,27941109760
7766.64,27941109760
7766.92,27941109760
7767.20,27941109760
7767.48,27941109760
7767.77,27941109760
7768.06,27941109760
7768.34,27941109760
7768.62,27941109760
7768.91,27941109760
7769.19,27941109760
7769.48,27941109760
7769.77,27941109760
7770.04,27941109760
7770.32,27941109760
7770.60,27941109760
7770.89,27941109760
7771.17,27941109760
7771.45,27941109760
7771.73,27941109760
7772.01,27941109760
7772.29,27941109760
7772.57,27941109760
7772.85,27941109760
7773.14,27941109760
7773.42,27941109760
7773.70,27941109760
7773.98,27941109760
7774.27,27941109760
7774.55,27941109760
7774.83,27941109760
7775.11,27941109760
7775.40,27941109760
7775.68,27941109760
7775.96,27941109760
7776.24,27941109760
7776.52,27941109760
7776.80,27941109760
7777.08,27941109760
7777.37,27941109760
7777.65,27941109760
7777.93,27941109760
7778.21,27941109760
7778.50,27941109760
7778.78,27941109760
7779.06,27941109760
7779.35,27941109760
7779.63,27941109760
7779.91,27941109760
7780.19,27941109760
7780.48,27941109760
7780.76,27941109760
7781.04,27941109760
7781.32,27941109760
7781.61,27941109760
7781.89,27941109760
7782.17,27941109760
7782.45,27941109760
7782.74,27941109760
7783.02,27941109760
7783.31,27941109760
7783.59,27941109760
7783.87,27941109760
7784.15,27941109760
7784.44,27941109760
7784.72,27941109760
7785.00,27941109760
7785.28,27941109760
7785.57,27941109760
7785.85,27941109760
7786.13,27941109760
7786.41,27941109760
7786.70,27941109760
7786.98,27941109760
7787.26,27941109760
7787.55,27941109760
7787.83,27941109760
7788.11,27941109760
7788.39,27941109760
7788.67,27941109760
7788.95,27941109760
7789.23,27941109760
7789.51,27941109760
7789.79,27941109760
7790.07,27941109760
7790.36,27941109760
7790.64,27941109760
7790.92,27941109760
7791.20,27941109760
7791.48,27941109760
7791.76,27941109760
7792.05,27941109760
7792.33,27941109760
7792.60,27941109760
7792.89,27941109760
7793.18,27941109760
7793.46,27941109760
7793.74,27941109760
7794.02,27941109760
7794.31,27941109760
7794.59,27941109760
7794.87,27941109760
7795.15,27941109760
7795.44,27941109760
7795.72,27941109760
7796.00,27941109760
7796.28,27941109760
7796.56,27941109760
7796.84,27941109760
7797.12,27941109760
7797.40,27941109760
7797.69,27941109760
7797.97,27941109760
7798.25,27941109760
7798.53,27941109760
7798.81,27941109760
7799.09,27941109760
7799.38,27941109760
7799.66,27941109760
7799.94,27941109760
7800.22,27941109760
7800.51,27941109760
7800.79,27941109760
7801.08,27941109760
7801.36,27941109760
7801.64,27941109760
7801.92,27941109760
7802.21,27941109760
7802.49,27941109760
7802.78,27941109760
7803.06,27941109760
7803.34,27941109760
7803.63,27941109760
7803.91,27941109760
7804.19,27941109760
7804.47,27941109760
7804.76,27941109760
7805.04,27941109760
7805.32,27941109760
7805.60,27941109760
7805.88,27941109760
7806.16,27941109760
7806.45,27941109760
7806.73,27941109760
7807.01,27941109760
7807.29,27941109760
7807.57,27941109760
7807.85,27941109760
7808.13,27941109760
7808.41,27941109760
7808.69,27941109760
7808.98,27941109760
7809.26,27941109760
7809.54,27941109760
7809.82,27941109760
7810.10,27941109760
7810.39,27941109760
7810.67,27941109760
7810.95,27941109760
7811.23,27941109760
7811.51,27941109760
7811.79,27941109760
7812.07,27941109760
7812.35,27941109760
7812.64,27941109760
7812.92,27941109760
7813.20,27941109760
7813.48,27941109760
7813.76,27941109760
7814.04,27941109760
7814.32,27941109760
7814.60,27941109760
7814.89,27941109760
7815.17,27941109760
7815.45,27941109760
7815.73,27941109760
7816.02,27941109760
7816.30,27941109760
7816.58,27941109760
7816.86,27941109760
7817.14,27941109760
7817.43,27941109760
7817.71,27941109760
7817.99,27941109760
7818.27,27941109760
7818.55,27941109760
7818.84,27941109760
7819.12,27941109760
7819.40,27941109760
7819.68,27941109760
7819.96,27941109760
7820.24,27941109760
7820.53,27941109760
7820.81,27941109760
7821.09,27941109760
7821.37,27941109760
7821.65,27941109760
7821.94,27941109760
7822.22,27941109760
7822.50,27941109760
7822.78,27941109760
7823.07,27941109760
7823.35,27941109760
7823.63,27941109760
7823.91,27941109760
7824.19,27941109760
7824.48,27941109760
7824.76,27941109760
7825.05,27941109760
7825.33,27941109760
7825.61,27941109760
7825.90,27941109760
7826.17,27941109760
7826.45,27941109760
7826.73,27941109760
7827.01,27941109760
7827.29,27941109760
7827.57,27941109760
7827.85,27941109760
7828.14,27941109760
7828.42,27941109760
7828.70,27941109760
7828.98,27941109760
7829.26,27941109760
7829.55,27941109760
7829.83,27941109760
7830.11,27941109760
7830.40,27941109760
7830.68,27941109760
7830.96,27941109760
7831.24,27941109760
7831.53,27941109760
7831.81,27941109760
7832.09,27941109760
7832.38,27941109760
7832.66,27941109760
7832.94,27941109760
7833.23,27941109760
7833.51,27941109760
7833.79,27941109760
7834.07,27941109760
7834.35,27941109760
7834.63,27941109760
7834.91,27941109760
7835.19,27941109760
7835.48,27941109760
7835.76,27941109760
7836.04,27941109760
7836.32,27941109760
7836.61,27941109760
7836.89,27941109760
7837.17,27941109760
7837.45,27941109760
7837.73,27941109760
7838.02,27941109760
7838.30,27941109760
7838.58,27941109760
7838.86,27941109760
7839.14,27941109760
7839.43,27941109760
7839.71,27941109760
7839.99,27941109760
7840.28,27941109760
7840.56,27941109760
7840.84,27941109760
7841.13,27941109760
7841.41,27941109760
7841.69,27941109760
7841.98,27941109760
7842.26,27941109760
7842.53,27941109760
7842.82,27941109760
7843.10,27941109760
7843.38,27941109760
7843.67,27941109760
7843.95,27941109760
7844.23,27941109760
7844.52,27941109760
7844.80,27941109760
7845.08,27941109760
7845.36,27941109760
7845.64,27941109760
7845.92,27941109760
7846.20,27941109760
7846.48,27941109760
7846.76,27941109760
7847.04,27941109760
7847.32,27941109760
7847.60,27941109760
7847.88,27941109760
7848.17,27941109760
7848.45,27941109760
7848.73,27941109760
7849.01,27941109760
7849.29,27941109760
7849.57,27941109760
7849.85,27941109760
7850.13,27941109760
7850.40,27941109760
7850.68,27941109760
7850.96,27941109760
7851.24,27941109760
7851.52,27941109760
7851.81,27941109760
7852.09,27941109760
7852.37,27941109760
7852.65,27941109760
7852.94,27941109760
7853.22,27941109760
7853.49,27941109760
7853.78,27941109760
7854.06,27941109760
7854.35,27941109760
7854.63,27941109760
7854.91,27941109760
7855.19,27941109760
7855.47,27941109760
7855.76,27941109760
7856.04,27941109760
7856.32,27941109760
7856.60,27941109760
7856.88,27941109760
7857.16,27941109760
7857.44,27941109760
7857.73,27941109760
7858.01,27941109760
7858.29,27941109760
7858.57,27941109760
7858.85,27941109760
7859.13,27941109760
7859.41,27941109760
7859.69,27941109760
7859.98,27941109760
7860.26,27941109760
7860.54,27941109760
7860.82,27941109760
7861.11,27941109760
7861.39,27941109760
7861.67,27941109760
7861.96,27941109760
7862.24,27941109760
7862.53,27941109760
7862.81,27941109760
7863.09,27941109760
7863.38,27941109760
7863.66,27941109760
7863.94,27941109760
7864.22,27941109760
7864.51,27941109760
7864.78,27941109760
7865.06,27941109760
7865.35,27941109760
7865.63,27941109760
7865.91,27941109760
7866.19,27941109760
7866.47,27941109760
7866.75,27941109760
7867.04,27941109760
7867.32,27941109760
7867.60,27941109760
7867.88,27941109760
7868.16,27941109760
7868.44,27941109760
7868.72,27941109760
7869.01,27941109760
7869.29,27941109760
7869.57,27941109760
7869.85,27941109760
7870.13,27941109760
7870.41,27941109760
7870.69,27941109760
7870.97,27941109760
7871.26,27941109760
7871.54,27941109760
7871.82,27941109760
7872.10,27941109760
7872.38,27941109760
7872.67,27941109760
7872.95,27941109760
7873.23,27941109760
7873.50,27941109760
7873.78,27941109760
7874.06,27941109760
7874.35,27941109760
7874.63,27941109760
7874.91,27941109760
7875.19,27941109760
7875.47,27941109760
7875.75,27941109760
7876.04,27941109760
7876.32,27941109760
7876.61,27941109760
7876.89,27941109760
7877.17,27941109760
7877.45,27941109760
7877.73,27941109760
7878.01,27941109760
7878.29,27941109760
7878.58,27941109760
7878.86,27941109760
7879.14,27941109760
7879.42,27941109760
7879.70,27941109760
7879.98,27941109760
7880.27,27941109760
7880.55,27941109760
7880.83,27941109760
7881.12,27941109760
7881.39,27941109760
7881.68,27941109760
7881.96,27941109760
7882.24,27941109760
7882.52,27941109760
7882.81,27941109760
7883.09,27941109760
7883.37,27941109760
7883.65,27941109760
7883.93,27941109760
7884.21,27941109760
7884.49,27941109760
7884.77,27941109760
7885.05,27941109760
7885.33,27941109760
7885.61,27941109760
7885.89,27941109760
7886.18,27941109760
7886.46,27941109760
7886.74,27941109760
7887.02,27941109760
7887.31,27941109760
7887.59,27941109760
7887.87,27941109760
7888.15,27941109760
7888.44,27941109760
7888.72,27941109760
7889.00,27941109760
7889.28,27941109760
7889.56,27941109760
7889.84,27941109760
7890.13,27941109760
7890.41,27941109760
7890.69,27941109760
7890.97,27941109760
7891.26,27941109760
7891.54,27941109760
7891.82,27941109760
7892.10,27941109760
7892.39,27941109760
7892.67,27941109760
7892.95,27941109760
7893.23,27941109760
7893.52,27941109760
7893.80,27941109760
7894.08,27941109760
7894.36,27941109760
7894.65,27941109760
7894.92,27941109760
7895.20,27941109760
7895.48,27941109760
7895.76,27941109760
7896.05,27941109760
7896.33,27941109760
7896.61,27941109760
7896.90,27941109760
7897.18,27941109760
7897.47,27941109760
7897.74,27941109760
7898.03,27941109760
7898.32,27941109760
7898.60,27941109760
7898.88,27941109760
7899.16,27941109760
7899.44,27941109760
7899.72,27941109760
7900.00,27941109760
7900.28,27941109760
7900.56,27941109760
7900.85,27941109760
7901.13,27941109760
7901.41,27941109760
7901.69,27941109760
7901.98,27941109760
7902.26,27941109760
7902.54,27941109760
7902.82,27941109760
7903.11,27941109760
7903.39,27941109760
7903.67,27941109760
7903.95,27941109760
7904.23,27941109760
7904.52,27941109760
7904.81,27941109760
7905.09,27941109760
7905.37,27941109760
7905.65,27941109760
7905.93,27941109760
7906.21,27941109760
7906.49,27941109760
7906.78,27941109760
7907.06,27941109760
7907.35,27941109760
7907.63,27941109760
7907.91,27941109760
7908.19,27941109760
7908.48,27941109760
7908.75,27941109760
7909.03,27941109760
7909.32,27941109760
7909.60,27941109760
7909.88,27941109760
7910.16,27941109760
7910.44,27941109760
7910.72,27941109760
7911.00,27941109760
7911.28,27941109760
7911.57,27941109760
7911.84,27941109760
7912.12,27941109760
7912.41,27941109760
7912.69,27941109760
7912.98,27941109760
7913.26,27941109760
7913.54,27941109760
7913.82,27941109760
7914.10,27941109760
7914.38,27941109760
7914.66,27941109760
7914.94,27941109760
7915.22,27941109760
7915.50,27941109760
7915.78,27941109760
7916.07,27941109760
7916.35,27941109760
7916.63,27941109760
7916.91,27941109760
7917.19,27941109760
7917.48,27941109760
7917.75,27941109760
7918.04,27941109760
7918.31,27941109760
7918.60,27941109760
7918.88,27941109760
7919.16,27941109760
7919.44,27941109760
7919.73,27941109760
7920.01,27941109760
7920.29,27941109760
7920.58,27941109760
7920.86,27941109760
7921.15,27941109760
7921.43,27941109760
7921.71,27941109760
7921.99,27941109760
7922.27,27941109760
7922.55,27941109760
7922.83,27941109760
7923.11,27941109760
7923.40,27941109760
7923.68,27941109760
7923.96,27941109760
7924.24,27941109760
7924.52,27941109760
7924.81,27941109760
7925.10,27941109760
7925.38,27941109760
7925.66,27941109760
7925.94,27941109760
7926.23,27941109760
7926.51,27941109760
7926.79,27941109760
7927.08,27941109760
7927.35,27941109760
7927.63,27941109760
7927.91,27941109760
7928.19,27941109760
7928.47,27941109760
7928.76,27941109760
7929.03,27941109760
7929.31,27941109760
7929.60,27941109760
7929.88,27941109760
7930.16,27941109760
7930.44,27941109760
7930.72,27941109760
7931.01,27941109760
7931.29,27941109760
7931.57,27941109760
7931.85,27941109760
7932.13,27941109760
7932.41,27941109760
7932.69,27941109760
7932.97,27941109760
7933.25,27941109760
7933.52,27941109760
7933.81,27941109760
7934.09,27941109760
7934.37,27941109760
7934.65,27941109760
7934.93,27941109760
7935.21,27941109760
7935.49,27941109760
7935.77,27941109760
7936.05,27941109760
7936.33,27941109760
7936.61,27941109760
7936.89,27941109760
7937.17,27941109760
7937.45,27941109760
7937.73,27941109760
7938.02,27941109760
7938.31,27941109760
7938.59,27941109760
7938.87,27941109760
7939.16,27941109760
7939.44,27941109760
7939.72,27941109760
7940.00,27941109760
7940.28,27941109760
7940.56,27941109760
7940.84,27941109760
7941.12,27941109760
7941.41,27941109760
7941.69,27941109760
7941.98,27941109760
7942.26,27941109760
7942.55,27941109760
7942.83,27941109760
7943.11,27941109760
7943.39,27941109760
7943.67,27941109760
7943.96,27941109760
7944.24,27941109760
7944.52,27941109760
7944.80,27941109760
7945.09,27941109760
7945.37,27941109760
7945.66,27941109760
7945.94,27941109760
7946.22,27941109760
7946.50,27941109760
7946.79,27941109760
7947.07,27941109760
7947.35,27941109760
7947.63,27941109760
7947.91,27941109760
7948.20,27941109760
7948.48,27941109760
7948.76,27941109760
7949.05,27941109760
7949.33,27941109760
7949.61,27941109760
7949.89,27941109760
7950.17,27941109760
7950.45,27941109760
7950.73,27941109760
7951.01,27941109760
7951.29,27941109760
7951.58,27941109760
7951.86,27941109760
7952.14,27941109760
7952.43,27941109760
7952.71,27941109760
7953.00,27941109760
7953.27,27941109760
7953.56,27941109760
7953.84,27941109760
7954.13,27941109760
7954.41,27941109760
7954.69,27941109760
7954.98,27941109760
7955.26,27941109760
7955.54,27941109760
7955.83,27941109760
7956.11,27941109760
7956.40,27941109760
7956.67,27941109760
7956.96,27941109760
7957.24,27941109760
7957.52,27941109760
7957.80,27941109760
7958.08,27941109760
7958.37,27941109760
7958.65,27941109760
7958.92,27941109760
7959.21,27941109760
7959.49,27941109760
7959.77,27941109760
7960.05,27941109760
7960.34,27941109760
7960.62,27941109760
7960.90,27941109760
7961.19,27941109760
7961.47,27941109760
7961.75,27941109760
7962.02,27941109760
7962.30,27941109760
7962.59,27941109760
7962.87,27941109760
7963.16,27941109760
7963.44,27941109760
7963.73,27941109760
7964.00,27941109760
7964.28,27941109760
7964.56,27941109760
7964.85,27941109760
7965.13,27941109760
7965.41,27941109760
7965.69,27941109760
7965.97,27941109760
7966.26,27941109760
7966.54,27941109760
7966.83,27941109760
7967.11,27941109760
7967.40,27941109760
7967.68,27941109760
7967.96,27941109760
7968.24,27941109760
7968.53,27941109760
7968.81,27941109760
7969.10,27941109760
7969.38,27941109760
7969.67,27941109760
7969.95,27941109760
7970.23,27941109760
7970.51,27941109760
7970.79,27941109760
7971.07,27941109760
7971.36,27941109760
7971.65,27941109760
7971.92,27941109760
7972.21,27941109760
7972.49,27941109760
7972.77,27941109760
7973.05,27941109760
7973.33,27941109760
7973.61,27941109760
7973.90,27941109760
7974.18,27941109760
7974.47,27941109760
7974.75,27941109760
7975.03,27941109760
7975.31,27941109760
7975.59,27941109760
7975.88,27941109760
7976.16,27941109760
7976.44,27941109760
7976.72,27941109760
7977.00,27941109760
7977.28,27941109760
7977.56,27941109760
7977.84,27941109760
7978.13,27941109760
7978.41,27941109760
7978.69,27941109760
7978.97,27941109760
7979.25,27941109760
7979.54,27941109760
7979.82,27941109760
7980.11,27941109760
7980.38,27941109760
7980.66,27941109760
7980.94,27941109760
7981.23,27941109760
7981.51,27941109760
7981.79,27941109760
7982.07,27941109760
7982.35,27941109760
7982.63,27941109760
7982.91,27941109760
7983.20,27941109760
7983.48,27941109760
7983.76,27941109760
7984.04,27941109760
7984.32,27941109760
7984.60,27941109760
7984.88,27941109760
7985.16,27941109760
7985.45,27941109760
7985.73,27941109760
7986.01,27941109760
7986.29,27941109760
7986.57,27941109760
7986.85,27941109760
7987.13,27941109760
7987.40,27941109760
7987.68,27941109760
7987.96,27941109760
7988.24,27941109760
7988.52,27941109760
7988.80,27941109760
7989.08,27941109760
7989.36,27941109760
7989.64,27941109760
7989.92,27941109760
7990.20,27941109760
7990.48,27941109760
7990.77,27941109760
7991.05,27941109760
7991.33,27941109760
7991.61,27941109760
7991.89,27941109760
7992.17,27941109760
7992.45,27941109760
7992.73,27941109760
7993.01,27941109760
7993.29,27941109760
7993.57,27941109760
7993.86,27941109760
7994.14,27941109760
7994.43,27941109760
7994.71,27941109760
7994.99,27941109760
7995.27,27941109760
7995.55,27941109760
7995.83,27941109760
7996.11,27941109760
7996.39,27941109760
7996.67,27941109760
7996.96,27941109760
7997.24,27941109760
7997.52,27941109760
7997.79,27941109760
7998.07,27941109760
7998.36,27941109760
7998.64,27941109760
7998.92,27941109760
7999.21,27941109760
7999.49,27941109760
7999.77,27941109760
8000.05,27941109760
8000.33,27941109760
8000.62,27941109760
8000.90,27941109760
8001.19,27941109760
8001.47,27941109760
8001.75,27941109760
8002.03,27941109760
8002.31,27941109760
8002.60,27941109760
8002.88,27941109760
8003.16,27941109760
8003.45,27941109760
8003.72,27941109760
8004.01,27941109760
8004.29,27941109760
8004.57,27941109760
8004.85,27941109760
8005.13,27941109760
8005.41,27941109760
8005.70,27941109760
8005.98,27941109760
8006.26,27941109760
8006.54,27941109760
8006.82,27941109760
8007.10,27941109760
8007.39,27941109760
8007.67,27941109760
8007.95,27941109760
8008.23,27941109760
8008.51,27941109760
8008.79,27941109760
8009.07,27941109760
8009.35,27941109760
8009.63,27941109760
8009.91,27941109760
8010.19,27941109760
8010.48,27941109760
8010.76,27941109760
8011.04,27941109760
8011.33,27941109760
8011.61,27941109760
8011.89,27941109760
8012.17,27941109760
8012.46,27941109760
8012.74,27941109760
8013.02,27941109760
8013.30,27941109760
8013.58,27941109760
8013.86,27941109760
8014.14,27941109760
8014.43,27941109760
8014.71,27941109760
8014.99,27941109760
8015.27,27941109760
8015.55,27941109760
8015.83,27941109760
8016.11,27941109760
8016.40,27941109760
8016.69,27941109760
8016.97,27941109760
8017.26,27941109760
8017.54,27941109760
8017.82,27941109760
8018.10,27941109760
8018.38,27941109760
8018.66,27941109760
8018.93,27941109760
8019.21,27941109760
8019.49,27941109760
8019.78,27941109760
8020.06,27941109760
8020.34,27941109760
8020.62,27941109760
8020.90,27941109760
8021.19,27941109760
8021.47,27941109760
8021.76,27941109760
8022.04,27941109760
8022.32,27941109760
8022.60,27941109760
8022.88,27941109760
8023.15,27941109760
8023.44,27941109760
8023.72,27941109760
8024.00,27941109760
8024.29,27941109760
8024.57,27941109760
8024.85,27941109760
8025.13,27941109760
8025.41,27941109760
8025.69,27941109760
8025.97,27941109760
8026.25,27941109760
8026.53,27941109760
8026.82,27941109760
8027.11,27941109760
8027.39,27941109760
8027.67,27941109760
8027.95,27941109760
8028.23,27941109760
8028.51,27941109760
8028.79,27941109760
8029.08,27941109760
8029.36,27941109760
8029.64,27941109760
8029.92,27941109760
8030.20,27941109760
8030.48,27941109760
8030.77,27941109760
8031.06,27941109760
8031.33,27941109760
8031.61,27941109760
8031.90,27941109760
8032.18,27941109760
8032.46,27941109760
8032.75,27941109760
8033.02,27941109760
8033.31,27941109760
8033.59,27941109760
8033.87,27941109760
8034.15,27941109760
8034.43,27941109760
8034.72,27941109760
8035.00,27941109760
8035.28,27941109760
8035.56,27941109760
8035.84,27941109760
8036.13,27941109760
8036.41,27941109760
8036.69,27941109760
8036.97,27941109760
8037.25,27941109760
8037.53,27941109760
8037.81,27941109760
8038.09,27941109760
8038.37,27941109760
8038.66,27941109760
8038.94,27941109760
8039.22,27941109760
8039.49,27941109760
8039.78,27941109760
8040.06,27941109760
8040.34,27941109760
8040.63,27941109760
8040.90,27941109760
8041.19,27941109760
8041.47,27941109760
8041.75,27941109760
8042.03,27941109760
8042.31,27941109760
8042.59,27941109760
8042.87,27941109760
8043.16,27941109760
8043.44,27941109760
8043.72,27941109760
8044.00,27941109760
8044.28,27941109760
8044.56,27941109760
8044.84,27941109760
8045.12,27941109760
8045.40,27941109760
8045.69,27941109760
8045.96,27941109760
8046.24,27941109760
8046.53,27941109760
8046.81,27941109760
8047.09,27941109760
8047.38,27941109760
8047.66,27941109760
8047.94,27941109760
8048.23,27941109760
8048.51,27941109760
8048.79,27941109760
8049.08,27941109760
8049.36,27941109760
8049.64,27941109760
8049.91,27941109760
8050.19,27941109760
8050.47,27941109760
8050.76,27941109760
8051.04,27941109760
8051.32,27941109760
8051.60,27941109760
8051.89,27941109760
8052.17,27941109760
8052.45,27941109760
8052.73,27941109760
8053.02,27941109760
8053.30,27941109760
8053.57,27941109760
8053.85,27941109760
8054.13,27941109760
8054.42,27941109760
8054.70,27941109760
8054.98,27941109760
8055.26,27941109760
8055.54,27941109760
8055.82,27941109760
8056.11,27941109760
8056.39,27941109760
8056.68,27941109760
8056.96,27941109760
8057.25,27941109760
8057.53,27941109760
8057.81,27941109760
8058.09,27941109760
8058.37,27941109760
8058.65,27941109760
8058.94,27941109760
8059.21,27941109760
8059.49,27941109760
8059.77,27941109760
8060.05,27941109760
8060.34,27941109760
8060.62,27941109760
8060.91,27941109760
8061.18,27941109760
8061.46,27941109760
8061.75,27941109760
8062.03,27941109760
8062.31,27941109760
8062.59,27941109760
8062.87,27941109760
8063.15,27941109760
8063.43,27941109760
8063.71,27941109760
8063.99,27941109760
8064.27,27941109760
8064.56,27941109760
8064.84,27941109760
8065.13,27941109760
8065.41,27941109760
8065.69,27941109760
8065.98,27941109760
8066.25,27941109760
8066.53,27941109760
8066.82,27941109760
8067.10,27941109760
8067.39,27941109760
8067.66,27941109760
8067.94,27941109760
8068.22,27941109760
8068.51,27941109760
8068.79,27941109760
8069.07,27941109760
8069.35,27941109760
8069.63,27941109760
8069.91,27941109760
8070.19,27941109760
8070.48,27941109760
8070.76,27941109760
8071.04,27941109760
8071.32,27941109760
8071.60,27941109760
8071.89,27941109760
8072.17,27941109760
8072.45,27941109760
8072.73,27941109760
8073.01,27941109760
8073.29,27941109760
8073.57,27941109760
8073.85,27941109760
8074.13,27941109760
8074.41,27941109760
8074.70,27941109760
8074.98,27941109760
8075.26,27941109760
8075.54,27941109760
8075.82,27941109760
8076.10,27941109760
8076.38,27941109760
8076.66,27941109760
8076.94,27941109760
8077.22,27941109760
8077.51,27941109760
8077.78,27941109760
8078.06,27941109760
8078.34,27941109760
8078.62,27941109760
8078.90,27941109760
8079.19,27941109760
8079.47,27941109760
8079.76,27941109760
8080.03,27941109760
8080.31,27941109760
8080.59,27941109760
8080.87,27941109760
8081.15,27941109760
8081.43,27941109760
8081.71,27941109760
8081.99,27941109760
8082.27,27941109760
8082.55,27941109760
8082.83,27941109760
8083.12,27941109760
8083.39,27941109760
8083.67,27941109760
8083.95,27941109760
8084.23,27941109760
8084.52,27941109760
8084.80,27941109760
8085.08,27941109760
8085.36,27941109760
8085.64,27941109760
8085.92,27941109760
8086.21,27941109760
8086.49,27941109760
8086.77,27941109760
8087.05,27941109760
8087.33,27941109760
8087.62,27941109760
8087.89,27941109760
8088.18,27941109760
8088.46,27941109760
8088.74,27941109760
8089.02,27941109760
8089.31,27941109760
8089.59,27941109760
8089.87,27941109760
8090.15,27941109760
8090.43,27941109760
8090.71,27941109760
8090.99,27941109760
8091.27,27941109760
8091.56,27941109760
8091.84,27941109760
8092.12,27941109760
8092.41,27941109760
8092.69,27941109760
8092.97,27941109760
8093.25,27941109760
8093.53,27941109760
8093.81,27941109760
8094.10,27941109760
8094.38,27941109760
8094.66,27941109760
8094.94,27941109760
8095.23,27941109760
8095.51,27941109760
8095.79,27941109760
8096.08,27941109760
8096.36,27941109760
8096.64,27941109760
8096.92,27941109760
8097.20,27941109760
8097.49,27941109760
8097.77,27941109760
8098.05,27941109760
8098.33,27941109760
8098.61,27941109760
8098.89,27941109760
8099.18,27941109760
8099.46,27941109760
8099.74,27941109760
8100.02,27941109760
8100.31,27941109760
8100.59,27941109760
8100.87,27941109760
8101.16,27941109760
8101.44,27941109760
8101.73,27941109760
8102.00,27941109760
8102.29,27941109760
8102.57,27941109760
8102.85,27941109760
8103.13,27941109760
8103.41,27941109760
8103.69,27941109760
8103.97,27941109760
8104.25,27941109760
8104.54,27941109760
8104.82,27941109760
8105.10,27941109760
8105.38,27941109760
8105.66,27941109760
8105.95,27941109760
8106.22,27941109760
8106.51,27941109760
8106.79,27941109760
8107.07,27941109760
8107.35,27941109760
8107.63,27941109760
8107.91,27941109760
8108.19,27941109760
8108.48,27941109760
8108.76,27941109760
8109.03,27941109760
8109.32,27941109760
8109.60,27941109760
8109.87,27941109760
8110.15,27941109760
8110.44,27941109760
8110.72,27941109760
8111.00,27941109760
8111.28,27941109760
8111.57,27941109760
8111.85,27941109760
8112.12,27941109760
8112.41,27941109760
8112.69,27941109760
8112.97,27941109760
8113.24,27941109760
8113.53,27941109760
8113.81,27941109760
8114.09,27941109760
8114.37,27941109760
8114.65,27941109760
8114.93,27941109760
8115.22,27941109760
8115.50,27941109760
8115.78,27941109760
8116.07,27941109760
8116.35,27941109760
8116.63,27941109760
8116.92,27941109760
8117.20,27941109760
8117.48,27941109760
8117.76,27941109760
8118.04,27941109760
8118.32,27941109760
8118.60,27941109760
8118.89,27941109760
8119.17,27941109760
8119.45,27941109760
8119.73,27941109760
8120.01,27941109760
8120.29,27941109760
8120.57,27941109760
8120.86,27941109760
8121.14,27941109760
8121.43,27941109760
8121.70,27941109760
8121.99,27941109760
8122.27,27941109760
8122.56,27941109760
8122.84,27941109760
8123.12,27941109760
8123.40,27941109760
8123.68,27941109760
8123.97,27941109760
8124.25,27941109760
8124.53,27941109760
8124.81,27941109760
8125.09,27941109760
8125.38,27941109760
8125.66,27941109760
8125.94,27941109760
8126.22,27941109760
8126.50,27941109760
8126.78,27941109760
8127.07,27941109760
8127.35,27941109760
8127.63,27941109760
8127.91,27941109760
8128.20,27941109760
8128.48,27941109760
8128.75,27941109760
8129.03,27941109760
8129.32,27941109760
8129.60,27941109760
8129.88,27941109760
8130.16,27941109760
8130.44,27941109760
8130.73,27941109760
8131.01,27941109760
8131.30,27941109760
8131.58,27941109760
8131.86,27941109760
8132.15,27941109760
8132.44,27941109760
8132.72,27941109760
8133.01,27941109760
8133.28,27941109760
8133.57,27941109760
8133.85,27941109760
8134.13,27941109760
8134.41,27941109760
8134.69,27941109760
8134.97,27941109760
8135.26,27941109760
8135.54,27941109760
8135.83,27941109760
8136.11,27941109760
8136.40,27941109760
8136.68,27941109760
8136.96,27941109760
8137.24,27941109760
8137.52,27941109760
8137.80,27941109760
8138.08,27941109760
8138.36,27941109760
8138.64,27941109760
8138.92,27941109760
8139.20,27941109760
8139.48,27941109760
8139.76,27941109760
8140.04,27941109760
8140.32,27941109760
8140.61,27941109760
8140.88,27941109760
8141.16,27941109760
8141.44,27941109760
8141.72,27941109760
8142.00,27941109760
8142.28,27941109760
8142.56,27941109760
8142.84,27941109760
8143.12,27941109760
8143.40,27941109760
8143.69,27941109760
8143.97,27941109760
8144.25,27941109760
8144.54,27941109760
8144.82,27941109760
8145.10,27941109760
8145.38,27941109760
8145.66,27941109760
8145.95,27941109760
8146.22,27941109760
8146.50,27941109760
8146.78,27941109760
8147.06,27941109760
8147.35,27941109760
8147.63,27941109760
8147.91,27941109760
8148.19,27941109760
8148.48,27941109760
8148.76,27941109760
8149.05,27941109760
8149.33,27941109760
8149.60,27941109760
8149.89,27941109760
8150.18,27941109760
8150.46,27941109760
8150.74,27941109760
8151.02,27941109760
8151.30,27941109760
8151.59,27941109760
8151.87,27941109760
8152.15,27941109760
8152.43,27941109760
8152.70,27941109760
8152.99,27941109760
8153.27,27941109760
8153.55,27941109760
8153.83,27941109760
8154.12,27941109760
8154.40,27941109760
8154.67,27941109760
8154.95,27941109760
8155.24,27941109760
8155.52,27941109760
8155.80,27941109760
8156.08,27941109760
8156.37,27941109760
8156.65,27941109760
8156.93,27941109760
8157.21,27941109760
8157.50,27941109760
8157.78,27941109760
8158.06,27941109760
8158.34,27941109760
8158.62,27941109760
8158.91,27941109760
8159.19,27941109760
8159.47,27941109760
8159.75,27941109760
8160.03,27941109760
8160.31,27941109760
8160.60,27941109760
8160.88,27941109760
8161.16,27941109760
8161.45,27941109760
8161.73,27941109760
8162.01,27941109760
8162.29,27941109760
8162.58,27941109760
8162.86,27941109760
8163.14,27941109760
8163.42,27941109760
8163.70,27941109760
8163.98,27941109760
8164.27,27941109760
8164.55,27941109760
8164.82,27941109760
8165.11,27941109760
8165.39,27941109760
8165.67,27941109760
8165.95,27941109760
8166.23,27941109760
8166.51,27941109760
8166.79,27941109760
8167.08,27941109760
8167.36,27941109760
8167.64,27941109760
8167.92,27941109760
8168.20,27941109760
8168.48,27941109760
8168.77,27941109760
8169.05,27941109760
8169.33,27941109760
8169.61,27941109760
8169.89,27941109760
8170.17,27941109760
8170.46,27941109760
8170.74,27941109760
8171.02,27941109760
8171.30,27941109760
8171.58,27941109760
8171.86,27941109760
8172.15,27941109760
8172.43,27941109760
8172.71,27941109760
8172.99,27941109760
8173.27,27941109760
8173.55,27941109760
8173.83,27941109760
8174.11,27941109760
8174.39,27941109760
8174.67,27941109760
8174.95,27941109760
8175.23,27941109760
8175.51,27941109760
8175.79,27941109760
8176.07,27941109760
8176.35,27941109760
8176.63,27941109760
8176.91,27941109760
8177.19,27941109760
8177.47,27941109760
8177.75,27941109760
8178.03,27941109760
8178.31,27941109760
8178.59,27941109760
8178.87,27941109760
8179.15,27941109760
8179.44,27941109760
8179.72,27941109760
8180.00,27941109760
8180.28,27941109760
8180.56,27941109760
8180.84,27941109760
8181.13,27941109760
8181.41,27941109760
8181.69,27941109760
8181.98,27941109760
8182.26,27941109760
8182.54,27941109760
8182.82,27941109760
8183.10,27941109760
8183.38,27941109760
8183.67,27941109760
8183.95,27941109760
8184.24,27941109760
8184.52,27941109760
8184.80,27941109760
8185.08,27941109760
8185.36,27941109760
8185.65,27941109760
8185.92,27941109760
8186.21,27941109760
8186.49,27941109760
8186.77,27941109760
8187.05,27941109760
8187.34,27941109760
8187.61,27941109760
8187.89,27941109760
8188.17,27941109760
8188.45,27941109760
8188.74,27941109760
8189.01,27941109760
8189.30,27941109760
8189.58,27941109760
8189.85,27941109760
8190.13,27941109760
8190.41,27941109760
8190.69,27941109760
8190.98,27941109760
8191.26,27941109760
8191.54,27941109760
8191.82,27941109760
8192.10,27941109760
8192.38,27941109760
8192.67,27941109760
8192.95,27941109760
8193.23,27941109760
8193.52,27941109760
8193.80,27941109760
8194.08,27941109760
8194.37,27941109760
8194.65,27941109760
8194.93,27941109760
8195.21,27941109760
8195.50,27941109760
8195.78,27941109760
8196.06,27941109760
8196.34,27941109760
8196.62,27941109760
8196.91,27941109760
8197.18,27941109760
8197.47,27941109760
8197.75,27941109760
8198.03,27941109760
8198.31,27941109760
8198.59,27941109760
8198.88,27941109760
8199.16,27941109760
8199.44,27941109760
8199.73,27941109760
8200.01,27941109760
8200.29,27941109760
8200.57,27941109760
8200.85,27941109760
8201.14,27941109760
8201.42,27941109760
8201.70,27941109760
8201.98,27941109760
8202.26,27941109760
8202.55,27941109760
8202.83,27941109760
8203.12,27941109760
8203.40,27941109760
8203.68,27941109760
8203.96,27941109760
8204.24,27941109760
8204.52,27941109760
8204.81,27941109760
8205.08,27941109760
8205.37,27941109760
8205.65,27941109760
8205.93,27941109760
8206.21,27941109760
8206.49,27941109760
8206.77,27941109760
8207.06,27941109760
8207.34,27941109760
8207.62,27941109760
8207.90,27941109760
8208.18,27941109760
8208.47,27941109760
8208.75,27941109760
8209.03,27941109760
8209.32,27941109760
8209.60,27941109760
8209.88,27941109760
8210.16,27941109760
8210.44,27941109760
8210.72,27941109760
8211.00,27941109760
8211.28,27941109760
8211.57,27941109760
8211.85,27941109760
8212.14,27941109760
8212.42,27941109760
8212.70,27941109760
8212.98,27941109760
8213.26,27941109760
8213.54,27941109760
8213.83,27941109760
8214.11,27941109760
8214.39,27941109760
8214.67,27941109760
8214.95,27941109760
8215.24,27941109760
8215.52,27941109760
8215.80,27941109760
8216.08,27941109760
8216.36,27941109760
8216.65,27941109760
8216.94,27941109760
8217.22,27941109760
8217.50,27941109760
8217.79,27941109760
8218.07,27941109760
8218.35,27941109760
8218.63,27941109760
8218.91,27941109760
8219.19,27941109760
8219.47,27941109760
8219.76,27941109760
8220.04,27941109760
8220.31,27941109760
8220.59,27941109760
8220.88,27941109760
8221.16,27941109760
8221.44,27941109760
8221.73,27941109760
8222.01,27941109760
8222.29,27941109760
8222.57,27941109760
8222.84,27941109760
8223.13,27941109760
8223.41,27941109760
8223.69,27941109760
8223.97,27941109760
8224.25,27941109760
8224.54,27941109760
8224.82,27941109760
8225.09,27941109760
8225.38,27941109760
8225.65,27941109760
8225.93,27941109760
8226.22,27941109760
8226.49,27941109760
8226.78,27941109760
8227.06,27941109760
8227.34,27941109760
8227.62,27941109760
8227.90,27941109760
8228.18,27941109760
8228.47,27941109760
8228.75,27941109760
8229.03,27941109760
8229.31,27941109760
8229.60,27941109760
8229.88,27941109760
8230.16,27941109760
8230.45,27941109760
8230.73,27941109760
8231.00,27941109760
8231.29,27941109760
8231.56,27941109760
8231.84,27941109760
8232.12,27941109760
8232.40,27941109760
8232.68,27941109760
8232.96,27941109760
8233.24,27941109760
8233.52,27941109760
8233.80,27941109760
8234.09,27941109760
8234.37,27941109760
8234.66,27941109760
8234.94,27941109760
8235.22,27941109760
8235.51,27941109760
8235.79,27941109760
8236.07,27941109760
8236.35,27941109760
8236.63,27941109760
8236.91,27941109760
8237.20,27941109760
8237.48,27941109760
8237.76,27941109760
8238.04,27941109760
8238.32,27941109760
8238.60,27941109760
8238.88,27941109760
8239.16,27941109760
8239.44,27941109760
8239.73,27941109760
8240.01,27941109760
8240.29,27941109760
8240.57,27941109760
8240.85,27941109760
8241.13,27941109760
8241.41,27941109760
8241.70,27941109760
8241.98,27941109760
8242.26,27941109760
8242.53,27941109760
8242.82,27941109760
8243.10,27941109760
8243.38,27941109760
8243.66,27941109760
8243.94,27941109760
8244.23,27941109760
8244.50,27941109760
8244.79,27941109760
8245.07,27941109760
8245.35,27941109760
8245.64,27941109760
8245.92,27941109760
8246.20,27941109760
8246.49,27941109760
8246.77,27941109760
8247.06,27941109760
8247.33,27941109760
8247.61,27941109760
8247.90,27941109760
8248.18,27941109760
8248.46,27941109760
8248.74,27941109760
8249.02,27941109760
8249.31,27941109760
8249.59,27941109760
8249.87,27941109760
8250.15,27941109760
8250.43,27941109760
8250.70,27941109760
8250.99,27941109760
8251.27,27941109760
8251.55,27941109760
8251.83,27941109760
8252.11,27941109760
8252.39,27941109760
8252.67,27941109760
8252.96,27941109760
8253.24,27941109760
8253.52,27941109760
8253.80,27941109760
8254.08,27941109760
8254.37,27941109760
8254.65,27941109760
8254.93,27941109760
8255.22,27941109760
8255.50,27941109760
8255.78,27941109760
8256.06,27941109760
8256.34,27941109760
8256.63,27941109760
8256.91,27941109760
8257.19,27941109760
8257.47,27941109760
8257.76,27941109760
8258.04,27941109760
8258.33,27941109760
8258.61,27941109760
8258.90,27941109760
8259.17,27941109760
8259.45,27941109760
8259.73,27941109760
8260.02,27941109760
8260.30,27941109760
8260.58,27941109760
8260.86,27941109760
8261.15,27941109760
8261.43,27941109760
8261.71,27941109760
8262.00,27941109760
8262.28,27941109760
8262.56,27941109760
8262.84,27941109760
8263.13,27941109760
8263.41,27941109760
8263.69,27941109760
8263.97,27941109760
8264.25,27941109760
8264.53,27941109760
8264.82,27941109760
8265.10,27941109760
8265.38,27941109760
8265.67,27941109760
8265.95,27941109760
8266.23,27941109760
8266.51,27941109760
8266.79,27941109760
8267.07,27941109760
8267.36,27941109760
8267.63,27941109760
8267.91,27941109760
8268.20,27941109760
8268.48,27941109760
8268.76,27941109760
8269.04,27941109760
8269.32,27941109760
8269.60,27941109760
8269.87,27941109760
8270.16,27941109760
8270.44,27941109760
8270.72,27941109760
8271.00,27941109760
8271.29,27941109760
8271.57,27941109760
8271.84,27941109760
8272.13,27941109760
8272.41,27941109760
8272.69,27941109760
8272.97,27941109760
8273.26,27941109760
8273.54,27941109760
8273.82,27941109760
8274.10,27941109760
8274.39,27941109760
8274.68,27941109760
8274.96,27941109760
8275.24,27941109760
8275.52,27941109760
8275.81,27941109760
8276.09,27941109760
8276.37,27941109760
8276.65,27941109760
8276.93,27941109760
8277.21,27941109760
8277.50,27941109760
8277.78,27941109760
8278.06,27941109760
8278.34,27941109760
8278.62,27941109760
8278.90,27941109760
8279.19,27941109760
8279.47,27941109760
8279.75,27941109760
8280.03,27941109760
8280.31,27941109760
8280.59,27941109760
8280.88,27941109760
8281.16,27941109760
8281.44,27941109760
8281.73,27941109760
8282.01,27941109760
8282.29,27941109760
8282.58,27941109760
8282.86,27941109760
8283.14,27941109760
8283.42,27941109760
8283.71,27941109760
8283.99,27941109760
8284.27,27941109760
8284.55,27941109760
8284.83,27941109760
8285.12,27941109760
8285.40,27941109760
8285.67,27941109760
8285.95,27941109760
8286.24,27941109760
8286.52,27941109760
8286.80,27941109760
8287.08,27941109760
8287.36,27941109760
8287.65,27941109760
8287.93,27941109760
8288.21,27941109760
8288.49,27941109760
8288.78,27941109760
8289.06,27941109760
8289.34,27941109760
8289.62,27941109760
8289.90,27941109760
8290.19,27941109760
8290.47,27941109760
8290.76,27941109760
8291.04,27941109760
8291.33,27941109760
8291.61,27941109760
8291.89,27941109760
8292.18,27941109760
8292.46,27941109760
8292.74,27941109760
8293.02,27941109760
8293.30,27941109760
8293.58,27941109760
8293.86,27941109760
8294.15,27941109760
8294.43,27941109760
8294.70,27941109760
8294.99,27941109760
8295.27,27941109760
8295.55,27941109760
8295.83,27941109760
8296.12,27941109760
8296.39,27941109760
8296.68,27941109760
8296.96,27941109760
8297.25,27941109760
8297.53,27941109760
8297.81,27941109760
8298.09,27941109760
8298.38,27941109760
8298.66,27941109760
8298.94,27941109760
8299.21,27941109760
8299.49,27941109760
8299.77,27941109760
8300.06,27941109760
8300.34,27941109760
8300.63,27941109760
8300.91,27941109760
8301.19,27941109760
8301.47,27941109760
8301.75,27941109760
8302.04,27941109760
8302.32,27941109760
8302.60,27941109760
8302.89,27941109760
8303.17,27941109760
8303.45,27941109760
8303.74,27941109760
8304.02,27941109760
8304.30,27941109760
8304.58,27941109760
8304.86,27941109760
8305.14,27941109760
8305.43,27941109760
8305.70,27941109760
8305.98,27941109760
8306.26,27941109760
8306.54,27941109760
8306.82,27941109760
8307.10,27941109760
8307.39,27941109760
8307.67,27941109760
8307.95,27941109760
8308.23,27941109760
8308.51,27941109760
8308.79,27941109760
8309.07,27941109760
8309.35,27941109760
8309.63,27941109760
8309.91,27941109760
8310.19,27941109760
8310.48,27941109760
8310.76,27941109760
8311.04,27941109760
8311.33,27941109760
8311.61,27941109760
8311.89,27941109760
8312.17,27941109760
8312.46,27941109760
8312.74,27941109760
8313.02,27941109760
8313.31,27941109760
8313.59,27941109760
8313.87,27941109760
8314.15,27941109760
8314.43,27941109760
8314.71,27941109760
8315.00,27941109760
8315.28,27941109760
8315.56,27941109760
8315.84,27941109760
8316.12,27941109760
8316.40,27941109760
8316.67,27941109760
8316.95,27941109760
8317.24,27941109760
8317.52,27941109760
8317.80,27941109760
8318.08,27941109760
8318.36,27941109760
8318.65,27941109760
8318.93,27941109760
8319.21,27941109760
8319.49,27941109760
8319.77,27941109760
8320.06,27941109760
8320.34,27941109760
8320.62,27941109760
8320.91,27941109760
8321.19,27941109760
8321.47,27941109760
8321.75,27941109760
8322.04,27941109760
8322.32,27941109760
8322.60,27941109760
8322.88,27941109760
8323.16,27941109760
8323.44,27941109760
8323.72,27941109760
8324.00,27941109760
8324.28,27941109760
8324.57,27941109760
8324.85,27941109760
8325.13,27941109760
8325.41,27941109760
8325.70,27941109760
8325.98,27941109760
8326.26,27941109760
8326.55,27941109760
8326.82,27941109760
8327.11,27941109760
8327.39,27941109760
8327.68,27941109760
8327.96,27941109760
8328.24,27941109760
8328.52,27941109760
8328.81,27941109760
8329.09,27941109760
8329.37,27941109760
8329.65,27941109760
8329.93,27941109760
8330.22,27941109760
8330.50,27941109760
8330.79,27941109760
8331.07,27941109760
8331.35,27941109760
8331.64,27941109760
8331.92,27941109760
8332.21,27941109760
8332.49,27941109760
8332.76,27941109760
8333.05,27941109760
8333.33,27941109760
8333.61,27941109760
8333.89,27941109760
8334.18,27941109760
8334.46,27941109760
8334.75,27941109760
8335.03,27941109760
8335.31,27941109760
8335.60,27941109760
8335.88,27941109760
8336.17,27941109760
8336.45,27941109760
8336.74,27941109760
8337.02,27941109760
8337.30,27941109760
8337.58,27941109760
8337.87,27941109760
8338.15,27941109760
8338.43,27941109760
8338.71,27941109760
8338.99,27941109760
8339.27,27941109760
8339.55,27941109760
8339.84,27941109760
8340.11,27941109760
8340.40,27941109760
8340.68,27941109760
8340.96,27941109760
8341.25,27941109760
8341.53,27941109760
8341.81,27941109760
8342.10,27941109760
8342.38,27941109760
8342.67,27941109760
8342.94,27941109760
8343.23,27941109760
8343.51,27941109760
8343.79,27941109760
8344.08,27941109760
8344.36,27941109760
8344.64,27941109760
8344.92,27941109760
8345.21,27941109760
8345.49,27941109760
8345.78,27941109760
8346.06,27941109760
8346.34,27941109760
8346.62,27941109760
8346.90,27941109760
8347.18,27941109760
8347.46,27941109760
8347.75,27941109760
8348.02,27941109760
8348.31,27941109760
8348.59,27941109760
8348.87,27941109760
8349.15,27941109760
8349.43,27941109760
8349.70,27941109760
8349.99,27941109760
8350.27,27941109760
8350.55,27941109760
8350.83,27941109760
8351.11,27941109760
8351.39,27941109760
8351.67,27941109760
8351.95,27941109760
8352.23,27941109760
8352.51,27941109760
8352.79,27941109760
8353.08,27941109760
8353.35,27941109760
8353.64,27941109760
8353.92,27941109760
8354.20,27941109760
8354.48,27941109760
8354.76,27941109760
8355.05,27941109760
8355.33,27941109760
8355.61,27941109760
8355.89,27941109760
8356.17,27941109760
8356.45,27941109760
8356.73,27941109760
8357.01,27941109760
8357.30,27941109760
8357.58,27941109760
8357.86,27941109760
8358.14,27941109760
8358.42,27941109760
8358.70,27941109760
8358.99,27941109760
8359.27,27941109760
8359.55,27941109760
8359.84,27941109760
8360.12,27941109760
8360.40,27941109760
8360.69,27941109760
8360.97,27941109760
8361.25,27941109760
8361.53,27941109760
8361.82,27941109760
8362.09,27941109760
8362.38,27941109760
8362.66,27941109760
8362.94,27941109760
8363.23,27941109760
8363.50,27941109760
8363.78,27941109760
8364.06,27941109760
8364.34,27941109760
8364.62,27941109760
8364.90,27941109760
8365.19,27941109760
8365.47,27941109760
8365.75,27941109760
8366.03,27941109760
8366.31,27941109760
8366.60,27941109760
8366.88,27941109760
8367.16,27941109760
8367.44,27941109760
8367.72,27941109760
8368.00,27941109760
8368.28,27941109760
8368.56,27941109760
8368.85,27941109760
8369.13,27941109760
8369.41,27941109760
8369.70,27941109760
8369.98,27941109760
8370.26,27941109760
8370.55,27941109760
8370.83,27941109760
8371.11,27941109760
8371.39,27941109760
8371.67,27941109760
8371.96,27941109760
8372.24,27941109760
8372.53,27941109760
8372.81,27941109760
8373.09,27941109760
8373.38,27941109760
8373.66,27941109760
8373.94,27941109760
8374.23,27941109760
8374.51,27941109760
8374.79,27941109760
8375.07,27941109760
8375.36,27941109760
8375.64,27941109760
8375.92,27941109760
8376.21,27941109760
8376.49,27941109760
8376.77,27941109760
8377.05,27941109760
8377.33,27941109760
8377.61,27941109760
8377.90,27941109760
8378.18,27941109760
8378.46,27941109760
8378.75,27941109760
8379.02,27941109760
8379.31,27941109760
8379.59,27941109760
8379.88,27941109760
8380.16,27941109760
8380.44,27941109760
8380.72,27941109760
8381.00,27941109760
8381.29,27941109760
8381.57,27941109760
8381.84,27941109760
8382.13,27941109760
8382.41,27941109760
8382.69,27941109760
8382.98,27941109760
8383.26,27941109760
8383.54,27941109760
8383.83,27941109760
8384.11,27941109760
8384.39,27941109760
8384.68,27941109760
8384.96,27941109760
8385.25,27941109760
8385.53,27941109760
8385.81,27941109760
8386.09,27941109760
8386.37,27941109760
8386.65,27941109760
8386.93,27941109760
8387.22,27941109760
8387.50,27941109760
8387.78,27941109760
8388.06,27941109760
8388.34,27941109760
8388.63,27941109760
8388.91,27941109760
8389.19,27941109760
8389.47,27941109760
8389.76,27941109760
8390.04,27941109760
8390.33,27941109760
8390.61,27941109760
8390.89,27941109760
8391.17,27941109760
8391.45,27941109760
8391.74,27941109760
8392.02,27941109760
8392.30,27941109760
8392.58,27941109760
8392.87,27941109760
8393.15,27941109760
8393.43,27941109760
8393.72,27941109760
8394.00,27941109760
8394.28,27941109760
8394.56,27941109760
8394.84,27941109760
8395.12,27941109760
8395.41,27941109760
8395.69,27941109760
8395.97,27941109760
8396.26,27941109760
8396.54,27941109760
8396.83,27941109760
8397.11,27941109760
8397.39,27941109760
8397.67,27941109760
8397.94,27941109760
8398.22,27941109760
8398.50,27941109760
8398.78,27941109760
8399.07,27941109760
8399.35,27941109760
8399.63,27941109760
8399.92,27941109760
8400.20,27941109760
8400.48,27941109760
8400.76,27941109760
8401.04,27941109760
8401.33,27941109760
8401.61,27941109760
8401.89,27941109760
8402.18,27941109760
8402.46,27941109760
8402.75,27941109760
8403.03,27941109760
8403.31,27941109760
8403.60,27941109760
8403.88,27941109760
8404.17,27941109760
8404.44,27941109760
8404.73,27941109760
8405.01,27941109760
8405.29,27941109760
8405.57,27941109760
8405.85,27941109760
8406.13,27941109760
8406.42,27941109760
8406.69,27941109760
8406.97,27941109760
8407.25,27941109760
8407.54,27941109760
8407.82,27941109760
8408.10,27941109760
8408.38,27941109760
8408.66,27941109760
8408.95,27941109760
8409.23,27941109760
8409.51,27941109760
8409.79,27941109760
8410.08,27941109760
8410.36,27941109760
8410.63,27941109760
8410.92,27941109760
8411.20,27941109760
8411.48,27941109760
8411.76,27941109760
8412.04,27941109760
8412.33,27941109760
8412.61,27941109760
8412.89,27941109760
8413.18,27941109760
8413.46,27941109760
8413.73,27941109760
8414.01,27941109760
8414.30,27941109760
8414.58,27941109760
8414.86,27941109760
8415.14,27941109760
8415.42,27941109760
8415.70,27941109760
8415.98,27941109760
8416.26,27941109760
8416.55,27941109760
8416.83,27941109760
8417.12,27941109760
8417.40,27941109760
8417.68,27941109760
8417.96,27941109760
8418.25,27941109760
8418.53,27941109760
8418.81,27941109760
8419.10,27941109760
8419.38,27941109760
8419.67,27941109760
8419.94,27941109760
8420.23,27941109760
8420.51,27941109760
8420.79,27941109760
8421.07,27941109760
8421.35,27941109760
8421.63,27941109760
8421.91,27941109760
8422.19,27941109760
8422.48,27941109760
8422.76,27941109760
8423.04,27941109760
8423.33,27941109760
8423.61,27941109760
8423.89,27941109760
8424.17,27941109760
8424.45,27941109760
8424.74,27941109760
8425.02,27941109760
8425.30,27941109760
8425.58,27941109760
8425.86,27941109760
8426.15,27941109760
8426.42,27941109760
8426.71,27941109760
8426.99,27941109760
8427.27,27941109760
8427.56,27941109760
8427.84,27941109760
8428.12,27941109760
8428.41,27941109760
8428.69,27941109760
8428.97,27941109760
8429.25,27941109760
8429.54,27941109760
8429.82,27941109760
8430.10,27941109760
8430.38,27941109760
8430.66,27941109760
8430.94,27941109760
8431.22,27941109760
8431.50,27941109760
8431.78,27941109760
8432.07,27941109760
8432.35,27941109760
8432.64,27941109760
8432.92,27941109760
8433.19,27941109760
8433.47,27941109760
8433.75,27941109760
8434.03,27941109760
8434.32,27941109760
8434.59,27941109760
8434.87,27941109760
8435.15,27941109760
8435.43,27941109760
8435.71,27941109760
8435.99,27941109760
8436.27,27941109760
8436.55,27941109760
8436.83,27941109760
8437.11,27941109760
8437.40,27941109760
8437.67,27941109760
8437.96,27941109760
8438.24,27941109760
8438.52,27941109760
8438.80,27941109760
8439.08,27941109760
8439.36,27941109760
8439.64,27941109760
8439.92,27941109760
8440.21,27941109760
8440.49,27941109760
8440.77,27941109760
8441.05,27941109760
8441.33,27941109760
8441.61,27941109760
8441.89,27941109760
8442.17,27941109760
8442.45,27941109760
8442.73,27941109760
8443.01,27941109760
8443.30,27941109760
8443.58,27941109760
8443.85,27941109760
8444.14,27941109760
8444.42,27941109760
8444.70,27941109760
8444.98,27941109760
8445.26,27941109760
8445.54,27941109760
8445.82,27941109760
8446.11,27941109760
8446.40,27941109760
8446.68,27941109760
8446.96,27941109760
8447.25,27941109760
8447.53,27941109760
8447.81,27941109760
8448.10,27941109760
8448.38,27941109760
8448.66,27941109760
8448.95,27941109760
8449.23,27941109760
8449.51,27941109760
8449.79,27941109760
8450.08,27941109760
8450.35,27941109760
8450.64,27941109760
8450.92,27941109760
8451.20,27941109760
8451.49,27941109760
8451.77,27941109760
8452.05,27941109760
8452.33,27941109760
8452.61,27941109760
8452.89,27941109760
8453.17,27941109760
8453.46,27941109760
8453.74,27941109760
8454.02,27941109760
8454.31,27941109760
8454.59,27941109760
8454.88,27941109760
8455.16,27941109760
8455.44,27941109760
8455.73,27941109760
8456.01,27941109760
8456.29,27941109760
8456.57,27941109760
8456.85,27941109760
8457.14,27941109760
8457.42,27941109760
8457.69,27941109760
8457.98,27941109760
8458.25,27941109760
8458.53,27941109760
8458.81,27941109760
8459.08,27941109760
8459.36,27941109760
8459.64,27941109760
8459.92,27941109760
8460.20,27941109760
8460.49,27941109760
8460.76,27941109760
8461.05,27941109760
8461.32,27941109760
8461.60,27941109760
8461.88,27941109760
8462.16,27941109760
8462.44,27941109760
8462.73,27941109760
8463.00,27941109760
8463.29,27941109760
8463.56,27941109760
8463.85,27941109760
8464.13,27941109760
8464.41,27941109760
8464.69,27941109760
8464.97,27941109760
8465.26,27941109760
8465.54,27941109760
8465.82,27941109760
8466.11,27941109760
8466.38,27941109760
8466.66,27941109760
8466.95,27941109760
8467.23,27941109760
8467.51,27941109760
8467.79,27941109760
8468.07,27941109760
8468.35,27941109760
8468.63,27941109760
8468.92,27941109760
8469.19,27941109760
8469.48,27941109760
8469.76,27941109760
8470.05,27941109760
8470.33,27941109760
8470.61,27941109760
8470.89,27941109760
8471.17,27941109760
8471.45,27941109760
8471.74,27941109760
8472.02,27941109760
8472.30,27941109760
8472.59,27941109760
8472.86,27941109760
8473.14,27941109760
8473.42,27941109760
8473.70,27941109760
8473.98,27941109760
8474.27,27941109760
8474.55,27941109760
8474.83,27941109760
8475.11,27941109760
8475.39,27941109760
8475.67,27941109760
8475.96,27941109760
8476.24,27941109760
8476.52,27941109760
8476.79,27941109760
8477.07,27941109760
8477.35,27941109760
8477.64,27941109760
8477.92,27941109760
8478.20,27941109760
8478.48,27941109760
8478.76,27941109760
8479.05,27941109760
8479.32,27941109760
8479.60,27941109760
8479.88,27941109760
8480.16,27941109760
8480.44,27941109760
8480.71,27941109760
8480.99,27941109760
8481.28,27941109760
8481.56,27941109760
8481.84,27941109760
8482.12,27941109760
8482.40,27941109760
8482.68,27941109760
8482.96,27941109760
8483.24,27941109760
8483.52,27941109760
8483.80,27941109760
8484.08,27941109760
8484.36,27941109760
8484.64,27941109760
8484.92,27941109760
8485.20,27941109760
8485.48,27941109760
8485.76,27941109760
8486.04,27941109760
8486.32,27941109760
8486.60,27941109760
8486.88,27941109760
8487.16,27941109760
8487.44,27941109760
8487.72,27941109760
8488.00,27941109760
8488.28,27941109760
8488.56,27941109760
8488.84,27941109760
8489.12,27941109760
8489.40,27941109760
8489.69,27941109760
8489.97,27941109760
8490.24,27941109760
8490.52,27941109760
8490.80,27941109760
8491.08,27941109760
8491.36,27941109760
8491.65,27941109760
8491.93,27941109760
8492.21,27941109760
8492.49,27941109760
8492.77,27941109760
8493.05,27941109760
8493.33,27941109760
8493.61,27941109760
8493.90,27941109760
8494.17,27941109760
8494.45,27941109760
8494.73,27941109760
8495.01,27941109760
8495.29,27941109760
8495.57,27941109760
8495.85,27941109760
8496.13,27941109760
8496.41,27941109760
8496.69,27941109760
8496.98,27941109760
8497.26,27941109760
8497.54,27941109760
8497.82,27941109760
8498.10,27941109760
8498.38,27941109760
8498.66,27941109760
8498.94,27941109760
8499.23,27941109760
8499.52,27941109760
8499.80,27941109760
8500.08,27941109760
8500.36,27941109760
8500.64,27941109760
8500.93,27941109760
8501.21,27941109760
8501.49,27941109760
8501.77,27941109760
8502.06,27941109760
8502.34,27941109760
8502.62,27941109760
8502.91,27941109760
8503.19,27941109760
8503.47,27941109760
8503.75,27941109760
8504.04,27941109760
8504.32,27941109760
8504.61,27941109760
8504.89,27941109760
8505.17,27941109760
8505.46,27941109760
8505.74,27941109760
8506.02,27941109760
8506.31,27941109760
8506.59,27941109760
8506.88,27941109760
8507.16,27941109760
8507.44,27941109760
8507.72,27941109760
8508.00,27941109760
8508.27,27941109760
8508.55,27941109760
8508.83,27941109760
8509.12,27941109760
8509.40,27941109760
8509.68,27941109760
8509.96,27941109760
8510.24,27941109760
8510.52,27941109760
8510.80,27941109760
8511.08,27941109760
8511.37,27941109760
8511.66,27941109760
8511.94,27941109760
8512.22,27941109760
8512.50,27941109760
8512.79,27941109760
8513.07,27941109760
8513.35,27941109760
8513.64,27941109760
8513.92,27941109760
8514.20,27941109760
8514.48,27941109760
8514.76,27941109760
8515.04,27941109760
8515.33,27941109760
8515.61,27941109760
8515.89,27941109760
8516.17,27941109760
8516.46,27941109760
8516.74,27941109760
8517.02,27941109760
8517.31,27941109760
8517.59,27941109760
8517.87,27941109760
8518.15,27941109760
8518.43,27941109760
8518.72,27941109760
8519.00,27941109760
8519.28,27941109760
8519.57,27941109760
8519.85,27941109760
8520.13,27941109760
8520.42,27941109760
8520.69,27941109760
8520.98,27941109760
8521.26,27941109760
8521.54,27941109760
8521.81,27941109760
8522.09,27941109760
8522.38,27941109760
8522.66,27941109760
8522.94,27941109760
8523.22,27941109760
8523.50,27941109760
8523.78,27941109760
8524.07,27941109760
8524.35,27941109760
8524.64,27941109760
8524.92,27941109760
8525.20,27941109760
8525.49,27941109760
8525.77,27941109760
8526.06,27941109760
8526.34,27941109760
8526.62,27941109760
8526.90,27941109760
8527.18,27941109760
8527.46,27941109760
8527.74,27941109760
8528.02,27941109760
8528.31,27941109760
8528.59,27941109760
8528.86,27941109760
8529.14,27941109760
8529.42,27941109760
8529.70,27941109760
8529.98,27941109760
8530.26,27941109760
8530.55,27941109760
8530.83,27941109760
8531.10,27941109760
8531.39,27941109760
8531.66,27941109760
8531.94,27941109760
8532.23,27941109760
8532.51,27941109760
8532.79,27941109760
8533.07,27941109760
8533.35,27941109760
8533.63,27941109760
8533.91,27941109760
8534.19,27941109760
8534.47,27941109760
8534.76,27941109760
8535.04,27941109760
8535.32,27941109760
8535.60,27941109760
8535.88,27941109760
8536.17,27941109760
8536.45,27941109760
8536.73,27941109760
8537.01,27941109760
8537.29,27941109760
8537.57,27941109760
8537.86,27941109760
8538.14,27941109760
8538.42,27941109760
8538.70,27941109760
8538.99,27941109760
8539.26,27941109760
8539.55,27941109760
8539.83,27941109760
8540.11,27941109760
8540.39,27941109760
8540.67,27941109760
8540.95,27941109760
8541.24,27941109760
8541.52,27941109760
8541.80,27941109760
8542.07,27941109760
8542.35,27941109760
8542.64,27941109760
8542.92,27941109760
8543.20,27941109760
8543.48,27941109760
8543.76,27941109760
8544.05,27941109760
8544.33,27941109760
8544.61,27941109760
8544.89,27941109760
8545.18,27941109760
8545.45,27941109760
8545.73,27941109760
8546.02,27941109760
8546.29,27941109760
8546.58,27941109760
8546.86,27941109760
8547.14,27941109760
8547.42,27941109760
8547.71,27941109760
8547.99,27941109760
8548.27,27941109760
8548.55,27941109760
8548.84,27941109760
8549.11,27941109760
8549.39,27941109760
8549.67,27941109760
8549.96,27941109760
8550.24,27941109760
8550.52,27941109760
8550.80,27941109760
8551.09,27941109760
8551.37,27941109760
8551.65,27941109760
8551.94,27941109760
8552.22,27941109760
8552.50,27941109760
8552.78,27941109760
8553.07,27941109760
8553.35,27941109760
8553.63,27941109760
8553.91,27941109760
8554.19,27941109760
8554.47,27941109760
8554.75,27941109760
8555.03,27941109760
8555.31,27941109760
8555.59,27941109760
8555.87,27941109760
8556.15,27941109760
8556.43,27941109760
8556.71,27941109760
8556.99,27941109760
8557.27,27941109760
8557.55,27941109760
8557.84,27941109760
8558.12,27941109760
8558.40,27941109760
8558.68,27941109760
8558.96,27941109760
8559.25,27941109760
8559.53,27941109760
8559.81,27941109760
8560.09,27941109760
8560.38,27941109760
8560.66,27941109760
8560.94,27941109760
8561.22,27941109760
8561.51,27941109760
8561.79,27941109760
8562.06,27941109760
8562.35,27941109760
8562.63,27941109760
8562.91,27941109760
8563.19,27941109760
8563.48,27941109760
8563.75,27941109760
8564.03,27941109760
8564.31,27941109760
8564.59,27941109760
8564.87,27941109760
8565.16,27941109760
8565.44,27941109760
8565.72,27941109760
8566.00,27941109760
8566.28,27941109760
8566.57,27941109760
8566.85,27941109760
8567.12,27941109760
8567.40,27941109760
8567.68,27941109760
8567.97,27941109760
8568.25,27941109760
8568.53,27941109760
8568.81,27941109760
8569.09,27941109760
8569.37,27941109760
8569.65,27941109760
8569.93,27941109760
8570.21,27941109760
8570.49,27941109760
8570.77,27941109760
8571.06,27941109760
8571.34,27941109760
8571.62,27941109760
8571.90,27941109760
8572.18,27941109760
8572.46,27941109760
8572.74,27941109760
8573.03,27941109760
8573.31,27941109760
8573.59,27941109760
8573.88,27941109760
8574.15,27941109760
8574.43,27941109760
8574.72,27941109760
8575.00,27941109760
8575.28,27941109760
8575.56,27941109760
8575.85,27941109760
8576.13,27941109760
8576.41,27941109760
8576.69,27941109760
8576.98,27941109760
8577.26,27941109760
8577.54,27941109760
8577.82,27941109760
8578.10,27941109760
8578.39,27941109760
8578.66,27941109760
8578.94,27941109760
8579.22,27941109760
8579.50,27941109760
8579.78,27941109760
8580.06,27941109760
8580.35,27941109760
8580.64,27941109760
8580.91,27941109760
8581.20,27941109760
8581.48,27941109760
8581.76,27941109760
8582.05,27941109760
8582.33,27941109760
8582.62,27941109760
8582.90,27941109760
8583.17,27941109760
8583.46,27941109760
8583.74,27941109760
8584.02,27941109760
8584.30,27941109760
8584.58,27941109760
8584.86,27941109760
8585.14,27941109760
8585.42,27941109760
8585.71,27941109760
8585.99,27941109760
8586.27,27941109760
8586.56,27941109760
8586.84,27941109760
8587.11,27941109760
8587.40,27941109760
8587.68,27941109760
8587.96,27941109760
8588.25,27941109760
8588.53,27941109760
8588.81,27941109760
8589.09,27941109760
8589.37,27941109760
8589.65,27941109760
8589.93,27941109760
8590.21,27941109760
8590.50,27941109760
8590.78,27941109760
8591.07,27941109760
8591.35,27941109760
8591.63,27941109760
8591.92,27941109760
8592.20,27941109760
8592.48,27941109760
8592.77,27941109760
8593.05,27941109760
8593.33,27941109760
8593.61,27941109760
8593.89,27941109760
8594.17,27941109760
8594.46,27941109760
8594.74,27941109760
8595.02,27941109760
8595.30,27941109760
8595.58,27941109760
8595.86,27941109760
8596.14,27941109760
8596.42,27941109760
8596.70,27941109760
8596.99,27941109760
8597.27,27941109760
8597.55,27941109760
8597.83,27941109760
8598.12,27941109760
8598.40,27941109760
8598.69,27941109760
8598.97,27941109760
8599.25,27941109760
8599.53,27941109760
8599.81,27941109760
8600.09,27941109760
8600.38,27941109760
8600.66,27941109760
8600.94,27941109760
8601.22,27941109760
8601.50,27941109760
8601.78,27941109760
8602.07,27941109760
8602.35,27941109760
8602.63,27941109760
8602.91,27941109760
8603.19,27941109760
8603.48,27941109760
8603.77,27941109760
8604.05,27941109760
8604.33,27941109760
8604.61,27941109760
8604.90,27941109760
8605.18,27941109760
8605.46,27941109760
8605.73,27941109760
8606.01,27941109760
8606.30,27941109760
8606.58,27941109760
8606.86,27941109760
8607.14,27941109760
8607.42,27941109760
8607.70,27941109760
8607.99,27941109760
8608.27,27941109760
8608.55,27941109760
8608.83,27941109760
8609.11,27941109760
8609.39,27941109760
8609.67,27941109760
8609.96,27941109760
8610.24,27941109760
8610.52,27941109760
8610.80,27941109760
8611.08,27941109760
8611.36,27941109760
8611.64,27941109760
8611.93,27941109760
8612.21,27941109760
8612.49,27941109760
8612.77,27941109760
8613.06,27941109760
8613.34,27941109760
8613.62,27941109760
8613.91,27941109760
8614.18,27941109760
8614.47,27941109760
8614.75,27941109760
8615.03,27941109760
8615.31,27941109760
8615.60,27941109760
8615.88,27941109760
8616.16,27941109760
8616.44,27941109760
8616.72,27941109760
8617.00,27941109760
8617.29,27941109760
8617.57,27941109760
8617.86,27941109760
8618.13,27941109760
8618.41,27941109760
8618.69,27941109760
8618.97,27941109760
8619.26,27941109760
8619.54,27941109760
8619.83,27941109760
8620.11,27941109760
8620.40,27941109760
8620.67,27941109760
8620.95,27941109760
8621.23,27941109760
8621.51,27941109760
8621.79,27941109760
8622.07,27941109760
8622.35,27941109760
8622.63,27941109760
8622.91,27941109760
8623.19,27941109760
8623.47,27941109760
8623.75,27941109760
8624.03,27941109760
8624.31,27941109760
8624.59,27941109760
8624.87,27941109760
8625.15,27941109760
8625.42,27941109760
8625.71,27941109760
8625.99,27941109760
8626.27,27941109760
8626.56,27941109760
8626.84,27941109760
8627.12,27941109760
8627.39,27941109760
8627.68,27941109760
8627.97,27941109760
8628.25,27941109760
8628.53,27941109760
8628.82,27941109760
8629.10,27941109760
8629.38,27941109760
8629.67,27941109760
8629.95,27941109760
8630.23,27941109760
8630.52,27941109760
8630.80,27941109760
8631.07,27941109760
8631.35,27941109760
8631.64,27941109760
8631.91,27941109760
8632.20,27941109760
8632.48,27941109760
8632.76,27941109760
8633.05,27941109760
8633.33,27941109760
8633.61,27941109760
8633.89,27941109760
8634.17,27941109760
8634.45,27941109760
8634.74,27941109760
8635.01,27941109760
8635.30,27941109760
8635.57,27941109760
8635.85,27941109760
8636.14,27941109760
8636.42,27941109760
8636.70,27941109760
8636.98,27941109760
8637.27,27941109760
8637.54,27941109760
8637.82,27941109760
8638.10,27941109760
8638.39,27941109760
8638.67,27941109760
8638.95,27941109760
8639.24,27941109760
8639.52,27941109760
8639.80,27941109760
8640.09,27941109760
8640.38,27941109760
8640.66,27941109760
8640.94,27941109760
8641.23,27941109760
8641.51,27941109760
8641.79,27941109760
8642.08,27941109760
8642.36,27941109760
8642.64,27941109760
8642.92,27941109760
8643.21,27941109760
8643.49,27941109760
8643.77,27941109760
8644.05,27941109760
8644.33,27941109760
8644.61,27941109760
8644.90,27941109760
8645.18,27941109760
8645.46,27941109760
8645.74,27941109760
8646.02,27941109760
8646.30,27941109760
8646.58,27941109760
8646.86,27941109760
8647.14,27941109760
8647.42,27941109760
8647.70,27941109760
8647.98,27941109760
8648.26,27941109760
8648.54,27941109760
8648.83,27941109760
8649.11,27941109760
8649.39,27941109760
8649.68,27941109760
8649.96,27941109760
8650.23,27941109760
8650.51,27941109760
8650.80,27941109760
8651.08,27941109760
8651.36,27941109760
8651.65,27941109760
8651.93,27941109760
8652.21,27941109760
8652.49,27941109760
8652.77,27941109760
8653.05,27941109760
8653.33,27941109760
8653.61,27941109760
8653.89,27941109760
8654.18,27941109760
8654.46,27941109760
8654.74,27941109760
8655.01,27941109760
8655.30,27941109760
8655.58,27941109760
8655.86,27941109760
8656.15,27941109760
8656.43,27941109760
8656.71,27941109760
8656.99,27941109760
8657.27,27941109760
8657.56,27941109760
8657.84,27941109760
8658.12,27941109760
8658.41,27941109760
8658.69,27941109760
8658.97,27941109760
8659.25,27941109760
8659.54,27941109760
8659.82,27941109760
8660.10,27941109760
8660.38,27941109760
8660.67,27941109760
8660.95,27941109760
8661.23,27941109760
8661.52,27941109760
8661.80,27941109760
8662.08,27941109760
8662.36,27941109760
8662.64,27941109760
8662.92,27941109760
8663.20,27941109760
8663.49,27941109760
8663.77,27941109760
8664.06,27941109760
8664.34,27941109760
8664.62,27941109760
8664.90,27941109760
8665.18,27941109760
8665.46,27941109760
8665.74,27941109760
8666.02,27941109760
8666.30,27941109760
8666.58,27941109760
8666.86,27941109760
8667.15,27941109760
8667.43,27941109760
8667.70,27941109760
8667.98,27941109760
8668.26,27941109760
8668.55,27941109760
8668.83,27941109760
8669.11,27941109760
8669.39,27941109760
8669.67,27941109760
8669.95,27941109760
8670.24,27941109760
8670.52,27941109760
8670.80,27941109760
8671.08,27941109760
8671.35,27941109760
8671.63,27941109760
8671.92,27941109760
8672.20,27941109760
8672.48,27941109760
8672.76,27941109760
8673.04,27941109760
8673.33,27941109760
8673.60,27941109760
8673.89,27941109760
8674.17,27941109760
8674.45,27941109760
8674.73,27941109760
8675.01,27941109760
8675.30,27941109760
8675.58,27941109760
8675.86,27941109760
8676.13,27941109760
8676.42,27941109760
8676.70,27941109760
8676.99,27941109760
8677.27,27941109760
8677.55,27941109760
8677.84,27941109760
8678.12,27941109760
8678.41,27941109760
8678.69,27941109760
8678.98,27941109760
8679.26,27941109760
8679.54,27941109760
8679.82,27941109760
8680.10,27941109760
8680.38,27941109760
8680.66,27941109760
8680.94,27941109760
8681.23,27941109760
8681.51,27941109760
8681.79,27941109760
8682.08,27941109760
8682.36,27941109760
8682.64,27941109760
8682.92,27941109760
8683.21,27941109760
8683.49,27941109760
8683.77,27941109760
8684.06,27941109760
8684.34,27941109760
8684.62,27941109760
8684.90,27941109760
8685.19,27941109760
8685.47,27941109760
8685.76,27941109760
8686.04,27941109760
8686.32,27941109760
8686.60,27941109760
8686.89,27941109760
8687.17,27941109760
8687.45,27941109760
8687.74,27941109760
8688.02,27941109760
8688.31,27941109760
8688.59,27941109760
8688.87,27941109760
8689.15,27941109760
8689.43,27941109760
8689.72,27941109760
8690.00,27941109760
8690.28,27941109760
8690.56,27941109760
8690.84,27941109760
8691.13,27941109760
8691.42,27941109760
8691.70,27941109760
8691.98,27941109760
8692.26,27941109760
8692.55,27941109760
8692.83,27941109760
8693.11,27941109760
8693.39,27941109760
8693.67,27941109760
8693.95,27941109760
8694.23,27941109760
8694.52,27941109760
8694.80,27941109760
8695.08,27941109760
8695.37,27941109760
8695.65,27941109760
8695.93,27941109760
8696.22,27941109760
8696.50,27941109760
8696.78,27941109760
8697.06,27941109760
8697.34,27941109760
8697.63,27941109760
8697.91,27941109760
8698.19,27941109760
8698.47,27941109760
8698.75,27941109760
8699.03,27941109760
8699.32,27941109760
8699.60,27941109760
8699.88,27941109760
8700.16,27941109760
8700.45,27941109760
8700.73,27941109760
8701.01,27941109760
8701.29,27941109760
8701.57,27941109760
8701.85,27941109760
8702.14,27941109760
8702.42,27941109760
8702.70,27941109760
8702.99,27941109760
8703.27,27941109760
8703.55,27941109760
8703.83,27941109760
8704.12,27941109760
8704.40,27941109760
8704.68,27941109760
8704.96,27941109760
8705.25,27941109760
8705.52,27941109760
8705.81,27941109760
8706.09,27941109760
8706.37,27941109760
8706.65,27941109760
8706.93,27941109760
8707.22,27941109760
8707.50,27941109760
8707.78,27941109760
8708.07,27941109760
8708.34,27941109760
8708.63,27941109760
8708.92,27941109760
8709.20,27941109760
8709.48,27941109760
8709.75,27941109760
8710.04,27941109760
8710.32,27941109760
8710.60,27941109760
8710.89,27941109760
8711.17,27941109760
8711.45,27941109760
8711.73,27941109760
8712.01,27941109760
8712.29,27941109760
8712.58,27941109760
8712.86,27941109760
8713.14,27941109760
8713.42,27941109760
8713.70,27941109760
8713.99,27941109760
8714.27,27941109760
8714.55,27941109760
8714.83,27941109760
8715.11,27941109760
8715.39,27941109760
8715.67,27941109760
8715.96,27941109760
8716.24,27941109760
8716.53,27941109760
8716.81,27941109760
8717.09,27941109760
8717.37,27941109760
8717.66,27941109760
8717.94,27941109760
8718.22,27941109760
8718.49,27941109760
8718.77,27941109760
8719.06,27941109760
8719.33,27941109760
8719.61,27941109760
8719.90,27941109760
8720.18,27941109760
8720.46,27941109760
8720.74,27941109760
8721.02,27941109760
8721.31,27941109760
8721.58,27941109760
8721.87,27941109760
8722.16,27941109760
8722.44,27941109760
8722.72,27941109760
8723.00,27941109760
8723.29,27941109760
8723.57,27941109760
8723.85,27941109760
8724.14,27941109760
8724.42,27941109760
8724.70,27941109760
8724.98,27941109760
8725.26,27941109760
8725.54,27941109760
8725.82,27941109760
8726.10,27941109760
8726.38,27941109760
8726.66,27941109760
8726.95,27941109760
8727.23,27941109760
8727.51,27941109760
8727.79,27941109760
8728.07,27941109760
8728.35,27941109760
8728.64,27941109760
8728.92,27941109760
8729.19,27941109760
8729.47,27941109760
8729.76,27941109760
8730.04,27941109760
8730.32,27941109760
8730.61,27941109760
8730.89,27941109760
8731.17,27941109760
8731.45,27941109760
8731.74,27941109760
8732.01,27941109760
8732.29,27941109760
8732.58,27941109760
8732.86,27941109760
8733.14,27941109760
8733.42,27941109760
8733.70,27941109760
8733.98,27941109760
8734.26,27941109760
8734.55,27941109760
8734.83,27941109760
8735.11,27941109760
8735.39,27941109760
8735.67,27941109760
8735.95,27941109760
8736.24,27941109760
8736.52,27941109760
8736.80,27941109760
8737.08,27941109760
8737.36,27941109760
8737.64,27941109760
8737.92,27941109760
8738.20,27941109760
8738.49,27941109760
8738.77,27941109760
8739.05,27941109760
8739.33,27941109760
8739.61,27941109760
8739.90,27941109760
8740.18,27941109760
8740.46,27941109760
8740.74,27941109760
8741.02,27941109760
8741.30,27941109760
8741.58,27941109760
8741.86,27941109760
8742.15,27941109760
8742.43,27941109760
8742.71,27941109760
8742.98,27941109760
8743.27,27941109760
8743.55,27941109760
8743.83,27941109760
8744.12,27941109760
8744.40,27941109760
8744.68,27941109760
8744.97,27941109760
8745.25,27941109760
8745.53,27941109760
8745.81,27941109760
8746.09,27941109760
8746.37,27941109760
8746.65,27941109760
8746.93,27941109760
8747.22,27941109760
8747.50,27941109760
8747.78,27941109760
8748.06,27941109760
8748.34,27941109760
8748.61,27941109760
8748.90,27941109760
8749.18,27941109760
8749.47,27941109760
8749.75,27941109760
8750.03,27941109760
8750.32,27941109760
8750.60,27941109760
8750.89,27941109760
8751.16,27941109760
8751.44,27941109760
8751.73,27941109760
8752.01,27941109760
8752.30,27941109760
8752.58,27941109760
8752.86,27941109760
8753.14,27941109760
8753.43,27941109760
8753.71,27941109760
8753.99,27941109760
8754.27,27941109760
8754.56,27941109760
8754.84,27941109760
8755.12,27941109760
8755.40,27941109760
8755.68,27941109760
8755.97,27941109760
8756.25,27941109760
8756.53,27941109760
8756.82,27941109760
8757.10,27941109760
8757.38,27941109760
8757.66,27941109760
8757.94,27941109760
8758.22,27941109760
8758.50,27941109760
8758.78,27941109760
8759.06,27941109760
8759.34,27941109760
8759.62,27941109760
8759.90,27941109760
8760.18,27941109760
8760.47,27941109760
8760.75,27941109760
8761.04,27941109760
8761.32,27941109760
8761.60,27941109760
8761.89,27941109760
8762.17,27941109760
8762.46,27941109760
8762.75,27941109760
8763.02,27941109760
8763.31,27941109760
8763.59,27941109760
8763.88,27941109760
8764.16,27941109760
8764.44,27941109760
8764.73,27941109760
8765.01,27941109760
8765.28,27941109760
8765.57,27941109760
8765.85,27941109760
8766.14,27941109760
8766.42,27941109760
8766.70,27941109760
8766.98,27941109760
8767.26,27941109760
8767.54,27941109760
8767.82,27941109760
8768.09,27941109760
8768.38,27941109760
8768.66,27941109760
8768.94,27941109760
8769.23,27941109760
8769.51,27941109760
8769.79,27941109760
8770.07,27941109760
8770.35,27941109760
8770.64,27941109760
8770.92,27941109760
8771.20,27941109760
8771.49,27941109760
8771.77,27941109760
8772.05,27941109760
8772.34,27941109760
8772.62,27941109760
8772.90,27941109760
8773.18,27941109760
8773.46,27941109760
8773.75,27941109760
8774.03,27941109760
8774.31,27941109760
8774.59,27941109760
8774.88,27941109760
8775.15,27941109760
8775.44,27941109760
8775.72,27941109760
8775.99,27941109760
8776.27,27941109760
8776.55,27941109760
8776.83,27941109760
8777.12,27941109760
8777.40,27941109760
8777.69,27941109760
8777.96,27941109760
8778.24,27941109760
8778.53,27941109760
8778.81,27941109760
8779.09,27941109760
8779.36,27941109760
8779.65,27941109760
8779.93,27941109760
8780.21,27941109760
8780.50,27941109760
8780.78,27941109760
8781.06,27941109760
8781.34,27941109760
8781.62,27941109760
8781.90,27941109760
8782.18,27941109760
8782.46,27941109760
8782.74,27941109760
8783.02,27941109760
8783.31,27941109760
8783.59,27941109760
8783.88,27941109760
8784.16,27941109760
8784.44,27941109760
8784.72,27941109760
8785.00,27941109760
8785.28,27941109760
8785.56,27941109760
8785.84,27941109760
8786.12,27941109760
8786.40,27941109760
8786.69,27941109760
8786.97,27941109760
8787.25,27941109760
8787.54,27941109760
8787.83,27941109760
8788.11,27941109760
8788.39,27941109760
8788.67,27941109760
8788.95,27941109760
8789.24,27941109760
8789.52,27941109760
8789.80,27941109760
8790.09,27941109760
8790.37,27941109760
8790.65,27941109760
8790.93,27941109760
8791.21,27941109760
8791.49,27941109760
8791.77,27941109760
8792.06,27941109760
8792.34,27941109760
8792.62,27941109760
8792.91,27941109760
8793.19,27941109760
8793.47,27941109760
8793.75,27941109760
8794.03,27941109760
8794.31,27941109760
8794.60,27941109760
8794.88,27941109760
8795.16,27941109760
8795.44,27941109760
8795.73,27941109760
8796.00,27941109760
8796.28,27941109760
8796.57,27941109760
8796.85,27941109760
8797.12,27941109760
8797.41,27941109760
8797.69,27941109760
8797.97,27941109760
8798.25,27941109760
8798.53,27941109760
8798.81,27941109760
8799.09,27941109760
8799.37,27941109760
8799.65,27941109760
8799.93,27941109760
8800.21,27941109760
8800.50,27941109760
8800.78,27941109760
8801.07,27941109760
8801.35,27941109760
8801.63,27941109760
8801.92,27941109760
8802.20,27941109760
8802.48,27941109760
8802.75,27941109760
8803.03,27941109760
8803.31,27941109760
8803.59,27941109760
8803.87,27941109760
8804.15,27941109760
8804.43,27941109760
8804.71,27941109760
8804.99,27941109760
8805.27,27941109760
8805.56,27941109760
8805.84,27941109760
8806.13,27941109760
8806.41,27941109760
8806.69,27941109760
8806.98,27941109760
8807.26,27941109760
8807.53,27941109760
8807.82,27941109760
8808.09,27941109760
8808.38,27941109760
8808.66,27941109760
8808.94,27941109760
8809.23,27941109760
8809.51,27941109760
8809.79,27941109760
8810.07,27941109760
8810.36,27941109760
8810.64,27941109760
8810.93,27941109760
8811.22,27941109760
8811.50,27941109760
8811.77,27941109760
8812.06,27941109760
8812.34,27941109760
8812.62,27941109760
8812.91,27941109760
8813.19,27941109760
8813.46,27941109760
8813.74,27941109760
8814.02,27941109760
8814.30,27941109760
8814.58,27941109760
8814.86,27941109760
8815.15,27941109760
8815.43,27941109760
8815.71,27941109760
8815.99,27941109760
8816.26,27941109760
8816.55,27941109760
8816.83,27941109760
8817.11,27941109760
8817.40,27941109760
8817.67,27941109760
8817.96,27941109760
8818.24,27941109760
8818.52,27941109760
8818.80,27941109760
8819.09,27941109760
8819.37,27941109760
8819.65,27941109760
8819.93,27941109760
8820.21,27941109760
8820.50,27941109760
8820.78,27941109760
8821.06,27941109760
8821.34,27941109760
8821.62,27941109760
8821.91,27941109760
8822.18,27941109760
8822.47,27941109760
8822.76,27941109760
8823.04,27941109760
8823.33,27941109760
8823.61,27941109760
8823.89,27941109760
8824.17,27941109760
8824.45,27941109760
8824.74,27941109760
8825.02,27941109760
8825.30,27941109760
8825.58,27941109760
8825.87,27941109760
8826.16,27941109760
8826.44,27941109760
8826.72,27941109760
8827.00,27941109760
8827.28,27941109760
8827.57,27941109760
8827.85,27941109760
8828.14,27941109760
8828.42,27941109760
8828.70,27941109760
8828.98,27941109760
8829.26,27941109760
8829.55,27941109760
8829.83,27941109760
8830.11,27941109760
8830.39,27941109760
8830.67,27941109760
8830.96,27941109760
8831.24,27941109760
8831.51,27941109760
8831.80,27941109760
8832.08,27941109760
8832.36,27941109760
8832.64,27941109760
8832.92,27941109760
8833.20,27941109760
8833.49,27941109760
8833.78,27941109760
8834.05,27941109760
8834.34,27941109760
8834.62,27941109760
8834.90,27941109760
8835.18,27941109760
8835.46,27941109760
8835.74,27941109760
8836.02,27941109760
8836.30,27941109760
8836.58,27941109760
8836.87,27941109760
8837.15,27941109760
8837.43,27941109760
8837.72,27941109760
8838.00,27941109760
8838.27,27941109760
8838.55,27941109760
8838.83,27941109760
8839.12,27941109760
8839.40,27941109760
8839.68,27941109760
8839.97,27941109760
8840.25,27941109760
8840.53,27941109760
8840.82,27941109760
8841.10,27941109760
8841.38,27941109760
8841.66,27941109760
8841.95,27941109760
8842.23,27941109760
8842.51,27941109760
8842.79,27941109760
8843.08,27941109760
8843.36,27941109760
8843.64,27941109760
8843.92,27941109760
8844.20,27941109760
8844.49,27941109760
8844.77,27941109760
8845.06,27941109760
8845.34,27941109760
8845.62,27941109760
8845.91,27941109760
8846.19,27941109760
8846.47,27941109760
8846.75,27941109760
8847.03,27941109760
8847.31,27941109760
8847.60,27941109760
8847.88,27941109760
8848.16,27941109760
8848.44,27941109760
8848.72,27941109760
8849.00,27941109760
8849.28,27941109760
8849.57,27941109760
8849.85,27941109760
8850.13,27941109760
8850.42,27941109760
8850.70,27941109760
8850.99,27941109760
8851.27,27941109760
8851.56,27941109760
8851.84,27941109760
8852.12,27941109760
8852.41,27941109760
8852.68,27941109760
8852.97,27941109760
8853.25,27941109760
8853.53,27941109760
8853.81,27941109760
8854.09,27941109760
8854.38,27941109760
8854.66,27941109760
8854.94,27941109760
8855.22,27941109760
8855.49,27941109760
8855.78,27941109760
8856.06,27941109760
8856.34,27941109760
8856.62,27941109760
8856.91,27941109760
8857.19,27941109760
8857.47,27941109760
8857.75,27941109760
8858.03,27941109760
8858.31,27941109760
8858.59,27941109760
8858.88,27941109760
8859.16,27941109760
8859.44,27941109760
8859.72,27941109760
8860.00,27941109760
8860.28,27941109760
8860.56,27941109760
8860.84,27941109760
8861.12,27941109760
8861.40,27941109760
8861.68,27941109760
8861.97,27941109760
8862.25,27941109760
8862.54,27941109760
8862.82,27941109760
8863.09,27941109760
8863.38,27941109760
8863.66,27941109760
8863.94,27941109760
8864.22,27941109760
8864.51,27941109760
8864.79,27941109760
8865.07,27941109760
8865.36,27941109760
8865.64,27941109760
8865.92,27941109760
8866.20,27941109760
8866.48,27941109760
8866.76,27941109760
8867.05,27941109760
8867.32,27941109760
8867.61,27941109760
8867.89,27941109760
8868.17,27941109760
8868.45,27941109760
8868.73,27941109760
8869.01,27941109760
8869.29,27941109760
8869.57,27941109760
8869.85,27941109760
8870.14,27941109760
8870.42,27941109760
8870.71,27941109760
8870.99,27941109760
8871.27,27941109760
8871.56,27941109760
8871.84,27941109760
8872.13,27941109760
8872.41,27941109760
8872.69,27941109760
8872.98,27941109760
8873.26,27941109760
8873.55,27941109760
8873.83,27941109760
8874.11,27941109760
8874.39,27941109760
8874.67,27941109760
8874.95,27941109760
8875.23,27941109760
8875.51,27941109760
8875.80,27941109760
8876.08,27941109760
8876.36,27941109760
8876.64,27941109760
8876.92,27941109760
8877.20,27941109760
8877.48,27941109760
8877.76,27941109760
8878.05,27941109760
8878.33,27941109760
8878.62,27941109760
8878.90,27941109760
8879.19,27941109760
8879.47,27941109760
8879.76,27941109760
8880.04,27941109760
8880.32,27941109760
8880.60,27941109760
8880.88,27941109760
8881.17,27941109760
8881.45,27941109760
8881.73,27941109760
8882.01,27941109760
8882.30,27941109760
8882.58,27941109760
8882.86,27941109760
8883.14,27941109760
8883.42,27941109760
8883.70,27941109760
8883.99,27941109760
8884.27,27941109760
8884.55,27941109760
8884.84,27941109760
8885.12,27941109760
8885.40,27941109760
8885.68,27941109760
8885.97,27941109760
8886.25,27941109760
8886.53,27941109760
8886.81,27941109760
8887.09,27941109760
8887.37,27941109760
8887.66,27941109760
8887.94,27941109760
8888.23,27941109760
8888.50,27941109760
8888.79,27941109760
8889.07,27941109760
8889.35,27941109760
8889.63,27941109760
8889.92,27941109760
8890.19,27941109760
8890.47,27941109760
8890.76,27941109760
8891.04,27941109760
8891.32,27941109760
8891.60,27941109760
8891.88,27941109760
8892.16,27941109760
8892.44,27941109760
8892.72,27941109760
8893.00,27941109760
8893.29,27941109760
8893.57,27941109760
8893.85,27941109760
8894.13,27941109760
8894.42,27941109760
8894.70,27941109760
8894.99,27941109760
8895.27,27941109760
8895.55,27941109760
8895.84,27941109760
8896.12,27941109760
8896.41,27941109760
8896.69,27941109760
8896.98,27941109760
8897.26,27941109760
8897.54,27941109760
8897.82,27941109760
8898.11,27941109760
8898.39,27941109760
8898.67,27941109760
8898.95,27941109760
8899.23,27941109760
8899.51,27941109760
8899.79,27941109760
8900.08,27941109760
8900.36,27941109760
8900.65,27941109760
8900.92,27941109760
8901.20,27941109760
8901.49,27941109760
8901.77,27941109760
8902.06,27941109760
8902.34,27941109760
8902.62,27941109760
8902.91,27941109760
8903.19,27941109760
8903.46,27941109760
8903.75,27941109760
8904.03,27941109760
8904.31,27941109760
8904.60,27941109760
8904.87,27941109760
8905.16,27941109760
8905.44,27941109760
8905.72,27941109760
8906.00,27941109760
8906.28,27941109760
8906.57,27941109760
8906.85,27941109760
8907.13,27941109760
8907.41,27941109760
8907.69,27941109760
8907.98,27941109760
8908.26,27941109760
8908.54,27941109760
8908.83,27941109760
8909.11,27941109760
8909.39,27941109760
8909.66,27941109760
8909.95,27941109760
8910.22,27941109760
8910.51,27941109760
8910.79,27941109760
8911.07,27941109760
8911.35,27941109760
8911.64,27941109760
8911.92,27941109760
8912.20,27941109760
8912.48,27941109760
8912.76,27941109760
8913.04,27941109760
8913.32,27941109760
8913.60,27941109760
8913.88,27941109760
8914.16,27941109760
8914.45,27941109760
8914.73,27941109760
8915.01,27941109760
8915.29,27941109760
8915.58,27941109760
8915.85,27941109760
8916.13,27941109760
8916.42,27941109760
8916.70,27941109760
8916.98,27941109760
8917.26,27941109760
8917.55,27941109760
8917.83,27941109760
8918.11,27941109760
8918.39,27941109760
8918.67,27941109760
8918.95,27941109760
8919.23,27941109760
8919.51,27941109760
8919.79,27941109760
8920.07,27941109760
8920.35,27941109760
8920.64,27941109760
8920.92,27941109760
8921.20,27941109760
8921.49,27941109760
8921.77,27941109760
8922.05,27941109760
8922.33,27941109760
8922.61,27941109760
8922.89,27941109760
8923.17,27941109760
8923.46,27941109760
8923.74,27941109760
8924.03,27941109760
8924.30,27941109760
8924.58,27941109760
8924.86,27941109760
8925.14,27941109760
8925.43,27941109760
8925.70,27941109760
8925.99,27941109760
8926.27,27941109760
8926.55,27941109760
8926.83,27941109760
8927.11,27941109760
8927.39,27941109760
8927.67,27941109760
8927.95,27941109760
8928.24,27941109760
8928.52,27941109760
8928.81,27941109760
8929.09,27941109760
8929.37,27941109760
8929.65,27941109760
8929.93,27941109760
8930.21,27941109760
8930.50,27941109760
8930.78,27941109760
8931.07,27941109760
8931.35,27941109760
8931.63,27941109760
8931.91,27941109760
8932.19,27941109760
8932.47,27941109760
8932.76,27941109760
8933.04,27941109760
8933.32,27941109760
8933.60,27941109760
8933.89,27941109760
8934.17,27941109760
8934.45,27941109760
8934.73,27941109760
8935.01,27941109760
8935.30,27941109760
8935.58,27941109760
8935.86,27941109760
8936.14,27941109760
8936.43,27941109760
8936.71,27941109760
8937.00,27941109760
8937.28,27941109760
8937.56,27941109760
8937.85,27941109760
8938.13,27941109760
8938.41,27941109760
8938.69,27941109760
8938.97,27941109760
8939.25,27941109760
8939.54,27941109760
8939.81,27941109760
8940.09,27941109760
8940.37,27941109760
8940.65,27941109760
8940.94,27941109760
8941.22,27941109760
8941.50,27941109760
8941.78,27941109760
8942.07,27941109760
8942.35,27941109760
8942.63,27941109760
8942.92,27941109760
8943.19,27941109760
8943.48,27941109760
8943.76,27941109760
8944.04,27941109760
8944.32,27941109760
8944.61,27941109760
8944.89,27941109760
8945.17,27941109760
8945.46,27941109760
8945.74,27941109760
8946.02,27941109760
8946.31,27941109760
8946.58,27941109760
8946.87,27941109760
8947.15,27941109760
8947.43,27941109760
8947.72,27941109760
8948.00,27941109760
8948.28,27941109760
8948.56,27941109760
8948.84,27941109760
8949.13,27941109760
8949.41,27941109760
8949.69,27941109760
8949.98,27941109760
8950.26,27941109760
8950.54,27941109760
8950.82,27941109760
8951.09,27941109760
8951.37,27941109760
8951.65,27941109760
8951.93,27941109760
8952.21,27941109760
8952.49,27941109760
8952.77,27941109760
8953.06,27941109760
8953.33,27941109760
8953.62,27941109760
8953.90,27941109760
8954.18,27941109760
8954.47,27941109760
8954.75,27941109760
8955.03,27941109760
8955.31,27941109760
8955.59,27941109760
8955.88,27941109760
8956.16,27941109760
8956.44,27941109760
8956.72,27941109760
8957.00,27941109760
8957.29,27941109760
8957.57,27941109760
8957.85,27941109760
8958.12,27941109760
8958.41,27941109760
8958.69,27941109760
8958.97,27941109760
8959.25,27941109760
8959.54,27941109760
8959.82,27941109760
8960.10,27941109760
8960.38,27941109760
8960.66,27941109760
8960.95,27941109760
8961.23,27941109760
8961.51,27941109760
8961.80,27941109760
8962.08,27941109760
8962.36,27941109760
8962.64,27941109760
8962.92,27941109760
8963.20,27941109760
8963.48,27941109760
8963.77,27941109760
8964.05,27941109760
8964.33,27941109760
8964.61,27941109760
8964.89,27941109760
8965.17,27941109760
8965.45,27941109760
8965.73,27941109760
8966.01,27941109760
8966.29,27941109760
8966.57,27941109760
8966.86,27941109760
8967.14,27941109760
8967.42,27941109760
8967.70,27941109760
8967.99,27941109760
8968.27,27941109760
8968.56,27941109760
8968.84,27941109760
8969.12,27941109760
8969.40,27941109760
8969.68,27941109760
8969.96,27941109760
8970.24,27941109760
8970.53,27941109760
8970.81,27941109760
8971.09,27941109760
8971.38,27941109760
8971.66,27941109760
8971.93,27941109760
8972.21,27941109760
8972.50,27941109760
8972.78,27941109760
8973.07,27941109760
8973.35,27941109760
8973.63,27941109760
8973.91,27941109760
8974.19,27941109760
8974.48,27941109760
8974.76,27941109760
8975.05,27941109760
8975.33,27941109760
8975.61,27941109760
8975.90,27941109760
8976.18,27941109760
8976.47,27941109760
8976.75,27941109760
8977.03,27941109760
8977.32,27941109760
8977.60,27941109760
8977.88,27941109760
8978.16,27941109760
8978.44,27941109760
8978.73,27941109760
8979.01,27941109760
8979.29,27941109760
8979.57,27941109760
8979.85,27941109760
8980.14,27941109760
8980.42,27941109760
8980.70,27941109760
8980.98,27941109760
8981.26,27941109760
8981.54,27941109760
8981.82,27941109760
8982.10,27941109760
8982.39,27941109760
8982.67,27941109760
8982.95,27941109760
8983.23,27941109760
8983.52,27941109760
8983.80,27941109760
8984.08,27941109760
8984.36,27941109760
8984.64,27941109760
8984.93,27941109760
8985.21,27941109760
8985.49,27941109760
8985.78,27941109760
8986.06,27941109760
8986.34,27941109760
8986.62,27941109760
8986.90,27941109760
8987.18,27941109760
8987.47,27941109760
8987.74,27941109760
8988.02,27941109760
8988.31,27941109760
8988.59,27941109760
8988.86,27941109760
8989.15,27941109760
8989.42,27941109760
8989.71,27941109760
8989.98,27941109760
8990.26,27941109760
8990.54,27941109760
8990.82,27941109760
8991.10,27941109760
8991.39,27941109760
8991.67,27941109760
8991.95,27941109760
8992.24,27941109760
8992.52,27941109760
8992.80,27941109760
8993.08,27941109760
8993.36,27941109760
8993.64,27941109760
8993.92,27941109760
8994.21,27941109760
8994.49,27941109760
8994.77,27941109760
8995.05,27941109760
8995.33,27941109760
8995.62,27941109760
8995.90,27941109760
8996.18,27941109760
8996.46,27941109760
8996.74,27941109760
8997.01,27941109760
8997.30,27941109760
8997.58,27941109760
8997.86,27941109760
8998.15,27941109760
8998.43,27941109760
8998.71,27941109760
8999.00,27941109760
8999.28,27941109760
8999.56,27941109760
8999.84,27941109760
9000.12,27941109760
9000.40,27941109760
9000.68,27941109760
9000.97,27941109760
9001.24,27941109760
9001.52,27941109760
9001.81,27941109760
9002.09,27941109760
9002.37,27941109760
9002.65,27941109760
9002.93,27941109760
9003.21,27941109760
9003.50,27941109760
9003.78,27941109760
9004.06,27941109760
9004.34,27941109760
9004.62,27941109760
9004.91,27941109760
9005.19,27941109760
9005.47,27941109760
9005.76,27941109760
9006.04,27941109760
9006.32,27941109760
9006.60,27941109760
9006.89,27941109760
9007.16,27941109760
9007.44,27941109760
9007.72,27941109760
9008.00,27941109760
9008.28,27941109760
9008.56,27941109760
9008.84,27941109760
9009.13,27941109760
9009.41,27941109760
9009.69,27941109760
9009.97,27941109760
9010.25,27941109760
9010.54,27941109760
9010.82,27941109760
9011.10,27941109760
9011.38,27941109760
9011.66,27941109760
9011.94,27941109760
9012.23,27941109760
9012.51,27941109760
9012.79,27941109760
9013.08,27941109760
9013.36,27941109760
9013.63,27941109760
9013.92,27941109760
9014.20,27941109760
9014.49,27941109760
9014.77,27941109760
9015.05,27941109760
9015.33,27941109760
9015.61,27941109760
9015.90,27941109760
9016.18,27941109760
9016.45,27941109760
9016.74,27941109760
9017.01,27941109760
9017.29,27941109760
9017.57,27941109760
9017.85,27941109760
9018.14,27941109760
9018.42,27941109760
9018.70,27941109760
9018.98,27941109760
9019.26,27941109760
9019.54,27941109760
9019.82,27941109760
9020.10,27941109760
9020.39,27941109760
9020.67,27941109760
9020.96,27941109760
9021.23,27941109760
9021.51,27941109760
9021.79,27941109760
9022.07,27941109760
9022.36,27941109760
9022.64,27941109760
9022.92,27941109760
9023.20,27941109760
9023.48,27941109760
9023.76,27941109760
9024.05,27941109760
9024.33,27941109760
9024.61,27941109760
9024.90,27941109760
9025.18,27941109760
9025.46,27941109760
9025.74,27941109760
9026.02,27941109760
9026.30,27941109760
9026.58,27941109760
9026.87,27941109760
9027.15,27941109760
9027.43,27941109760
9027.71,27941109760
9027.99,27941109760
9028.27,27941109760
9028.55,27941109760
9028.84,27941109760
9029.13,27941109760
9029.41,27941109760
9029.69,27941109760
9029.98,27941109760
9030.26,27941109760
9030.54,27941109760
9030.82,27941109760
9031.10,27941109760
9031.39,27941109760
9031.67,27941109760
9031.95,27941109760
9032.23,27941109760
9032.51,27941109760
9032.79,27941109760
9033.07,27941109760
9033.35,27941109760
9033.63,27941109760
9033.91,27941109760
9034.19,27941109760
9034.48,27941109760
9034.76,27941109760
9035.04,27941109760
9035.32,27941109760
9035.60,27941109760
9035.89,27941109760
9036.17,27941109760
9036.45,27941109760
9036.73,27941109760
9037.01,27941109760
9037.30,27941109760
9037.58,27941109760
9037.86,27941109760
9038.14,27941109760
9038.43,27941109760
9038.71,27941109760
9039.00,27941109760
9039.28,27941109760
9039.56,27941109760
9039.84,27941109760
9040.12,27941109760
9040.41,27941109760
9040.69,27941109760
9040.97,27941109760
9041.25,27941109760
9041.53,27941109760
9041.81,27941109760
9042.09,27941109760
9042.37,27941109760
9042.66,27941109760
9042.94,27941109760
9043.22,27941109760
9043.51,27941109760
9043.79,27941109760
9044.07,27941109760
9044.36,27941109760
9044.64,27941109760
9044.92,27941109760
9045.21,27941109760
9045.49,27941109760
9045.77,27941109760
9046.06,27941109760
9046.34,27941109760
9046.62,27941109760
9046.90,27941109760
9047.18,27941109760
9047.47,27941109760
9047.75,27941109760
9048.04,27941109760
9048.32,27941109760
9048.60,27941109760
9048.89,27941109760
9049.17,27941109760
9049.46,27941109760
9049.74,27941109760
9050.02,27941109760
9050.31,27941109760
9050.59,27941109760
9050.87,27941109760
9051.16,27941109760
9051.44,27941109760
9051.73,27941109760
9052.01,27941109760
9052.29,27941109760
9052.58,27941109760
9052.86,27941109760
9053.14,27941109760
9053.42,27941109760
9053.70,27941109760
9053.99,27941109760
9054.27,27941109760
9054.55,27941109760
9054.83,27941109760
9055.12,27941109760
9055.41,27941109760
9055.68,27941109760
9055.96,27941109760
9056.24,27941109760
9056.53,27941109760
9056.82,27941109760
9057.10,27941109760
9057.38,27941109760
9057.66,27941109760
9057.94,27941109760
9058.23,27941109760
9058.51,27941109760
9058.79,27941109760
9059.07,27941109760
9059.35,27941109760
9059.63,27941109760
9059.91,27941109760
9060.19,27941109760
9060.47,27941109760
9060.75,27941109760
9061.03,27941109760
9061.32,27941109760
9061.60,27941109760
9061.88,27941109760
9062.16,27941109760
9062.45,27941109760
9062.73,27941109760
9063.01,27941109760
9063.29,27941109760
9063.58,27941109760
9063.86,27941109760
9064.14,27941109760
9064.42,27941109760
9064.70,27941109760
9064.98,27941109760
9065.26,27941109760
9065.54,27941109760
9065.82,27941109760
9066.10,27941109760
9066.38,27941109760
9066.66,27941109760
9066.94,27941109760
9067.22,27941109760
9067.50,27941109760
9067.79,27941109760
9068.08,27941109760
9068.36,27941109760
9068.64,27941109760
9068.92,27941109760
9069.20,27941109760
9069.47,27941109760
9069.75,27941109760
9070.04,27941109760
9070.32,27941109760
9070.60,27941109760
9070.88,27941109760
9071.16,27941109760
9071.44,27941109760
9071.73,27941109760
9072.00,27941109760
9072.29,27941109760
9072.57,27941109760
9072.85,27941109760
9073.13,27941109760
9073.41,27941109760
9073.69,27941109760
9073.97,27941109760
9074.26,27941109760
9074.54,27941109760
9074.82,27941109760
9075.10,27941109760
9075.39,27941109760
9075.67,27941109760
9075.95,27941109760
9076.23,27941109760
9076.52,27941109760
9076.80,27941109760
9077.08,27941109760
9077.36,27941109760
9077.64,27941109760
9077.93,27941109760
9078.21,27941109760
9078.49,27941109760
9078.78,27941109760
9079.06,27941109760
9079.34,27941109760
9079.62,27941109760
9079.90,27941109760
9080.18,27941109760
9080.47,27941109760
9080.75,27941109760
9081.04,27941109760
9081.32,27941109760
9081.60,27941109760
9081.88,27941109760
9082.17,27941109760
9082.45,27941109760
9082.73,27941109760
9083.02,27941109760
9083.30,27941109760
9083.58,27941109760
9083.86,27941109760
9084.15,27941109760
9084.43,27941109760
9084.72,27941109760
9085.00,27941109760
9085.28,27941109760
9085.56,27941109760
9085.84,27941109760
9086.12,27941109760
9086.41,27941109760
9086.69,27941109760
9086.97,27941109760
9087.26,27941109760
9087.53,27941109760
9087.82,27941109760
9088.09,27941109760
9088.37,27941109760
9088.66,27941109760
9088.93,27941109760
9089.22,27941109760
9089.50,27941109760
9089.78,27941109760
9090.06,27941109760
9090.34,27941109760
9090.62,27941109760
9090.91,27941109760
9091.19,27941109760
9091.47,27941109760
9091.75,27941109760
9092.03,27941109760
9092.31,27941109760
9092.59,27941109760
9092.87,27941109760
9093.15,27941109760
9093.43,27941109760
9093.71,27941109760
9094.00,27941109760
9094.28,27941109760
9094.56,27941109760
9094.84,27941109760
9095.12,27941109760
9095.41,27941109760
9095.69,27941109760
9095.97,27941109760
9096.26,27941109760
9096.54,27941109760
9096.82,27941109760
9097.09,27941109760
9097.38,27941109760
9097.66,27941109760
9097.94,27941109760
9098.23,27941109760
9098.51,27941109760
9098.79,27941109760
9099.07,27941109760
9099.35,27941109760
9099.64,27941109760
9099.92,27941109760
9100.21,27941109760
9100.49,27941109760
9100.78,27941109760
9101.06,27941109760
9101.34,27941109760
9101.62,27941109760
9101.91,27941109760
9102.19,27941109760
9102.47,27941109760
9102.75,27941109760
9103.03,27941109760
9103.31,27941109760
9103.60,27941109760
9103.88,27941109760
9104.16,27941109760
9104.44,27941109760
9104.73,27941109760
9105.01,27941109760
9105.30,27941109760
9105.58,27941109760
9105.86,27941109760
9106.14,27941109760
9106.43,27941109760
9106.71,27941109760
9106.99,27941109760
9107.28,27941109760
9107.56,27941109760
9107.84,27941109760
9108.12,27941109760
9108.41,27941109760
9108.69,27941109760
9108.97,27941109760
9109.26,27941109760
9109.54,27941109760
9109.82,27941109760
9110.10,27941109760
9110.38,27941109760
9110.67,27941109760
9110.94,27941109760
9111.22,27941109760
9111.50,27941109760
9111.79,27941109760
9112.07,27941109760
9112.35,27941109760
9112.63,27941109760
9112.92,27941109760
9113.20,27941109760
9113.49,27941109760
9113.77,27941109760
9114.05,27941109760
9114.33,27941109760
9114.61,27941109760
9114.89,27941109760
9115.17,27941109760
9115.46,27941109760
9115.74,27941109760
9116.02,27941109760
9116.30,27941109760
9116.58,27941109760
9116.86,27941109760
9117.15,27941109760
9117.43,27941109760
9117.71,27941109760
9118.00,27941109760
9118.27,27941109760
9118.55,27941109760
9118.83,27941109760
9119.11,27941109760
9119.39,27941109760
9119.67,27941109760
9119.96,27941109760
9120.24,27941109760
9120.52,27941109760
9120.80,27941109760
9121.08,27941109760
9121.37,27941109760
9121.65,27941109760
9121.93,27941109760
9122.21,27941109760
9122.49,27941109760
9122.77,27941109760
9123.05,27941109760
9123.33,27941109760
9123.62,27941109760
9123.90,27941109760
9124.19,27941109760
9124.47,27941109760
9124.75,27941109760
9125.03,27941109760
9125.31,27941109760
9125.59,27941109760
9125.88,27941109760
9126.16,27941109760
9126.45,27941109760
9126.73,27941109760
9127.01,27941109760
9127.29,27941109760
9127.57,27941109760
9127.86,27941109760
9128.14,27941109760
9128.42,27941109760
9128.71,27941109760
9128.99,27941109760
9129.26,27941109760
9129.55,27941109760
9129.83,27941109760
9130.11,27941109760
9130.40,27941109760
9130.68,27941109760
9130.97,27941109760
9131.25,27941109760
9131.53,27941109760
9131.82,27941109760
9132.10,27941109760
9132.38,27941109760
9132.66,27941109760
9132.94,27941109760
9133.22,27941109760
9133.51,27941109760
9133.79,27941109760
9134.07,27941109760
9134.35,27941109760
9134.63,27941109760
9134.92,27941109760
9135.20,27941109760
9135.48,27941109760
9135.76,27941109760
9136.05,27941109760
9136.33,27941109760
9136.61,27941109760
9136.89,27941109760
9137.17,27941109760
9137.46,27941109760
9137.74,27941109760
9138.02,27941109760
9138.30,27941109760
9138.58,27941109760
9138.87,27941109760
9139.15,27941109760
9139.43,27941109760
9139.71,27941109760
9139.99,27941109760
9140.27,27941109760
9140.54,27941109760
9140.83,27941109760
9141.11,27941109760
9141.39,27941109760
9141.67,27941109760
9141.95,27941109760
9142.23,27941109760
9142.52,27941109760
9142.80,27941109760
9143.08,27941109760
9143.36,27941109760
9143.64,27941109760
9143.92,27941109760
9144.20,27941109760
9144.48,27941109760
9144.76,27941109760
9145.05,27941109760
9145.33,27941109760
9145.61,27941109760
9145.89,27941109760
9146.17,27941109760
9146.46,27941109760
9146.74,27941109760
9147.02,27941109760
9147.30,27941109760
9147.58,27941109760
9147.86,27941109760
9148.14,27941109760
9148.43,27941109760
9148.71,27941109760
9148.99,27941109760
9149.27,27941109760
9149.55,27941109760
9149.83,27941109760
9150.11,27941109760
9150.40,27941109760
9150.68,27941109760
9150.96,27941109760
9151.24,27941109760
9151.52,27941109760
9151.81,27941109760
9152.09,27941109760
9152.37,27941109760
9152.65,27941109760
9152.93,27941109760
9153.22,27941109760
9153.49,27941109760
9153.78,27941109760
9154.06,27941109760
9154.33,27941109760
9154.61,27941109760
9154.90,27941109760
9155.18,27941109760
9155.46,27941109760
9155.75,27941109760
9156.03,27941109760
9156.31,27941109760
9156.59,27941109760
9156.88,27941109760
9157.16,27941109760
9157.44,27941109760
9157.73,27941109760
9158.01,27941109760
9158.29,27941109760
9158.57,27941109760
9158.85,27941109760
9159.14,27941109760
9159.42,27941109760
9159.70,27941109760
9159.99,27941109760
9160.27,27941109760
9160.55,27941109760
9160.84,27941109760
9161.12,27941109760
9161.40,27941109760
9161.68,27941109760
9161.96,27941109760
9162.24,27941109760
9162.53,27941109760
9162.81,27941109760
9163.09,27941109760
9163.37,27941109760
9163.65,27941109760
9163.94,27941109760
9164.22,27941109760
9164.50,27941109760
9164.78,27941109760
9165.06,27941109760
9165.34,27941109760
9165.62,27941109760
9165.90,27941109760
9166.18,27941109760
9166.46,27941109760
9166.74,27941109760
9167.02,27941109760
9167.30,27941109760
9167.59,27941109760
9167.87,27941109760
9168.16,27941109760
9168.43,27941109760
9168.71,27941109760
9169.00,27941109760
9169.28,27941109760
9169.56,27941109760
9169.84,27941109760
9170.12,27941109760
9170.40,27941109760
9170.68,27941109760
9170.96,27941109760
9171.24,27941109760
9171.52,27941109760
9171.80,27941109760
9172.09,27941109760
9172.37,27941109760
9172.65,27941109760
9172.94,27941109760
9173.22,27941109760
9173.50,27941109760
9173.78,27941109760
9174.07,27941109760
9174.35,27941109760
9174.63,27941109760
9174.91,27941109760
9175.19,27941109760
9175.48,27941109760
9175.76,27941109760
9176.05,27941109760
9176.33,27941109760
9176.61,27941109760
9176.89,27941109760
9177.17,27941109760
9177.44,27941109760
9177.72,27941109760
9178.00,27941109760
9178.28,27941109760
9178.57,27941109760
9178.85,27941109760
9179.13,27941109760
9179.41,27941109760
9179.70,27941109760
9179.98,27941109760
9180.26,27941109760
9180.54,27941109760
9180.83,27941109760
9181.11,27941109760
9181.39,27941109760
9181.68,27941109760
9181.96,27941109760
9182.25,27941109760
9182.53,27941109760
9182.81,27941109760
9183.09,27941109760
9183.38,27941109760
9183.67,27941109760
9183.95,27941109760
9184.23,27941109760
9184.51,27941109760
9184.79,27941109760
9185.08,27941109760
9185.35,27941109760
9185.64,27941109760
9185.92,27941109760
9186.20,27941109760
9186.48,27941109760
9186.77,27941109760
9187.06,27941109760
9187.34,27941109760
9187.62,27941109760
9187.90,27941109760
9188.18,27941109760
9188.46,27941109760
9188.74,27941109760
9189.02,27941109760
9189.30,27941109760
9189.58,27941109760
9189.86,27941109760
9190.15,27941109760
9190.42,27941109760
9190.70,27941109760
9190.99,27941109760
9191.27,27941109760
9191.55,27941109760
9191.83,27941109760
9192.12,27941109760
9192.40,27941109760
9192.69,27941109760
9192.97,27941109760
9193.26,27941109760
9193.54,27941109760
9193.82,27941109760
9194.10,27941109760
9194.38,27941109760
9194.66,27941109760
9194.94,27941109760
9195.23,27941109760
9195.51,27941109760
9195.79,27941109760
9196.07,27941109760
9196.35,27941109760
9196.64,27941109760
9196.92,27941109760
9197.19,27941109760
9197.47,27941109760
9197.76,27941109760
9198.04,27941109760
9198.32,27941109760
9198.60,27941109760
9198.89,27941109760
9199.17,27941109760
9199.45,27941109760
9199.73,27941109760
9200.02,27941109760
9200.30,27941109760
9200.58,27941109760
9200.86,27941109760
9201.15,27941109760
9201.43,27941109760
9201.71,27941109760
9201.99,27941109760
9202.27,27941109760
9202.56,27941109760
9202.84,27941109760
9203.12,27941109760
9203.40,27941109760
9203.68,27941109760
9203.97,27941109760
9204.25,27941109760
9204.53,27941109760
9204.82,27941109760
9205.09,27941109760
9205.38,27941109760
9205.66,27941109760
9205.94,27941109760
9206.22,27941109760
9206.50,27941109760
9206.78,27941109760
9207.07,27941109760
9207.35,27941109760
9207.63,27941109760
9207.91,27941109760
9208.20,27941109760
9208.48,27941109760
9208.76,27941109760
9209.04,27941109760
9209.33,27941109760
9209.61,27941109760
9209.90,27941109760
9210.17,27941109760
9210.45,27941109760
9210.74,27941109760
9211.02,27941109760
9211.31,27941109760
9211.59,27941109760
9211.87,27941109760
9212.15,27941109760
9212.43,27941109760
9212.72,27941109760
9213.00,27941109760
9213.29,27941109760
9213.57,27941109760
9213.85,27941109760
9214.13,27941109760
9214.42,27941109760
9214.70,27941109760
9214.97,27941109760
9215.26,27941109760
9215.54,27941109760
9215.82,27941109760
9216.11,27941109760
9216.39,27941109760
9216.67,27941109760
9216.95,27941109760
9217.23,27941109760
9217.52,27941109760
9217.80,27941109760
9218.08,27941109760
9218.36,27941109760
9218.64,27941109760
9218.92,27941109760
9219.21,27941109760
9219.49,27941109760
9219.77,27941109760
9220.06,27941109760
9220.34,27941109760
9220.63,27941109760
9220.91,27941109760
9221.19,27941109760
9221.47,27941109760
9221.76,27941109760
9222.04,27941109760
9222.32,27941109760
9222.61,27941109760
9222.89,27941109760
9223.18,27941109760
9223.46,27941109760
9223.75,27941109760
9224.03,27941109760
9224.31,27941109760
9224.59,27941109760
9224.88,27941109760
9225.16,27941109760
9225.44,27941109760
9225.72,27941109760
9226.00,27941109760
9226.28,27941109760
9226.57,27941109760
9226.85,27941109760
9227.13,27941109760
9227.42,27941109760
9227.70,27941109760
9227.99,27941109760
9228.27,27941109760
9228.55,27941109760
9228.83,27941109760
9229.12,27941109760
9229.41,27941109760
9229.69,27941109760
9229.97,27941109760
9230.25,27941109760
9230.53,27941109760
9230.81,27941109760
9231.09,27941109760
9231.37,27941109760
9231.65,27941109760
9231.93,27941109760
9232.21,27941109760
9232.49,27941109760
9232.77,27941109760
9233.06,27941109760
9233.34,27941109760
9233.62,27941109760
9233.91,27941109760
9234.19,27941109760
9234.47,27941109760
9234.76,27941109760
9235.04,27941109760
9235.32,27941109760
9235.60,27941109760
9235.88,27941109760
9236.17,27941109760
9236.44,27941109760
9236.72,27941109760
9237.00,27941109760
9237.29,27941109760
9237.57,27941109760
9237.85,27941109760
9238.14,27941109760
9238.42,27941109760
9238.70,27941109760
9238.98,27941109760
9239.26,27941109760
9239.54,27941109760
9239.82,27941109760
9240.11,27941109760
9240.39,27941109760
9240.67,27941109760
9240.96,27941109760
9241.25,27941109760
9241.53,27941109760
9241.81,27941109760
9242.09,27941109760
9242.37,27941109760
9242.66,27941109760
9242.93,27941109760
9243.22,27941109760
9243.50,27941109760
9243.77,27941109760
9244.06,27941109760
9244.34,27941109760
9244.62,27941109760
9244.90,27941109760
9245.18,27941109760
9245.47,27941109760
9245.75,27941109760
9246.04,27941109760
9246.32,27941109760
9246.60,27941109760
9246.89,27941109760
9247.17,27941109760
9247.46,27941109760
9247.74,27941109760
9248.02,27941109760
9248.31,27941109760
9248.59,27941109760
9248.87,27941109760
9249.15,27941109760
9249.43,27941109760
9249.72,27941109760
9250.00,27941109760
9250.28,27941109760
9250.57,27941109760
9250.85,27941109760
9251.13,27941109760
9251.41,27941109760
9251.69,27941109760
9251.97,27941109760
9252.26,27941109760
9252.54,27941109760
9252.82,27941109760
9253.10,27941109760
9253.38,27941109760
9253.66,27941109760
9253.94,27941109760
9254.23,27941109760
9254.51,27941109760
9254.80,27941109760
9255.07,27941109760
9255.35,27941109760
9255.63,27941109760
9255.91,27941109760
9256.20,27941109760
9256.48,27941109760
9256.76,27941109760
9257.04,27941109760
9257.33,27941109760
9257.61,27941109760
9257.89,27941109760
9258.17,27941109760
9258.45,27941109760
9258.74,27941109760
9259.01,27941109760
9259.30,27941109760
9259.58,27941109760
9259.85,27941109760
9260.14,27941109760
9260.42,27941109760
9260.71,27941109760
9260.99,27941109760
9261.27,27941109760
9261.56,27941109760
9261.84,27941109760
9262.12,27941109760
9262.40,27941109760
9262.68,27941109760
9262.96,27941109760
9263.24,27941109760
9263.52,27941109760
9263.81,27941109760
9264.09,27941109760
9264.37,27941109760
9264.65,27941109760
9264.92,27941109760
9265.21,27941109760
9265.49,27941109760
9265.77,27941109760
9266.06,27941109760
9266.34,27941109760
9266.62,27941109760
9266.90,27941109760
9267.19,27941109760
9267.47,27941109760
9267.76,27941109760
9268.04,27941109760
9268.32,27941109760
9268.59,27941109760
9268.87,27941109760
9269.15,27941109760
9269.43,27941109760
9269.70,27941109760
9269.99,27941109760
9270.27,27941109760
9270.55,27941109760
9270.83,27941109760
9271.12,27941109760
9271.40,27941109760
9271.68,27941109760
9271.96,27941109760
9272.25,27941109760
9272.53,27941109760
9272.81,27941109760
9273.09,27941109760
9273.38,27941109760
9273.66,27941109760
9273.94,27941109760
9274.22,27941109760
9274.50,27941109760
9274.78,27941109760
9275.06,27941109760
9275.34,27941109760
9275.62,27941109760
9275.90,27941109760
9276.18,27941109760
9276.46,27941109760
9276.74,27941109760
9277.02,27941109760
9277.31,27941109760
9277.58,27941109760
9277.87,27941109760
9278.15,27941109760
9278.43,27941109760
9278.72,27941109760
9278.99,27941109760
9279.27,27941109760
9279.56,27941109760
9279.84,27941109760
9280.12,27941109760
9280.40,27941109760
9280.68,27941109760
9280.97,27941109760
9281.25,27941109760
9281.54,27941109760
9281.82,27941109760
9282.10,27941109760
9282.39,27941109760
9282.67,27941109760
9282.95,27941109760
9283.23,27941109760
9283.52,27941109760
9283.80,27941109760
9284.08,27941109760
9284.36,27941109760
9284.64,27941109760
9284.92,27941109760
9285.20,27941109760
9285.49,27941109760
9285.76,27941109760
9286.04,27941109760
9286.32,27941109760
9286.60,27941109760
9286.88,27941109760
9287.15,27941109760
9287.44,27941109760
9287.72,27941109760
9288.00,27941109760
9288.28,27941109760
9288.56,27941109760
9288.85,27941109760
9289.14,27941109760
9289.42,27941109760
9289.70,27941109760
9289.98,27941109760
9290.26,27941109760
9290.55,27941109760
9290.83,27941109760
9291.12,27941109760
9291.40,27941109760
9291.68,27941109760
9291.96,27941109760
9292.24,27941109760
9292.53,27941109760
9292.81,27941109760
9293.09,27941109760
9293.38,27941109760
9293.66,27941109760
9293.94,27941109760
9294.23,27941109760
9294.51,27941109760
9294.79,27941109760
9295.08,27941109760
9295.36,27941109760
9295.65,27941109760
9295.93,27941109760
9296.21,27941109760
9296.50,27941109760
9296.78,27941109760
9297.06,27941109760
9297.35,27941109760
9297.62,27941109760
9297.91,27941109760
9298.19,27941109760
9298.47,27941109760
9298.75,27941109760
9299.04,27941109760
9299.32,27941109760
9299.60,27941109760
9299.88,27941109760
9300.16,27941109760
9300.44,27941109760
9300.73,27941109760
9301.01,27941109760
9301.29,27941109760
9301.57,27941109760
9301.85,27941109760
9302.13,27941109760
9302.41,27941109760
9302.69,27941109760
9302.97,27941109760
9303.26,27941109760
9303.53,27941109760
9303.82,27941109760
9304.09,27941109760
9304.37,27941109760
9304.66,27941109760
9304.94,27941109760
9305.23,27941109760
9305.51,27941109760
9305.79,27941109760
9306.07,27941109760
9306.35,27941109760
9306.62,27941109760
9306.90,27941109760
9307.18,27941109760
9307.47,27941109760
9307.75,27941109760
9308.03,27941109760
9308.31,27941109760
9308.59,27941109760
9308.88,27941109760
9309.15,27941109760
9309.43,27941109760
9309.72,27941109760
9310.01,27941109760
9310.29,27941109760
9310.58,27941109760
9310.86,27941109760
9311.14,27941109760
9311.42,27941109760
9311.70,27941109760
9311.98,27941109760
9312.26,27941109760
9312.55,27941109760
9312.83,27941109760
9313.12,27941109760
9313.40,27941109760
9313.68,27941109760
9313.97,27941109760
9314.25,27941109760
9314.53,27941109760
9314.81,27941109760
9315.10,27941109760
9315.38,27941109760
9315.65,27941109760
9315.93,27941109760
9316.22,27941109760
9316.50,27941109760
9316.78,27941109760
9317.07,27941109760
9317.34,27941109760
9317.63,27941109760
9317.91,27941109760
9318.19,27941109760
9318.47,27941109760
9318.76,27941109760
9319.04,27941109760
9319.32,27941109760
9319.60,27941109760
9319.89,27941109760
9320.17,27941109760
9320.45,27941109760
9320.73,27941109760
9321.01,27941109760
9321.29,27941109760
9321.57,27941109760
9321.85,27941109760
9322.13,27941109760
9322.42,27941109760
9322.70,27941109760
9322.98,27941109760
9323.26,27941109760
9323.54,27941109760
9323.82,27941109760
9324.11,27941109760
9324.39,27941109760
9324.67,27941109760
9324.95,27941109760
9325.23,27941109760
9325.51,27941109760
9325.79,27941109760
9326.07,27941109760
9326.35,27941109760
9326.63,27941109760
9326.91,27941109760
9327.19,27941109760
9327.47,27941109760
9327.75,27941109760
9328.03,27941109760
9328.31,27941109760
9328.59,27941109760
9328.87,27941109760
9329.15,27941109760
9329.44,27941109760
9329.71,27941109760
9330.00,27941109760
9330.27,27941109760
9330.55,27941109760
9330.84,27941109760
9331.12,27941109760
9331.40,27941109760
9331.68,27941109760
9331.97,27941109760
9332.25,27941109760
9332.53,27941109760
9332.81,27941109760
9333.09,27941109760
9333.38,27941109760
9333.66,27941109760
9333.94,27941109760
9334.23,27941109760
9334.51,27941109760
9334.79,27941109760
9335.07,27941109760
9335.35,27941109760
9335.63,27941109760
9335.92,27941109760
9336.20,27941109760
9336.47,27941109760
9336.76,27941109760
9337.04,27941109760
9337.32,27941109760
9337.60,27941109760
9337.88,27941109760
9338.16,27941109760
9338.44,27941109760
9338.72,27941109760
9339.00,27941109760
9339.28,27941109760
9339.57,27941109760
9339.85,27941109760
9340.13,27941109760
9340.42,27941109760
9340.70,27941109760
9340.99,27941109760
9341.27,27941109760
9341.55,27941109760
9341.83,27941109760
9342.11,27941109760
9342.40,27941109760
9342.67,27941109760
9342.96,27941109760
9343.24,27941109760
9343.53,27941109760
9343.81,27941109760
9344.09,27941109760
9344.37,27941109760
9344.66,27941109760
9344.94,27941109760
9345.23,27941109760
9345.51,27941109760
9345.79,27941109760
9346.08,27941109760
9346.35,27941109760
9346.63,27941109760
9346.92,27941109760
9347.20,27941109760
9347.47,27941109760
9347.75,27941109760
9348.03,27941109760
9348.32,27941109760
9348.60,27941109760
9348.88,27941109760
9349.16,27941109760
9349.44,27941109760
9349.72,27941109760
9350.00,27941109760
9350.28,27941109760
9350.56,27941109760
9350.84,27941109760
9351.12,27941109760
9351.41,27941109760
9351.69,27941109760
9351.97,27941109760
9352.25,27941109760
9352.54,27941109760
9352.82,27941109760
9353.10,27941109760
9353.38,27941109760
9353.67,27941109760
9353.94,27941109760
9354.23,27941109760
9354.51,27941109760
9354.78,27941109760
9355.07,27941109760
9355.35,27941109760
9355.63,27941109760
9355.91,27941109760
9356.19,27941109760
9356.48,27941109760
9356.76,27941109760
9357.05,27941109760
9357.33,27941109760
9357.61,27941109760
9357.90,27941109760
9358.18,27941109760
9358.46,27941109760
9358.74,27941109760
9359.02,27941109760
9359.30,27941109760
9359.58,27941109760
9359.86,27941109760
9360.15,27941109760
9360.43,27941109760
9360.71,27941109760
9360.99,27941109760
9361.27,27941109760
9361.55,27941109760
9361.82,27941109760
9362.10,27941109760
9362.38,27941109760
9362.67,27941109760
9362.95,27941109760
9363.23,27941109760
9363.51,27941109760
9363.79,27941109760
9364.08,27941109760
9364.36,27941109760
9364.65,27941109760
9364.93,27941109760
9365.21,27941109760
9365.49,27941109760
9365.78,27941109760
9366.06,27941109760
9366.34,27941109760
9366.62,27941109760
9366.90,27941109760
9367.19,27941109760
9367.47,27941109760
9367.75,27941109760
9368.03,27941109760
9368.31,27941109760
9368.59,27941109760
9368.87,27941109760
9369.15,27941109760
9369.42,27941109760
9369.71,27941109760
9369.99,27941109760
9370.27,27941109760
9370.55,27941109760
9370.83,27941109760
9371.12,27941109760
9371.40,27941109760
9371.67,27941109760
9371.95,27941109760
9372.23,27941109760
9372.52,27941109760
9372.79,27941109760
9373.08,27941109760
9373.35,27941109760
9373.64,27941109760
9373.92,27941109760
9374.20,27941109760
9374.48,27941109760
9374.76,27941109760
9375.04,27941109760
9375.33,27941109760
9375.61,27941109760
9375.89,27941109760
9376.17,27941109760
9376.46,27941109760
9376.74,27941109760
9377.03,27941109760
9377.30,27941109760
9377.58,27941109760
9377.86,27941109760
9378.15,27941109760
9378.43,27941109760
9378.72,27941109760
9379.00,27941109760
9379.29,27941109760
9379.57,27941109760
9379.86,27941109760
9380.14,27941109760
9380.42,27941109760
9380.70,27941109760
9380.99,27941109760
9381.27,27941109760
9381.55,27941109760
9381.83,27941109760
9382.11,27941109760
9382.39,27941109760
9382.68,27941109760
9382.96,27941109760
9383.24,27941109760
9383.52,27941109760
9383.81,27941109760
9384.09,27941109760
9384.36,27941109760
9384.65,27941109760
9384.93,27941109760
9385.22,27941109760
9385.50,27941109760
9385.78,27941109760
9386.07,27941109760
9386.35,27941109760
9386.63,27941109760
9386.91,27941109760
9387.20,27941109760
9387.48,27941109760
9387.76,27941109760
9388.05,27941109760
9388.33,27941109760
9388.61,27941109760
9388.90,27941109760
9389.18,27941109760
9389.46,27941109760
9389.74,27941109760
9390.02,27941109760
9390.31,27941109760
9390.58,27941109760
9390.87,27941109760
9391.15,27941109760
9391.43,27941109760
9391.71,27941109760
9391.99,27941109760
9392.27,27941109760
9392.56,27941109760
9392.84,27941109760
9393.12,27941109760
9393.41,27941109760
9393.68,27941109760
9393.96,27941109760
9394.24,27941109760
9394.51,27941109760
9394.79,27941109760
9395.07,27941109760
9395.35,27941109760
9395.63,27941109760
9395.91,27941109760
9396.20,27941109760
9396.48,27941109760
9396.76,27941109760
9397.04,27941109760
9397.33,27941109760
9397.61,27941109760
9397.89,27941109760
9398.17,27941109760
9398.46,27941109760
9398.74,27941109760
9399.02,27941109760
9399.30,27941109760
9399.59,27941109760
9399.87,27941109760
9400.15,27941109760
9400.42,27941109760
9400.70,27941109760
9400.98,27941109760
9401.27,27941109760
9401.55,27941109760
9401.83,27941109760
9402.11,27941109760
9402.39,27941109760
9402.68,27941109760
9402.96,27941109760
9403.24,27941109760
9403.53,27941109760
9403.81,27941109760
9404.09,27941109760
9404.38,27941109760
9404.66,27941109760
9404.94,27941109760
9405.22,27941109760
9405.50,27941109760
9405.79,27941109760
9406.08,27941109760
9406.36,27941109760
9406.64,27941109760
9406.92,27941109760
9407.21,27941109760
9407.49,27941109760
9407.77,27941109760
9408.05,27941109760
9408.33,27941109760
9408.61,27941109760
9408.89,27941109760
9409.17,27941109760
9409.45,27941109760
9409.74,27941109760
9410.02,27941109760
9410.30,27941109760
9410.58,27941109760
9410.86,27941109760
9411.15,27941109760
9411.43,27941109760
9411.71,27941109760
9411.99,27941109760
9412.27,27941109760
9412.55,27941109760
9412.83,27941109760
9413.11,27941109760
9413.39,27941109760
9413.67,27941109760
9413.96,27941109760
9414.24,27941109760
9414.52,27941109760
9414.80,27941109760
9415.08,27941109760
9415.37,27941109760
9415.65,27941109760
9415.93,27941109760
9416.21,27941109760
9416.50,27941109760
9416.78,27941109760
9417.06,27941109760
9417.35,27941109760
9417.62,27941109760
9417.90,27941109760
9418.18,27941109760
9418.46,27941109760
9418.74,27941109760
9419.02,27941109760
9419.31,27941109760
9419.59,27941109760
9419.87,27941109760
9420.15,27941109760
9420.43,27941109760
9420.70,27941109760
9420.99,27941109760
9421.28,27941109760
9421.55,27941109760
9421.84,27941109760
9422.12,27941109760
9422.40,27941109760
9422.68,27941109760
9422.97,27941109760
9423.25,27941109760
9423.53,27941109760
9423.81,27941109760
9424.09,27941109760
9424.38,27941109760
9424.66,27941109760
9424.94,27941109760
9425.22,27941109760
9425.51,27941109760
9425.79,27941109760
9426.07,27941109760
9426.36,27941109760
9426.64,27941109760
9426.92,27941109760
9427.20,27941109760
9427.49,27941109760
9427.76,27941109760
9428.05,27941109760
9428.33,27941109760
9428.61,27941109760
9428.90,27941109760
9429.18,27941109760
9429.46,27941109760
9429.75,27941109760
9430.03,27941109760
9430.31,27941109760
9430.60,27941109760
9430.88,27941109760
9431.16,27941109760
9431.44,27941109760
9431.72,27941109760
9432.00,27941109760
9432.28,27941109760
9432.56,27941109760
9432.84,27941109760
9433.12,27941109760
9433.41,27941109760
9433.69,27941109760
9433.97,27941109760
9434.26,27941109760
9434.54,27941109760
9434.82,27941109760
9435.10,27941109760
9435.39,27941109760
9435.67,27941109760
9435.94,27941109760
9436.23,27941109760
9436.51,27941109760
9436.80,27941109760
9437.08,27941109760
9437.36,27941109760
9437.64,27941109760
9437.93,27941109760
9438.21,27941109760
9438.49,27941109760
9438.77,27941109760
9439.05,27941109760
9439.34,27941109760
9439.62,27941109760
9439.90,27941109760
9440.18,27941109760
9440.46,27941109760
9440.74,27941109760
9441.02,27941109760
9441.31,27941109760
9441.58,27941109760
9441.87,27941109760
9442.15,27941109760
9442.43,27941109760
9442.71,27941109760
9442.99,27941109760
9443.27,27941109760
9443.55,27941109760
9443.83,27941109760
9444.12,27941109760
9444.40,27941109760
9444.68,27941109760
9444.96,27941109760
9445.25,27941109760
9445.53,27941109760
9445.81,27941109760
9446.09,27941109760
9446.37,27941109760
9446.65,27941109760
9446.94,27941109760
9447.22,27941109760
9447.50,27941109760
9447.78,27941109760
9448.07,27941109760
9448.35,27941109760
9448.63,27941109760
9448.91,27941109760
9449.20,27941109760
9449.48,27941109760
9449.76,27941109760
9450.04,27941109760
9450.32,27941109760
9450.60,27941109760
9450.88,27941109760
9451.17,27941109760
9451.45,27941109760
9451.73,27941109760
9452.01,27941109760
9452.29,27941109760
9452.57,27941109760
9452.85,27941109760
9453.13,27941109760
9453.41,27941109760
9453.69,27941109760
9453.98,27941109760
9454.26,27941109760
9454.55,27941109760
9454.83,27941109760
9455.11,27941109760
9455.39,27941109760
9455.67,27941109760
9455.96,27941109760
9456.24,27941109760
9456.52,27941109760
9456.81,27941109760
9457.09,27941109760
9457.38,27941109760
9457.66,27941109760
9457.93,27941109760
9458.21,27941109760
9458.50,27941109760
9458.78,27941109760
9459.06,27941109760
9459.34,27941109760
9459.62,27941109760
9459.90,27941109760
9460.18,27941109760
9460.46,27941109760
9460.75,27941109760
9461.03,27941109760
9461.31,27941109760
9461.59,27941109760
9461.87,27941109760
9462.15,27941109760
9462.43,27941109760
9462.72,27941109760
9463.00,27941109760
9463.28,27941109760
9463.57,27941109760
9463.85,27941109760
9464.13,27941109760
9464.41,27941109760
9464.68,27941109760
9464.97,27941109760
9465.25,27941109760
9465.53,27941109760
9465.81,27941109760
9466.09,27941109760
9466.37,27941109760
9466.65,27941109760
9466.93,27941109760
9467.21,27941109760
9467.49,27941109760
9467.78,27941109760
9468.06,27941109760
9468.34,27941109760
9468.63,27941109760
9468.91,27941109760
9469.19,27941109760
9469.47,27941109760
9469.75,27941109760
9470.04,27941109760
9470.32,27941109760
9470.60,27941109760
9470.89,27941109760
9471.17,27941109760
9471.45,27941109760
9471.73,27941109760
9472.02,27941109760
9472.30,27941109760
9472.58,27941109760
9472.87,27941109760
9473.15,27941109760
9473.44,27941109760
9473.72,27941109760
9474.00,27941109760
9474.28,27941109760
9474.56,27941109760
9474.84,27941109760
9475.12,27941109760
9475.41,27941109760
9475.69,27941109760
9475.97,27941109760
9476.26,27941109760
9476.54,27941109760
9476.82,27941109760
9477.10,27941109760
9477.38,27941109760
9477.66,27941109760
9477.95,27941109760
9478.23,27941109760
9478.51,27941109760
9478.79,27941109760
9479.07,27941109760
9479.35,27941109760
9479.63,27941109760
9479.92,27941109760
9480.20,27941109760
9480.48,27941109760
9480.76,27941109760
9481.05,27941109760
9481.33,27941109760
9481.61,27941109760
9481.89,27941109760
9482.17,27941109760
9482.46,27941109760
9482.74,27941109760
9483.02,27941109760
9483.30,27941109760
9483.59,27941109760
9483.87,27941109760
9484.15,27941109760
9484.43,27941109760
9484.71,27941109760
9485.00,27941109760
9485.28,27941109760
9485.56,27941109760
9485.84,27941109760
9486.12,27941109760
9486.41,27941109760
9486.68,27941109760
9486.97,27941109760
9487.25,27941109760
9487.53,27941109760
9487.82,27941109760
9488.10,27941109760
9488.39,27941109760
9488.67,27941109760
9488.95,27941109760
9489.24,27941109760
9489.52,27941109760
9489.80,27941109760
9490.09,27941109760
9490.36,27941109760
9490.65,27941109760
9490.93,27941109760
9491.20,27941109760
9491.49,27941109760
9491.77,27941109760
9492.05,27941109760
9492.33,27941109760
9492.61,27941109760
9492.90,27941109760
9493.18,27941109760
9493.46,27941109760
9493.74,27941109760
9494.02,27941109760
9494.30,27941109760
9494.58,27941109760
9494.87,27941109760
9495.15,27941109760
9495.44,27941109760
9495.72,27941109760
9496.00,27941109760
9496.28,27941109760
9496.57,27941109760
9496.84,27941109760
9497.12,27941109760
9497.40,27941109760
9497.68,27941109760
9497.96,27941109760
9498.24,27941109760
9498.52,27941109760
9498.80,27941109760
9499.09,27941109760
9499.37,27941109760
9499.66,27941109760
9499.94,27941109760
9500.22,27941109760
9500.50,27941109760
9500.79,27941109760
9501.07,27941109760
9501.35,27941109760
9501.63,27941109760
9501.91,27941109760
9502.19,27941109760
9502.47,27941109760
9502.75,27941109760
9503.03,27941109760
9503.31,27941109760
9503.59,27941109760
9503.87,27941109760
9504.16,27941109760
9504.44,27941109760
9504.72,27941109760
9505.00,27941109760
9505.28,27941109760
9505.57,27941109760
9505.85,27941109760
9506.14,27941109760
9506.42,27941109760
9506.70,27941109760
9506.98,27941109760
9507.26,27941109760
9507.54,27941109760
9507.82,27941109760
9508.10,27941109760
9508.39,27941109760
9508.67,27941109760
9508.95,27941109760
9509.24,27941109760
9509.52,27941109760
9509.80,27941109760
9510.08,27941109760
9510.36,27941109760
9510.64,27941109760
9510.93,27941109760
9511.21,27941109760
9511.49,27941109760
9511.77,27941109760
9512.06,27941109760
9512.34,27941109760
9512.62,27941109760
9512.90,27941109760
9513.18,27941109760
9513.46,27941109760
9513.75,27941109760
9514.03,27941109760
9514.31,27941109760
9514.60,27941109760
9514.88,27941109760
9515.16,27941109760
9515.45,27941109760
9515.73,27941109760
9516.01,27941109760
9516.29,27941109760
9516.58,27941109760
9516.85,27941109760
9517.14,27941109760
9517.42,27941109760
9517.70,27941109760
9517.99,27941109760
9518.27,27941109760
9518.55,27941109760
9518.83,27941109760
9519.12,27941109760
9519.40,27941109760
9519.68,27941109760
9519.96,27941109760
9520.25,27941109760
9520.53,27941109760
9520.82,27941109760
9521.10,27941109760
9521.38,27941109760
9521.67,27941109760
9521.94,27941109760
9522.22,27941109760
9522.51,27941109760
9522.79,27941109760
9523.08,27941109760
9523.36,27941109760
9523.64,27941109760
9523.92,27941109760
9524.20,27941109760
9524.49,27941109760
9524.77,27941109760
9525.06,27941109760
9525.34,27941109760
9525.63,27941109760
9525.91,27941109760
9526.18,27941109760
9526.46,27941109760
9526.75,27941109760
9527.03,27941109760
9527.32,27941109760
9527.60,27941109760
9527.88,27941109760
9528.16,27941109760
9528.44,27941109760
9528.72,27941109760
9529.01,27941109760
9529.29,27941109760
9529.58,27941109760
9529.86,27941109760
9530.14,27941109760
9530.42,27941109760
9530.70,27941109760
9530.98,27941109760
9531.27,27941109760
9531.55,27941109760
9531.83,27941109760
9532.12,27941109760
9532.40,27941109760
9532.68,27941109760
9532.97,27941109760
9533.26,27941109760
9533.54,27941109760
9533.82,27941109760
9534.10,27941109760
9534.38,27941109760
9534.67,27941109760
9534.95,27941109760
9535.24,27941109760
9535.52,27941109760
9535.80,27941109760
9536.08,27941109760
9536.36,27941109760
9536.65,27941109760
9536.93,27941109760
9537.22,27941109760
9537.50,27941109760
9537.78,27941109760
9538.06,27941109760
9538.35,27941109760
9538.63,27941109760
9538.91,27941109760
9539.19,27941109760
9539.47,27941109760
9539.76,27941109760
9540.05,27941109760
9540.33,27941109760
9540.61,27941109760
9540.89,27941109760
9541.17,27941109760
9541.45,27941109760
9541.73,27941109760
9542.02,27941109760
9542.30,27941109760
9542.58,27941109760
9542.87,27941109760
9543.15,27941109760
9543.44,27941109760
9543.72,27941109760
9544.00,27941109760
9544.28,27941109760
9544.56,27941109760
9544.85,27941109760
9545.13,27941109760
9545.42,27941109760
9545.70,27941109760
9545.98,27941109760
9546.27,27941109760
9546.55,27941109760
9546.84,27941109760
9547.12,27941109760
9547.39,27941109760
9547.67,27941109760
9547.96,27941109760
9548.25,27941109760
9548.53,27941109760
9548.81,27941109760
9549.09,27941109760
9549.37,27941109760
9549.65,27941109760
9549.93,27941109760
9550.21,27941109760
9550.49,27941109760
9550.77,27941109760
9551.05,27941109760
9551.33,27941109760
9551.61,27941109760
9551.90,27941109760
9552.18,27941109760
9552.46,27941109760
9552.74,27941109760
9553.02,27941109760
9553.31,27941109760
9553.59,27941109760
9553.87,27941109760
9554.16,27941109760
9554.43,27941109760
9554.72,27941109760
9555.00,27941109760
9555.29,27941109760
9555.57,27941109760
9555.85,27941109760
9556.14,27941109760
9556.42,27941109760
9556.70,27941109760
9556.99,27941109760
9557.27,27941109760
9557.56,27941109760
9557.83,27941109760
9558.11,27941109760
9558.40,27941109760
9558.68,27941109760
9558.96,27941109760
9559.24,27941109760
9559.52,27941109760
9559.81,27941109760
9560.09,27941109760
9560.38,27941109760
9560.66,27941109760
9560.94,27941109760
9561.23,27941109760
9561.51,27941109760
9561.79,27941109760
9562.07,27941109760
9562.35,27941109760
9562.63,27941109760
9562.90,27941109760
9563.19,27941109760
9563.47,27941109760
9563.75,27941109760
9564.03,27941109760
9564.31,27941109760
9564.59,27941109760
9564.87,27941109760
9565.16,27941109760
9565.44,27941109760
9565.72,27941109760
9566.00,27941109760
9566.28,27941109760
9566.56,27941109760
9566.85,27941109760
9567.13,27941109760
9567.41,27941109760
9567.70,27941109760
9567.98,27941109760
9568.27,27941109760
9568.55,27941109760
9568.83,27941109760
9569.12,27941109760
9569.40,27941109760
9569.68,27941109760
9569.96,27941109760
9570.25,27941109760
9570.53,27941109760
9570.82,27941109760
9571.10,27941109760
9571.39,27941109760
9571.67,27941109760
9571.95,27941109760
9572.23,27941109760
9572.51,27941109760
9572.79,27941109760
9573.08,27941109760
9573.36,27941109760
9573.64,27941109760
9573.92,27941109760
9574.20,27941109760
9574.48,27941109760
9574.76,27941109760
9575.05,27941109760
9575.33,27941109760
9575.61,27941109760
9575.90,27941109760
9576.18,27941109760
9576.46,27941109760
9576.75,27941109760
9577.03,27941109760
9577.31,27941109760
9577.59,27941109760
9577.87,27941109760
9578.15,27941109760
9578.43,27941109760
9578.71,27941109760
9578.99,27941109760
9579.27,27941109760
9579.55,27941109760
9579.83,27941109760
9580.12,27941109760
9580.40,27941109760
9580.68,27941109760
9580.97,27941109760
9581.24,27941109760
9581.52,27941109760
9581.81,27941109760
9582.08,27941109760
9582.37,27941109760
9582.64,27941109760
9582.92,27941109760
9583.20,27941109760
9583.48,27941109760
9583.76,27941109760
9584.04,27941109760
9584.32,27941109760
9584.60,27941109760
9584.88,27941109760
9585.16,27941109760
9585.44,27941109760
9585.72,27941109760
9586.00,27941109760
9586.28,27941109760
9586.57,27941109760
9586.85,27941109760
9587.13,27941109760
9587.41,27941109760
9587.69,27941109760
9587.97,27941109760
9588.25,27941109760
9588.53,27941109760
9588.81,27941109760
9589.09,27941109760
9589.38,27941109760
9589.66,27941109760
9589.94,27941109760
9590.22,27941109760
9590.50,27941109760
9590.79,27941109760
9591.06,27941109760
9591.34,27941109760
9591.63,27941109760
9591.92,27941109760
9592.19,27941109760
9592.48,27941109760
9592.76,27941109760
9593.05,27941109760
9593.33,27941109760
9593.62,27941109760
9593.90,27941109760
9594.18,27941109760
9594.46,27941109760
9594.75,27941109760
9595.03,27941109760
9595.32,27941109760
9595.60,27941109760
9595.88,27941109760
9596.17,27941109760
9596.45,27941109760
9596.73,27941109760
9597.01,27941109760
9597.30,27941109760
9597.58,27941109760
9597.85,27941109760
9598.14,27941109760
9598.42,27941109760
9598.70,27941109760
9598.98,27941109760
9599.27,27941109760
9599.56,27941109760
9599.84,27941109760
9600.11,27941109760
9600.39,27941109760
9600.66,27941109760
9600.94,27941109760
9601.22,27941109760
9601.50,27941109760
9601.78,27941109760
9602.06,27941109760
9602.34,27941109760
9602.62,27941109760
9602.90,27941109760
9603.18,27941109760
9603.46,27941109760
9603.75,27941109760
9604.03,27941109760
9604.31,27941109760
9604.59,27941109760
9604.87,27941109760
9605.16,27941109760
9605.44,27941109760
9605.72,27941109760
9606.00,27941109760
9606.28,27941109760
9606.56,27941109760
9606.84,27941109760
9607.12,27941109760
9607.41,27941109760
9607.69,27941109760
9607.98,27941109760
9608.25,27941109760
9608.54,27941109760
9608.82,27941109760
9609.11,27941109760
9609.40,27941109760
9609.68,27941109760
9609.96,27941109760
9610.24,27941109760
9610.53,27941109760
9610.81,27941109760
9611.09,27941109760
9611.37,27941109760
9611.66,27941109760
9611.94,27941109760
9612.22,27941109760
9612.50,27941109760
9612.78,27941109760
9613.06,27941109760
9613.35,27941109760
9613.63,27941109760
9613.91,27941109760
9614.19,27941109760
9614.48,27941109760
9614.76,27941109760
9615.04,27941109760
9615.33,27941109760
9615.61,27941109760
9615.89,27941109760
9616.18,27941109760
9616.47,27941109760
9616.74,27941109760
9617.03,27941109760
9617.31,27941109760
9617.59,27941109760
9617.88,27941109760
9618.16,27941109760
9618.44,27941109760
9618.72,27941109760
9619.01,27941109760
9619.29,27941109760
9619.57,27941109760
9619.85,27941109760
9620.13,27941109760
9620.41,27941109760
9620.70,27941109760
9620.98,27941109760
9621.26,27941109760
9621.55,27941109760
9621.84,27941109760
9622.12,27941109760
9622.40,27941109760
9622.68,27941109760
9622.97,27941109760
9623.25,27941109760
9623.53,27941109760
9623.82,27941109760
9624.10,27941109760
9624.39,27941109760
9624.67,27941109760
9624.95,27941109760
9625.24,27941109760
9625.52,27941109760
9625.80,27941109760
9626.08,27941109760
9626.36,27941109760
9626.65,27941109760
9626.92,27941109760
9627.20,27941109760
9627.49,27941109760
9627.77,27941109760
9628.06,27941109760
9628.34,27941109760
9628.62,27941109760
9628.90,27941109760
9629.19,27941109760
9629.47,27941109760
9629.75,27941109760
9630.03,27941109760
9630.32,27941109760
9630.60,27941109760
9630.89,27941109760
9631.17,27941109760
9631.45,27941109760
9631.74,27941109760
9632.02,27941109760
9632.30,27941109760
9632.58,27941109760
9632.86,27941109760
9633.15,27941109760
9633.42,27941109760
9633.70,27941109760
9633.98,27941109760
9634.26,27941109760
9634.54,27941109760
9634.83,27941109760
9635.11,27941109760
9635.40,27941109760
9635.68,27941109760
9635.97,27941109760
9636.25,27941109760
9636.54,27941109760
9636.82,27941109760
9637.10,27941109760
9637.38,27941109760
9637.66,27941109760
9637.94,27941109760
9638.22,27941109760
9638.50,27941109760
9638.78,27941109760
9639.06,27941109760
9639.35,27941109760
9639.62,27941109760
9639.91,27941109760
9640.19,27941109760
9640.46,27941109760
9640.74,27941109760
9641.03,27941109760
9641.31,27941109760
9641.60,27941109760
9641.88,27941109760
9642.16,27941109760
9642.45,27941109760
9642.74,27941109760
9643.02,27941109760
9643.30,27941109760
9643.58,27941109760
9643.86,27941109760
9644.15,27941109760
9644.43,27941109760
9644.72,27941109760
9645.00,27941109760
9645.28,27941109760
9645.56,27941109760
9645.84,27941109760
9646.12,27941109760
9646.40,27941109760
9646.68,27941109760
9646.97,27941109760
9647.25,27941109760
9647.53,27941109760
9647.82,27941109760
9648.09,27941109760
9648.38,27941109760
9648.66,27941109760
9648.94,27941109760
9649.23,27941109760
9649.51,27941109760
9649.80,27941109760
9650.08,27941109760
9650.35,27941109760
9650.64,27941109760
9650.93,27941109760
9651.21,27941109760
9651.50,27941109760
9651.78,27941109760
9652.06,27941109760
9652.34,27941109760
9652.62,27941109760
9652.90,27941109760
9653.18,27941109760
9653.46,27941109760
9653.74,27941109760
9654.02,27941109760
9654.30,27941109760
9654.59,27941109760
9654.87,27941109760
9655.15,27941109760
9655.43,27941109760
9655.71,27941109760
9655.99,27941109760
9656.27,27941109760
9656.56,27941109760
9656.84,27941109760
9657.12,27941109760
9657.41,27941109760
9657.69,27941109760
9657.97,27941109760
9658.25,27941109760
9658.53,27941109760
9658.81,27941109760
9659.09,27941109760
9659.38,27941109760
9659.66,27941109760
9659.95,27941109760
9660.23,27941109760
9660.52,27941109760
9660.80,27941109760
9661.09,27941109760
9661.37,27941109760
9661.65,27941109760
9661.93,27941109760
9662.22,27941109760
9662.50,27941109760
9662.78,27941109760
9663.05,27941109760
9663.34,27941109760
9663.62,27941109760
9663.90,27941109760
9664.19,27941109760
9664.47,27941109760
9664.75,27941109760
9665.04,27941109760
9665.32,27941109760
9665.60,27941109760
9665.88,27941109760
9666.16,27941109760
9666.44,27941109760
9666.73,27941109760
9667.01,27941109760
9667.29,27941109760
9667.58,27941109760
9667.86,27941109760
9668.14,27941109760
9668.42,27941109760
9668.71,27941109760
9668.99,27941109760
9669.28,27941109760
9669.56,27941109760
9669.85,27941109760
9670.13,27941109760
9670.41,27941109760
9670.69,27941109760
9670.98,27941109760
9671.26,27941109760
9671.55,27941109760
9671.83,27941109760
9672.11,27941109760
9672.39,27941109760
9672.67,27941109760
9672.95,27941109760
9673.24,27941109760
9673.52,27941109760
9673.81,27941109760
9674.09,27941109760
9674.37,27941109760
9674.65,27941109760
9674.93,27941109760
9675.22,27941109760
9675.50,27941109760
9675.77,27941109760
9676.05,27941109760
9676.33,27941109760
9676.61,27941109760
9676.89,27941109760
9677.18,27941109760
9677.46,27941109760
9677.74,27941109760
9678.02,27941109760
9678.31,27941109760
9678.58,27941109760
9678.86,27941109760
9679.13,27941109760
9679.42,27941109760
9679.70,27941109760
9679.98,27941109760
9680.26,27941109760
9680.54,27941109760
9680.83,27941109760
9681.11,27941109760
9681.40,27941109760
9681.67,27941109760
9681.95,27941109760
9682.23,27941109760
9682.51,27941109760
9682.79,27941109760
9683.07,27941109760
9683.35,27941109760
9683.63,27941109760
9683.91,27941109760
9684.19,27941109760
9684.47,27941109760
9684.76,27941109760
9685.04,27941109760
9685.32,27941109760
9685.60,27941109760
9685.89,27941109760
9686.17,27941109760
9686.45,27941109760
9686.74,27941109760
9687.02,27941109760
9687.30,27941109760
9687.58,27941109760
9687.86,27941109760
9688.14,27941109760
9688.42,27941109760
9688.70,27941109760
9688.98,27941109760
9689.26,27941109760
9689.55,27941109760
9689.83,27941109760
9690.11,27941109760
9690.39,27941109760
9690.67,27941109760
9690.95,27941109760
9691.24,27941109760
9691.52,27941109760
9691.80,27941109760
9692.09,27941109760
9692.37,27941109760
9692.66,27941109760
9692.93,27941109760
9693.22,27941109760
9693.50,27941109760
9693.78,27941109760
9694.06,27941109760
9694.35,27941109760
9694.63,27941109760
9694.92,27941109760
9695.20,27941109760
9695.49,27941109760
9695.77,27941109760
9696.05,27941109760
9696.33,27941109760
9696.61,27941109760
9696.89,27941109760
9697.17,27941109760
9697.45,27941109760
9697.73,27941109760
9698.02,27941109760
9698.30,27941109760
9698.59,27941109760
9698.87,27941109760
9699.15,27941109760
9699.43,27941109760
9699.72,27941109760
9700.00,27941109760
9700.28,27941109760
9700.57,27941109760
9700.85,27941109760
9701.13,27941109760
9701.42,27941109760
9701.70,27941109760
9701.98,27941109760
9702.26,27941109760
9702.54,27941109760
9702.82,27941109760
9703.10,27941109760
9703.39,27941109760
9703.67,27941109760
9703.96,27941109760
9704.24,27941109760
9704.52,27941109760
9704.81,27941109760
9705.09,27941109760
9705.38,27941109760
9705.66,27941109760
9705.94,27941109760
9706.22,27941109760
9706.50,27941109760
9706.79,27941109760
9707.07,27941109760
9707.35,27941109760
9707.64,27941109760
9707.92,27941109760
9708.19,27941109760
9708.48,27941109760
9708.76,27941109760
9709.04,27941109760
9709.32,27941109760
9709.60,27941109760
9709.89,27941109760
9710.17,27941109760
9710.44,27941109760
9710.72,27941109760
9711.00,27941109760
9711.28,27941109760
9711.57,27941109760
9711.85,27941109760
9712.14,27941109760
9712.42,27941109760
9712.70,27941109760
9712.99,27941109760
9713.26,27941109760
9713.54,27941109760
9713.82,27941109760
9714.11,27941109760
9714.39,27941109760
9714.67,27941109760
9714.96,27941109760
9715.24,27941109760
9715.52,27941109760
9715.81,27941109760
9716.09,27941109760
9716.38,27941109760
9716.66,27941109760
9716.94,27941109760
9717.22,27941109760
9717.50,27941109760
9717.78,27941109760
9718.06,27941109760
9718.34,27941109760
9718.62,27941109760
9718.90,27941109760
9719.19,27941109760
9719.47,27941109760
9719.75,27941109760
9720.04,27941109760
9720.32,27941109760
9720.60,27941109760
9720.89,27941109760
9721.17,27941109760
9721.45,27941109760
9721.73,27941109760
9722.02,27941109760
9722.30,27941109760
9722.58,27941109760
9722.86,27941109760
9723.14,27941109760
9723.42,27941109760
9723.70,27941109760
9723.98,27941109760
9724.26,27941109760
9724.55,27941109760
9724.83,27941109760
9725.11,27941109760
9725.40,27941109760
9725.68,27941109760
9725.96,27941109760
9726.24,27941109760
9726.52,27941109760
9726.81,27941109760
9727.08,27941109760
9727.36,27941109760
9727.65,27941109760
9727.93,27941109760
9728.22,27941109760
9728.50,27941109760
9728.79,27941109760
9729.07,27941109760
9729.35,27941109760
9729.64,27941109760
9729.92,27941109760
9730.21,27941109760
9730.49,27941109760
9730.76,27941109760
9731.04,27941109760
9731.32,27941109760
9731.60,27941109760
9731.89,27941109760
9732.17,27941109760
9732.45,27941109760
9732.73,27941109760
9733.02,27941109760
9733.30,27941109760
9733.58,27941109760
9733.87,27941109760
9734.15,27941109760
9734.43,27941109760
9734.72,27941109760
9735.00,27941109760
9735.28,27941109760
9735.56,27941109760
9735.84,27941109760
9736.12,27941109760
9736.40,27941109760
9736.68,27941109760
9736.96,27941109760
9737.25,27941109760
9737.53,27941109760
9737.81,27941109760
9738.09,27941109760
9738.38,27941109760
9738.66,27941109760
9738.95,27941109760
9739.23,27941109760
9739.51,27941109760
9739.79,27941109760
9740.07,27941109760
9740.36,27941109760
9740.64,27941109760
9740.92,27941109760
9741.20,27941109760
9741.48,27941109760
9741.77,27941109760
9742.05,27941109760
9742.33,27941109760
9742.61,27941109760
9742.90,27941109760
9743.18,27941109760
9743.46,27941109760
9743.74,27941109760
9744.02,27941109760
9744.30,27941109760
9744.58,27941109760
9744.86,27941109760
9745.15,27941109760
9745.43,27941109760
9745.71,27941109760
9745.99,27941109760
9746.27,27941109760
9746.54,27941109760
9746.83,27941109760
9747.11,27941109760
9747.40,27941109760
9747.68,27941109760
9747.96,27941109760
9748.25,27941109760
9748.53,27941109760
9748.81,27941109760
9749.10,27941109760
9749.38,27941109760
9749.66,27941109760
9749.94,27941109760
9750.22,27941109760
9750.50,27941109760
9750.78,27941109760
9751.07,27941109760
9751.35,27941109760
9751.64,27941109760
9751.92,27941109760
9752.20,27941109760
9752.48,27941109760
9752.76,27941109760
9753.05,27941109760
9753.33,27941109760
9753.61,27941109760
9753.89,27941109760
9754.17,27941109760
9754.45,27941109760
9754.74,27941109760
9755.02,27941109760
9755.31,27941109760
9755.59,27941109760
9755.87,27941109760
9756.15,27941109760
9756.43,27941109760
9756.71,27941109760
9756.99,27941109760
9757.28,27941109760
9757.56,27941109760
9757.85,27941109760
9758.13,27941109760
9758.42,27941109760
9758.70,27941109760
9758.99,27941109760
9759.26,27941109760
9759.55,27941109760
9759.83,27941109760
9760.11,27941109760
9760.40,27941109760
9760.68,27941109760
9760.97,27941109760
9761.25,27941109760
9761.52,27941109760
9761.80,27941109760
9762.09,27941109760
9762.37,27941109760
9762.65,27941109760
9762.93,27941109760
9763.21,27941109760
9763.49,27941109760
9763.77,27941109760
9764.06,27941109760
9764.34,27941109760
9764.62,27941109760
9764.91,27941109760
9765.19,27941109760
9765.48,27941109760
9765.76,27941109760
9766.04,27941109760
9766.33,27941109760
9766.61,27941109760
9766.90,27941109760
9767.18,27941109760
9767.46,27941109760
9767.74,27941109760
9768.02,27941109760
9768.31,27941109760
9768.59,27941109760
9768.87,27941109760
9769.15,27941109760
9769.43,27941109760
9769.72,27941109760
9770.00,27941109760
9770.28,27941109760
9770.57,27941109760
9770.85,27941109760
9771.14,27941109760
9771.42,27941109760
9771.71,27941109760
9771.99,27941109760
9772.27,27941109760
9772.56,27941109760
9772.85,27941109760
9773.13,27941109760
9773.41,27941109760
9773.69,27941109760
9773.97,27941109760
9774.25,27941109760
9774.53,27941109760
9774.82,27941109760
9775.10,27941109760
9775.38,27941109760
9775.66,27941109760
9775.95,27941109760
9776.23,27941109760
9776.52,27941109760
9776.80,27941109760
9777.08,27941109760
9777.36,27941109760
9777.65,27941109760
9777.93,27941109760
9778.22,27941109760
9778.50,27941109760
9778.78,27941109760
9779.07,27941109760
9779.35,27941109760
9779.63,27941109760
9779.92,27941109760
9780.20,27941109760
9780.49,27941109760
9780.76,27941109760
9781.05,27941109760
9781.33,27941109760
9781.61,27941109760
9781.89,27941109760
9782.18,27941109760
9782.46,27941109760
9782.75,27941109760
9783.03,27941109760
9783.31,27941109760
9783.59,27941109760
9783.88,27941109760
9784.16,27941109760
9784.44,27941109760
9784.72,27941109760
9784.99,27941109760
9785.27,27941109760
9785.55,27941109760
9785.84,27941109760
9786.12,27941109760
9786.40,27941109760
9786.69,27941109760
9786.97,27941109760
9787.26,27941109760
9787.54,27941109760
9787.83,27941109760
9788.11,27941109760
9788.38,27941109760
9788.67,27941109760
9788.95,27941109760
9789.24,27941109760
9789.52,27941109760
9789.79,27941109760
9790.07,27941109760
9790.36,27941109760
9790.65,27941109760
9790.93,27941109760
9791.22,27941109760
9791.50,27941109760
9791.78,27941109760
9792.07,27941109760
9792.35,27941109760
9792.63,27941109760
9792.92,27941109760
9793.20,27941109760
9793.49,27941109760
9793.77,27941109760
9794.06,27941109760
9794.34,27941109760
9794.63,27941109760
9794.91,27941109760
9795.19,27941109760
9795.48,27941109760
9795.76,27941109760
9796.04,27941109760
9796.32,27941109760
9796.60,27941109760
9796.88,27941109760
9797.16,27941109760
9797.45,27941109760
9797.73,27941109760
9798.01,27941109760
9798.30,27941109760
9798.58,27941109760
9798.86,27941109760
9799.14,27941109760
9799.42,27941109760
9799.70,27941109760
9799.99,27941109760
9800.28,27941109760
9800.56,27941109760
9800.84,27941109760
9801.13,27941109760
9801.41,27941109760
9801.69,27941109760
9801.97,27941109760
9802.26,27941109760
9802.54,27941109760
9802.82,27941109760
9803.11,27941109760
9803.39,27941109760
9803.67,27941109760
9803.96,27941109760
9804.25,27941109760
9804.53,27941109760
9804.81,27941109760
9805.09,27941109760
9805.38,27941109760
9805.66,27941109760
9805.94,27941109760
9806.23,27941109760
9806.51,27941109760
9806.79,27941109760
9807.08,27941109760
9807.36,27941109760
9807.64,27941109760
9807.92,27941109760
9808.21,27941109760
9808.49,27941109760
9808.78,27941109760
9809.06,27941109760
9809.34,27941109760
9809.62,27941109760
9809.91,27941109760
9810.19,27941109760
9810.47,27941109760
9810.75,27941109760
9811.03,27941109760
9811.32,27941109760
9811.60,27941109760
9811.89,27941109760
9812.17,27941109760
9812.45,27941109760
9812.74,27941109760
9813.01,27941109760
9813.30,27941109760
9813.58,27941109760
9813.86,27941109760
9814.14,27941109760
9814.42,27941109760
9814.70,27941109760
9814.98,27941109760
9815.26,27941109760
9815.54,27941109760
9815.83,27941109760
9816.11,27941109760
9816.39,27941109760
9816.67,27941109760
9816.95,27941109760
9817.24,27941109760
9817.52,27941109760
9817.80,27941109760
9818.08,27941109760
9818.36,27941109760
9818.65,27941109760
9818.93,27941109760
9819.21,27941109760
9819.49,27941109760
9819.78,27941109760
9820.06,27941109760
9820.34,27941109760
9820.63,27941109760
9820.91,27941109760
9821.20,27941109760
9821.48,27941109760
9821.76,27941109760
9822.04,27941109760
9822.32,27941109760
9822.60,27941109760
9822.89,27941109760
9823.17,27941109760
9823.45,27941109760
9823.73,27941109760
9824.02,27941109760
9824.30,27941109760
9824.57,27941109760
9824.86,27941109760
9825.14,27941109760
9825.42,27941109760
9825.70,27941109760
9825.98,27941109760
9826.26,27941109760
9826.55,27941109760
9826.83,27941109760
9827.10,27941109760
9827.39,27941109760
9827.67,27941109760
9827.95,27941109760
9828.24,27941109760
9828.52,27941109760
9828.80,27941109760
9829.09,27941109760
9829.37,27941109760
9829.65,27941109760
9829.92,27941109760
9830.20,27941109760
9830.48,27941109760
9830.76,27941109760
9831.05,27941109760
9831.33,27941109760
9831.61,27941109760
9831.89,27941109760
9832.16,27941109760
9832.44,27941109760
9832.73,27941109760
9833.01,27941109760
9833.29,27941109760
9833.57,27941109760
9833.85,27941109760
9834.13,27941109760
9834.41,27941109760
9834.69,27941109760
9834.97,27941109760
9835.26,27941109760
9835.55,27941109760
9835.83,27941109760
9836.11,27941109760
9836.39,27941109760
9836.68,27941109760
9836.96,27941109760
9837.25,27941109760
9837.53,27941109760
9837.81,27941109760
9838.09,27941109760
9838.37,27941109760
9838.65,27941109760
9838.93,27941109760
9839.22,27941109760
9839.49,27941109760
9839.77,27941109760
9840.05,27941109760
9840.34,27941109760
9840.61,27941109760
9840.89,27941109760
9841.18,27941109760
9841.46,27941109760
9841.74,27941109760
9842.02,27941109760
9842.30,27941109760
9842.59,27941109760
9842.87,27941109760
9843.15,27941109760
9843.43,27941109760
9843.72,27941109760
9844.00,27941109760
9844.28,27941109760
9844.56,27941109760
9844.84,27941109760
9845.12,27941109760
9845.41,27941109760
9845.69,27941109760
9845.97,27941109760
9846.25,27941109760
9846.53,27941109760
9846.82,27941109760
9847.10,27941109760
9847.38,27941109760
9847.66,27941109760
9847.95,27941109760
9848.23,27941109760
9848.51,27941109760
9848.79,27941109760
9849.07,27941109760
9849.35,27941109760
9849.64,27941109760
9849.92,27941109760
9850.20,27941109760
9850.48,27941109760
9850.76,27941109760
9851.04,27941109760
9851.32,27941109760
9851.60,27941109760
9851.88,27941109760
9852.17,27941109760
9852.45,27941109760
9852.73,27941109760
9853.01,27941109760
9853.29,27941109760
9853.57,27941109760
9853.85,27941109760
9854.14,27941109760
9854.42,27941109760
9854.71,27941109760
9854.99,27941109760
9855.28,27941109760
9855.56,27941109760
9855.84,27941109760
9856.12,27941109760
9856.40,27941109760
9856.68,27941109760
9856.97,27941109760
9857.24,27941109760
9857.53,27941109760
9857.81,27941109760
9858.10,27941109760
9858.38,27941109760
9858.66,27941109760
9858.94,27941109760
9859.22,27941109760
9859.50,27941109760
9859.78,27941109760
9860.06,27941109760
9860.34,27941109760
9860.63,27941109760
9860.91,27941109760
9861.19,27941109760
9861.47,27941109760
9861.75,27941109760
9862.03,27941109760
9862.32,27941109760
9862.60,27941109760
9862.88,27941109760
9863.16,27941109760
9863.44,27941109760
9863.72,27941109760
9864.00,27941109760
9864.28,27941109760
9864.56,27941109760
9864.84,27941109760
9865.11,27941109760
9865.40,27941109760
9865.67,27941109760
9865.96,27941109760
9866.24,27941109760
9866.52,27941109760
9866.81,27941109760
9867.09,27941109760
9867.37,27941109760
9867.66,27941109760
9867.94,27941109760
9868.22,27941109760
9868.50,27941109760
9868.78,27941109760
9869.06,27941109760
9869.34,27941109760
9869.62,27941109760
9869.90,27941109760
9870.18,27941109760
9870.46,27941109760
9870.75,27941109760
9871.03,27941109760
9871.31,27941109760
9871.59,27941109760
9871.88,27941109760
9872.16,27941109760
9872.44,27941109760
9872.72,27941109760
9873.00,27941109760
9873.29,27941109760
9873.57,27941109760
9873.85,27941109760
9874.13,27941109760
9874.42,27941109760
9874.70,27941109760
9874.98,27941109760
9875.26,27941109760
9875.55,27941109760
9875.83,27941109760
9876.11,27941109760
9876.39,27941109760
9876.67,27941109760
9876.95,27941109760
9877.24,27941109760
9877.51,27941109760
9877.79,27941109760
9878.07,27941109760
9878.35,27941109760
9878.64,27941109760
9878.92,27941109760
9879.20,27941109760
9879.47,27941109760
9879.75,27941109760
9880.03,27941109760
9880.32,27941109760
9880.60,27941109760
9880.88,27941109760
9881.17,27941109760
9881.45,27941109760
9881.74,27941109760
9882.02,27941109760
9882.30,27941109760
9882.58,27941109760
9882.86,27941109760
9883.13,27941109760
9883.42,27941109760
9883.70,27941109760
9883.98,27941109760
9884.26,27941109760
9884.54,27941109760
9884.82,27941109760
9885.10,27941109760
9885.39,27941109760
9885.66,27941109760
9885.95,27941109760
9886.23,27941109760
9886.51,27941109760
9886.79,27941109760
9887.08,27941109760
9887.36,27941109760
9887.64,27941109760
9887.92,27941109760
9888.20,27941109760
9888.49,27941109760
9888.77,27941109760
9889.05,27941109760
9889.33,27941109760
9889.61,27941109760
9889.90,27941109760
9890.18,27941109760
9890.47,27941109760
9890.75,27941109760
9891.03,27941109760
9891.31,27941109760
9891.59,27941109760
9891.88,27941109760
9892.17,27941109760
9892.45,27941109760
9892.72,27941109760
9893.01,27941109760
9893.29,27941109760
9893.57,27941109760
9893.86,27941109760
9894.13,27941109760
9894.41,27941109760
9894.70,27941109760
9894.98,27941109760
9895.26,27941109760
9895.55,27941109760
9895.83,27941109760
9896.12,27941109760
9896.40,27941109760
9896.68,27941109760
9896.97,27941109760
9897.25,27941109760
9897.54,27941109760
9897.82,27941109760
9898.10,27941109760
9898.38,27941109760
9898.66,27941109760
9898.94,27941109760
9899.22,27941109760
9899.51,27941109760
9899.79,27941109760
9900.07,27941109760
9900.35,27941109760
9900.63,27941109760
9900.92,27941109760
9901.20,27941109760
9901.48,27941109760
9901.76,27941109760
9902.04,27941109760
9902.32,27941109760
9902.61,27941109760
9902.89,27941109760
9903.17,27941109760
9903.45,27941109760
9903.73,27941109760
9904.01,27941109760
9904.30,27941109760
9904.58,27941109760
9904.86,27941109760
9905.15,27941109760
9905.42,27941109760
9905.71,27941109760
9905.99,27941109760
9906.27,27941109760
9906.56,27941109760
9906.84,27941109760
9907.11,27941109760
9907.40,27941109760
9907.68,27941109760
9907.96,27941109760
9908.24,27941109760
9908.52,27941109760
9908.80,27941109760
9909.09,27941109760
9909.37,27941109760
9909.65,27941109760
9909.93,27941109760
9910.22,27941109760
9910.50,27941109760
9910.78,27941109760
9911.07,27941109760
9911.35,27941109760
9911.63,27941109760
9911.91,27941109760
9912.19,27941109760
9912.47,27941109760
9912.75,27941109760
9913.03,27941109760
9913.32,27941109760
9913.60,27941109760
9913.89,27941109760
9914.17,27941109760
9914.45,27941109760
9914.73,27941109760
9915.02,27941109760
9915.30,27941109760
9915.58,27941109760
9915.87,27941109760
9916.15,27941109760
9916.43,27941109760
9916.72,27941109760
9917.00,27941109760
9917.28,27941109760
9917.56,27941109760
9917.85,27941109760
9918.13,27941109760
9918.42,27941109760
9918.70,27941109760
9918.98,27941109760
9919.26,27941109760
9919.54,27941109760
9919.83,27941109760
9920.11,27941109760
9920.39,27941109760
9920.67,27941109760
9920.96,27941109760
9921.24,27941109760
9921.52,27941109760
9921.80,27941109760
9922.09,27941109760
9922.37,27941109760
9922.66,27941109760
9922.94,27941109760
9923.22,27941109760
9923.51,27941109760
9923.79,27941109760
9924.07,27941109760
9924.35,27941109760
9924.63,27941109760
9924.92,27941109760
9925.20,27941109760
9925.48,27941109760
9925.76,27941109760
9926.04,27941109760
9926.33,27941109760
9926.60,27941109760
9926.89,27941109760
9927.17,27941109760
9927.45,27941109760
9927.74,27941109760
9928.03,27941109760
9928.31,27941109760
9928.59,27941109760
9928.86,27941109760
9929.14,27941109760
9929.42,27941109760
9929.71,27941109760
9929.99,27941109760
9930.27,27941109760
9930.55,27941109760
9930.83,27941109760
9931.11,27941109760
9931.40,27941109760
9931.67,27941109760
9931.95,27941109760
9932.23,27941109760
9932.51,27941109760
9932.79,27941109760
9933.07,27941109760
9933.36,27941109760
9933.64,27941109760
9933.92,27941109760
9934.20,27941109760
9934.49,27941109760
9934.77,27941109760
9935.05,27941109760
9935.34,27941109760
9935.62,27941109760
9935.90,27941109760
9936.18,27941109760
9936.47,27941109760
9936.75,27941109760
9937.04,27941109760
9937.32,27941109760
9937.60,27941109760
9937.89,27941109760
9938.17,27941109760
9938.45,27941109760
9938.74,27941109760
9939.02,27941109760
9939.30,27941109760
9939.58,27941109760
9939.86,27941109760
9940.15,27941109760
9940.43,27941109760
9940.71,27941109760
9941.00,27941109760
9941.28,27941109760
9941.56,27941109760
9941.84,27941109760
9942.13,27941109760
9942.41,27941109760
9942.69,27941109760
9942.97,27941109760
9943.25,27941109760
9943.53,27941109760
9943.82,27941109760
9944.10,27941109760
9944.38,27941109760
9944.67,27941109760
9944.95,27941109760
9945.23,27941109760
9945.51,27941109760
9945.80,27941109760
9946.08,27941109760
9946.37,27941109760
9946.65,27941109760
9946.94,27941109760
9947.22,27941109760
9947.50,27941109760
9947.78,27941109760
9948.07,27941109760
9948.35,27941109760
9948.63,27941109760
9948.91,27941109760
9949.19,27941109760
9949.48,27941109760
9949.76,27941109760
9950.04,27941109760
9950.32,27941109760
9950.61,27941109760
9950.88,27941109760
9951.16,27941109760
9951.45,27941109760
9951.73,27941109760
9952.01,27941109760
9952.29,27941109760
9952.57,27941109760
9952.86,27941109760
9953.14,27941109760
9953.42,27941109760
9953.70,27941109760
9953.99,27941109760
9954.27,27941109760
9954.56,27941109760
9954.83,27941109760
9955.12,27941109760
9955.40,27941109760
9955.69,27941109760
9955.96,27941109760
9956.24,27941109760
9956.52,27941109760
9956.81,27941109760
9957.09,27941109760
9957.37,27941109760
9957.65,27941109760
9957.92,27941109760
9958.21,27941109760
9958.49,27941109760
9958.77,27941109760
9959.05,27941109760
9959.33,27941109760
9959.61,27941109760
9959.89,27941109760
9960.17,27941109760
9960.45,27941109760
9960.74,27941109760
9961.03,27941109760
9961.31,27941109760
9961.59,27941109760
9961.87,27941109760
9962.15,27941109760
9962.43,27941109760
9962.71,27941109760
9962.99,27941109760
9963.27,27941109760
9963.55,27941109760
9963.84,27941109760
9964.11,27941109760
9964.40,27941109760
9964.68,27941109760
9964.97,27941109760
9965.24,27941109760
9965.53,27941109760
9965.81,27941109760
9966.09,27941109760
9966.37,27941109760
9966.65,27941109760
9966.93,27941109760
9967.21,27941109760
9967.49,27941109760
9967.77,27941109760
9968.05,27941109760
9968.33,27941109760
9968.62,27941109760
9968.90,27941109760
9969.18,27941109760
9969.46,27941109760
9969.74,27941109760
9970.03,27941109760
9970.31,27941109760
9970.59,27941109760
9970.87,27941109760
9971.15,27941109760
9971.44,27941109760
9971.72,27941109760
9972.01,27941109760
9972.29,27941109760
9972.57,27941109760
9972.85,27941109760
9973.13,27941109760
9973.42,27941109760
9973.70,27941109760
9973.98,27941109760
9974.26,27941109760
9974.54,27941109760
9974.83,27941109760
9975.11,27941109760
9975.39,27941109760
9975.67,27941109760
9975.95,27941109760
9976.23,27941109760
9976.52,27941109760
9976.81,27941109760
9977.09,27941109760
9977.38,27941109760
9977.66,27941109760
9977.95,27941109760
9978.23,27941109760
9978.51,27941109760
9978.79,27941109760
9979.07,27941109760
9979.35,27941109760
9979.64,27941109760
9979.92,27941109760
9980.19,27941109760
9980.48,27941109760
9980.76,27941109760
9981.04,27941109760
9981.32,27941109760
9981.60,27941109760
9981.89,27941109760
9982.17,27941109760
9982.45,27941109760
9982.73,27941109760
9983.01,27941109760
9983.29,27941109760
9983.58,27941109760
9983.86,27941109760
9984.14,27941109760
9984.42,27941109760
9984.71,27941109760
9984.99,27941109760
9985.27,27941109760
9985.56,27941109760
9985.84,27941109760
9986.11,27941109760
9986.40,27941109760
9986.69,27941109760
9986.97,27941109760
9987.25,27941109760
9987.53,27941109760
9987.82,27941109760
9988.10,27941109760
9988.39,27941109760
9988.67,27941109760
9988.95,27941109760
9989.23,27941109760
9989.52,27941109760
9989.80,27941109760
9990.08,27941109760
9990.36,27941109760
9990.65,27941109760
9990.93,27941109760
9991.20,27941109760
9991.49,27941109760
9991.77,27941109760
9992.05,27941109760
9992.33,27941109760
9992.62,27941109760
9992.90,27941109760
9993.18,27941109760
9993.47,27941109760
9993.75,27941109760
9994.03,27941109760
9994.32,27941109760
9994.60,27941109760
9994.88,27941109760
9995.17,27941109760
9995.44,27941109760
9995.73,27941109760
9996.01,27941109760
9996.29,27941109760
9996.58,27941109760
9996.86,27941109760
9997.14,27941109760
9997.42,27941109760
9997.70,27941109760
9997.99,27941109760
9998.27,27941109760
9998.55,27941109760
9998.83,27941109760
9999.12,27941109760
9999.40,27941109760
9999.68,27941109760
9999.96,27941109760
10000.24,27941109760
10000.52,27941109760
10000.80,27941109760
10001.08,27941109760
10001.36,27941109760
10001.64,27941109760
10001.93,27941109760
10002.21,27941109760
10002.50,27941109760
10002.79,27941109760
10003.07,27941109760
10003.35,27941109760
10003.63,27941109760
10003.91,27941109760
10004.19,27941109760
10004.47,27941109760
10004.75,27941109760
10005.03,27941109760
10005.31,27941109760
10005.59,27941109760
10005.87,27941109760
10006.16,27941109760
10006.45,27941109760
10006.73,27941109760
10007.01,27941109760
10007.30,27941109760
10007.58,27941109760
10007.86,27941109760
10008.14,27941109760
10008.43,27941109760
10008.71,27941109760
10008.99,27941109760
10009.28,27941109760
10009.57,27941109760
10009.85,27941109760
10010.13,27941109760
10010.42,27941109760
10010.70,27941109760
10010.99,27941109760
10011.26,27941109760
10011.55,27941109760
10011.83,27941109760
10012.11,27941109760
10012.40,27941109760
10012.68,27941109760
10012.96,27941109760
10013.25,27941109760
10013.53,27941109760
10013.81,27941109760
10014.09,27941109760
10014.37,27941109760
10014.65,27941109760
10014.94,27941109760
10015.22,27941109760
10015.50,27941109760
10015.79,27941109760
10016.07,27941109760
10016.35,27941109760
10016.63,27941109760
10016.91,27941109760
10017.19,27941109760
10017.48,27941109760
10017.76,27941109760
10018.04,27941109760
10018.31,27941109760
10018.59,27941109760
10018.88,27941109760
10019.15,27941109760
10019.43,27941109760
10019.72,27941109760
10020.00,27941109760
10020.29,27941109760
10020.57,27941109760
10020.85,27941109760
10021.14,27941109760
10021.41,27941109760
10021.69,27941109760
10021.98,27941109760
10022.26,27941109760
10022.54,27941109760
10022.82,27941109760
10023.10,27941109760
10023.38,27941109760
10023.66,27941109760
10023.94,27941109760
10024.23,27941109760
10024.51,27941109760
10024.79,27941109760
10025.07,27941109760
10025.36,27941109760
10025.64,27941109760
10025.92,27941109760
10026.21,27941109760
10026.49,27941109760
10026.77,27941109760
10027.05,27941109760
10027.33,27941109760
10027.61,27941109760
10027.89,27941109760
10028.17,27941109760
10028.45,27941109760
10028.73,27941109760
10029.01,27941109760
10029.29,27941109760
10029.57,27941109760
10029.85,27941109760
10030.14,27941109760
10030.41,27941109760
10030.69,27941109760
10030.98,27941109760
10031.26,27941109760
10031.55,27941109760
10031.83,27941109760
10032.11,27941109760
10032.39,27941109760
10032.68,27941109760
10032.96,27941109760
10033.24,27941109760
10033.52,27941109760
10033.80,27941109760
10034.08,27941109760
10034.36,27941109760
10034.64,27941109760
10034.92,27941109760
10035.21,27941109760
10035.49,27941109760
10035.78,27941109760
10036.06,27941109760
10036.34,27941109760
10036.62,27941109760
10036.90,27941109760
10037.18,27941109760
10037.47,27941109760
10037.75,27941109760
10038.03,27941109760
10038.32,27941109760
10038.59,27941109760
10038.88,27941109760
10039.16,27941109760
10039.44,27941109760
10039.72,27941109760
10040.00,27941109760
10040.29,27941109760
10040.57,27941109760
10040.85,27941109760
10041.13,27941109760
10041.41,27941109760
10041.69,27941109760
10041.97,27941109760
10042.25,27941109760
10042.53,27941109760
10042.82,27941109760
10043.10,27941109760
10043.38,27941109760
10043.66,27941109760
10043.94,27941109760
10044.22,27941109760
10044.50,27941109760
10044.78,27941109760
10045.07,27941109760
10045.34,27941109760
10045.63,27941109760
10045.91,27941109760
10046.19,27941109760
10046.47,27941109760
10046.75,27941109760
10047.03,27941109760
10047.31,27941109760
10047.59,27941109760
10047.87,27941109760
10048.15,27941109760
10048.44,27941109760
10048.72,27941109760
10049.00,27941109760
10049.28,27941109760
10049.57,27941109760
10049.85,27941109760
10050.13,27941109760
10050.41,27941109760
10050.69,27941109760
10050.98,27941109760
10051.25,27941109760
10051.53,27941109760
10051.81,27941109760
10052.10,27941109760
10052.38,27941109760
10052.66,27941109760
10052.95,27941109760
10053.23,27941109760
10053.51,27941109760
10053.79,27941109760
10054.07,27941109760
10054.35,27941109760
10054.63,27941109760
10054.91,27941109760
10055.19,27941109760
10055.48,27941109760
10055.76,27941109760
10056.04,27941109760
10056.32,27941109760
10056.61,27941109760
10056.89,27941109760
10057.17,27941109760
10057.46,27941109760
10057.74,27941109760
10058.02,27941109760
10058.30,27941109760
10058.58,27941109760
10058.87,27941109760
10059.15,27941109760
10059.43,27941109760
10059.72,27941109760
10059.99,27941109760
10060.28,27941109760
10060.56,27941109760
10060.83,27941109760
10061.11,27941109760
10061.40,27941109760
10061.68,27941109760
10061.96,27941109760
10062.25,27941109760
10062.53,27941109760
10062.82,27941109760
10063.10,27941109760
10063.38,27941109760
10063.66,27941109760
10063.94,27941109760
10064.22,27941109760
10064.50,27941109760
10064.78,27941109760
10065.06,27941109760
10065.35,27941109760
10065.63,27941109760
10065.91,27941109760
10066.19,27941109760
10066.48,27941109760
10066.76,27941109760
10067.04,27941109760
10067.32,27941109760
10067.60,27941109760
10067.88,27941109760
10068.16,27941109760
10068.44,27941109760
10068.73,27941109760
10069.01,27941109760
10069.29,27941109760
10069.58,27941109760
10069.86,27941109760
10070.14,27941109760
10070.42,27941109760
10070.70,27941109760
10070.98,27941109760
10071.26,27941109760
10071.55,27941109760
10071.83,27941109760
10072.11,27941109760
10072.40,27941109760
10072.68,27941109760
10072.97,27941109760
10073.25,27941109760
10073.53,27941109760
10073.81,27941109760
10074.09,27941109760
10074.38,27941109760
10074.66,27941109760
10074.95,27941109760
10075.23,27941109760
10075.51,27941109760
10075.79,27941109760
10076.07,27941109760
10076.36,27941109760
10076.64,27941109760
10076.92,27941109760
10077.20,27941109760
10077.49,27941109760
10077.77,27941109760
10078.05,27941109760
10078.33,27941109760
10078.61,27941109760
10078.89,27941109760
10079.17,27941109760
10079.45,27941109760
10079.73,27941109760
10080.01,27941109760
10080.29,27941109760
10080.58,27941109760
10080.85,27941109760
10081.13,27941109760
10081.42,27941109760
10081.70,27941109760
10081.98,27941109760
10082.27,27941109760
10082.55,27941109760
10082.83,27941109760
10083.11,27941109760
10083.40,27941109760
10083.68,27941109760
10083.96,27941109760
10084.25,27941109760
10084.53,27941109760
10084.81,27941109760
10085.09,27941109760
10085.38,27941109760
10085.66,27941109760
10085.94,27941109760
10086.23,27941109760
10086.51,27941109760
10086.79,27941109760
10087.07,27941109760
10087.35,27941109760
10087.63,27941109760
10087.91,27941109760
10088.20,27941109760
10088.48,27941109760
10088.76,27941109760
10089.05,27941109760
10089.33,27941109760
10089.61,27941109760
10089.89,27941109760
10090.17,27941109760
10090.45,27941109760
10090.73,27941109760
10091.02,27941109760
10091.30,27941109760
10091.58,27941109760
10091.87,27941109760
10092.15,27941109760
10092.43,27941109760
10092.71,27941109760
10093.00,27941109760
10093.27,27941109760
10093.55,27941109760
10093.83,27941109760
10094.12,27941109760
10094.40,27941109760
10094.68,27941109760
10094.97,27941109760
10095.25,27941109760
10095.54,27941109760
10095.82,27941109760
10096.10,27941109760
10096.38,27941109760
10096.67,27941109760
10096.95,27941109760
10097.23,27941109760
10097.52,27941109760
10097.80,27941109760
10098.08,27941109760
10098.36,27941109760
10098.64,27941109760
10098.92,27941109760
10099.20,27941109760
10099.48,27941109760
10099.76,27941109760
10100.05,27941109760
10100.33,27941109760
10100.62,27941109760
10100.90,27941109760
10101.18,27941109760
10101.46,27941109760
10101.74,27941109760
10102.03,27941109760
10102.31,27941109760
10102.59,27941109760
10102.87,27941109760
10103.16,27941109760
10103.44,27941109760
10103.72,27941109760
10104.00,27941109760
10104.28,27941109760
10104.57,27941109760
10104.85,27941109760
10105.14,27941109760
10105.42,27941109760
10105.69,27941109760
10105.97,27941109760
10106.26,27941109760
10106.54,27941109760
10106.83,27941109760
10107.10,27941109760
10107.39,27941109760
10107.67,27941109760
10107.94,27941109760
10108.23,27941109760
10108.51,27941109760
10108.79,27941109760
10109.07,27941109760
10109.35,27941109760
10109.63,27941109760
10109.91,27941109760
10110.20,27941109760
10110.48,27941109760
10110.76,27941109760
10111.04,27941109760
10111.32,27941109760
10111.61,27941109760
10111.89,27941109760
10112.17,27941109760
10112.45,27941109760
10112.73,27941109760
10113.01,27941109760
10113.29,27941109760
10113.57,27941109760
10113.85,27941109760
10114.13,27941109760
10114.41,27941109760
10114.70,27941109760
10114.98,27941109760
10115.26,27941109760
10115.55,27941109760
10115.83,27941109760
10116.11,27941109760
10116.40,27941109760
10116.68,27941109760
10116.97,27941109760
10117.25,27941109760
10117.53,27941109760
10117.81,27941109760
10118.10,27941109760
10118.38,27941109760
10118.66,27941109760
10118.94,27941109760
10119.22,27941109760
10119.50,27941109760
10119.78,27941109760
10120.07,27941109760
10120.35,27941109760
10120.64,27941109760
10120.92,27941109760
10121.21,27941109760
10121.49,27941109760
10121.77,27941109760
10122.05,27941109760
10122.34,27941109760
10122.62,27941109760
10122.90,27941109760
10123.19,27941109760
10123.47,27941109760
10123.75,27941109760
10124.04,27941109760
10124.32,27941109760
10124.61,27941109760
10124.89,27941109760
10125.17,27941109760
10125.46,27941109760
10125.74,27941109760
10126.02,27941109760
10126.30,27941109760
10126.58,27941109760
10126.87,27941109760
10127.15,27941109760
10127.43,27941109760
10127.72,27941109760
10128.00,27941109760
10128.28,27941109760
10128.56,27941109760
10128.84,27941109760
10129.12,27941109760
10129.41,27941109760
10129.69,27941109760
10129.98,27941109760
10130.26,27941109760
10130.55,27941109760
10130.83,27941109760
10131.11,27941109760
10131.39,27941109760
10131.67,27941109760
10131.96,27941109760
10132.24,27941109760
10132.52,27941109760
10132.80,27941109760
10133.09,27941109760
10133.37,27941109760
10133.65,27941109760
10133.93,27941109760
10134.21,27941109760
10134.49,27941109760
10134.77,27941109760
10135.05,27941109760
10135.33,27941109760
10135.61,27941109760
10135.89,27941109760
10136.18,27941109760
10136.46,27941109760
10136.74,27941109760
10137.02,27941109760
10137.31,27941109760
10137.59,27941109760
10137.87,27941109760
10138.16,27941109760
10138.44,27941109760
10138.72,27941109760
10139.00,27941109760
10139.29,27941109760
10139.57,27941109760
10139.85,27941109760
10140.14,27941109760
10140.42,27941109760
10140.71,27941109760
10140.99,27941109760
10141.27,27941109760
10141.56,27941109760
10141.84,27941109760
10142.12,27941109760
10142.40,27941109760
10142.68,27941109760
10142.96,27941109760
10143.24,27941109760
10143.52,27941109760
10143.80,27941109760
10144.09,27941109760
10144.37,27941109760
10144.65,27941109760
10144.93,27941109760
10145.21,27941109760
10145.49,27941109760
10145.77,27941109760
10146.05,27941109760
10146.33,27941109760
10146.61,27941109760
10146.89,27941109760
10147.17,27941109760
10147.45,27941109760
10147.74,27941109760
10148.02,27941109760
10148.30,27941109760
10148.58,27941109760
10148.86,27941109760
10149.14,27941109760
10149.41,27941109760
10149.70,27941109760
10149.98,27941109760
10150.26,27941109760
10150.55,27941109760
10150.83,27941109760
10151.12,27941109760
10151.40,27941109760
10151.68,27941109760
10151.96,27941109760
10152.24,27941109760
10152.52,27941109760
10152.80,27941109760
10153.09,27941109760
10153.37,27941109760
10153.65,27941109760
10153.93,27941109760
10154.22,27941109760
10154.50,27941109760
10154.78,27941109760
10155.06,27941109760
10155.34,27941109760
10155.63,27941109760
10155.91,27941109760
10156.18,27941109760
10156.47,27941109760
10156.75,27941109760
10157.02,27941109760
10157.31,27941109760
10157.59,27941109760
10157.88,27941109760
10158.16,27941109760
10158.44,27941109760
10158.72,27941109760
10159.00,27941109760
10159.29,27941109760
10159.57,27941109760
10159.85,27941109760
10160.13,27941109760
10160.42,27941109760
10160.69,27941109760
10160.98,27941109760
10161.26,27941109760
10161.54,27941109760
10161.82,27941109760
10162.10,27941109760
10162.38,27941109760
10162.66,27941109760
10162.94,27941109760
10163.22,27941109760
10163.51,27941109760
10163.79,27941109760
10164.07,27941109760
10164.35,27941109760
10164.63,27941109760
10164.92,27941109760
10165.19,27941109760
10165.48,27941109760
10165.76,27941109760
10166.05,27941109760
10166.33,27941109760
10166.62,27941109760
10166.90,27941109760
10167.18,27941109760
10167.46,27941109760
10167.74,27941109760
10168.02,27941109760
10168.30,27941109760
10168.58,27941109760
10168.86,27941109760
10169.14,27941109760
10169.42,27941109760
10169.70,27941109760
10169.98,27941109760
10170.26,27941109760
10170.54,27941109760
10170.83,27941109760
10171.11,27941109760
10171.39,27941109760
10171.67,27941109760
10171.96,27941109760
10172.24,27941109760
10172.52,27941109760
10172.80,27941109760
10173.09,27941109760
10173.37,27941109760
10173.65,27941109760
10173.93,27941109760
10174.22,27941109760
10174.50,27941109760
10174.78,27941109760
10175.06,27941109760
10175.34,27941109760
10175.62,27941109760
10175.91,27941109760
10176.19,27941109760
10176.47,27941109760
10176.75,27941109760
10177.03,27941109760
10177.32,27941109760
10177.60,27941109760
10177.88,27941109760
10178.16,27941109760
10178.44,27941109760
10178.72,27941109760
10179.00,27941109760
10179.28,27941109760
10179.56,27941109760
10179.84,27941109760
10180.13,27941109760
10180.41,27941109760
10180.69,27941109760
10180.97,27941109760
10181.26,27941109760
10181.54,27941109760
10181.82,27941109760
10182.10,27941109760
10182.38,27941109760
10182.66,27941109760
10182.94,27941109760
10183.22,27941109760
10183.50,27941109760
10183.79,27941109760
10184.07,27941109760
10184.35,27941109760
10184.63,27941109760
10184.92,27941109760
10185.20,27941109760
10185.48,27941109760
10185.77,27941109760
10186.05,27941109760
10186.34,27941109760
10186.62,27941109760
10186.90,27941109760
10187.18,27941109760
10187.46,27941109760
10187.75,27941109760
10188.03,27941109760
10188.32,27941109760
10188.60,27941109760
10188.88,27941109760
10189.16,27941109760
10189.44,27941109760
10189.73,27941109760
10190.01,27941109760
10190.30,27941109760
10190.58,27941109760
10190.86,27941109760
10191.14,27941109760
10191.43,27941109760
10191.71,27941109760
10191.99,27941109760
10192.28,27941109760
10192.56,27941109760
10192.84,27941109760
10193.12,27941109760
10193.40,27941109760
10193.68,27941109760
10193.96,27941109760
10194.24,27941109760
10194.52,27941109760
10194.81,27941109760
10195.09,27941109760
10195.37,27941109760
10195.65,27941109760
10195.93,27941109760
10196.22,27941109760
10196.50,27941109760
10196.79,27941109760
10197.07,27941109760
10197.35,27941109760
10197.63,27941109760
                                                               