time,used_memory_rss(bytes)
0.00,27908427776
0.28,27908427776
0.57,27908427776
0.85,27908427776
1.13,27908427776
1.41,55813697536
1.70,55814221824
1.98,55814483968
2.26,55814483968
2.54,55814483968
2.82,55814483968
3.10,55814483968
3.39,55815401472
3.67,55815401472
3.95,55815401472
4.24,55804653568
4.51,55784206336
4.80,55767035904
5.08,55742279680
5.36,55718686720
5.64,55694962688
5.92,55670583296
6.21,55648038912
6.49,55631261696
6.78,55608586240
7.06,55585124352
7.34,55562186752
7.63,55537676288
7.91,55513821184
8.20,55489966080
8.48,55471747072
8.76,55447236608
9.05,55423250432
9.33,55398871040
9.62,55375540224
9.90,55352078336
10.18,55331893248
10.46,55311970304
10.74,55289032704
11.02,55267274752
11.30,55245647872
11.59,55223234560
11.87,55204491264
12.15,55181291520
12.44,55158484992
12.71,55133843456
13.00,55109595136
13.29,55085477888
13.57,55061753856
13.85,55038685184
14.13,55023218688
14.41,55017058304
14.70,55004213248
14.99,54987476992
15.27,54964146176
15.55,54943043584
15.84,54920630272
16.12,54896513024
16.41,54875934720
16.69,54852210688
16.97,54828355584
17.25,54804107264
17.54,54780645376
17.82,54756921344
18.10,54732673024
18.38,54713274368
18.67,54689812480
18.95,54666481664
19.23,54642626560
19.51,54619295744
19.78,54596358144
20.07,54572765184
20.35,54548516864
20.64,54525317120
20.91,54501068800
21.20,54477344768
21.48,54454145024
21.76,54430814208
22.04,54406565888
22.32,54383497216
22.61,54364098560
22.88,54340505600
23.17,54316388352
23.44,54293450752
23.72,54270119936
24.00,54246658048
24.27,54222802944
24.55,54199209984
24.83,54175223808
25.11,54151962624
25.39,54129156096
25.67,54105825280
25.95,54082494464
26.24,54059294720
26.52,54036750336
26.80,54013419520
27.08,53990219776
27.36,53967151104
27.64,53943427072
27.93,53920358400
28.21,53897682944
28.49,53873827840
28.77,53849579520
29.05,53824544768
29.34,53804621824
29.62,53782339584
29.91,53758353408
30.19,53734891520
30.47,53711560704
30.75,53687312384
31.03,53663850496
31.32,53639471104
31.60,53615091712
31.88,53590712320
32.16,53566595072
32.45,53543526400
32.72,53521768448
33.00,53504466944
33.28,53481398272
33.57,53457674240
33.85,53434081280
34.13,53412847616
34.41,53389910016
34.68,53366185984
34.97,53342793728
35.25,53320380416
35.53,53304651776
35.81,53285646336
36.09,53265199104
36.38,53244096512
36.66,53222469632
36.94,53200187392
37.23,53177774080
37.51,53155622912
37.79,53136879616
38.07,53115121664
38.35,53093494784
38.63,53071867904
38.92,53049847808
39.20,53027172352
39.49,53004890112
39.77,52982738944
40.05,52960587776
40.34,52939091968
40.62,52918120448
40.89,52895313920
41.18,52873031680
41.45,52851929088
41.73,52833316864
42.01,52817063936
42.29,52793208832
42.58,52774334464
42.86,52751003648
43.15,52727803904
43.44,52704210944
43.72,52687302656
44.01,52668297216
44.29,52644835328
44.57,52628320256
44.85,52604203008
45.14,52581789696
45.41,52558065664
45.69,52538273792
45.97,52515074048
46.26,52492398592
46.54,52469329920
46.82,52446785536
47.10,52423454720
47.38,52406939648
47.66,52384133120
47.94,52360409088
48.23,52336422912
48.52,52318334976
48.80,52303523840
49.08,52283600896
49.36,52259352576
49.64,52235759616
49.92,52212690944
50.20,52189491200
50.49,52166291456
50.77,52143222784
51.05,52119367680
51.34,52096167936
51.62,52071788544
51.91,52048982016
52.19,52026306560
52.47,52003631104
52.75,51982004224
53.03,51962867712
53.32,51939012608
53.60,51917516800
53.88,51903361024
54.17,51881078784
54.45,51857879040
54.73,51834810368
55.01,51811872768
55.29,51788673024
55.57,51766259712
55.85,51751055360
56.13,51736113152
56.41,51714879488
56.69,51690762240
56.97,51667562496
57.26,51644231680
57.53,51620638720
57.82,51597176832
58.10,51574239232
58.38,51551301632
58.66,51527970816
58.94,51503984640
59.22,51480653824
59.50,51456536576
59.78,51433467904
60.06,51410661376
60.35,51387068416
60.63,51363868672
60.91,51341455360
61.19,51318124544
61.48,51295318016
61.76,51272380416
62.05,51250098176
62.34,51229388800
62.62,51206582272
62.90,51184431104
63.18,51160969216
63.46,51136589824
63.75,51112734720
64.03,51088748544
64.32,51066204160
64.60,51042349056
64.88,51019542528
65.16,50995597312
65.44,50971873280
65.73,50949984256
66.01,50925998080
66.29,50902929408
66.58,50880647168
66.86,50857971712
67.14,50835689472
67.42,50814193664
67.70,50795974656
67.98,50772905984
68.27,50749706240
68.56,50726506496
68.84,50703568896
69.12,50680107008
69.41,50658873344
69.69,50636197888
69.97,50613260288
70.25,50590060544
70.53,50567122944
70.81,50543529984
71.10,50521903104
71.38,50499358720
71.66,50475634688
71.94,50452697088
72.22,50429235200
72.50,50406428672
72.78,50382704640
73.06,50360029184
73.35,50335518720
73.63,50312056832
73.92,50293837824
74.21,50270375936
74.49,50246914048
74.78,50223321088
75.06,50201059328
75.34,50179039232
75.62,50155708416
75.91,50132639744
76.19,50109177856
76.47,50086240256
76.76,50062647296
77.04,50039316480
77.33,50015592448
77.61,49992654848
77.89,49970241536
78.17,49951629312
78.46,49928560640
78.74,49904574464
79.02,49882161152
79.31,49858568192
79.59,49836154880
79.87,49812824064
80.16,49789624320
80.44,49766555648
80.72,49744273408
81.00,49721729024
81.28,49699315712
81.55,49676115968
81.83,49652785152
82.12,49629716480
82.40,49610842112
82.69,49589739520
82.97,49566277632
83.25,49542422528
83.54,49520795648
83.82,49503100928
84.10,49484226560
84.38,49460895744
84.66,49444904960
84.95,49423462400
85.23,49400131584
85.51,49377980416
85.79,49355698176
86.08,49333022720
86.35,49310347264
86.64,49287278592
86.92,49264734208
87.20,49241927680
87.49,49218990080
87.77,49194872832
88.05,49175080960
88.33,49155682304
88.62,49131171840
88.90,49108889600
89.18,49085427712
89.46,49062359040
89.74,49039945728
90.03,49016614912
90.31,49006391296
90.60,49006391296
90.88,48999706624
91.16,48976375808
91.44,48951734272
91.73,48927879168
92.02,48904810496
92.29,48880168960
92.57,48856576000
92.86,48833114112
93.14,48810045440
93.42,48786845696
93.71,48764301312
93.99,48741363712
94.28,48718557184
94.56,48704139264
94.84,48685264896
95.12,48662650880
95.41,48640499712
95.69,48618086400
95.97,48595935232
96.24,48574046208
96.53,48551239680
96.81,48528826368
97.08,48505495552
97.36,48481902592
97.65,48458964992
97.92,48436158464
98.21,48412303360
98.49,48388841472
98.78,48364068864
99.06,48340475904
99.35,48318586880
99.63,48295518208
99.91,48272449536
100.19,48250298368
100.47,48233783296
100.75,48209534976
101.03,48185286656
101.31,48163004416
101.59,48141901824
101.86,48126959616
102.15,48111230976
102.43,48089604096
102.71,48068108288
102.99,48048054272
103.27,48026951680
103.55,48004145152
103.83,47981338624
104.11,47958794240
104.39,47935070208
104.67,47912394752
104.95,47895375872
105.23,47872700416
105.51,47848452096
105.79,47826038784
106.07,47803101184
106.35,47780425728
106.64,47758405632
106.92,47736516608
107.19,47713841152
107.47,47691034624
107.76,47668490240
108.05,47645814784
108.33,47623663616
108.60,47600463872
108.88,47582113792
109.16,47567171584
109.44,47544627200
109.73,47520247808
110.01,47495999488
110.29,47471882240
110.58,47448158208
110.86,47425089536
111.15,47400710144
111.43,47377248256
111.71,47354310656
111.99,47330062336
112.27,47306731520
112.56,47282614272
112.84,47259152384
113.12,47239884800
113.41,47217471488
113.69,47194140672
113.96,47171072000
114.25,47147741184
114.53,47124148224
114.81,47105667072
115.09,47085510656
115.38,47062179840
115.66,47039897600
115.94,47016960000
116.23,46997561344
116.51,46975148032
116.79,46950899712
117.08,46927568896
117.36,46909087744
117.65,46885494784
117.93,46861377536
118.21,46844469248
118.49,46825070592
118.77,46801739776
119.05,46777753600
119.33,46754684928
119.61,46730567680
119.89,46707236864
120.17,46684168192
120.45,46661361664
120.74,46639079424
121.01,46615224320
121.30,46591107072
121.57,46570266624
121.86,46551654400
122.14,46529110016
122.42,46505517056
122.70,46482579456
122.99,46460035072
123.26,46437228544
123.54,46414028800
123.82,46395154432
124.11,46372085760
124.39,46348361728
124.68,46325293056
124.96,46301896704
125.24,46278828032
125.52,46256283648
125.80,46233214976
126.09,46213554176
126.37,46192058368
126.66,46170693632
126.94,46147887104
127.22,46125211648
127.50,46103060480
127.78,46080516096
128.06,46056660992
128.35,46034903040
128.63,46012096512
128.91,45997416448
129.19,45978279936
129.47,45955604480
129.75,45931487232
130.04,45907894272
130.32,45884170240
130.60,45860052992
130.89,45835149312
131.17,45810769920
131.46,45786259456
131.74,45767647232
132.02,45747724288
132.30,45723344896
132.59,45699096576
132.87,45675241472
133.15,45651779584
133.44,45632512000
133.72,45617963008
134.00,45596729344
134.29,45574709248
134.57,45552427008
134.85,45529358336
135.13,45507182592
135.41,45485293568
135.68,45467205632
135.97,45445840896
136.25,45427621888
136.54,45407961088
136.82,45386072064
137.10,45367984128
137.39,45344784384
137.67,45322108928
137.96,45300744192
138.24,45277675520
138.52,45255000064
138.80,45232979968
139.08,45210435584
139.37,45187497984
139.65,45166395392
139.93,45147389952
140.21,45129302016
140.49,45110427648
140.78,45088276480
141.06,45065601024
141.34,45042663424
141.62,45020119040
141.90,44997574656
142.19,44974637056
142.47,44952223744
142.75,44929679360
143.04,44916572160
143.32,44916572160
143.60,27908366336
143.88,27908366336
144.18,27908366336
144.46,27908366336
144.74,27908366336
145.03,27908173824
145.31,27908173824
145.59,27908173824
145.88,27908173824
146.16,27908304896
146.44,27908304896
146.72,27908304896
147.00,27908304896
147.29,27908304896
147.57,27908304896
147.86,27908304896
148.14,27908304896
148.42,27908304896
148.70,27908304896
148.98,27908304896
149.26,27908304896
149.54,27908304896
149.82,27908304896
150.10,27908304896
150.38,27908304896
150.66,27908304896
150.93,27908304896
151.22,27908304896
151.49,27908304896
151.76,27908304896
152.04,27908304896
152.32,27908304896
152.61,27908304896
152.89,27908304896
153.18,27908304896
153.46,27908304896
153.75,27908304896
154.03,27908304896
154.31,27908304896
154.59,27908304896
154.87,27908304896
155.15,27908161536
155.43,27908161536
155.71,27908161536
156.00,27908161536
156.28,27908161536
156.56,27908161536
156.84,27908161536
157.13,27908161536
157.40,27908292608
157.69,27908292608
157.96,27908292608
158.25,27908292608
158.53,27908292608
158.81,27908292608
159.09,27908292608
159.37,27908292608
159.65,27908292608
159.93,27908292608
160.21,27908292608
160.50,27908292608
160.78,27908292608
161.06,27908292608
161.34,27908292608
161.62,27908423680
161.90,27908423680
162.19,27908423680
162.47,27908423680
162.75,27908423680
163.03,27908423680
163.32,27908423680
163.60,27908423680
163.88,27908423680
164.17,27908423680
164.45,27908423680
164.73,27908423680
165.02,27908423680
165.30,27908554752
165.58,27908554752
165.87,27908554752
166.15,27908554752
166.43,27908554752
166.71,27908554752
166.99,27908554752
167.27,27908554752
167.55,27908554752
167.83,27908554752
168.11,27908554752
168.39,27908554752
168.67,27908554752
168.95,27908554752
169.23,27908554752
169.51,27908554752
169.79,27908554752
170.07,27908554752
170.35,27908554752
170.64,27908554752
170.93,27908554752
171.21,27908554752
171.50,27908554752
171.78,27908554752
172.06,27908554752
172.34,27908554752
172.62,27908554752
172.90,27908554752
173.18,27908554752
173.46,27908554752
173.74,27908554752
174.01,27908554752
174.29,27908554752
174.58,27908554752
174.86,27908554752
175.13,27908308992
175.42,27908308992
175.70,27908440064
175.97,27908440064
176.26,27908440064
176.54,27908440064
176.83,27908440064
177.11,27908440064
177.39,27908440064
177.67,27908440064
177.95,27908440064
178.23,27908440064
178.51,27908440064
178.79,27908440064
179.06,27908440064
179.35,27908440064
179.63,27908440064
179.91,27908440064
180.19,27908440064
180.47,27908440064
180.75,27908440064
181.03,27908440064
181.31,27908440064
181.59,27908440064
181.87,27908440064
182.14,27908440064
182.43,27908440064
182.72,27908440064
182.99,27908440064
183.27,27908440064
183.55,27908440064
183.83,27908440064
184.12,27908440064
184.39,27908440064
184.68,27908440064
184.96,27908255744
185.23,27908517888
185.51,27908648960
185.79,27908648960
186.07,27908648960
186.35,27908648960
186.64,27908648960
186.91,27908648960
187.19,27908648960
187.48,27908648960
187.76,27908648960
188.04,27908648960
188.32,27908648960
188.61,27908648960
188.89,27908648960
189.18,27908648960
189.46,27908648960
189.74,27908648960
190.03,27908648960
190.31,27908648960
190.59,27908648960
190.87,27908648960
191.15,27908648960
191.43,27908648960
191.71,27908648960
191.99,27908648960
192.27,27908648960
192.55,27908648960
192.83,27908648960
193.11,27908648960
193.39,27908648960
193.68,27908648960
193.96,27908648960
194.24,27908648960
194.52,27908648960
194.80,27908648960
195.09,27908304896
195.37,27908304896
195.65,27908304896
195.94,27908304896
196.22,27908304896
196.50,27908304896
196.78,27908304896
197.06,27908304896
197.35,27908435968
197.63,27908435968
197.91,27908435968
198.20,27908435968
198.48,27908435968
198.77,27908435968
199.05,27908435968
199.33,27908435968
199.62,27908435968
199.90,27908435968
200.18,27908435968
200.46,27908435968
200.75,27908435968
201.03,27908435968
201.32,27908435968
201.60,27908435968
201.88,27908435968
202.17,27908435968
202.45,27908435968
202.73,27908435968
203.01,27908435968
203.29,27908435968
203.56,27908435968
203.84,27908435968
204.13,27908435968
204.41,27908435968
204.69,27908435968
204.97,27908243456
205.25,27908243456
205.54,27908243456
205.82,27908243456
206.11,27908243456
206.39,27908243456
206.68,27908243456
206.96,27908243456
207.24,27908243456
207.52,27908374528
207.81,27908374528
208.09,27908374528
208.38,27908374528
208.67,27908374528
208.95,27908374528
209.23,27908374528
209.51,27908374528
209.80,27908374528
210.08,27908374528
210.37,27908374528
210.65,27908374528
210.92,27908374528
211.20,27908374528
211.49,27908374528
211.77,27908374528
212.05,27908374528
212.33,27908374528
212.62,27908374528
212.90,27908374528
213.18,27908374528
213.47,27908374528
213.75,27908374528
214.03,27908374528
214.32,27908374528
214.59,27908374528
214.88,27908374528
215.16,27908198400
215.44,27908198400
215.73,27908460544
216.01,27908460544
216.29,27908460544
216.57,27908460544
216.86,27908460544
217.14,27908460544
217.42,27908460544
217.71,27908460544
217.99,27908460544
218.27,27908460544
218.55,27908460544
218.83,27908460544
219.11,27908460544
219.40,27908460544
219.68,27908460544
219.96,27908460544
220.25,27908460544
220.53,27908460544
220.81,27908460544
221.09,27908460544
221.37,27908460544
221.66,27908460544
221.94,27908460544
222.22,27908460544
222.50,27908460544
222.78,27908460544
223.06,27908460544
223.35,27908460544
223.63,27908460544
223.91,27908460544
224.20,27908460544
224.48,27908460544
224.76,27908460544
225.04,27908255744
225.33,27908255744
225.62,27908255744
225.90,27908517888
226.18,27908517888
226.46,27908517888
226.75,27908517888
227.03,27908517888
227.31,27908517888
227.59,27908517888
227.87,27908517888
228.16,27908517888
228.44,27908517888
228.72,27908517888
229.00,27908517888
229.29,27908517888
229.57,27908517888
229.85,27908517888
230.13,27908517888
230.41,27908517888
230.69,27908517888
230.97,27908517888
231.25,27908517888
231.53,27908517888
231.82,27908517888
232.10,27908517888
232.38,27908517888
232.66,27908517888
232.94,27908517888
233.22,27908517888
233.50,27908517888
233.78,27908517888
234.07,27908517888
234.35,27908517888
234.63,27908517888
234.91,27908517888
235.19,27908517888
235.47,27908517888
235.76,27908517888
236.04,27908517888
236.32,27908517888
236.60,27908517888
236.88,27908517888
237.16,27908517888
237.44,27908517888
237.73,27908517888
238.01,27908517888
238.29,27908517888
238.58,27908517888
238.86,27908648960
239.13,27908648960
239.41,27908648960
239.70,27908648960
239.98,27908648960
240.26,27908648960
240.55,27908648960
240.83,27908648960
241.11,27908648960
241.39,27908648960
241.67,27908648960
241.95,27908648960
242.23,27908648960
242.51,27908648960
242.80,27908648960
243.08,27908648960
243.37,27908648960
243.65,27908648960
243.94,27908648960
244.22,27908648960
244.50,27908648960
244.78,27908648960
245.07,27908648960
245.35,27908648960
245.63,27908648960
245.92,27908648960
246.20,27908648960
246.49,27908648960
246.77,27908648960
247.05,27908648960
247.34,27908648960
247.62,27908648960
247.89,27908648960
248.18,27908648960
248.46,27908648960
248.74,27908648960
249.03,27908648960
249.31,27908648960
249.59,27908648960
249.87,27908648960
250.15,27908648960
250.43,27908648960
250.71,27908648960
250.99,27908648960
251.27,27908648960
251.55,27908648960
251.84,27908648960
252.12,27908648960
252.40,27908648960
252.68,27908648960
252.96,27908648960
253.25,27908648960
253.54,27908648960
253.82,27908648960
254.10,27908648960
254.39,27908648960
254.67,27908648960
254.96,27908231168
255.23,27908493312
255.51,27908493312
255.80,27908493312
256.08,27908493312
256.36,27908493312
256.64,27908493312
256.92,27908493312
257.21,27908493312
257.49,27908493312
257.77,27908493312
258.05,27908493312
258.33,27908493312
258.61,27908493312
258.90,27908493312
259.19,27908493312
259.47,27908493312
259.76,27908493312
260.04,27908493312
260.33,27908493312
260.62,27908493312
260.89,27908493312
261.18,27908493312
261.45,27908493312
261.74,27908493312
262.01,27908493312
262.29,27908493312
262.57,27908493312
262.86,27908493312
263.15,27908493312
263.43,27908493312
263.71,27908493312
263.99,27908493312
264.28,27908493312
264.56,27908493312
264.83,27908493312
265.11,27908300800
265.40,27908300800
265.68,27908431872
265.96,27908431872
266.25,27908431872
266.53,27908431872
266.81,27908431872
267.09,27908431872
267.37,27908431872
267.66,27908431872
267.94,27908431872
268.22,27908431872
268.49,27908431872
268.77,27908431872
269.06,27908431872
269.34,27908431872
269.62,27908431872
269.90,27908431872
270.18,27908431872
270.46,27908431872
270.75,27908431872
271.03,27908431872
271.31,27908431872
271.58,27908431872
271.87,27908431872
272.15,27908431872
272.43,27908431872
272.72,27908431872
273.01,27908431872
273.30,27908431872
273.58,27908431872
273.87,27908431872
274.15,27908431872
274.44,27908431872
274.72,27908431872
275.00,27908235264
275.28,27908235264
275.57,27908366336
275.85,27908366336
276.13,27908366336
276.40,27908366336
276.69,27908497408
276.97,27908497408
277.25,27885035520
277.61,27883724800
277.89,27883724800
278.17,27883724800
278.44,27883724800
278.72,27883724800
279.00,27883724800
279.28,27883724800
279.56,27883724800
279.97,27792498688
280.25,27792498688
280.54,27792498688
280.83,27792498688
281.12,27792498688
281.40,27792498688
281.68,27792498688
281.96,27792498688
282.24,27792498688
282.53,27792498688
282.81,27792498688
283.08,27792498688
283.36,27792498688
283.64,27792498688
283.93,27744788480
284.22,27741642752
284.50,27741380608
284.79,27741380608
285.07,27741380608
285.35,27741380608
285.63,27741380608
285.91,27741380608
286.20,27741380608
286.48,27741380608
286.76,27741380608
287.04,27741380608
287.32,27741380608
287.59,27741380608
287.88,27741380608
288.16,27741380608
288.44,27741380608
288.71,27741380608
289.00,27741380608
289.28,27741380608
289.56,27741380608
289.84,27741380608
290.13,27741380608
290.41,27741380608
290.69,27741380608
290.96,27741380608
291.25,27741380608
291.53,27741380608
291.81,27741380608
292.10,27741380608
292.38,27741380608
292.66,27741380608
292.94,27741380608
293.23,27741380608
293.51,27741380608
293.80,27741380608
294.09,27741380608
294.37,27741380608
294.65,27741380608
294.93,27741380608
295.21,27741380608
295.50,27741380608
295.78,27741380608
296.06,27741380608
296.35,27741380608
296.63,27741380608
296.92,27741380608
297.20,27741380608
297.49,27741380608
297.78,27741380608
298.06,27741380608
298.35,27741380608
298.63,27741380608
298.92,27741380608
299.19,27741380608
299.48,27741380608
299.76,27741380608
300.04,27741380608
300.32,27741380608
300.61,27741380608
300.89,27741380608
301.18,27741380608
301.46,27741380608
301.74,27741380608
302.02,27741380608
302.31,27741380608
302.59,27741380608
302.88,27741380608
303.16,27741380608
303.44,27741380608
303.73,27741380608
304.01,27741380608
304.29,27741380608
304.57,27741380608
304.85,27741380608
305.14,27741433856
305.42,27741433856
305.70,27741433856
305.99,27741433856
306.27,27741433856
306.56,27741433856
306.84,27741433856
307.12,27741433856
307.40,27741433856
307.68,27741433856
307.95,27741433856
308.23,27741433856
308.52,27741433856
308.80,27741433856
309.08,27741433856
309.36,27741433856
309.64,27741433856
309.93,27741433856
310.21,27741433856
310.50,27741433856
310.78,27741564928
311.05,27741564928
311.34,27741564928
311.62,27741564928
311.90,27741564928
312.18,27741564928
312.46,27741564928
312.74,27741564928
313.02,27741564928
313.29,27741564928
313.58,27741564928
313.86,27741564928
314.13,27741564928
314.40,27741564928
314.69,27741564928
314.97,27741294592
315.25,27741294592
315.53,27741425664
315.81,27741425664
316.09,27741687808
316.37,27741687808
316.66,27741687808
316.94,27741687808
317.22,27741687808
317.50,27741687808
317.78,27741687808
318.07,27741687808
318.35,27741687808
318.63,27741687808
318.92,27741687808
319.20,27741687808
319.48,27741687808
319.77,27741687808
320.05,27741687808
320.33,27741687808
320.62,27741687808
320.90,27741687808
321.18,27741687808
321.46,27741687808
321.74,27741687808
322.02,27741687808
322.30,27741687808
322.59,27741687808
322.86,27741687808
323.14,27741687808
323.43,27741687808
323.71,27741687808
323.99,27741687808
324.27,27741687808
324.56,27741687808
324.85,27741687808
325.13,27741478912
325.41,27741478912
325.70,27741478912
325.98,27741478912
326.26,27741478912
326.54,27741478912
326.82,27741478912
327.10,27741478912
327.39,27741478912
327.67,27741478912
327.95,27741478912
328.23,27741478912
328.51,27741478912
328.80,27741478912
329.07,27741478912
329.36,27741478912
329.63,27741478912
329.92,27741478912
330.19,27741478912
330.48,27741478912
330.76,27741478912
331.05,27741478912
331.33,27741478912
331.61,27741478912
331.89,27741478912
332.18,27741478912
332.46,27741478912
332.75,27741478912
333.03,27741478912
333.31,27741478912
333.60,27741478912
333.88,27741478912
334.15,27741478912
334.44,27741478912
334.72,27741478912
335.00,27741569024
335.29,27741569024
335.57,27741569024
335.85,27741569024
336.13,27741569024
336.42,27741569024
336.70,27741569024
336.98,27741569024
337.27,27741569024
337.55,27741569024
337.83,27741569024
338.11,27741569024
338.40,27741569024
338.68,27741569024
338.96,27741569024
339.25,27741569024
339.54,27741569024
339.82,27741569024
340.10,27741569024
340.39,27741569024
340.67,27741569024
340.95,27741569024
341.24,27741569024
341.52,27741569024
341.80,27741569024
342.09,27741569024
342.38,27741569024
342.66,27741569024
342.95,27741569024
343.23,27741569024
343.51,27741569024
343.80,27741569024
344.08,27741569024
344.36,27741569024
344.65,27741569024
344.93,27741339648
345.22,27741339648
345.50,27741601792
345.78,27741601792
346.06,27741601792
346.34,27741601792
346.63,27741601792
346.92,27741601792
347.20,27741601792
347.49,27741601792
347.77,27741601792
348.06,27741601792
348.35,27741601792
348.63,27741601792
348.91,27741601792
349.20,27741601792
349.48,27741601792
349.77,27741601792
350.05,27741601792
350.33,27741601792
350.61,27741601792
350.89,27741601792
351.17,27741601792
351.45,27741601792
351.74,27741601792
352.01,27741601792
352.30,27741601792
352.58,27741601792
352.87,27741601792
353.15,27741601792
353.43,27741601792
353.72,27741601792
354.00,27741601792
354.29,27741601792
354.57,27741601792
354.86,27741601792
355.14,27741601792
355.43,27741601792
355.71,27741601792
355.99,27741601792
356.27,27741601792
356.55,27741601792
356.83,27741601792
357.12,27741601792
357.40,27741601792
357.68,27741601792
357.96,27741601792
358.24,27741601792
358.53,27741601792
358.81,27741601792
359.09,27741601792
359.37,27741601792
359.65,27741601792
359.94,27741601792
360.22,27741601792
360.50,27741601792
360.79,27741601792
361.07,27741601792
361.36,27741601792
361.65,27741601792
361.93,27741601792
362.21,27741601792
362.50,27741601792
362.78,27741601792
363.07,27741601792
363.35,27741601792
363.63,27741601792
363.91,27741732864
364.19,27741732864
364.48,27741732864
364.76,27741732864
365.04,27741503488
365.33,27741503488
365.60,27741503488
365.89,27741503488
366.17,27741503488
366.46,27741503488
366.75,27741503488
367.04,27741503488
367.32,27741503488
367.61,27741503488
367.89,27741503488
368.17,27741503488
368.46,27741503488
368.74,27741503488
369.02,27741503488
369.31,27741634560
369.59,27741634560
369.88,27741634560
370.17,27741634560
370.45,27741634560
370.74,27741634560
371.02,27741634560
371.31,27741634560
371.59,27741634560
371.88,27741634560
372.16,27741634560
372.44,27741634560
372.73,27741634560
373.00,27741634560
373.29,27741634560
373.57,27741634560
373.86,27741634560
374.14,27741634560
374.43,27741634560
374.71,27741634560
375.00,27741503488
375.29,27741634560
375.56,27741634560
375.85,27741634560
376.13,27741634560
376.41,27741634560
376.70,27741634560
376.98,27741634560
377.26,27741634560
377.55,27741634560
377.82,27741634560
378.11,27741634560
378.39,27741634560
378.66,27741634560
378.95,27741634560
379.24,27741634560
379.52,27741634560
379.80,27741634560
380.07,27741634560
380.35,27741634560
380.63,27741634560
380.92,27741634560
381.20,27741634560
381.49,27741634560
381.77,27741634560
382.05,27741634560
382.34,27741634560
382.62,27741634560
382.90,27741634560
383.18,27741634560
383.47,27741634560
383.75,27741634560
384.03,27741634560
384.31,27741634560
384.60,27741634560
384.88,27741634560
385.16,27741634560
385.45,27741634560
385.73,27741634560
386.01,27741634560
386.30,27741765632
386.58,27741765632
386.86,27741765632
387.14,27741896704
387.42,27741896704
387.70,27741896704
387.98,27741896704
388.26,27741896704
388.54,27741896704
388.82,27741896704
389.10,27741896704
389.38,27741896704
389.65,27742027776
389.93,27742027776
390.21,27742027776
390.49,27742027776
390.78,27742027776
391.06,27742027776
391.35,27742027776
391.63,27742027776
391.91,27742027776
392.19,27742027776
392.47,27742027776
392.75,27742027776
393.04,27742027776
393.32,27742027776
393.60,27742027776
393.88,27742027776
394.16,27742027776
394.44,27742027776
394.72,27742027776
395.00,27741646848
395.28,27741777920
395.56,27741777920
395.85,27741777920
396.13,27741777920
396.41,27741777920
396.70,27741777920
396.98,27741777920
397.26,27741777920
397.54,27741777920
397.82,27741777920
398.11,27741777920
398.39,27741777920
398.68,27741777920
398.96,27741777920
399.24,27741777920
399.51,27741777920
399.79,27741777920
400.08,27741777920
400.36,27741777920
400.64,27741777920
400.92,27741777920
401.20,27741777920
401.48,27741777920
401.76,27741777920
402.04,27741777920
402.33,27741777920
402.61,27741777920
402.89,27741777920
403.17,27741777920
403.45,27741777920
403.74,27741777920
404.02,27741777920
404.30,27741777920
404.58,27741777920
404.86,27741777920
405.14,27741642752
405.42,27741773824
405.70,27741773824
405.99,27741773824
406.27,27741773824
406.56,27741773824
406.84,27741773824
407.12,27741773824
407.41,27741773824
407.69,27741773824
407.97,27741773824
408.26,27741773824
408.54,27741773824
408.82,27741773824
409.10,27741773824
409.38,27741773824
409.66,27741773824
409.95,27741773824
410.23,27741773824
410.52,27741773824
410.81,27741773824
411.09,27741773824
411.37,27741773824
411.66,27741773824
411.94,27741773824
412.22,27741773824
412.50,27741773824
412.78,27741773824
413.06,27741773824
413.34,27741773824
413.63,27741773824
413.92,27741773824
414.20,27741773824
414.48,27741773824
414.76,27741773824
415.05,27741515776
415.33,27741515776
415.62,27741515776
415.90,27741515776
416.19,27741515776
416.47,27741515776
416.76,27741515776
417.04,27741515776
417.32,27741515776
417.61,27741515776
417.89,27741515776
418.18,27741515776
418.46,27741515776
418.74,27741515776
419.03,27741515776
419.31,27741515776
419.59,27741515776
419.87,27741515776
420.15,27741515776
420.43,27741515776
420.71,27741515776
421.00,27741515776
421.28,27741515776
421.56,27741515776
421.84,27741515776
422.13,27741515776
422.41,27741515776
422.69,27741515776
422.98,27741515776
423.26,27741515776
423.54,55481778176
423.82,55481778176
424.10,55481778176
424.38,55460282368
424.67,55436427264
424.95,55413620736
425.23,55397105664
425.52,55376265216
425.80,55355293696
426.08,55340220416
426.36,55318593536
426.64,55294345216
426.92,55270096896
427.20,55248732160
427.48,55224614912
427.76,55201153024
428.05,55177560064
428.33,55152656384
428.62,55129456640
428.91,55105208320
429.20,55080435712
429.49,55055925248
429.77,55031939072
430.06,55011753984
430.34,54994714624
430.62,54972301312
430.90,54950150144
431.19,54928392192
431.47,54904930304
431.76,54882385920
432.04,54860365824
432.32,54837952512
432.60,54816063488
432.88,54794567680
433.16,54771761152
433.45,54750396416
433.73,54728507392
434.01,54707666944
434.30,54689316864
434.58,54666248192
434.86,54643834880
435.14,54623272960
435.42,54601252864
435.70,54577790976
435.99,54554722304
436.26,54533750784
436.55,54512254976
436.83,54489972736
437.11,54466641920
437.39,54442524672
437.68,54418800640
437.96,54400188416
438.24,54376333312
438.52,54353133568
438.81,54328754176
439.09,54305030144
439.37,54281043968
439.65,54256533504
439.94,54232809472
440.22,54208823296
440.50,54184312832
440.78,54160982016
441.07,54137257984
441.35,54112747520
441.64,54087843840
441.92,54066348032
442.21,54047211520
442.49,54028468224
442.78,54006579200
443.06,53984821248
443.35,53962801152
443.62,53940649984
443.90,53918892032
444.18,53897396224
444.47,53875507200
444.75,53854142464
445.03,53832052736
445.32,53809246208
445.61,53788536832
445.89,53767172096
446.17,53746069504
446.45,53724180480
446.74,53708189696
447.02,53684072448
447.31,53659561984
447.60,53634920448
447.88,53612244992
448.16,53589176320
448.44,53566238720
448.72,53543563264
449.00,53519708160
449.29,53496639488
449.57,53472653312
449.85,53449584640
450.13,53426253824
450.41,53403316224
450.69,53379985408
450.96,53356654592
451.25,53332144128
451.54,53308289024
451.82,53284696064
452.10,53261103104
452.39,53237772288
452.67,53214572544
452.95,53197795328
453.24,53182590976
453.52,53166075904
453.80,53146939392
454.08,53126623232
454.37,53108404224
454.64,53085466624
454.92,53062791168
455.19,53039329280
455.48,53014818816
455.76,52990439424
456.05,52965535744
456.33,52942860288
456.61,52924116992
456.90,52901179392
457.18,52877717504
457.46,52853731328
457.74,52830138368
458.02,52806021120
458.31,52781772800
458.59,52763684864
458.87,52742057984
459.16,52720562176
459.44,52701949952
459.72,52678750208
460.00,52654501888
460.29,52630122496
460.57,52606791680
460.85,52583591936
461.13,52559998976
461.41,52536406016
461.69,52513206272
461.98,52490530816
462.26,52473622528
462.54,52455665664
462.81,52432990208
463.09,52408086528
463.38,52384362496
463.66,52361424896
463.94,52339273728
464.23,52316467200
464.51,52293660672
464.80,52268625920
465.08,52245045248
465.36,52221190144
465.64,52196941824
465.92,52179378176
466.20,52156309504
466.48,52132192256
466.76,52108730368
467.04,52084744192
467.33,52062330880
467.61,52039131136
467.89,52016455680
468.17,51992600576
468.44,51970449408
468.73,51946332160
469.01,51923001344
469.29,51899670528
469.57,51876339712
469.85,51853402112
470.13,51828629504
470.42,51803725824
470.70,51778822144
470.98,51754573824
471.26,51730718720
471.55,51708043264
471.83,51688251392
472.11,51665182720
472.39,51641982976
472.68,51619700736
472.95,51596894208
473.24,51574480896
473.51,51553771520
473.80,51529916416
474.08,51505668096
474.36,51482468352
474.65,51457695744
474.93,51435151360
475.21,51412738048
475.49,51389276160
475.77,51366076416
476.05,51347726336
476.32,51324395520
476.61,51301195776
476.88,51278389248
477.16,51255320576
477.44,51233169408
477.72,51209707520
478.00,51193585664
478.28,51170123776
478.56,51146006528
478.85,51122675712
479.13,51098820608
479.41,51076407296
479.69,51053207552
479.98,51029614592
480.26,51004448768
480.55,50979807232
480.83,50960408576
481.12,50937339904
481.40,50913222656
481.69,50889236480
481.97,50865905664
482.26,50842968064
482.54,50819112960
482.82,50803122176
483.10,50779791360
483.39,50757115904
483.67,50733916160
483.96,50715566080
484.25,50700492800
484.53,50681749504
484.82,50658418688
485.10,50635497472
485.38,50612690944
485.67,50588835840
485.95,50564718592
486.24,50541387776
486.52,50518450176
486.80,50495119360
487.08,50471526400
487.37,50447802368
487.65,50429845504
487.93,50405203968
488.22,50382397440
488.51,50359721984
488.80,50336784384
489.08,50313322496
489.37,50290909184
489.65,50267578368
489.93,50245033984
490.21,50225504256
490.49,50201255936
490.78,50178842624
491.06,50156167168
491.35,50132705280
491.63,50109112320
491.92,50087092224
492.20,50065203200
492.49,50041085952
492.77,50017755136
493.06,49994424320
493.34,49970831360
493.62,49947107328
493.91,49924300800
494.19,49901756416
494.48,49882357760
494.76,49859944448
495.04,49836089344
495.32,49813938176
495.61,49789296640
495.90,49766096896
496.18,49742766080
496.46,49719697408
496.75,49696890880
497.03,49673953280
497.31,49649442816
497.59,49630830592
497.88,49606844416
498.16,49584824320
498.44,49561886720
498.72,49537900544
499.00,49514831872
499.28,49490714624
499.57,49470922752
499.85,49448902656
500.14,49426227200
500.42,49402372096
500.70,49379303424
500.98,49358462976
501.26,49335525376
501.54,49315602432
501.83,49297514496
502.10,49273528320
502.39,49248755712
502.68,49224507392
502.96,49202618368
503.24,49179156480
503.52,49155956736
503.80,49132888064
504.08,49109819392
504.37,49086488576
504.66,49067089920
504.94,49043886080
505.22,49022128128
505.50,48999452672
505.78,48977301504
506.06,48954232832
506.35,48930246656
506.63,48907571200
506.92,48886206464
507.19,48863268864
507.48,48838889472
507.76,48816082944
508.04,48792621056
508.32,48769028096
508.60,48745304064
508.89,48721973248
509.16,48699691008
509.45,48689467392
509.73,48689467392
510.00,48678850560
510.29,48659976192
510.57,48637300736
510.85,48615542784
511.13,48591556608
511.41,48568356864
511.69,48545288192
511.98,48522481664
512.26,48499150848
512.54,48476999680
512.82,48458125312
513.10,48442003456
513.38,48418803712
513.67,48395866112
513.95,48373059584
514.24,48351432704
514.51,48327315456
514.80,48304902144
515.07,48282226688
515.36,48258895872
515.64,48236351488
515.92,48219574272
516.20,48200175616
516.49,48178417664
516.77,48159936512
517.06,48136343552
517.34,48114192384
517.62,48094007296
517.90,48072773632
518.19,48050753536
518.47,48027291648
518.76,48009203712
519.04,47986397184
519.33,47964901376
519.61,47942225920
519.89,47919943680
520.18,47899103232
520.47,47881539584
520.75,47861354496
521.03,47840514048
521.31,47819411456
521.59,47799619584
521.87,47777992704
522.15,47756365824
522.43,47735787520
522.71,47717306368
523.00,47696596992
523.27,47674445824
523.55,47652163584
523.84,47627784192
524.13,47604715520
524.42,47581253632
524.70,47558447104
524.98,47534854144
525.26,47512047616
525.55,47496187904
525.83,47473119232
526.11,47450181632
526.39,47426064384
526.68,47403388928
526.96,47380058112
527.25,47356858368
527.54,47335362560
527.82,47313604608
528.10,47290667008
528.39,47267598336
528.67,47244529664
528.95,47228801024
529.24,47213203456
529.52,47190790144
529.79,47168770048
530.07,47145439232
530.36,47122894848
530.64,47104020480
530.92,47081869312
531.20,47059849216
531.48,47037042688
531.76,47012925440
532.05,46989594624
532.33,46967574528
532.61,46944899072
532.89,46924451840
533.18,46906101760
533.46,46887620608
533.74,46863634432
534.02,46840827904
534.31,46817234944
534.59,46798098432
534.87,46776995840
535.15,46752534528
535.43,46729990144
535.72,46707707904
536.00,46685425664
536.28,46663274496
536.57,46641516544
536.85,46618316800
537.13,46594592768
537.41,46571786240
537.69,46547537920
537.98,46527746048
538.26,46512803840
538.54,46490914816
538.83,46466797568
539.11,46443597824
539.40,46428786688
539.68,46413451264
539.96,46390906880
540.25,46366658560
540.54,46343852032
540.82,46321045504
541.09,46299287552
541.37,46275956736
541.66,46253281280
541.94,46230474752
542.22,46206881792
542.50,46183288832
542.79,46160744448
543.07,46141083648
543.36,46126534656
543.64,46105432064
543.93,46083674112
544.20,46060998656
544.48,46037274624
544.76,46013419520
545.05,45990473728
545.33,45973172224
545.61,45958885376
545.89,45941583872
546.17,45922971648
546.46,45899247616
546.74,45875785728
547.03,45852192768
547.31,45828993024
547.59,45805400064
547.87,45782200320
548.16,45757820928
548.45,45734227968
548.73,45712470016
549.02,45692153856
549.30,45669609472
549.58,45646540800
549.87,45623472128
550.15,45606039552
550.43,45583364096
550.72,45559508992
551.00,45536571392
551.28,45513240576
551.57,45490302976
551.84,45472083968
552.12,45447966720
552.40,45424898048
552.69,45401567232
552.97,45377187840
553.26,45354774528
553.54,45331574784
553.83,45308375040
554.11,45285568512
554.40,45262106624
554.68,45237989376
554.96,45216362496
555.25,45192900608
555.53,45178482688
555.81,45159870464
556.09,45144928256
556.38,45128937472
556.66,45106262016
556.94,45083848704
557.23,45059207168
557.51,45036662784
557.80,45013856256
558.09,44990656512
558.37,44968374272
558.64,44945567744
558.93,44926169088
559.22,44909129728
559.50,44886585344
559.79,44869808128
560.08,44848312320
560.36,44825374720
560.64,44802961408
560.93,44783955968
561.21,44764426240
561.50,44744896512
561.78,44722483200
562.06,44700594176
562.34,44683948032
562.62,44662452224
562.90,44639907840
563.19,44617101312
563.47,44595998720
563.74,44585377792
564.03,44585377792
564.31,27742445568
564.59,27742445568
564.88,27742445568
565.16,27742179328
565.45,27742179328
565.73,27742179328
566.01,27742179328
566.30,27742179328
566.59,27742179328
566.87,27742179328
567.15,27742179328
567.44,27742179328
567.73,27742179328
568.01,27742179328
568.29,27742179328
568.57,27742179328
568.85,27742179328
569.13,27742179328
569.41,27742179328
569.70,27742179328
569.98,27742179328
570.26,27742179328
570.54,27742179328
570.83,27742179328
571.11,27742179328
571.39,27742179328
571.68,27742179328
571.96,27742179328
572.25,27742179328
572.53,27742179328
572.80,27742179328
573.09,27742179328
573.37,27742179328
573.65,27742179328
573.93,27742179328
574.21,27742179328
574.50,27742179328
574.78,27742179328
575.06,27742179328
575.34,27742179328
575.62,27742179328
575.90,27742179328
576.18,27742179328
576.46,27742179328
576.74,27742179328
577.02,27742179328
577.30,27742179328
577.58,27742179328
577.87,27742179328
578.15,27742179328
578.43,27742179328
578.72,27742179328
579.00,27742179328
579.29,27742179328
579.57,27742179328
579.85,27742179328
580.14,27742179328
580.41,27742179328
580.70,27742179328
580.98,27742179328
581.26,27742179328
581.54,27742179328
581.83,27742179328
582.11,27742179328
582.39,27742179328
582.67,27742179328
582.96,27742179328
583.24,27742179328
583.53,27742179328
583.82,27742179328
584.09,27742179328
584.37,27742179328
584.66,27742179328
584.94,27742048256
585.22,27742179328
585.50,27742179328
585.78,27742179328
586.06,27742179328
586.34,27742179328
586.61,27742179328
586.89,27742179328
587.17,27742179328
587.46,27742179328
587.74,27742179328
588.03,27742179328
588.31,27742179328
588.59,27742179328
588.87,27742179328
589.15,27742179328
589.44,27742179328
589.72,27742179328
590.00,27742179328
590.29,27742179328
590.57,27742179328
590.85,27742179328
591.14,27742179328
591.42,27742179328
591.70,27742179328
591.99,27742179328
592.28,27742179328
592.56,27742179328
592.84,27742179328
593.12,27742179328
593.40,27742179328
593.68,27742179328
593.96,27742179328
594.25,27742179328
594.53,27742179328
594.82,27742179328
595.10,27742179328
595.38,27742179328
595.67,27742179328
595.95,27742179328
596.23,27742179328
596.52,27742179328
596.79,27742179328
597.08,27742179328
597.36,27742179328
597.65,27742179328
597.93,27742179328
598.21,27742179328
598.49,27742179328
598.77,27742179328
599.06,27742179328
599.34,27742179328
599.63,27742179328
599.91,27742179328
600.19,27742179328
600.48,27742179328
600.76,27742179328
601.04,27742179328
601.33,27742179328
601.61,27742179328
601.89,27742179328
602.17,27742179328
602.46,27742179328
602.75,27742179328
603.02,27742179328
603.31,27742179328
603.59,27742179328
603.87,27742179328
604.16,27742179328
604.45,27742179328
604.73,27742179328
605.02,27742179328
605.30,27742441472
605.58,27742441472
605.87,27742441472
606.15,27742441472
606.43,27742441472
606.72,27742441472
607.00,27742441472
607.29,27742441472
607.57,27742441472
607.85,27742441472
608.13,27742441472
608.41,27742441472
608.69,27742441472
608.97,27742441472
609.26,27742441472
609.55,27742441472
609.83,27742441472
610.12,27742441472
610.40,27742441472
610.68,27742441472
610.97,27742441472
611.24,27742441472
611.52,27742441472
611.81,27742441472
612.09,27742441472
612.37,27742441472
612.65,27742441472
612.92,27742441472
613.21,27742441472
613.49,27742441472
613.78,27742441472
614.05,27742441472
614.34,27742441472
614.62,27742441472
614.91,27742441472
615.19,27742232576
615.47,27742232576
615.75,27742232576
616.03,27742232576
616.31,27742232576
616.60,27742232576
616.88,27742232576
617.16,27742232576
617.45,27742232576
617.73,27742232576
618.01,27742232576
618.30,27742232576
618.58,27742232576
618.87,27742232576
619.15,27742232576
619.43,27742232576
619.71,27742232576
620.00,27742232576
620.28,27742232576
620.56,27742232576
620.84,27742232576
621.13,27742232576
621.41,27742232576
621.69,27742232576
621.97,27742232576
622.25,27742232576
622.53,27742232576
622.81,27742232576
623.09,27742232576
623.36,27742232576
623.64,27742232576
623.92,27742232576
624.21,27742232576
624.49,27742232576
624.77,27742232576
625.05,27742232576
625.33,27742232576
625.61,27742494720
625.89,27742494720
626.17,27742494720
626.46,27742494720
626.75,27742494720
627.03,27742494720
627.31,27742494720
627.59,27742494720
627.87,27742494720
628.15,27742494720
628.43,27742494720
628.71,27742494720
628.99,27742494720
629.27,27742494720
629.56,27742494720
629.84,27742494720
630.12,27742494720
630.40,27742494720
630.69,27742494720
630.97,27742494720
631.26,27742494720
631.54,27742494720
631.82,27742494720
632.11,27742494720
632.39,27742494720
632.68,27742494720
632.96,27742494720
633.24,27742494720
633.53,27742494720
633.81,27742494720
634.09,27742494720
634.37,27742494720
634.65,27742494720
634.94,27742212096
635.22,27742212096
635.50,27742212096
635.80,27742212096
636.08,27742212096
636.36,27742212096
636.64,27742212096
636.92,27742212096
637.20,27742212096
637.49,27742212096
637.77,27742212096
638.06,27742212096
638.34,27742212096
638.63,27742212096
638.91,27742212096
639.20,27742212096
639.48,27742212096
639.77,27742212096
640.04,27742212096
640.33,27742212096
640.62,27742212096
640.90,27742212096
641.18,27742212096
641.47,27742212096
641.75,27742212096
642.03,27742212096
642.32,27742212096
642.60,27742212096
642.87,27742212096
643.15,27742212096
643.43,27742212096
643.71,27742212096
643.99,27742212096
644.27,27742212096
644.55,27742212096
644.83,27742212096
645.10,27742208000
645.38,27742208000
645.66,27742208000
645.94,27742208000
646.23,27742208000
646.50,27742208000
646.79,27742208000
647.07,27742208000
647.34,27742208000
647.63,27742208000
647.91,27742208000
648.19,27742208000
648.47,27742208000
648.75,27742208000
649.03,27742208000
649.31,27742208000
649.59,27742208000
649.88,27742208000
650.15,27742208000
650.44,27742208000
650.73,27742208000
651.01,27742208000
651.29,27742208000
651.57,27742208000
651.85,27742208000
652.14,27742208000
652.42,27742208000
652.70,27742208000
652.98,27742208000
653.26,27742208000
653.55,27742208000
653.83,27742208000
654.12,27742208000
654.40,27742208000
654.68,27742208000
654.96,27742208000
655.25,27742339072
655.53,27742339072
655.82,27742339072
656.10,27742339072
656.37,27742470144
656.65,27742470144
656.93,27742470144
657.22,27742470144
657.50,27742470144
657.78,27742470144
658.06,27742470144
658.35,27742470144
658.63,27742470144
658.91,27742470144
659.19,27742470144
659.47,27742470144
659.75,27742470144
660.03,27742470144
660.32,27742470144
660.60,27742470144
660.88,27742470144
661.16,27742470144
661.45,27742470144
661.73,27742470144
662.01,27742470144
662.29,27742470144
662.57,27742470144
662.85,27742470144
663.13,27742470144
663.41,27742470144
663.69,27742470144
663.97,27742470144
664.26,27742470144
664.54,27742470144
664.82,27742470144
665.10,27742228480
665.38,27742228480
665.66,27742228480
665.94,27742228480
666.22,27742228480
666.50,27742228480
666.78,27742228480
667.07,27742228480
667.35,27742228480
667.63,27742228480
667.91,27742228480
668.20,27742228480
668.48,27742228480
668.77,27742228480
669.05,27742228480
669.34,27742228480
669.62,27742228480
669.89,27742228480
670.17,27742228480
670.46,27742228480
670.74,27742228480
671.02,27742228480
671.30,27742228480
671.59,27742228480
671.87,27742228480
672.14,27742359552
672.42,27742359552
672.71,27742359552
673.00,27742359552
673.28,27742359552
673.56,27742359552
673.84,27742359552
674.13,27742359552
674.41,27742359552
674.69,27742359552
674.98,27742220288
675.25,27742220288
675.54,27742220288
675.82,27742220288
676.10,27742220288
676.38,27742220288
676.66,27742220288
676.95,27742220288
677.24,27742220288
677.52,27742220288
677.80,27742220288
678.08,27742220288
678.37,27742220288
678.64,27742220288
678.92,27742220288
679.20,27742220288
679.49,27742220288
679.77,27742220288
680.05,27742220288
680.33,27742220288
680.61,27742220288
680.89,27742220288
681.17,27742220288
681.45,27742220288
681.73,27742220288
682.01,27742220288
682.30,27742220288
682.58,27742220288
682.86,27742220288
683.14,27742220288
683.42,27742220288
683.70,27742220288
683.98,27742220288
684.26,27742220288
684.55,27742220288
684.83,27742220288
685.12,27742351360
685.40,27742351360
685.68,27742351360
685.97,27742351360
686.25,27742482432
686.53,27742482432
686.82,27742482432
687.10,27742482432
687.38,27742482432
687.66,27742482432
687.95,27742482432
688.23,27742482432
688.51,27742482432
688.79,27742482432
689.08,27742482432
689.37,27742482432
689.65,27742482432
689.93,27742482432
690.22,27742482432
690.50,27742482432
690.78,27742482432
691.07,27742482432
691.35,27742482432
691.64,27742482432
691.92,27742482432
692.21,27742482432
692.48,27742482432
692.77,27742482432
693.05,27742482432
693.33,27742482432
693.62,27742482432
693.90,27742482432
694.19,27742482432
694.47,27742482432
694.76,27742482432
695.04,27742285824
695.33,27742285824
695.61,27742285824
695.89,27742285824
696.18,27742285824
696.46,27742285824
696.74,27742285824
697.03,27742285824
697.31,27742285824
697.60,27742285824
697.88,27742285824
698.16,27742285824
698.45,27742285824
698.73,27742285824
699.01,27742285824
699.30,27742285824
699.58,27742285824
699.86,27742285824
700.14,27742285824
700.42,27742285824
700.71,27742285824
700.99,27742285824
701.28,27742285824
701.56,27742285824
701.85,27742285824
702.13,27742285824
702.41,27742285824
702.70,27742285824
702.99,27742285824
703.27,27742285824
703.55,27742285824
703.84,27742285824
704.11,27742285824
704.39,27742285824
704.67,27742285824
704.95,27742285824
705.23,27742547968
705.52,27742547968
705.80,27742547968
706.08,27742547968
706.36,27742547968
706.64,27742547968
706.92,27742547968
707.20,27742547968
707.49,27742547968
707.77,27742547968
708.05,27742547968
708.34,27742547968
708.63,27742547968
708.91,27742547968
709.20,27742547968
709.48,27742547968
709.76,27742547968
710.04,27742547968
710.33,27742547968
710.61,27742547968
710.89,27742547968
711.17,27742547968
711.46,27742547968
711.73,27742547968
712.02,27742547968
712.30,27742547968
712.59,27742547968
712.87,27742547968
713.15,27742547968
713.44,27742547968
713.72,27742547968
714.00,27742547968
714.28,27742547968
714.56,27742547968
714.85,27742547968
715.13,27742351360
715.41,27742351360
715.70,27742351360
715.98,27742351360
716.26,27742351360
716.55,27742351360
716.83,27742351360
717.11,27742351360
717.39,27742351360
717.67,27742351360
717.96,27742351360
718.24,27742351360
718.52,27742351360
718.81,27742351360
719.09,27742351360
719.37,27742351360
719.66,27742351360
719.94,27742351360
720.22,27742351360
720.51,27742351360
720.79,27742351360
721.08,27742351360
721.35,27742351360
721.63,27742351360
721.92,27742351360
722.20,27742351360
722.48,27742351360
722.77,27742351360
723.05,27742351360
723.34,27742351360
723.62,27742351360
723.90,27742351360
724.19,27742351360
724.48,27742351360
724.75,27742351360
725.04,27742351360
725.32,27742613504
725.61,27742613504
725.88,27742613504
726.17,27742613504
726.45,27742613504
726.73,27742613504
727.01,27742613504
727.29,27742613504
727.58,27742613504
727.86,27742613504
728.14,27742613504
728.42,27742613504
728.71,27742613504
728.99,27742613504
729.27,27742613504
729.55,27742613504
729.83,27742613504
730.11,27742613504
730.38,27742613504
730.66,27742613504
730.94,27742613504
731.22,27742613504
731.51,27742613504
731.79,27742613504
732.07,27742613504
732.35,27742613504
732.64,27742613504
732.92,27742613504
733.20,27742613504
733.49,27742613504
733.77,27742613504
734.06,27742613504
734.34,27742613504
734.62,27742613504
734.90,27742613504
735.18,27742453760
735.46,27742453760
735.74,27742453760
736.02,27742453760
736.31,27742453760
736.59,27742453760
736.87,27742453760
737.16,27742453760
737.44,27742453760
737.72,27742453760
738.00,27742453760
738.28,27742453760
738.57,27742453760
738.85,27742453760
739.12,27742453760
739.40,27742453760
739.69,27742453760
739.98,27742453760
740.26,27742453760
740.55,27742453760
740.83,27742453760
741.10,27742453760
741.39,27742453760
741.67,27742453760
741.95,27742453760
742.23,27742453760
742.51,27742453760
742.79,27742453760
743.07,27742453760
743.36,27742453760
743.63,27742453760
743.92,27742453760
744.20,27742453760
744.48,27742453760
744.77,27742453760
745.05,27742453760
745.33,27742453760
745.62,27742453760
745.89,27742715904
746.18,27742715904
746.46,27742715904
746.74,27742715904
747.03,27742715904
747.31,27742715904
747.59,27742715904
747.88,27742715904
748.16,27742715904
748.45,27742715904
748.74,27742715904
749.02,27742715904
749.30,27742715904
749.58,27742715904
749.87,27742715904
750.15,27742715904
750.43,27742715904
750.72,27742715904
751.00,27742715904
751.28,27742715904
751.56,27742715904
751.85,27742715904
752.14,27742715904
752.42,27742715904
752.70,27742715904
752.99,27742715904
753.27,27742715904
753.55,27742715904
753.84,27742715904
754.12,27742715904
754.40,27742715904
754.68,27742715904
754.96,27742420992
755.25,27742683136
755.54,27742683136
755.82,27742683136
756.10,27742683136
756.38,27742683136
756.67,27742683136
756.96,27742683136
757.24,27742683136
757.52,27742683136
757.80,27742683136
758.09,27742683136
758.38,27742683136
758.66,27742683136
758.94,27742683136
759.22,27742683136
759.50,27742683136
759.78,27742683136
760.07,27742683136
760.35,27742683136
760.63,27742683136
760.91,27742683136
761.19,27742683136
761.48,27742683136
761.76,27742683136
762.04,27742683136
762.33,27742683136
762.61,27742683136
762.89,27742683136
763.17,27742683136
763.45,27742683136
763.74,27742683136
764.01,27742683136
764.30,27742683136
764.58,27742683136
764.86,27742683136
765.14,27742466048
765.43,27742466048
765.71,27742466048
765.99,27742466048
766.26,27742466048
766.54,27742466048
766.82,27742466048
767.09,27742466048
767.38,27742466048
767.66,27742466048
767.94,27742466048
768.22,27742466048
768.50,27742466048
768.79,27742466048
769.07,27742466048
769.35,27742466048
769.63,27742466048
769.91,27742466048
770.20,27742466048
770.48,27742466048
770.76,27742466048
771.04,27742466048
771.33,27742466048
771.61,27742466048
771.90,27742466048
772.18,27742466048
772.46,27742466048
772.75,27742466048
773.03,27742466048
773.31,27742466048
773.60,27742466048
773.89,27742728192
774.17,27742728192
774.45,27742728192
774.74,27742728192
775.01,27742728192
775.30,27742728192
775.58,27742728192
775.86,27742728192
776.15,27742728192
776.43,27742728192
776.72,27742728192
777.00,27742728192
777.29,27742728192
777.57,27742728192
777.86,27742728192
778.13,27742728192
778.41,27742728192
778.69,27742728192
778.97,27742728192
779.25,27742728192
779.53,27742728192
779.81,27742728192
780.09,27742728192
780.37,27742728192
780.65,27742728192
780.94,27742728192
781.22,27742728192
781.50,27742728192
781.78,27742728192
782.06,27742728192
782.34,27742728192
782.62,27742728192
782.90,27742728192
783.19,27742728192
783.47,27742728192
783.75,27742728192
784.03,27742728192
784.32,27742728192
784.60,27742728192
784.88,27742728192
785.15,27742584832
785.43,27742584832
785.71,27742584832
785.99,27742584832
786.27,27742584832
786.56,27742584832
786.84,27742584832
787.12,27742584832
787.41,27742584832
787.69,27742584832
787.97,27742584832
788.25,27742584832
788.53,27742584832
788.81,27742584832
789.10,27742715904
789.39,27742715904
789.67,27742715904
789.95,27742715904
790.24,27742715904
790.52,27742715904
790.80,27742715904
791.08,27742715904
791.36,27742715904
791.64,27742715904
791.93,27742715904
792.21,27742715904
792.49,27742715904
792.77,27742715904
793.05,27742715904
793.34,27742715904
793.61,27742715904
793.89,27742715904
794.18,27742715904
794.46,27742715904
794.74,27742715904
795.02,27742715904
795.30,27742715904
795.59,27742715904
795.87,27742715904
796.15,27742715904
796.44,27742715904
796.72,27742715904
797.00,27742715904
797.29,27742715904
797.57,27742715904
797.86,27742715904
798.14,27742715904
798.43,27742715904
798.71,27742715904
798.99,27742715904
799.27,27742715904
799.55,27742715904
799.84,27742715904
800.12,27742715904
800.40,27742715904
800.69,27742715904
800.97,27742715904
801.25,27742715904
801.53,27742715904
801.82,27742715904
802.10,27742715904
802.38,27742715904
802.66,27742715904
802.95,27742715904
803.23,27742715904
803.50,27742715904
803.78,27742715904
804.07,27742715904
804.35,27742715904
804.64,27742715904
804.91,27742715904
805.20,27742396416
805.48,27742396416
805.76,27742396416
806.04,27742396416
806.32,27742396416
806.60,27742396416
806.88,27742396416
807.16,27742396416
807.44,27742396416
807.72,27742396416
808.00,27742396416
808.29,27742396416
808.58,27742396416
808.86,27742396416
809.15,27742396416
809.42,27742396416
809.71,27742396416
809.99,27742396416
810.28,27742396416
810.56,27742396416
810.84,27742396416
811.13,27742396416
811.41,27742396416
811.69,27742396416
811.97,27742396416
812.26,27742396416
812.54,27742396416
812.83,27742396416
813.12,27742396416
813.41,27742396416
813.69,27742396416
813.97,27742396416
814.24,27742396416
814.52,27742396416
814.80,27742396416
815.09,27742396416
815.37,27742396416
815.65,27742396416
815.92,27742396416
816.20,27742396416
816.48,27742396416
816.76,27742396416
817.05,27742396416
817.33,27742658560
817.62,27742658560
817.90,27742658560
818.18,27742658560
818.47,27742658560
818.75,27742658560
819.03,27742789632
819.32,27742789632
819.60,27742789632
819.88,27742789632
820.16,27742789632
820.45,27742789632
820.73,27742789632
821.01,27742789632
821.30,27742789632
821.58,27742789632
821.87,27742789632
822.15,27742789632
822.44,27742789632
822.73,27742789632
823.01,27742789632
823.29,27742789632
823.57,27742789632
823.86,27742789632
824.14,27742789632
824.42,27742789632
824.70,27742789632
824.99,27742494720
825.27,27742494720
825.56,27742494720
825.85,27742494720
826.13,27742494720
826.41,27742494720
826.70,27742494720
826.98,27742494720
827.26,27742494720
827.54,27742494720
827.82,27742494720
828.10,27742494720
828.38,27742494720
828.67,27742494720
828.95,27742494720
829.23,27742494720
829.52,27742494720
829.80,27742494720
830.08,27742494720
830.37,27742494720
830.65,27742494720
830.93,27742494720
831.21,27742494720
831.50,27742494720
831.78,27742494720
832.05,27742494720
832.33,27742494720
832.61,27742494720
832.90,27742625792
833.18,27742625792
833.46,27742625792
833.74,27742625792
834.03,27742625792
834.31,27742625792
834.59,27742625792
834.87,27742625792
835.15,27742625792
835.43,27742625792
835.72,27742625792
835.99,27742625792
836.28,27742625792
836.56,27742625792
836.84,27742625792
837.12,27742625792
837.40,27742625792
837.68,27742625792
837.96,27742625792
838.25,27742625792
838.53,27742625792
838.82,27742625792
839.10,27742625792
839.38,27742625792
839.66,27742625792
839.94,27742625792
840.22,27742625792
840.50,27742625792
840.78,27742625792
841.05,27742625792
841.34,27742625792
841.62,27742625792
841.91,27742625792
842.19,27742625792
842.48,27742625792
842.76,27742625792
843.05,27742625792
843.33,27742625792
843.61,27742625792
843.89,27742625792
844.17,27742625792
844.45,27742625792
844.74,27742625792
845.02,27742617600
845.31,27742617600
845.59,27742617600
845.88,27742617600
846.16,27742617600
846.45,27742617600
846.74,27742617600
847.02,27742617600
847.30,27742617600
847.59,27742617600
847.87,27742617600
848.15,27742617600
848.43,27742617600
848.72,27742617600
849.01,27742617600
849.28,27742617600
849.57,27742617600
849.85,27742617600
850.13,27742617600
850.41,27742617600
850.69,27742617600
850.97,27742617600
851.25,27742617600
851.53,27742617600
851.81,27742617600
852.09,27742617600
852.37,27742617600
852.66,27742617600
852.94,27742617600
853.22,27742617600
853.50,27742617600
853.79,27742617600
854.07,27742617600
854.36,27742617600
854.64,27742617600
854.92,27742617600
855.20,27742556160
855.49,27742556160
855.77,27742556160
856.05,27742556160
856.34,27742556160
856.63,27742556160
856.91,27742556160
857.20,27742556160
857.49,27742556160
857.77,27742556160
858.05,27742556160
858.33,27742556160
858.61,27742556160
858.90,27742556160
859.18,27742556160
859.47,27742556160
859.75,27742556160
860.04,27742556160
860.32,27742556160
860.60,27742556160
860.88,27742556160
861.16,27742556160
861.44,27742556160
861.73,27742556160
862.01,27742556160
862.29,27742556160
862.57,27742556160
862.86,27742556160
863.14,27742556160
863.41,27742556160
863.70,27742556160
863.98,27742556160
864.27,27742556160
864.55,27742556160
864.84,27742556160
865.12,27742543872
865.40,27742543872
865.68,27742674944
865.97,27742674944
866.24,27742674944
866.53,27742674944
866.81,27742674944
867.09,27742674944
867.38,27742674944
867.66,27742674944
867.94,27742674944
868.22,27742674944
868.50,27742674944
868.78,27742674944
869.07,27742674944
869.35,27742674944
869.63,27742674944
869.91,27742674944
870.20,27742674944
870.49,27742674944
870.77,27742674944
871.05,27742674944
871.34,27742674944
871.62,27742674944
871.90,27742674944
872.18,27742674944
872.47,27742674944
872.75,27742674944
873.04,27742674944
873.32,27742674944
873.61,27742674944
873.89,27742674944
874.17,27742674944
874.45,27742674944
874.73,27742674944
875.01,27742535680
875.29,27742666752
875.58,27742666752
875.85,27742666752
876.13,27742666752
876.42,27742666752
876.70,27742666752
876.98,27742666752
877.26,27742666752
877.55,27742666752
877.83,27742666752
878.12,27742666752
878.40,27742666752
878.69,27742666752
878.97,27742666752
879.25,27742666752
879.53,27742666752
879.81,27742666752
880.10,27742666752
880.38,27742666752
880.66,27742666752
880.94,27742666752
881.22,27742666752
881.51,27742666752
881.79,27742666752
882.07,27742666752
882.36,27742666752
882.64,27742666752
882.93,27742666752
883.21,27742666752
883.50,27742666752
883.77,27742666752
884.06,27742666752
884.35,27742666752
884.63,27742666752
884.91,27742666752
885.20,27742666752
885.48,27742666752
885.77,27742928896
886.05,27742928896
886.33,27742928896
886.62,27742928896
886.89,27742928896
887.18,27742928896
887.46,27742928896
887.74,27742928896
888.03,27742928896
888.30,27742928896
888.58,27742928896
888.86,27742928896
889.15,27742928896
889.43,27742928896
889.71,27742928896
889.99,27742928896
890.27,27742928896
890.55,27742928896
890.83,27742928896
891.11,27742928896
891.39,27742928896
891.67,27742928896
891.95,27742928896
892.24,27742928896
892.52,27742928896
892.80,27742928896
893.08,27742928896
893.36,27742928896
893.65,27742928896
893.93,27742928896
894.21,27742928896
894.49,27742928896
894.76,27742928896
895.05,27742568448
895.33,27742699520
895.61,27742699520
895.90,27742699520
896.18,27742699520
896.46,27742699520
896.74,27742699520
897.02,27742699520
897.30,27742699520
897.58,27742699520
897.87,27742699520
898.15,27742699520
898.42,27742699520
898.71,27742699520
898.99,27742699520
899.27,27742699520
899.55,27742699520
899.84,27742699520
900.12,27742699520
900.40,27742699520
900.68,27742699520
900.97,27742699520
901.26,27742699520
901.54,27742699520
901.83,27742699520
902.11,27742699520
902.40,27742699520
902.68,27742699520
902.96,27742699520
903.24,27742699520
903.52,27742699520
903.80,27742699520
904.08,27742699520
904.37,27742699520
904.65,27742699520
904.93,27742699520
905.22,27742699520
905.51,27742699520
905.79,27742699520
906.07,27742699520
906.36,27742830592
906.64,27742961664
906.93,27742961664
907.20,27742961664
907.49,27742961664
907.78,27742961664
908.05,27742961664
908.34,27742961664
908.62,27742961664
908.91,27742961664
909.19,27742961664
909.47,27742961664
909.75,27742961664
910.04,27742961664
910.32,27742961664
910.60,27742961664
910.88,27742961664
911.15,27742961664
911.44,27742961664
911.73,27742961664
912.01,27742961664
912.30,27742961664
912.58,27742961664
912.86,27742961664
913.14,27742961664
913.42,27742961664
913.70,27742961664
913.99,27742961664
914.27,27742961664
914.55,27742961664
914.83,27742961664
915.12,27742961664
915.39,27742961664
915.67,27742961664
915.95,27742961664
916.24,27742961664
916.52,27742961664
916.80,27742961664
917.09,27742961664
917.37,27742961664
917.65,27742961664
917.93,27742961664
918.21,27742961664
918.50,27742961664
918.78,27742961664
919.06,27742961664
919.34,27742961664
919.63,27742961664
919.91,27742961664
920.19,27742961664
920.48,27742961664
920.76,27742961664
921.04,27742961664
921.33,27742961664
921.61,27742961664
921.90,27742961664
922.18,27742961664
922.47,27742961664
922.75,27742961664
923.03,27742961664
923.31,27742961664
923.59,27742961664
923.87,27742961664
924.15,27742961664
924.42,27742961664
924.71,27742961664
924.99,27742588928
925.28,27742588928
925.56,27742588928
925.85,27742588928
926.13,27742720000
926.41,27742720000
926.70,27742720000
926.97,27742720000
927.26,27742720000
927.55,27742720000
927.83,27742720000
928.11,27742720000
928.39,27742720000
928.68,27742720000
928.96,27742720000
929.24,27742720000
929.52,27742720000
929.80,27742720000
930.09,27742720000
930.37,27742720000
930.66,27742720000
930.93,27742720000
931.22,27742720000
931.50,27742720000
931.79,27742720000
932.07,27742720000
932.36,27742720000
932.64,27742720000
932.91,27742720000
933.19,27742720000
933.48,27742720000
933.76,27742720000
934.04,27742720000
934.32,27742720000
934.61,27742720000
934.88,27742720000
935.16,27742646272
935.44,27742646272
935.72,27742646272
936.00,27742646272
936.27,27742646272
936.56,27742646272
936.84,27742646272
937.12,27742646272
937.40,27742646272
937.68,27742646272
937.96,27742646272
938.25,27742646272
938.53,27742646272
938.81,27742646272
939.09,27742646272
939.37,27742646272
939.65,27742646272
939.93,27742646272
940.22,27742646272
940.49,27742646272
940.77,27742646272
941.05,27742646272
941.33,27742646272
941.62,27742646272
941.90,27742646272
942.19,27742646272
942.47,27742646272
942.75,27742646272
943.04,27742646272
943.32,27742646272
943.60,27742646272
943.88,27742646272
944.16,27742646272
944.44,27742646272
944.73,27742646272
945.01,27742646272
945.29,27742646272
945.58,27742646272
945.86,27742646272
946.14,27742646272
946.43,27742646272
946.71,27742646272
946.99,27742646272
947.27,27742646272
947.55,27742646272
947.83,27742646272
948.11,27742646272
948.39,27742646272
948.68,27742646272
948.96,27742646272
949.24,27742646272
949.53,27742646272
949.81,27742646272
950.10,27742646272
950.38,27742646272
950.67,27742646272
950.95,27742646272
951.23,27742646272
951.51,27742646272
951.79,27742646272
952.08,27742646272
952.35,27742646272
952.63,27742646272
952.91,27742646272
953.19,27742646272
953.48,27742646272
953.76,27742646272
954.04,27742646272
954.32,27742646272
954.60,27742646272
954.89,27742646272
955.18,27742638080
955.46,27742638080
955.75,27742638080
956.03,27742638080
956.32,27742638080
956.60,27742638080
956.88,27742638080
957.17,27742638080
957.46,27742638080
957.74,27742638080
958.02,27742638080
958.30,27742638080
958.59,27742638080
958.88,27742638080
959.16,27742638080
959.44,27742638080
959.72,27742638080
960.00,27742638080
960.28,27742638080
960.56,27742638080
960.84,27742638080
961.12,27742638080
961.41,27742638080
961.68,27742638080
961.97,27742638080
962.26,27742638080
962.54,27742638080
962.82,27742638080
963.10,27742638080
963.38,27742638080
963.66,27742638080
963.95,27742638080
964.22,27742638080
964.50,27742638080
964.78,27742638080
965.06,27742638080
965.34,27742638080
965.62,27742638080
965.91,27742638080
966.19,27742638080
966.47,27742638080
966.75,27742638080
967.04,27742638080
967.32,27742638080
967.60,27742638080
967.88,27742638080
968.16,27742638080
968.44,27742638080
968.73,27742638080
969.01,27742638080
969.29,27742638080
969.57,27742638080
969.86,27742900224
970.14,27742900224
970.43,27742900224
970.71,27742900224
970.99,27742900224
971.28,27742900224
971.56,27742900224
971.85,27742900224
972.12,27742900224
972.40,27742900224
972.68,27742900224
972.96,27742900224
973.24,27742900224
973.53,27742900224
973.81,27742900224
974.08,27742900224
974.36,27742900224
974.65,27742900224
974.94,27742695424
975.22,27742695424
975.50,27742695424
975.78,27742695424
976.06,27742695424
976.34,27742826496
976.62,27742826496
976.90,27742826496
977.17,27742826496
977.45,27742826496
977.73,27742826496
978.01,27742826496
978.30,27742826496
978.58,27742826496
978.87,27742957568
979.15,27742957568
979.43,27742957568
979.71,27742957568
979.99,27742957568
980.27,27742957568
980.56,27742957568
980.84,27742957568
981.12,27742957568
981.40,27742957568
981.68,27742957568
981.97,27742957568
982.25,27742957568
982.53,27742957568
982.81,27742957568
983.10,27742957568
983.38,27742957568
983.66,27742957568
983.95,27742957568
984.23,27742957568
984.50,27742957568
984.79,27742957568
985.07,27743088640
985.35,27743219712
985.63,27743219712
985.91,27743219712
986.20,27743219712
986.48,27743219712
986.76,27743219712
987.05,27743219712
987.33,27743219712
987.62,27743219712
987.90,27743219712
988.18,27743219712
988.46,27743219712
988.75,27743219712
989.03,27743219712
989.31,27743219712
989.60,27743219712
989.88,27743219712
990.16,27743219712
990.45,27743219712
990.73,27743219712
991.01,27743219712
991.29,27743219712
991.58,27743219712
991.86,27743219712
992.15,27743219712
992.42,27743219712
992.71,27743219712
992.99,27743219712
993.27,27743219712
993.55,27743219712
993.83,27743219712
994.12,27743219712
994.40,27743219712
994.68,27743219712
994.96,27742830592
995.24,27742830592
995.53,27742830592
995.81,27742830592
996.09,27742830592
996.38,27742830592
996.66,27742830592
996.95,27742830592
997.23,27742830592
997.52,27742830592
997.79,27742830592
998.08,27742830592
998.36,27742961664
998.65,27742961664
998.93,27742961664
999.22,27742961664
999.50,27742961664
999.78,27742961664
1000.06,27742961664
1000.34,27742961664
1000.63,27742961664
1000.91,27742961664
1001.19,27742961664
1001.48,27742961664
1001.76,27742961664
1002.04,27742961664
1002.32,27742961664
1002.60,27742961664
1002.89,27742961664
1003.17,27742961664
1003.46,27742961664
1003.74,27742961664
1004.02,27742961664
1004.30,27742961664
1004.58,27742961664
1004.86,27742961664
1005.15,27742691328
1005.43,27742691328
1005.71,27742691328
1006.00,27742691328
1006.28,27742691328
1006.57,27742953472
1006.85,27742953472
1007.13,27742953472
1007.42,27742953472
1007.70,27742953472
1007.99,27742953472
1008.27,27742953472
1008.56,27742953472
1008.84,27742953472
1009.12,27742953472
1009.41,27742953472
1009.69,27742953472
1009.96,27742953472
1010.25,27742953472
1010.53,27742953472
1010.81,27742953472
1011.10,27742953472
1011.38,27742953472
1011.67,27742953472
1011.95,27742953472
1012.23,27742953472
1012.51,27742953472
1012.79,27742953472
1013.08,27742953472
1013.36,27742953472
1013.64,27742953472
1013.91,27742953472
1014.20,27742953472
1014.48,27742953472
1014.76,27742953472
1015.05,27742711808
1015.33,27742711808
1015.61,27742711808
1015.90,27742711808
1016.18,27742711808
1016.46,27742711808
1016.74,27742711808
1017.02,27742711808
1017.31,27742842880
1017.59,27742842880
1017.88,27742842880
1018.16,27742842880
1018.44,27742842880
1018.73,27742842880
1019.01,27742842880
1019.30,27742842880
1019.58,27742842880
1019.86,27742842880
1020.14,27742842880
1020.42,27742842880
1020.71,27742842880
1020.99,27742842880
1021.27,27742842880
1021.55,27742842880
1021.83,27742842880
1022.12,27742842880
1022.40,27742842880
1022.68,27742842880
1022.97,27742842880
1023.25,27742842880
1023.53,27742842880
1023.82,27742842880
1024.10,27742842880
1024.38,27742842880
1024.66,27742842880
1024.94,27742711808
1025.22,27742711808
1025.50,27742711808
1025.78,27742711808
1026.06,27742711808
1026.34,27742711808
1026.62,27742711808
1026.90,27742711808
1027.18,27742711808
1027.46,27742842880
1027.75,27742842880
1028.03,27742842880
1028.32,27742842880
1028.60,27742842880
1028.88,27742842880
1029.16,27742842880
1029.45,27742842880
1029.73,27742842880
1030.01,27742842880
1030.29,27742842880
1030.57,27742842880
1030.85,27742842880
1031.13,27742842880
1031.42,27742842880
1031.69,27742842880
1031.97,27742842880
1032.26,27742842880
1032.54,27742842880
1032.82,27742842880
1033.11,27742842880
1033.39,27742842880
1033.68,27742842880
1033.96,27742842880
1034.25,27742842880
1034.53,27742842880
1034.81,27742842880
1035.09,27742773248
1035.37,27742773248
1035.66,27742773248
1035.94,27742773248
1036.22,27742773248
1036.51,27742773248
1036.79,27742773248
1037.07,27742773248
1037.35,27742773248
1037.63,27742773248
1037.92,27742773248
1038.20,27742773248
1038.49,27742773248
1038.77,27742773248
1039.05,27742773248
1039.33,27742773248
1039.62,27742773248
1039.90,27742773248
1040.17,27742773248
1040.46,27742773248
1040.74,27742773248
1041.03,27742773248
1041.31,27742773248
1041.59,27742773248
1041.87,27742773248
1042.14,27742773248
1042.42,27742773248
1042.70,27742773248
1042.98,27742773248
1043.26,27742773248
1043.54,27742773248
1043.83,27742773248
1044.11,27742773248
1044.39,27742773248
1044.67,27742773248
1044.96,27742543872
1045.24,27742543872
1045.53,27742543872
1045.81,27742543872
1046.10,27742543872
1046.38,27742806016
1046.66,27742806016
1046.94,27742806016
1047.22,27742806016
1047.51,27742806016
1047.79,27742806016
1048.07,27742806016
1048.35,27742806016
1048.63,27742806016
1048.92,27742806016
1049.20,27742806016
1049.48,27742806016
1049.76,27742806016
1050.04,27742806016
1050.33,27742806016
1050.61,27742806016
1050.89,27742806016
1051.18,27742806016
1051.46,27742806016
1051.74,27742806016
1052.02,27742806016
1052.30,27742806016
1052.59,27742806016
1052.87,27742806016
1053.15,27742806016
1053.43,27742806016
1053.71,27742806016
1053.99,27742806016
1054.27,27742806016
1054.55,27742806016
1054.83,27742806016
1055.11,27742806016
1055.39,27742937088
1055.67,27742937088
1055.96,27742937088
1056.24,27742937088
1056.52,27742937088
1056.81,27742937088
1057.08,27742937088
1057.37,27742937088
1057.64,27742937088
1057.92,27742937088
1058.20,27742937088
1058.49,27742937088
1058.77,27742937088
1059.05,27742937088
1059.33,27742937088
1059.61,27742937088
1059.89,27742937088
1060.17,27742937088
1060.45,27742937088
1060.73,27742937088
1061.01,27742937088
1061.29,27742937088
1061.57,27742937088
1061.86,27742937088
1062.14,27742937088
1062.42,27742937088
1062.70,27742937088
1062.99,27742937088
1063.27,27742937088
1063.56,27743068160
1063.84,27743068160
1064.12,27743068160
1064.41,27743068160
1064.69,27743068160
1064.97,27742601216
1065.26,27742601216
1065.54,27742601216
1065.82,27742601216
1066.11,27742732288
1066.38,27742732288
1066.66,27742732288
1066.94,27742732288
1067.22,27742732288
1067.51,27742732288
1067.78,27742732288
1068.06,27742732288
1068.35,27742732288
1068.62,27742732288
1068.91,27742732288
1069.20,27742732288
1069.47,27742732288
1069.76,27742732288
1070.04,27742732288
1070.32,27742732288
1070.60,27742732288
1070.88,27742732288
1071.17,27742732288
1071.45,27742732288
1071.73,27742732288
1072.02,27742732288
1072.31,27742732288
1072.59,27742732288
1072.87,27742732288
1073.15,27742732288
1073.43,27742732288
1073.72,27742732288
1074.00,27742732288
1074.28,27742732288
1074.57,27742732288
1074.85,27742732288
1075.14,27742482432
1075.41,27742613504
1075.70,27742613504
1075.98,27742744576
1076.26,27742744576
1076.54,27742744576
1076.83,27742744576
1077.11,27742744576
1077.39,27742744576
1077.68,27742744576
1077.96,27742744576
1078.24,27742744576
1078.53,27742744576
1078.81,27742744576
1079.09,27742744576
1079.37,27742744576
1079.66,27742744576
1079.94,27742744576
1080.23,27742744576
1080.52,27742744576
1080.81,27742744576
1081.09,27742744576
1081.37,27742744576
1081.66,27742744576
1081.94,27742744576
1082.23,27742744576
1082.51,27742744576
1082.79,27742744576
1083.07,27742744576
1083.35,27742744576
1083.64,27742744576
1083.92,27742744576
1084.21,27742744576
1084.50,27742744576
1084.78,27742744576
1085.07,27742478336
1085.35,27742478336
1085.63,27742478336
1085.91,27742478336
1086.19,27742740480
1086.47,27742740480
1086.75,27742740480
1087.03,27742740480
1087.32,27742740480
1087.60,27742740480
1087.89,27742740480
1088.17,27742740480
1088.45,27742740480
1088.74,27742740480
1089.02,27742740480
1089.31,27742740480
1089.59,27742740480
1089.87,27742740480
1090.15,27742740480
1090.43,27742740480
1090.72,27742740480
1091.00,27742740480
1091.28,27742740480
1091.56,27742740480
1091.84,27742740480
1092.13,27742740480
1092.41,27742740480
1092.69,27742740480
1092.98,27742740480
1093.26,27742740480
1093.55,27742740480
1093.83,27742740480
1094.12,27742740480
1094.39,27742740480
1094.67,27742740480
1094.95,27742666752
1095.23,27742666752
1095.51,27742666752
1095.80,27742666752
1096.07,27742666752
1096.36,27742666752
1096.64,27742666752
1096.92,27742666752
1097.21,27742666752
1097.49,27742666752
1097.78,27742666752
1098.06,27742666752
1098.34,27742666752
1098.61,27742666752
1098.89,27742666752
1099.18,27742666752
1099.45,27742666752
1099.74,27742666752
1100.02,27742666752
1100.30,27742666752
1100.59,27742666752
1100.87,27742666752
1101.15,27742666752
1101.43,27742666752
1101.71,27742666752
1101.99,27742666752
1102.27,27742666752
1102.55,27742666752
1102.83,27742666752
1103.11,27742666752
1103.40,27742666752
1103.68,27742666752
1103.96,27742666752
1104.25,27742666752
1104.53,27742666752
1104.81,27742666752
1105.10,27742420992
1105.38,27742420992
1105.66,27742683136
1105.94,27742683136
1106.22,27742683136
1106.50,27742683136
1106.78,27742683136
1107.06,27742683136
1107.34,27742683136
1107.62,27742683136
1107.91,27742683136
1108.19,27742683136
1108.47,27742683136
1108.75,27742683136
1109.03,27742683136
1109.32,27742683136
1109.60,27742683136
1109.88,27742683136
1110.15,27742683136
1110.44,27742683136
1110.72,27742683136
1111.00,27742683136
1111.28,27742683136
1111.56,27742683136
1111.84,27742683136
1112.13,27742683136
1112.41,27742683136
1112.69,27742683136
1112.97,27742683136
1113.26,27742683136
1113.54,27742683136
1113.83,27742683136
1114.11,27742683136
1114.38,27742683136
1114.66,27742683136
1114.95,27742433280
1115.23,27742433280
1115.52,27742433280
1115.80,27742433280
1116.08,27742433280
1116.36,27742695424
1116.64,27742695424
1116.92,27742695424
1117.20,27742695424
1117.48,27742695424
1117.77,27742695424
1118.05,27742695424
1118.33,27742695424
1118.61,27742695424
1118.89,27742695424
1119.17,27742695424
1119.44,27742695424
1119.72,27742695424
1120.00,27742695424
1120.28,27742695424
1120.56,27742695424
1120.83,27742695424
1121.11,27742695424
1121.39,27742695424
1121.67,27742695424
1121.96,27742695424
1122.24,27742695424
1122.52,27742695424
1122.81,27742695424
1123.08,27742695424
1123.37,27742695424
1123.64,27742695424
1123.92,27742695424
1124.20,27742695424
1124.49,27742695424
1124.77,27742695424
1125.05,27742453760
1125.33,27742453760
1125.61,27742453760
1125.89,27742453760
1126.18,27742453760
1126.45,27742584832
1126.74,27742584832
1127.03,27742584832
1127.31,27742584832
1127.60,27742584832
1127.88,27742584832
1128.16,27742584832
1128.44,27742584832
1128.72,27742584832
1129.00,27742715904
1129.29,27742715904
1129.57,27742715904
1129.85,27742715904
1130.14,27742715904
1130.42,27742715904
1130.70,27742715904
1130.99,27742715904
1131.27,27742715904
1131.55,27742715904
1131.84,27742715904
1132.13,27742715904
1132.41,27742715904
1132.69,27742715904
1132.97,27742715904
1133.26,27742715904
1133.53,27742715904
1133.81,27742715904
1134.10,27742715904
1134.38,27742715904
1134.66,27742715904
1134.94,27742445568
1135.23,27742445568
1135.51,27742445568
1135.80,27742445568
1136.08,27742445568
1136.36,27742445568
1136.64,27742445568
1136.92,27742445568
1137.20,27742707712
1137.48,27742707712
1137.77,27742707712
1138.05,27742707712
1138.33,27742707712
1138.62,27742707712
1138.90,27742707712
1139.17,27742707712
1139.46,27742707712
1139.75,27742707712
1140.03,27742707712
1140.31,27742707712
1140.59,27742707712
1140.87,27742707712
1141.16,27742707712
1141.44,27742707712
1141.73,27742707712
1142.01,27742707712
1142.29,27742707712
1142.57,27742707712
1142.85,27742707712
1143.14,27742707712
1143.42,27742707712
1143.71,27742707712
1144.00,27742707712
1144.28,27742707712
1144.57,27742707712
1144.85,27742707712
1145.13,27742441472
1145.42,27742703616
1145.70,27742703616
1145.98,27742703616
1146.26,27742703616
1146.55,27742703616
1146.83,27742703616
1147.12,27742703616
1147.40,27742703616
1147.68,27742703616
1147.97,27742703616
1148.25,27742703616
1148.53,27742703616
1148.81,27742703616
1149.10,27742703616
1149.38,27742703616
1149.66,27742703616
1149.94,27742703616
1150.22,27742703616
1150.51,27742703616
1150.79,27742703616
1151.07,27742703616
1151.35,27742703616
1151.63,27742703616
1151.92,27742703616
1152.20,27742703616
1152.48,27742703616
1152.76,27742703616
1153.04,27742703616
1153.33,27742703616
1153.61,27742703616
1153.89,27742703616
1154.17,27742703616
1154.45,27742703616
1154.73,27742703616
1155.01,27742699520
1155.29,27742699520
1155.57,27742699520
1155.85,27742699520
1156.14,27742699520
1156.42,27742699520
1156.70,27742699520
1156.98,27742699520
1157.27,27742699520
1157.54,27742699520
1157.83,27742699520
1158.11,27742699520
1158.39,27742699520
1158.66,27742699520
1158.95,27742699520
1159.23,27742699520
1159.51,27742699520
1159.79,27742699520
1160.08,27742699520
1160.36,27742699520
1160.64,27742699520
1160.92,27742699520
1161.21,27742699520
1161.49,27742699520
1161.77,27742699520
1162.05,27742699520
1162.34,27742699520
1162.62,27742699520
1162.90,27742699520
1163.18,27742699520
1163.47,27742699520
1163.75,27742699520
1164.03,27742699520
1164.31,27742699520
1164.59,27742699520
1164.88,27742699520
1165.16,27742568448
1165.45,27742568448
1165.73,27742568448
1166.02,27742568448
1166.30,27742568448
1166.59,27742568448
1166.87,27742568448
1167.16,27742568448
1167.44,27742568448
1167.72,27742568448
1168.00,27742568448
1168.29,27742568448
1168.57,27742568448
1168.85,27742568448
1169.13,27742568448
1169.41,27742568448
1169.70,27742568448
1169.98,27742568448
1170.27,27742568448
1170.55,27742568448
1170.83,27742568448
1171.12,27742568448
1171.40,27742568448
1171.69,27742568448
1171.97,27742568448
1172.24,27742568448
1172.53,27742568448
1172.80,27742568448
1173.08,27742568448
1173.36,27742568448
1173.64,27742568448
1173.92,27742568448
1174.21,27742568448
1174.50,27742568448
1174.79,27742568448
1175.07,27742318592
1175.35,27742318592
1175.63,27742318592
1175.92,27742318592
1176.20,27742449664
1176.49,27742449664
1176.77,27742449664
1177.05,27742449664
1177.33,27742449664
1177.62,27742449664
1177.90,27742449664
1178.19,27742449664
1178.47,27742449664
1178.75,27742449664
1179.04,27742449664
1179.32,27742449664
1179.60,27742449664
1179.88,27742449664
1180.16,27742449664
1180.44,27742449664
1180.72,27742449664
1181.00,27742449664
1181.28,27742449664
1181.56,27742449664
1181.84,27742449664
1182.12,27742449664
1182.40,27742449664
1182.68,27742449664
1182.97,27742449664
1183.25,27742449664
1183.53,27742449664
1183.81,27742449664
1184.09,27742449664
1184.37,27742449664
1184.66,27742449664
1184.94,27742183424
1185.22,27742183424
1185.51,27742183424
1185.79,27742445568
1186.07,27742445568
1186.35,27742445568
1186.64,27742445568
1186.92,27742445568
1187.21,27742445568
1187.49,27742445568
1187.77,27742445568
1188.06,27742445568
1188.33,27742445568
1188.62,27742445568
1188.90,27742445568
1189.18,27742445568
1189.47,27742445568
1189.75,27742445568
1190.03,27742445568
1190.31,27742445568
1190.59,27742445568
1190.87,27742445568
1191.15,27742445568
1191.44,27742445568
1191.72,27742445568
1192.00,27742445568
1192.28,27742445568
1192.56,27742445568
1192.84,27742445568
1193.12,27742445568
1193.40,27742445568
1193.68,27742445568
1193.96,27742445568
1194.25,27742445568
1194.53,27742445568
1194.82,27742445568
1195.10,27742187520
1195.38,27742187520
1195.66,27742187520
1195.95,27742449664
1196.23,27742449664
1196.51,27742449664
1196.79,27742449664
1197.07,27742449664
1197.35,27742449664
1197.63,27742449664
1197.91,27742449664
1198.19,27742449664
1198.47,27742449664
1198.75,27742449664
1199.03,27742449664
1199.31,27742449664
1199.59,27742449664
1199.88,27742449664
1200.16,27742449664
1200.43,27742449664
1200.71,27742449664
1200.99,27742449664
1201.27,27742449664
1201.55,27742449664
1201.83,27742449664
1202.12,27742449664
1202.41,27742449664
1202.69,27742449664
1202.97,27742449664
1203.25,27742449664
1203.54,27742449664
1203.82,27742449664
1204.09,27742449664
1204.37,27742449664
1204.65,27742449664
1204.93,27742449664
1205.21,27742449664
1205.49,27742449664
1205.78,27742449664
1206.06,27742449664
1206.34,27742449664
1206.62,27742449664
1206.91,27742449664
1207.19,27742449664
1207.47,27742449664
1207.75,27742449664
1208.04,27742449664
1208.32,27742449664
1208.60,27742449664
1208.88,27742449664
1209.16,27742449664
1209.44,27742449664
1209.72,27742449664
1210.00,27742449664
1210.29,27742449664
1210.57,27742449664
1210.85,27742449664
1211.13,27742449664
1211.40,27742449664
1211.67,27742449664
1211.95,27742449664
1212.23,27742449664
1212.53,27742449664
1212.80,27742449664
1213.08,27742449664
1213.36,27742449664
1213.64,27742449664
1213.92,27742449664
1214.19,27742449664
1214.46,27742449664
1214.74,27742449664
1215.02,27742449664
1215.29,27742449664
1215.57,27742449664
1215.85,27742449664
1216.13,27742711808
1216.41,27742711808
1216.70,27742711808
1216.98,27742711808
1217.26,27742711808
1217.54,27742711808
1217.81,27742711808
1218.09,27742711808
1218.37,27742711808
1218.66,27742711808
1218.94,27742711808
1219.22,27742711808
1219.50,27742711808
1219.78,27742711808
1220.06,27742711808
1220.34,27742711808
1220.62,27742711808
1220.90,27742711808
1221.18,27742711808
1221.46,27742711808
1221.74,27742711808
1222.02,27742711808
1222.30,27742711808
1222.58,27742711808
1222.86,27742711808
1223.14,27742711808
1223.43,27742711808
1223.71,27742711808
1223.99,27742711808
1224.27,27742711808
1224.56,27742711808
1224.85,27742711808
1225.13,27742453760
1225.41,27742453760
1225.69,27742453760
1225.97,27742453760
1226.26,27742453760
1226.54,27742453760
1226.83,27742453760
1227.10,27742453760
1227.39,27742453760
1227.66,27742453760
1227.94,27742453760
1228.22,27742453760
1228.50,27742453760
1228.78,27742453760
1229.07,27742453760
1229.35,27742453760
1229.63,27742453760
1229.91,27742453760
1230.19,27742453760
1230.47,27742453760
1230.74,27742453760
1231.02,27742453760
1231.30,27742453760
1231.58,27742453760
1231.86,27742453760
1232.15,27742453760
1232.43,27742453760
1232.71,27742453760
1232.99,27742453760
1233.27,27742453760
1233.55,27742453760
1233.83,27742453760
1234.11,27742453760
1234.39,27742453760
1234.68,27742453760
1234.97,27742232576
1235.25,27742232576
1235.53,27742232576
1235.82,27742232576
1236.10,27742232576
1236.38,27742232576
1236.66,27742232576
1236.94,27742232576
1237.23,27742232576
1237.51,27742232576
1237.80,27742232576
1238.08,27742232576
1238.36,27742232576
1238.65,27742232576
1238.92,27742232576
1239.20,27742232576
1239.49,27742232576
1239.77,27742232576
1240.05,27742232576
1240.33,27742232576
1240.62,27742232576
1240.89,27742232576
1241.18,27742232576
1241.45,27742232576
1241.73,27742232576
1242.01,27742232576
1242.29,27742232576
1242.57,27742232576
1242.85,27742232576
1243.13,27742232576
1243.42,27742232576
1243.70,27742232576
1243.98,27742232576
1244.26,27742232576
1244.55,27742232576
1244.84,27742232576
1245.12,27742232576
1245.41,27742232576
1245.69,27742232576
1245.97,27742232576
1246.26,27742232576
1246.54,27742232576
1246.82,27742232576
1247.10,27742232576
1247.38,27742232576
1247.66,27742232576
1247.94,27742232576
1248.22,27742232576
1248.51,27742232576
1248.80,27742232576
1249.08,27742232576
1249.37,27742232576
1249.65,55483375616
1249.93,55483375616
1250.21,55483375616
1250.49,55462141952
1250.78,55438155776
1251.06,55413776384
1251.35,55395819520
1251.62,55370915840
1251.91,55345487872
1252.19,55321370624
1252.48,55297253376
1252.76,55277592576
1253.05,55261077504
1253.33,55238139904
1253.62,55218216960
1253.90,55193968640
1254.18,55170899968
1254.46,55147569152
1254.74,55122665472
1255.03,55102873600
1255.31,55080722432
1255.59,55057784832
1255.87,55034060800
1256.15,55014006784
1256.44,54988578816
1256.72,54964199424
1257.01,54940213248
1257.29,54920552448
1257.57,54897876992
1257.86,54873497600
1258.14,54849642496
1258.42,54825000960
1258.70,54799966208
1258.98,54776635392
1259.26,54752124928
1259.55,54728794112
1259.83,54712279040
1260.11,54694191104
1260.39,54671646720
1260.67,54648446976
1260.95,54624460800
1261.23,54606110720
1261.52,54581993472
1261.81,54558007296
1262.09,54534807552
1262.37,54510034944
1262.65,54486179840
1262.94,54461669376
1263.23,54437289984
1263.51,54414221312
1263.79,54393249792
1264.07,54380011520
1264.35,54364413952
1264.64,54341345280
1264.92,54318014464
1265.20,54294814720
1265.48,54271352832
1265.76,54247759872
1266.04,54223773696
1266.32,54199525376
1266.61,54175277056
1266.89,54151815168
1267.17,54127960064
1267.45,54103973888
1267.73,54080643072
1268.01,54056787968
1268.29,54031360000
1268.58,54008029184
1268.86,53983649792
1269.14,53960187904
1269.42,53936594944
1269.70,53916016640
1269.98,53892816896
1270.27,53869748224
1270.55,53846024192
1270.83,53822300160
1271.11,53798576128
1271.39,53774983168
1271.68,53750996992
1271.96,53727272960
1272.24,53703942144
1272.52,53680873472
1272.80,53662130176
1273.08,53638668288
1273.36,53614419968
1273.63,53591220224
1273.92,53567889408
1274.20,53544820736
1274.48,53521883136
1274.76,53498552320
1275.04,53478236160
1275.32,53456478208
1275.60,53432098816
1275.88,53408768000
1276.16,53385830400
1276.45,53362892800
1276.72,53347426304
1277.01,53324619776
1277.29,53300371456
1277.58,53277040640
1277.86,53254103040
1278.14,53239029760
1278.42,53216354304
1278.71,53193416704
1278.99,53170872320
1279.28,53147672576
1279.56,53123923968
1279.84,53100986368
1280.13,53078835200
1280.41,53056552960
1280.69,53033877504
1280.97,53016838144
1281.25,53000323072
1281.54,52977909760
1281.82,52956151808
1282.10,52933345280
1282.38,52910407680
1282.66,52887339008
1282.94,52865187840
1283.22,52842905600
1283.50,52824948736
1283.78,52803715072
1284.06,52781957120
1284.34,52759281664
1284.63,52737523712
1284.91,52714061824
1285.19,52692303872
1285.46,52669759488
1285.75,52647477248
1286.03,52625981440
1286.31,52603174912
1286.59,52580761600
1286.87,52558217216
1287.15,52536197120
1287.43,52512866304
1287.72,52491370496
1288.00,52473020416
1288.28,52448509952
1288.56,52426227712
1288.84,52401848320
1289.13,52378910720
1289.41,52356104192
1289.68,52332118016
1289.97,52309311488
1290.25,52287946752
1290.53,52268941312
1290.81,52251377664
1291.09,52228046848
1291.38,52204322816
1291.66,52186759168
1291.94,52162641920
1292.23,52139573248
1292.51,52120829952
1292.79,52099072000
1293.07,52074954752
1293.36,52050706432
1293.64,52028162048
1293.92,52005224448
1294.20,51982024704
1294.49,51958824960
1294.77,51934969856
1295.05,51913605120
1295.33,51892764672
1295.61,51869564928
1295.90,51846103040
1296.18,51822510080
1296.46,51800358912
1296.75,51777552384
1297.03,51753828352
1297.31,51730366464
1297.59,51706642432
1297.88,51682525184
1298.17,51659456512
1298.45,51639009280
1298.73,51617644544
1299.01,51594969088
1299.30,51572686848
1299.57,51549904896
1299.85,51525787648
1300.13,51501801472
1300.42,51477159936
1300.71,51454615552
1300.99,51432464384
1301.27,51409788928
1301.55,51386982400
1301.84,51364438016
1302.12,51341238272
1302.40,51316334592
1302.69,51292610560
1302.97,51269148672
1303.26,51245555712
1303.54,51223142400
1303.82,51200073728
1304.10,51175825408
1304.38,51152494592
1304.66,51129556992
1304.94,51105964032
1305.23,51082502144
1305.52,51061792768
1305.80,51038986240
1306.08,51020242944
1306.36,51001761792
1306.65,50978299904
1306.93,50955886592
1307.21,50933211136
1307.49,50909749248
1307.78,50887073792
1308.06,50864660480
1308.35,50849849344
1308.62,50835169280
1308.91,50813542400
1309.19,50790866944
1309.47,50774745088
1309.75,50755215360
1310.03,50732539904
1310.32,50710519808
1310.60,50687975424
1310.88,50665168896
1311.16,50643148800
1311.44,50620735488
1311.72,50599108608
1312.00,50576957440
1312.28,50555854848
1312.56,50534227968
1312.84,50510766080
1313.13,50491629568
1313.41,50473017344
1313.69,50449293312
1313.98,50425700352
1314.26,50402631680
1314.55,50378383360
1314.83,50355838976
1315.12,50331983872
1315.39,50308128768
1315.68,50284535808
1315.96,50265006080
1316.23,50241806336
1316.52,50217689088
1316.80,50195537920
1317.08,50174566400
1317.36,50151366656
1317.64,50127904768
1317.92,50104836096
1318.20,50085830656
1318.48,50061713408
1318.76,50037071872
1319.05,50013478912
1319.33,49990148096
1319.61,49967374336
1319.89,49943781376
1320.17,49924775936
1320.45,49901051904
1320.73,49879556096
1321.01,49857667072
1321.29,49834205184
1321.57,49811791872
1321.85,49791606784
1322.13,49768407040
1322.41,49753464832
1322.69,49738653696
1322.98,49723580416
1323.26,49699987456
1323.55,49676656640
1323.83,49653063680
1324.12,49630257152
1324.40,49607843840
1324.68,49584775168
1324.96,49563148288
1325.25,49544929280
1325.53,49521860608
1325.82,49499709440
1326.10,49477033984
1326.38,49453178880
1326.66,49429454848
1326.94,49406648320
1327.23,49382924288
1327.51,49359724544
1327.80,49336000512
1328.08,49312931840
1328.37,49289469952
1328.65,49266401280
1328.93,49243463680
1329.21,49221050368
1329.49,49197719552
1329.77,49174388736
1330.05,49156694016
1330.33,49137688576
1330.61,49123532800
1330.89,49103740928
1331.17,49080803328
1331.45,49057865728
1331.72,49057865728
1332.01,49057865728
1332.28,49041350656
1332.56,49021558784
1332.84,48998227968
1333.12,48975159296
1333.40,48953532416
1333.68,48930201600
1333.95,48907919360
1334.24,48885112832
1334.52,48862437376
1334.80,48840417280
1335.08,48816562176
1335.36,48793100288
1335.64,48768983040
1335.92,48744996864
1336.21,48722190336
1336.49,48702922752
1336.77,48679985152
1337.05,48656785408
1337.33,48633323520
1337.61,48609861632
1337.90,48586924032
1338.19,48565035008
1338.46,48545243136
1338.75,48525189120
1339.03,48507101184
1339.31,48485867520
1339.59,48464531456
1339.87,48441856000
1340.15,48418918400
1340.44,48396111872
1340.72,48374222848
1341.00,48352202752
1341.28,48330444800
1341.56,48308031488
1341.84,48286142464
1342.12,48264253440
1342.40,48242233344
1342.68,48219426816
1342.96,48197668864
1343.24,48175910912
1343.53,48153497600
1343.81,48130560000
1344.09,48108539904
1344.38,48086650880
1344.65,48064892928
1344.94,48041168896
1345.22,48019673088
1345.51,47996735488
1345.80,47973797888
1346.08,47951122432
1346.36,47929888768
1346.64,47906951168
1346.92,47885848576
1347.20,47863304192
1347.49,47841284096
1347.77,47819526144
1348.06,47796588544
1348.34,47773650944
1348.62,47751368704
1348.90,47728693248
1349.19,47706148864
1349.47,47684124672
1349.76,47666036736
1350.03,47649783808
1350.32,47632220160
1350.60,47610724352
1350.88,47590408192
1351.15,47570354176
1351.44,47554363392
1351.71,47532605440
1351.99,47513075712
1352.27,47491973120
1352.55,47474933760
1352.84,47455404032
1353.11,47435612160
1353.39,47420669952
1353.67,47399043072
1353.95,47378857984
1354.23,47358017536
1354.51,47338094592
1354.80,47318040576
1355.08,47301001216
1355.36,47281209344
1355.64,47261941760
1355.93,47240445952
1356.20,47220260864
1356.48,47199944704
1356.76,47179235328
1357.04,47158525952
1357.33,47136112640
1357.61,47114354688
1357.89,47091286016
1358.17,47069659136
1358.44,47050915840
1358.73,47030468608
1359.00,47012249600
1359.29,46996914176
1359.56,46974107648
1359.85,46951563264
1360.12,46930722816
1360.40,46910275584
1360.68,46888517632
1360.96,46868070400
1361.23,46849064960
1361.51,46827044864
1361.79,46804500480
1362.07,46781956096
1362.35,46759673856
1362.63,46737784832
1362.91,46715633664
1363.19,46693613568
1363.47,46671724544
1363.75,46648918016
1364.03,46626242560
1364.32,46604877824
1364.60,46581809152
1364.88,46558871552
1365.16,46536327168
1365.44,46512734208
1365.72,46490189824
1366.00,46471053312
1366.28,46456242176
1366.56,46438416384
1366.84,46416134144
1367.12,46393720832
1367.41,46371176448
1367.69,46349680640
1367.96,46327922688
1368.24,46306426880
1368.53,46284537856
1368.80,46262386688
1369.08,46244691968
1369.36,46226604032
1369.64,46207860736
1369.93,46188199936
1370.20,46172078080
1370.48,46150451200
1370.76,46127120384
1371.04,46105231360
1371.32,46083342336
1371.61,46060929024
1371.88,46038908928
1372.16,46024097792
1372.44,46004174848
1372.72,45981892608
1373.01,45959610368
1373.29,45936541696
1373.57,45914259456
1373.86,45892108288
1374.14,45878083584
1374.42,45863403520
1374.70,45848068096
1374.98,45825392640
1375.26,45801668608
1375.54,45778862080
1375.83,45755662336
1376.11,45736263680
1376.38,45719224320
1376.67,45696155648
1376.95,45672824832
1377.23,45649756160
1377.51,45626949632
1377.80,45603618816
1378.08,45581205504
1378.36,45558005760
1378.64,45535985664
1378.92,45514096640
1379.20,45491027968
1379.48,45470928896
1379.76,45449170944
1380.04,45425709056
1380.32,45402771456
1380.60,45384552448
1380.88,45364105216
1381.17,45341822976
1381.45,45318754304
1381.74,45295554560
1382.02,45274189824
1382.30,45255970816
1382.59,45232377856
1382.87,45209309184
1383.15,45186502656
1383.43,45163433984
1383.72,45141020672
1384.01,45118083072
1384.29,45095276544
1384.57,45076926464
1384.85,45058445312
1385.13,45038129152
1385.41,45015715840
1385.69,44993695744
1385.97,44979146752
1386.26,44958175232
1386.53,44935237632
1386.81,44912431104
1387.10,44890411008
1387.38,44867342336
1387.66,44848336896
1387.94,44825006080
1388.22,44802068480
1388.50,44780048384
1388.78,44758421504
1389.06,44735614976
1389.34,44713070592
1389.61,44689731584
1389.89,44666007552
1390.17,44642807808
1390.45,44619476992
1390.73,44595621888
1391.01,44585922560
1391.29,44586053632
1391.58,27742892032
1391.86,27742892032
1392.14,27742892032
1392.42,27742892032
1392.70,27742892032
1392.99,27742892032
1393.27,27742892032
1393.56,27742892032
1393.84,27742892032
1394.12,27742892032
1394.40,27742892032
1394.68,27742892032
1394.97,27742892032
1395.25,27742892032
1395.53,27742892032
1395.81,27742892032
1396.09,27742892032
1396.37,27742892032
1396.65,27742892032
1396.94,27742892032
1397.21,27742892032
1397.50,27742892032
1397.78,27742892032
1398.06,27742892032
1398.34,27742892032
1398.63,27742892032
1398.90,27742892032
1399.19,27742892032
1399.46,27742892032
1399.75,27743023104
1400.04,27743023104
1400.31,27743023104
1400.60,27743023104
1400.87,27743023104
1401.16,27743023104
1401.44,27743023104
1401.72,27743023104
1402.00,27743023104
1402.28,27743023104
1402.56,27743023104
1402.84,27743023104
1403.13,27743023104
1403.41,27743023104
1403.69,27743023104
1403.98,27743023104
1404.26,27743023104
1404.54,27743023104
1404.82,27743023104
1405.10,27743023104
1405.39,27743023104
1405.67,27743023104
1405.95,27743023104
1406.23,27743023104
1406.51,27743023104
1406.79,27743023104
1407.08,27743023104
1407.37,27743023104
1407.65,27743023104
1407.94,27743023104
1408.22,27743023104
1408.51,27743023104
1408.79,27743023104
1409.07,27743023104
1409.35,27743023104
1409.63,27742744576
1409.92,27742744576
1410.19,27742744576
1410.47,27742744576
1410.75,27742744576
1411.03,27742744576
1411.32,27742875648
1411.60,27742875648
1411.88,27742875648
1412.16,27742875648
1412.44,27742875648
1412.73,27742875648
1413.01,27742875648
1413.29,27742875648
1413.56,27742875648
1413.83,27742875648
1414.11,27742875648
1414.40,27742875648
1414.68,27742875648
1414.95,27742875648
1415.24,27742875648
1415.52,27742875648
1415.80,27742875648
1416.08,27742875648
1416.36,27742875648
1416.64,27742875648
1416.92,27742875648
1417.20,27742875648
1417.48,27742875648
1417.76,27742875648
1418.04,27742875648
1418.32,27742875648
1418.60,27742875648
1418.89,27742875648
1419.17,27742875648
1419.44,27742986240
1419.73,27742986240
1420.00,27742986240
1420.28,27742986240
1420.57,27742986240
1420.85,27742986240
1421.13,27742986240
1421.41,27742986240
1421.70,27742986240
1421.98,27742986240
1422.26,27742986240
1422.54,27742986240
1422.82,27742986240
1423.10,27742986240
1423.38,27742986240
1423.66,27742986240
1423.94,27742986240
1424.22,27742986240
1424.51,27742986240
1424.80,27742986240
1425.08,27742986240
1425.36,27742986240
1425.64,27742986240
1425.92,27742986240
1426.21,27742986240
1426.48,27742986240
1426.77,27742986240
1427.06,27742986240
1427.33,27742986240
1427.61,27742986240
1427.89,27742986240
1428.18,27742986240
1428.46,27742986240
1428.74,27742986240
1429.03,27742986240
1429.31,27742986240
1429.59,27742986240
1429.87,27742986240
1430.15,27742986240
1430.43,27742986240
1430.71,27742986240
1430.99,27742986240
1431.27,27742986240
1431.56,27742986240
1431.84,27742986240
1432.12,27742986240
1432.40,27742986240
1432.68,27743117312
1432.96,27743117312
1433.25,27743117312
1433.54,27743117312
1433.82,27743117312
1434.11,27743117312
1434.39,27743248384
1434.68,27743248384
1434.96,27743248384
1435.24,27743248384
1435.52,27743248384
1435.80,27743248384
1436.08,27743248384
1436.36,27743248384
1436.64,27743248384
1436.93,27743248384
1437.21,27743248384
1437.49,27743248384
1437.78,27743248384
1438.06,27743248384
1438.35,27743248384
1438.63,27743248384
1438.91,27743248384
1439.19,27743248384
1439.48,27743006720
1439.76,27743006720
1440.04,27743006720
1440.33,27743006720
1440.61,27743006720
1440.89,27743006720
1441.17,27743006720
1441.45,27743006720
1441.73,27743006720
1442.02,27743006720
1442.30,27743006720
1442.58,27743006720
1442.87,27743006720
1443.14,27743006720
1443.42,27743006720
1443.71,27743006720
1443.99,27743006720
1444.27,27743006720
1444.55,27743006720
1444.83,27743006720
1445.12,27743006720
1445.40,27743006720
1445.68,27743006720
1445.96,27743006720
1446.25,27743006720
1446.53,27743006720
1446.81,27743006720
1447.09,27743006720
1447.37,27743006720
1447.65,27743006720
1447.93,27743006720
1448.22,27743006720
1448.51,27743006720
1448.79,27743006720
1449.08,27743006720
1449.36,27743006720
1449.64,27742871552
1449.92,27742871552
1450.21,27742871552
1450.49,27742871552
1450.77,27742871552
1451.05,27742871552
1451.33,27742871552
1451.61,27743002624
1451.89,27743002624
1452.17,27743002624
1452.45,27743002624
1452.73,27743002624
1453.01,27743002624
1453.29,27743002624
1453.58,27743002624
1453.87,27743002624
1454.15,27743002624
1454.43,27743002624
1454.71,27743002624
1454.99,27743002624
1455.27,27743002624
1455.55,27743002624
1455.84,27743002624
1456.12,27743002624
1456.40,27743002624
1456.68,27743002624
1456.96,27743002624
1457.24,27743002624
1457.52,27743002624
1457.79,27743002624
1458.07,27743002624
1458.35,27743002624
1458.63,27743002624
1458.92,27743002624
1459.20,27743002624
1459.48,27742871552
1459.76,27743002624
1460.05,27743002624
1460.33,27743002624
1460.62,27743002624
1460.90,27743002624
1461.18,27743002624
1461.46,27743002624
1461.74,27743002624
1462.03,27743002624
1462.31,27743002624
1462.59,27743002624
1462.88,27743002624
1463.16,27743002624
1463.44,27743002624
1463.71,27743002624
1464.00,27743002624
1464.28,27743002624
1464.56,27743002624
1464.85,27743002624
1465.14,27743002624
1465.42,27743002624
1465.70,27743002624
1465.99,27743002624
1466.27,27743002624
1466.56,27743002624
1466.83,27743002624
1467.12,27743002624
1467.40,27743002624
1467.68,27743002624
1467.97,27743002624
1468.25,27743002624
1468.54,27743002624
1468.82,27743002624
1469.10,27743002624
1469.37,27743002624
1469.65,27743002624
1469.93,27743002624
1470.21,27743002624
1470.49,27743002624
1470.77,27743002624
1471.06,27743002624
1471.34,27743002624
1471.62,27743002624
1471.90,27743002624
1472.19,27743002624
1472.46,27743002624
1472.75,27743002624
1473.03,27743002624
1473.31,27743002624
1473.59,27743002624
1473.87,27743002624
1474.16,27743002624
1474.44,27743002624
1474.73,27743002624
1475.01,27743002624
1475.29,27743002624
1475.57,27743002624
1475.85,27743002624
1476.13,27743002624
1476.42,27743002624
1476.70,27743002624
1476.99,27743002624
1477.27,27743002624
1477.54,27743002624
1477.82,27743002624
1478.10,27743002624
1478.39,27743002624
1478.67,27743002624
1478.96,27743002624
1479.24,27743002624
1479.52,27743002624
1479.81,27743002624
1480.09,27743264768
1480.37,27743264768
1480.66,27743264768
1480.93,27743264768
1481.21,27743264768
1481.50,27743264768
1481.78,27743264768
1482.06,27743264768
1482.34,27743264768
1482.62,27743264768
1482.90,27743264768
1483.18,27743264768
1483.46,27743264768
1483.75,27743264768
1484.02,27743264768
1484.30,27743264768
1484.58,27743264768
1484.86,27743264768
1485.14,27743264768
1485.42,27743264768
1485.70,27743264768
1485.99,27743264768
1486.27,27743264768
1486.55,27743264768
1486.83,27743264768
1487.11,27743264768
1487.39,27743264768
1487.67,27743264768
1487.96,27743264768
1488.24,27743264768
1488.51,27743264768
1488.79,27743264768
1489.07,27743264768
1489.35,27743264768
1489.63,27742941184
1489.91,27742941184
1490.19,27742941184
1490.48,27742941184
1490.76,27742941184
1491.03,27742941184
1491.31,27742941184
1491.59,27742941184
1491.87,27742941184
1492.16,27742941184
1492.44,27742941184
1492.72,27742941184
1493.00,27742941184
1493.28,27742941184
1493.57,27742941184
1493.85,27742941184
1494.13,27742941184
1494.41,27742941184
1494.69,27742941184
1494.97,27742941184
1495.26,27742941184
1495.54,27742941184
1495.82,27742941184
1496.10,27742941184
1496.38,27742941184
1496.66,27742941184
1496.95,27742941184
1497.23,27742941184
1497.51,27742941184
1497.80,27742941184
1498.08,27742941184
1498.37,27742941184
1498.65,27742941184
1498.93,27742941184
1499.21,27742941184
1499.49,27742806016
1499.77,27742937088
1500.05,27742937088
1500.33,27742937088
1500.62,27742937088
1500.90,27742937088
1501.18,27742937088
1501.47,27742937088
1501.75,27742937088
1502.03,27742937088
1502.31,27742937088
1502.60,27742937088
1502.88,27742937088
1503.16,27742937088
1503.46,27742937088
1503.74,27742937088
1504.02,27742937088
1504.31,27742937088
1504.59,27742937088
1504.87,27742937088
1505.15,27742937088
1505.43,27742937088
1505.72,27742937088
1506.00,27742937088
1506.28,27742937088
1506.56,27742937088
1506.85,27742937088
1507.13,27742937088
1507.41,27742937088
1507.70,27742937088
1507.98,27742937088
1508.26,27742937088
1508.54,27742937088
1508.82,27742937088
1509.10,27742937088
1509.39,27742937088
1509.67,27742937088
1509.95,27743199232
1510.23,27743199232
1510.52,27743199232
1510.80,27743199232
1511.08,27743199232
1511.36,27743199232
1511.64,27743199232
1511.93,27743199232
1512.21,27743199232
1512.49,27743199232
1512.78,27743199232
1513.06,27743199232
1513.34,27743199232
1513.62,27743199232
1513.91,27743199232
1514.18,27743199232
1514.46,27743199232
1514.73,27743199232
1515.01,27743199232
1515.29,27743199232
1515.58,27743199232
1515.85,27743199232
1516.14,27743199232
1516.42,27743199232
1516.70,27743199232
1516.98,27743199232
1517.26,27743199232
1517.55,27743199232
1517.84,27743199232
1518.12,27743199232
1518.40,27743199232
1518.68,27743199232
1518.96,27743199232
1519.24,27743199232
1519.52,27742834688
1519.80,27742834688
1520.09,27742834688
1520.37,27742834688
1520.65,27742834688
1520.93,27742834688
1521.22,27742965760
1521.50,27742965760
1521.78,27742965760
1522.06,27742965760
1522.34,27742965760
1522.63,27742965760
1522.91,27742965760
1523.19,27742965760
1523.48,27742965760
1523.76,27742965760
1524.04,27742965760
1524.32,27742965760
1524.60,27742965760
1524.88,27742965760
1525.17,27742965760
1525.45,27742965760
1525.73,27742965760
1526.02,27742965760
1526.30,27742965760
1526.58,27742965760
1526.86,27742965760
1527.14,27742965760
1527.43,27742965760
1527.71,27742965760
1528.00,27742965760
1528.28,27742965760
1528.56,27742965760
1528.84,27742965760
1529.11,27742965760
1529.40,27742965760
1529.68,27742965760
1529.96,27742965760
1530.24,27742965760
1530.52,27742965760
1530.80,27742965760
1531.09,27742965760
1531.38,27742965760
1531.66,27742965760
1531.94,27742965760
1532.22,27742965760
1532.50,27742965760
1532.78,27742965760
1533.07,27742965760
1533.35,27742965760
1533.63,27742965760
1533.91,27742965760
1534.19,27742965760
1534.48,27742965760
1534.76,27742965760
1535.04,27742965760
1535.32,27742965760
1535.61,27742965760
1535.89,27742965760
1536.18,27742965760
1536.46,27742965760
1536.74,27742965760
1537.03,27742965760
1537.31,27742965760
1537.59,27742965760
1537.87,27742965760
1538.15,27742965760
1538.44,27742965760
1538.71,27742965760
1539.00,27742965760
1539.28,27742965760
1539.56,27742965760
1539.85,27742965760
1540.13,27742965760
1540.42,27742965760
1540.70,27743227904
1540.99,27743227904
1541.27,27743227904
1541.55,27743227904
1541.83,27743227904
1542.11,27743227904
1542.40,27743227904
1542.69,27743227904
1542.97,27743227904
1543.25,27743227904
1543.54,27743227904
1543.83,27743227904
1544.11,27743227904
1544.39,27743227904
1544.68,27743227904
1544.96,27743227904
1545.24,27743227904
1545.52,27743227904
1545.81,27743227904
1546.09,27743227904
1546.37,27743227904
1546.65,27743227904
1546.93,27743227904
1547.22,27743227904
1547.51,27743227904
1547.79,27743227904
1548.06,27743227904
1548.34,27743227904
1548.62,27743227904
1548.90,27743227904
1549.19,27743227904
1549.47,27742826496
1549.75,27742957568
1550.04,27742957568
1550.32,27742957568
1550.60,27742957568
1550.89,27742957568
1551.17,27742957568
1551.46,27742957568
1551.74,27742957568
1552.02,27742957568
1552.30,27742957568
1552.59,27742957568
1552.87,27742957568
1553.16,27742957568
1553.44,27742957568
1553.73,27742957568
1554.01,27742957568
1554.30,27742957568
1554.59,27742957568
1554.87,27742957568
1555.15,27742957568
1555.43,27742957568
1555.71,27742957568
1555.99,27742957568
1556.27,27742957568
1556.55,27742957568
1556.83,27742957568
1557.11,27742957568
1557.39,27742957568
1557.67,27742957568
1557.95,27742957568
1558.24,27742957568
1558.52,27742957568
1558.80,27742957568
1559.09,27742957568
