time,used_memory_rss(bytes)
0.00,27742957568
0.28,27742760960
0.56,27742760960
0.84,27742760960
1.12,27742760960
1.40,55483117568
1.68,55484035072
1.96,55484035072
2.24,55484035072
2.53,55484035072
2.81,55484035072
3.10,55484035072
3.38,55485083648
3.67,55485214720
3.94,55485214720
4.22,55483248640
4.50,55460311040
4.79,55436718080
5.07,55411552256
5.36,55389138944
5.64,55364890624
5.92,55346016256
6.20,55323078656
6.49,55299092480
6.78,55274844160
7.06,55252037632
7.34,55235915776
7.62,55215992832
7.90,55194365952
8.19,55174574080
8.48,55149801472
8.76,55125553152
9.04,55101042688
9.33,55076794368
9.61,55052546048
9.89,55029215232
10.18,55005097984
10.46,54979239936
10.75,54958268416
11.04,54937296896
11.32,54912524288
11.61,54888669184
11.89,54865469440
12.17,54844760064
12.45,54826278912
12.73,54803341312
13.01,54778830848
13.30,54755368960
13.57,54731513856
13.86,54707134464
14.14,54682492928
14.42,54657064960
14.71,54632816640
15.00,54607781888
15.29,54590480384
15.58,54567280640
15.87,54545260544
16.15,54530449408
16.43,54506987520
16.71,54488375296
16.99,54465306624
17.27,54441713664
17.55,54417989632
17.84,54394265600
18.11,54379061248
18.40,54364512256
18.68,54347603968
18.97,54322438144
19.25,54298451968
19.54,54274334720
19.81,54249431040
20.10,54231343104
20.38,54210691072
20.66,54190374912
20.95,54167568384
21.23,54148038656
21.51,54129688576
21.79,54107275264
22.06,54083813376
22.34,54061662208
22.63,54040952832
22.91,54018408448
23.19,53995339776
23.46,53972402176
23.74,53949333504
24.02,53925609472
24.31,53903458304
24.59,53881569280
24.86,53858762752
25.14,53835300864
25.43,53812494336
25.71,53789425664
25.98,53765832704
26.26,53744074752
26.55,53719957504
26.83,53697937408
27.11,53679980544
27.39,53679325184
27.67,53679325184
27.96,53676441600
28.24,53653110784
28.53,53631221760
28.81,53608415232
29.09,53585477632
29.36,53562671104
29.65,53539864576
29.93,53516140544
30.21,53492543488
30.50,53469343744
30.78,53452828672
31.06,53430939648
31.34,53408264192
31.62,53386244096
31.90,53363437568
32.17,53340499968
32.45,53317824512
32.73,53294886912
33.02,53271687168
33.30,53248618496
33.58,53225943040
33.85,53202350080
34.13,53180854272
34.41,53161848832
34.70,53141270528
34.98,53122265088
35.26,53098803200
35.54,53074554880
35.82,53050437632
36.10,53026844672
36.38,53004431360
36.67,52982280192
36.95,52959866880
37.22,52937715712
37.50,52915040256
37.79,52892889088
38.07,52871786496
38.35,52849111040
38.63,52826959872
38.91,52803760128
39.19,52780298240
39.48,52756312064
39.76,52737437696
40.04,52715548672
40.32,52691755008
40.61,52669079552
40.89,52645224448
41.18,52621500416
41.46,52597121024
41.74,52573265920
42.02,52549279744
42.31,52526473216
42.59,52503011328
42.87,52479680512
43.16,52455563264
43.45,52431577088
43.73,52410867712
44.01,52388716544
44.29,52364468224
44.57,52341661696
44.85,52317675520
45.14,52294082560
45.42,52272324608
45.69,52249518080
45.98,52226056192
46.25,52202070016
46.53,52177690624
46.81,52160126976
47.09,52136009728
47.38,52112154624
47.66,52089610240
47.94,52066934784
48.22,52043866112
48.49,52020142080
48.78,51996418048
49.06,51974397952
49.34,51957358592
49.62,51933896704
49.91,51910565888
50.19,51886903296
50.48,51862917120
50.76,51843256320
51.05,51820711936
51.33,51800788992
51.61,51776802816
51.89,51752423424
52.18,51728568320
52.46,51705368576
52.75,51681644544
53.03,51657003008
53.32,51632754688
53.60,51608899584
53.88,51584389120
54.16,51560927232
54.45,51541266432
54.73,51521605632
55.01,51498274816
55.29,51477303296
55.58,51453579264
55.86,51429855232
56.14,51407441920
56.43,51384504320
56.71,51361304576
56.99,51343347712
57.27,51318575104
57.56,51295244288
57.84,51271258112
58.12,51248451584
58.40,51224858624
58.68,51201134592
58.97,51178721280
59.25,51157618688
59.53,51134287872
59.82,51112136704
60.10,51089068032
60.39,51066191872
60.67,51043254272
60.96,51020054528
61.24,50997379072
61.52,50975490048
61.80,50954125312
62.08,50931318784
62.37,50910085120
62.65,50886623232
62.93,50863685632
63.22,50843631616
63.50,50829082624
63.78,50806145024
64.06,50783207424
64.35,50761973760
64.63,50746376192
64.91,50722783232
65.19,50700632064
65.47,50677039104
65.75,50653315072
66.03,50632474624
66.31,50613993472
66.60,50593415168
66.88,50577031168
67.16,50554355712
67.44,50532073472
67.72,50509529088
68.00,50495242240
68.28,50480693248
68.56,50456707072
68.85,50438619136
69.13,50422497280
69.41,50402312192
69.70,50384224256
69.98,50361417728
70.27,50338156544
70.56,50314825728
70.84,50298310656
71.12,50279043072
71.40,50255319040
71.68,50232250368
71.95,50216390656
72.24,50201841664
72.52,50178904064
72.81,50156097536
73.08,50136174592
73.36,50112450560
73.65,50088464384
73.93,50064871424
74.21,50040885248
74.50,50017947648
74.78,49996189696
75.06,49972989952
75.33,49950445568
75.61,49931440128
75.89,49907978240
76.18,49884647424
76.45,49860005888
76.74,49836806144
77.02,49814261760
77.31,49791324160
77.58,49768124416
77.86,49744400384
78.15,49722118144
78.42,49698263040
78.71,49674014720
78.99,49650552832
79.28,49631023104
79.56,49616211968
79.84,49593012224
80.12,49569812480
80.41,49547747328
80.68,49524547584
80.97,49502265344
81.24,49479983104
81.52,49457438720
81.80,49434894336
82.08,49411170304
82.36,49388363776
82.65,49365557248
82.93,49342750720
83.21,49320861696
83.49,49296875520
83.77,49273675776
84.05,49249951744
84.34,49226096640
84.62,49201979392
84.90,49197785088
85.18,49197785088
85.47,49181925376
85.75,49158987776
86.03,49134739456
86.32,49117962240
86.60,49103020032
86.88,49080606720
87.16,49063043072
87.44,49040760832
87.73,49017167872
88.01,48993705984
88.29,48970768384
88.57,48946782208
88.85,48927252480
89.13,48905232384
89.41,48881770496
89.69,48857653248
89.98,48833667072
90.26,48809889792
90.54,48785641472
90.82,48763228160
91.11,48738979840
91.39,48715255808
91.68,48697692160
91.96,48674361344
92.24,48652603392
92.51,48632549376
92.79,48609480704
93.07,48585756672
93.36,48561377280
93.64,48537653248
93.92,48514453504
94.21,48490991616
94.49,48467922944
94.77,48445509632
95.06,48429912064
95.34,48406843392
95.62,48382595072
95.90,48360181760
96.19,48342618112
96.47,48319025152
96.75,48295563264
97.04,48272232448
97.32,48248639488
97.60,48225964032
97.88,48204468224
98.16,48186773504
98.44,48168030208
98.73,48145616896
99.01,48130019328
99.29,48106950656
99.57,48083357696
99.85,48059764736
100.14,48036040704
100.42,48012525568
100.70,47991160832
100.98,47967436800
101.27,47945416704
101.55,47923134464
101.83,47901376512
102.11,47885647872
102.40,47869526016
102.68,47845801984
102.97,47823126528
103.25,47799795712
103.54,47776464896
103.82,47754051584
104.10,47730327552
104.39,47705948160
104.68,47685238784
104.95,47662563328
105.23,47640805376
105.52,47619047424
105.80,47596896256
106.08,47575924736
106.36,47552987136
106.64,47529656320
106.92,47509864448
107.20,47488499712
107.49,47465824256
107.77,47445508096
108.05,47430172672
108.33,47408545792
108.62,47385083904
108.90,47362146304
109.18,47339208704
109.46,47316664320
109.75,47296610304
110.03,47275900928
110.31,47251783680
110.59,47228583936
110.88,47204728832
111.16,47182184448
111.44,47159246848
111.72,47135916032
112.00,47113109504
112.28,47089516544
112.56,47067103232
112.84,47044034560
113.12,47022538752
113.41,46998552576
113.69,46977056768
113.97,46955823104
114.25,46933671936
114.53,46910472192
114.82,46887665664
115.11,46865514496
115.39,46843101184
115.67,46824488960
115.95,46802075648
116.23,46779138048
116.51,46756331520
116.79,46734049280
117.07,46710980608
117.36,46691844096
117.65,46668775424
117.94,46646362112
118.22,46629060608
118.50,46609268736
118.78,46586724352
119.06,46565097472
119.34,46541766656
119.63,46524596224
119.91,46507032576
120.19,46490255360
120.47,46466584576
120.75,46442991616
121.04,46419529728
121.32,46397902848
121.60,46375096320
121.88,46350716928
122.16,46327517184
122.44,46304317440
122.72,46281248768
123.00,46257655808
123.28,46234587136
123.57,46211387392
123.86,46187925504
124.14,46164856832
124.42,46140739584
124.70,46116622336
124.99,46093291520
125.27,46070353920
125.55,46048989184
125.83,46028541952
126.12,46005211136
126.40,45981749248
126.68,45958549504
126.95,45935480832
127.24,45912150016
127.51,45891964928
127.79,45869289472
128.07,45845303296
128.36,45821317120
128.64,45798379520
128.93,45774655488
129.21,45751717888
129.49,45729697792
129.77,45705056256
130.05,45681070080
130.33,45656117248
130.61,45631868928
130.90,45607620608
131.19,45583372288
131.47,45557420032
131.75,45532909568
132.03,45517312000
132.32,45496340480
132.60,45474320384
132.88,45452169216
133.16,45430935552
133.45,45408653312
133.73,45385977856
134.01,45362778112
134.29,45340495872
134.57,45321490432
134.85,45299208192
135.13,45276925952
135.42,45253726208
135.71,45230264320
135.99,45207851008
136.27,45185568768
136.55,45161713664
136.83,45140873216
137.12,45122654208
137.40,45104173056
137.68,45081628672
137.96,45063409664
138.24,45040603136
138.52,45018058752
138.80,44995514368
139.09,44979261440
139.38,44958683136
139.66,44936269824
139.94,44913856512
140.22,44892176384
140.50,44875399168
140.78,44852854784
141.06,44829786112
141.34,44805931008
141.62,44782731264
141.90,44759531520
142.19,44735676416
142.47,44710903808
142.75,44686524416
143.04,44661620736
143.32,44636848128
143.61,44612599808
143.89,44588875776
144.17,44586516480
144.45,27742830592
144.73,27742830592
145.01,27742830592
145.29,27742830592
145.58,27742830592
145.85,27742961664
146.15,27742961664
146.43,27742961664
146.71,27742961664
146.99,27742961664
147.27,27742961664
147.56,27742961664
147.84,27742961664
148.12,27742961664
148.41,27742961664
148.69,27742961664
148.96,27742961664
149.25,27742961664
149.53,27742961664
149.82,27742961664
150.10,27742961664
150.39,27742773248
150.66,27742773248
150.95,27742773248
151.23,27742904320
151.50,27742904320
151.79,27742904320
152.08,27743035392
152.36,27743035392
152.64,27743035392
152.92,27743035392
153.20,27743035392
153.48,27743035392
153.76,27743035392
154.04,27743035392
154.32,27743035392
154.60,27743035392
154.89,27743035392
155.17,27743035392
155.46,27743035392
155.74,27743035392
156.02,27743035392
156.30,27743035392
156.59,27743035392
156.87,27743035392
157.16,27743035392
157.44,27743035392
157.72,27743035392
158.01,27743035392
158.29,27743035392
158.57,27743035392
158.85,27743035392
159.13,27743035392
159.41,27743035392
159.69,27743035392
159.97,27743035392
160.25,27742834688
160.53,27742834688
160.81,27742834688
161.09,27742834688
161.37,27742834688
161.65,27742834688
161.93,27742965760
162.21,27742965760
162.49,27742965760
162.77,27742965760
163.05,27742965760
163.34,27742965760
163.62,27742965760
163.90,27742965760
164.18,27742965760
164.46,27742965760
164.74,27742965760
165.02,27742965760
165.30,27742965760
165.58,27742965760
165.86,27742965760
166.14,27742965760
166.42,27742965760
166.71,27742965760
166.99,27742965760
167.28,27742965760
167.56,27742965760
167.85,27742965760
168.13,27742965760
168.41,27742965760
168.70,27742965760
168.98,27742965760
169.26,27742965760
169.55,27742965760
169.82,27742965760
170.11,27742965760
170.39,27742760960
170.68,27743023104
170.96,27743023104
171.25,27743023104
171.53,27743023104
171.81,27743023104
172.09,27743023104
172.38,27743023104
172.66,27743023104
172.94,27743023104
173.22,27743023104
173.51,27743023104
173.79,27743023104
174.07,27743023104
174.36,27743023104
174.65,27743023104
174.93,27743023104
175.22,27743023104
175.50,27743023104
175.78,27743023104
176.06,27743023104
176.34,27743023104
176.62,27743023104
176.91,27743023104
177.19,27743023104
177.47,27743023104
177.75,27743023104
178.03,27743023104
178.31,27743023104
178.59,27743023104
178.87,27743023104
179.16,27743023104
179.44,27743023104
179.72,27743023104
180.01,27743023104
180.29,27742818304
180.58,27742818304
180.86,27742818304
181.14,27742818304
181.42,27742818304
181.71,27742818304
182.00,27742818304
182.28,27742949376
182.56,27742949376
182.84,27742949376
183.12,27742949376
183.40,27742949376
183.69,27742949376
183.97,27742949376
184.25,27742949376
184.54,27742949376
184.82,27742949376
185.10,27742949376
185.39,27742949376
185.66,27742949376
185.95,27742949376
186.23,27742949376
186.52,27742949376
186.80,27742949376
187.08,27742949376
187.36,27742949376
187.64,27742949376
187.92,27742949376
188.20,27742949376
188.48,27742949376
188.76,27742949376
189.05,27742949376
189.34,27742949376
189.62,27742949376
189.91,27742949376
190.19,27742949376
190.47,27742949376
190.75,27742949376
191.03,27742949376
191.31,27742949376
191.60,27742949376
191.88,27742949376
192.16,27742949376
192.44,27742949376
192.72,27742949376
193.00,27742949376
193.28,27742949376
193.56,27742949376
193.85,27742949376
194.13,27742949376
194.41,27742949376
194.69,27742949376
194.98,27742949376
195.27,27742949376
195.55,27742949376
195.83,27742949376
196.11,27742949376
196.39,27742949376
196.67,27742949376
196.95,27742949376
197.23,27742949376
197.52,27742949376
197.80,27742949376
198.08,27742949376
198.36,27742949376
198.64,27742949376
198.93,27742949376
199.21,27742949376
199.49,27742949376
199.77,27742949376
200.05,27742949376
200.34,27742756864
200.62,27742756864
200.90,27742756864
201.18,27742756864
201.46,27743019008
201.74,27743019008
202.02,27743019008
202.31,27743019008
202.59,27743019008
202.87,27743019008
203.16,27743019008
203.44,27743019008
203.72,27743019008
204.00,27743019008
204.28,27743019008
204.56,27743019008
204.84,27743019008
205.13,27743019008
205.41,27743019008
205.69,27743019008
205.97,27743019008
206.25,27743019008
206.54,27743019008
206.82,27743019008
207.11,27743019008
207.40,27743019008
207.68,27743019008
207.96,27743019008
208.24,27743019008
208.53,27743019008
208.81,27743019008
209.09,27743019008
209.38,27743019008
209.66,27743019008
209.94,27743019008
210.22,27742830592
210.50,27742830592
210.79,27742830592
211.07,27742961664
211.36,27742961664
211.65,27742961664
211.93,27742961664
212.21,27742961664
212.50,27742961664
212.78,27742961664
213.06,27742961664
213.35,27742961664
213.63,27742961664
213.90,27742961664
214.19,27742961664
214.47,27742961664
214.76,27742961664
215.04,27742961664
215.33,27742961664
215.62,27742961664
215.89,27742961664
216.18,27742961664
216.45,27742961664
216.74,27742961664
217.02,27742961664
217.31,27742961664
217.59,27742961664
217.87,27742961664
218.15,27742961664
218.44,27742961664
218.72,27742961664
219.01,27742961664
219.30,27742961664
219.58,27742961664
219.86,27742961664
220.15,27742961664
220.43,27742773248
220.71,27743035392
220.99,27743035392
221.27,27743035392
221.56,27743035392
221.84,27743035392
222.13,27743035392
222.41,27743035392
222.69,27743035392
222.98,27743035392
223.26,27743035392
223.54,27743035392
223.82,27743035392
224.10,27743035392
224.38,27743035392
224.66,27743035392
224.94,27743035392
225.21,27743035392
225.49,27743035392
225.78,27743035392
226.06,27743035392
226.34,27743035392
226.63,27743035392
226.91,27743035392
227.19,27743035392
227.48,27743035392
227.76,27743035392
228.04,27743035392
228.33,27743035392
228.62,27743035392
228.90,27743035392
229.18,27743035392
229.47,27743035392
229.75,27743035392
230.04,27743035392
230.32,27742969856
230.61,27742969856
230.89,27742969856
231.17,27742969856
231.46,27742969856
231.74,27742969856
232.02,27742969856
232.31,27742969856
232.58,27742969856
232.86,27742969856
233.14,27742969856
233.43,27742969856
233.71,27742969856
234.00,27742969856
234.28,27742969856
234.56,27742969856
234.84,27742969856
235.12,27742969856
235.40,27742969856
235.68,27742969856
235.97,27742969856
236.25,27742969856
236.52,27742969856
236.80,27742969856
237.08,27742969856
237.37,27742969856
237.65,27742969856
237.93,27742969856
238.22,27742969856
238.50,27742969856
238.78,27742969856
239.07,27742969856
239.35,27742969856
239.63,27742969856
239.91,27742969856
240.19,27742969856
240.48,27743031296
240.75,27743031296
241.04,27743031296
241.32,27743031296
241.60,27743031296
241.88,27743031296
242.15,27743031296
242.44,27743031296
242.72,27743031296
243.00,27743031296
243.28,27743031296
243.56,27743031296
243.85,27743031296
244.12,27743031296
244.40,27743031296
244.68,27743031296
244.97,27743031296
245.25,27743031296
245.54,27743031296
245.82,27743031296
246.10,27743031296
246.38,27743031296
246.66,27743031296
246.95,27743031296
247.23,27743031296
247.51,27743031296
247.79,27743031296
248.07,27743031296
248.35,27743031296
248.63,27743031296
248.91,27743031296
249.20,27743031296
249.49,27743031296
249.77,27743031296
250.06,27743031296
250.34,27742830592
250.62,27742830592
250.91,27742961664
251.19,27742961664
251.48,27742961664
251.76,27742961664
252.05,27742961664
252.33,27742961664
252.61,27742961664
252.90,27742961664
253.18,27742961664
253.46,27742961664
253.74,27742961664
254.03,27742961664
254.31,27742961664
254.59,27742961664
254.87,27742961664
255.15,27742961664
255.44,27742961664
255.71,27742961664
256.00,27742961664
256.28,27742961664
256.56,27742961664
256.84,27742961664
257.12,27742961664
257.40,27742961664
257.68,27742961664
257.96,27742961664
258.25,27742961664
258.54,27742961664
258.82,27742961664
259.11,27742961664
259.39,27742961664
259.66,27742961664
259.94,27742961664
260.22,27742773248
260.50,27742904320
260.79,27742904320
261.07,27742904320
261.35,27742904320
261.63,27742904320
261.91,27742904320
262.19,27742904320
262.47,27742904320
262.75,27742904320
263.04,27742904320
263.32,27742904320
263.60,27742904320
263.88,27742904320
264.16,27742904320
264.44,27742904320
264.73,27742904320
265.01,27742904320
265.29,27742904320
265.58,27742904320
265.86,27742904320
266.15,27742904320
266.43,27742904320
266.71,27742904320
266.99,27742904320
267.27,27742904320
267.55,27742904320
267.83,27742904320
268.12,27742904320
268.40,27742904320
268.69,27742904320
268.98,27742904320
269.26,27742904320
269.54,27742904320
269.82,27742904320
270.11,27742904320
270.39,27742720000
270.68,27742720000
270.97,27742982144
271.26,27742982144
271.54,27742982144
271.82,27742982144
272.11,27742982144
272.39,27742982144
272.68,27742982144
272.96,27742982144
273.24,27742982144
273.53,27742982144
273.81,27742982144
274.10,27742982144
274.38,27742982144
274.67,27742982144
274.95,27742982144
275.23,27742982144
275.51,27742982144
275.80,27742982144
276.07,27742982144
276.35,27742982144
276.64,27742982144
276.92,27742982144
277.20,27742982144
277.49,27742982144
277.77,27742982144
278.06,27742982144
278.34,27742982144
278.63,27742982144
278.91,27742982144
279.20,27742982144
279.49,27742982144
279.77,27742982144
280.06,27742982144
280.34,27742781440
280.62,27742781440
280.91,27742781440
281.20,27742781440
281.48,27742781440
281.77,27742912512
282.06,27742912512
282.34,27742912512
282.62,27742912512
282.90,27742912512
283.19,27742912512
283.47,27742912512
283.75,27742912512
284.03,27742912512
284.31,27742912512
284.60,27742912512
284.88,27742912512
285.17,27742912512
285.45,27742912512
285.73,27742912512
286.02,27742912512
286.30,27742912512
286.59,27742912512
286.87,27742912512
287.15,27742912512
287.43,27742912512
287.71,27742912512
287.99,27742912512
288.27,27742912512
288.56,27742912512
288.84,27742912512
289.13,27742912512
289.41,27742912512
289.69,27742912512
289.98,27742912512
290.26,27742912512
290.54,27742912512
290.82,27742912512
291.09,27742912512
291.38,27742912512
291.66,27742912512
291.94,27742912512
292.22,27742912512
292.50,27742912512
292.79,27742912512
293.08,27742912512
293.37,27742912512
293.64,27742912512
293.93,27742912512
294.21,27742912512
294.50,27742912512
294.78,27742912512
295.06,27742912512
295.35,27742912512
295.63,27742912512
295.92,27742912512
296.20,27742912512
296.49,27742912512
296.77,27742912512
297.06,27742912512
297.34,27742912512
297.62,27742912512
297.91,27742912512
298.19,27742912512
298.47,27742912512
298.75,27742912512
299.04,27742912512
299.32,27742912512
299.60,27742912512
299.88,27742912512
300.17,27742912512
300.45,27742973952
300.73,27742973952
301.01,27742973952
301.29,27742973952
301.57,27742973952
301.85,27742973952
302.12,27742973952
302.41,27742973952
302.69,27742973952
302.97,27742973952
303.25,27742973952
303.54,27742973952
303.82,27742973952
304.10,27742973952
304.39,27742973952
304.67,27742973952
304.95,27742973952
305.23,27742973952
305.51,27742973952
305.80,27742973952
306.08,27742973952
306.36,27742973952
306.64,27742973952
306.92,27742973952
307.20,27742973952
307.48,27742973952
307.77,27742973952
308.05,27742973952
308.34,27742973952
308.62,27742973952
308.91,27742973952
309.19,27742973952
309.48,27742973952
309.76,27742973952
310.04,27742973952
310.33,27742773248
310.61,27742904320
310.90,27742904320
311.19,27742904320
311.47,27742904320
311.75,27742904320
312.03,27742904320
312.31,27742904320
312.59,27742904320
312.88,27742904320
313.17,27742904320
313.45,27742904320
313.73,27742904320
314.02,27742904320
314.30,27742904320
314.58,27742904320
314.86,27742904320
315.14,27742904320
315.43,27742904320
315.71,27742904320
315.99,27742904320
316.28,27742904320
316.56,27742904320
316.85,27742904320
317.14,27742904320
317.42,27742904320
317.71,27742904320
317.99,27742904320
318.27,27742904320
318.55,27742904320
318.83,27742904320
319.11,27742904320
319.39,27742904320
319.68,27742904320
319.96,27742904320
320.23,27742695424
320.52,27742957568
320.80,27742957568
321.08,27742957568
321.37,27742957568
321.65,27742957568
321.93,27742957568
322.21,27742957568
322.49,27743088640
322.77,27743088640
323.06,27743088640
323.33,27743088640
323.62,27743088640
323.89,27743088640
324.18,27743088640
324.46,27743088640
324.74,27743088640
325.03,27743088640
325.31,27743088640
325.59,27743088640
325.88,27743088640
326.16,27743088640
326.43,27743088640
326.72,27743088640
327.00,27743088640
327.29,27743088640
327.57,27743088640
327.86,27743088640
328.13,27743088640
328.41,27743088640
328.70,27743088640
328.99,27743088640
329.27,27743088640
329.54,27743088640
329.83,27743088640
330.12,27743088640
330.40,27742883840
330.68,27743014912
330.97,27743014912
331.25,27743014912
331.53,27743014912
331.82,27743014912
332.10,27743014912
332.38,27743014912
332.67,27743014912
332.95,27743014912
333.23,27743014912
333.51,27743014912
333.78,27743014912
334.06,27743014912
334.35,27743014912
334.63,27743014912
334.91,27743014912
335.19,27743014912
335.48,27743014912
335.76,27743014912
336.04,27743014912
336.32,27743014912
336.61,27743014912
336.89,27743014912
337.17,27743014912
337.45,27743014912
337.73,27743014912
338.02,27743014912
338.31,27743014912
338.59,27743014912
338.87,27743014912
339.15,27743014912
339.44,27743014912
339.71,27743014912
340.00,27743014912
340.28,27742814208
340.57,27742945280
340.85,27742945280
341.13,27742945280
341.42,27742945280
341.70,27742945280
341.98,27742945280
342.26,27742945280
342.55,27742945280
342.84,27742945280
343.12,27742945280
343.40,27742945280
343.68,27742945280
343.96,27742945280
344.25,27742945280
344.53,27742945280
344.81,27742945280
345.09,27742945280
345.37,27742945280
345.65,27742945280
345.94,27742945280
346.21,27742945280
346.49,27742945280
346.78,27742945280
347.06,27742945280
347.34,27742945280
347.62,27742945280
347.91,27742945280
348.19,27742945280
348.46,27742945280
348.75,27742945280
349.03,27742945280
349.31,27742945280
349.59,27742945280
349.87,27742945280
350.16,27742945280
350.45,27742740480
350.73,27742740480
351.02,27743002624
351.30,27743002624
351.58,27743002624
351.86,27743002624
352.14,27743002624
352.43,27743002624
352.71,27743002624
353.00,27743002624
353.27,27743002624
353.56,27743002624
353.83,27743002624
354.12,27743002624
354.40,27743002624
354.69,27743002624
354.97,27743002624
355.26,27743002624
355.54,27743002624
355.82,27743002624
356.10,27743002624
356.38,27743002624
356.67,27743002624
356.95,27743002624
357.23,27743002624
357.51,27743002624
357.80,27743002624
358.08,27743002624
358.36,27743002624
358.64,27743002624
358.92,27743002624
359.20,27743002624
359.49,27743002624
359.77,27743002624
360.05,27743002624
360.33,27742818304
360.61,27742818304
360.90,27742818304
361.18,27742949376
361.46,27742949376
361.74,27742949376
362.02,27742949376
362.30,27742949376
362.59,27742949376
362.87,27742949376
363.15,27742949376
363.43,27742949376
363.72,27742949376
364.00,27742949376
364.29,27742949376
364.57,27742949376
364.85,27742949376
365.14,27742949376
365.43,27742949376
365.70,27742949376
365.99,27742949376
366.27,27742949376
366.55,27742949376
366.84,27742949376
367.12,27742949376
367.40,27742949376
367.68,27742949376
367.97,27742949376
368.25,27742949376
368.54,27742949376
368.82,27742949376
369.10,27742949376
369.38,27742949376
369.66,27742949376
369.95,27742949376
370.24,27742765056
370.52,27742765056
370.80,27742896128
371.08,27742896128
371.37,27742896128
371.65,27742896128
371.94,27742896128
372.22,27742896128
372.50,27742896128
372.78,27742896128
373.07,27742896128
373.35,27742896128
373.63,27742896128
373.91,27742896128
374.20,27742896128
374.48,27742896128
374.76,27742896128
375.04,27742896128
375.32,27742896128
375.61,27742896128
375.89,27742896128
376.17,27742896128
376.45,27742896128
376.73,27742896128
377.02,27742896128
377.29,27742896128
377.57,27742896128
377.86,27742896128
378.14,27742896128
378.43,27742896128
378.71,27742896128
378.99,27742896128
379.27,27742896128
379.55,27742896128
379.84,27742896128
380.12,27742896128
380.40,27742703616
380.68,27742703616
380.97,27742703616
381.25,27742834688
381.53,27742834688
381.82,27742834688
382.10,27742834688
382.38,27742834688
382.66,27742834688
382.94,27742834688
383.23,27742834688
383.51,27742834688
383.79,27742834688
384.07,27742834688
384.36,27742834688
384.63,27742834688
384.92,27742834688
385.19,27742834688
385.48,27742834688
385.76,27742834688
386.05,27742834688
386.34,27742834688
386.62,27742834688
386.90,27742834688
387.18,27742834688
387.46,27742834688
387.74,27742834688
388.02,27742834688
388.31,27742834688
388.58,27742834688
388.87,27742834688
389.15,27742834688
389.43,27742834688
389.71,27742834688
389.99,27742834688
390.27,27742396416
390.56,27742396416
390.85,27742396416
391.12,27742396416
391.40,27742396416
391.68,27742396416
391.95,27742396416
392.24,27742396416
392.52,27742396416
392.80,27742396416
393.08,55483478016
393.36,55483478016
393.65,55483478016
393.93,55474434048
394.22,55450578944
394.50,55426854912
394.78,55402606592
395.06,55378751488
395.34,55357124608
395.62,55339036672
395.91,55322128384
396.19,55304040448
396.48,55285428224
396.76,55266291712
397.05,55247417344
397.33,55224610816
397.61,55206785024
397.90,55189090304
398.17,55170478080
398.45,55151865856
398.74,55133384704
399.03,55115165696
399.31,55096291328
399.59,55071911936
399.88,55050153984
400.17,55026823168
400.44,55003811840
400.72,54978646016
401.00,54954528768
401.29,54929625088
401.57,54907867136
401.85,54887944192
402.13,54864220160
402.42,54841020416
402.70,54817558528
402.98,54793965568
403.26,54776795136
403.54,54753464320
403.82,54729084928
404.10,54705229824
404.38,54681899008
404.66,54657257472
404.95,54637596672
405.23,54614134784
405.51,54590410752
405.79,54567473152
406.07,54543093760
406.36,54518321152
406.64,54493941760
406.93,54468775936
407.21,54444265472
407.50,54420017152
407.79,54396030976
408.07,54372438016
408.36,54348582912
408.64,54325383168
408.91,54301396992
409.19,54282129408
409.48,54258274304
409.76,54234812416
410.04,54210695168
410.32,54186897408
410.60,54164090880
410.88,54142726144
411.16,54119002112
411.45,54096064512
411.73,54073520128
412.01,54052286464
412.29,54033149952
412.57,54010212352
412.85,53986750464
413.13,53962240000
413.42,53939433472
413.70,53914398720
413.98,53890281472
414.26,53865771008
414.54,53840736256
414.82,53815701504
415.11,53792763904
415.38,53769564160
415.66,53746495488
415.94,53723164672
416.22,53698785280
416.51,53675061248
416.79,53651992576
417.08,53632069632
417.36,53608476672
417.64,53585014784
417.92,53561552896
418.20,53537304576
418.48,53513056256
418.76,53488676864
419.05,53465346048
419.33,53442015232
419.61,53418291200
419.89,53393649664
420.17,53369925632
420.46,53344817152
420.74,53320699904
421.03,53297762304
421.31,53275480064
421.58,53251887104
421.87,53227638784
422.15,53203783680
422.43,53179273216
422.71,53164068864
422.99,53148602368
423.28,53127761920
423.56,53104431104
423.84,53080576000
424.13,53058686976
424.41,53039026176
424.69,53016088576
424.98,52996558848
425.26,52973228032
425.54,52948717568
425.82,52924469248
426.10,52901793792
426.38,52878594048
426.66,52855132160
426.94,52832587776
427.22,52808863744
427.50,52785795072
427.78,52762202112
428.06,52740050944
428.35,52716720128
428.63,52691423232
428.92,52667699200
429.20,52643581952
429.48,52619464704
429.76,52594692096
430.05,52571230208
430.33,52547694592
430.61,52524101632
430.89,52499984384
431.18,52479012864
431.46,52456075264
431.75,52432351232
432.03,52408889344
432.31,52385165312
432.60,52361441280
432.88,52343484416
433.17,52325527552
433.45,52306784256
433.73,52283977728
434.01,52261040128
434.29,52238495744
434.57,52218572800
434.86,52197208064
435.13,52174794752
435.41,52150415360
435.69,52127215616
435.98,52104146944
436.26,52082388992
436.55,52059844608
436.83,52036775936
437.11,52013838336
437.39,51993653248
437.68,51974123520
437.96,51950923776
438.24,51929296896
438.52,51906490368
438.81,51882242048
439.09,51859566592
439.38,51835711488
439.66,51811987456
439.95,51789705216
440.23,51766767616
440.51,51743961088
440.80,51726135296
441.07,51703853056
441.36,51681570816
441.65,51659419648
441.93,51643297792
442.21,51620360192
442.50,51596374016
442.78,51572518912
443.06,51554037760
443.35,51539095552
443.63,51518648320
443.91,51496497152
444.19,51473952768
444.47,51450753024
444.75,51429257216
445.03,51405271040
445.32,51381547008
445.60,51362803712
445.88,51340521472
446.16,51317452800
446.45,51294646272
446.73,51271970816
447.01,51249819648
447.29,51232518144
447.57,51209187328
447.85,51186905088
448.13,51164098560
448.42,51142078464
448.70,51120582656
448.98,51098169344
449.26,51075100672
449.54,51051769856
449.83,51029225472
450.11,51005894656
450.40,50983145472
450.68,50961387520
450.96,50937794560
451.25,50914725888
451.53,50892836864
451.80,50875011072
452.08,50852466688
452.36,50829922304
452.64,50807377920
452.93,50783916032
453.20,50760192000
453.49,50738434048
453.77,50719297536
454.05,50698457088
454.33,50681155584
454.62,50657955840
454.90,50635411456
455.18,50611818496
455.47,50587701248
455.76,50563977216
456.04,50540515328
456.32,50516398080
456.61,50493460480
456.89,50477207552
457.18,50453483520
457.46,50429628416
457.74,50409312256
458.03,50389258240
458.32,50365927424
458.60,50342465536
458.88,50319790080
459.16,50298425344
459.44,50279288832
459.72,50256351232
460.00,50233282560
460.29,50209619968
460.57,50186551296
460.85,50167152640
461.13,50144083968
461.41,50121801728
461.69,50099781632
461.98,50076975104
462.26,50054168576
462.54,50032410624
462.83,50009341952
463.11,49985224704
463.39,49962680320
463.67,49939087360
463.96,49919295488
464.24,49896095744
464.52,49872371712
464.81,49848385536
465.09,49824792576
465.37,49800806400
465.65,49777999872
465.93,49760698368
466.21,49737105408
466.50,49714823168
466.78,49692147712
467.07,49669603328
467.35,49647058944
467.63,49626480640
467.90,49604067328
468.18,49582702592
468.45,49560158208
468.73,49538269184
469.02,49515200512
469.30,49490952192
469.58,49468276736
469.87,49445601280
470.15,49427382272
470.44,49412628480
470.72,49392967680
471.00,49370816512
471.28,49347878912
471.57,49325072384
471.85,49302659072
472.14,49280638976
472.43,49257963520
472.71,49234501632
473.00,49211301888
473.28,49187315712
473.56,49163984896
473.84,49140129792
474.13,49116798976
474.41,49092550656
474.69,49068695552
474.98,49044971520
475.26,49020329984
475.55,48997654528
475.83,48980221952
476.11,48969211904
476.39,48969211904
476.68,48969211904
476.95,48950337536
477.23,48926351360
477.52,48911015936
477.80,48896335872
478.08,48875626496
478.36,48851378176
478.64,48827785216
478.92,48809304064
479.20,48791216128
479.48,48767229952
479.77,48743374848
480.05,48723976192
480.34,48700706816
480.63,48677113856
480.91,48655355904
481.19,48634515456
481.47,48611184640
481.76,48589164544
482.04,48568848384
482.33,48548007936
482.62,48525725696
482.89,48502657024
483.18,48477491200
483.47,48457437184
483.76,48438562816
484.04,48417853440
484.32,48395309056
484.60,48373026816
484.87,48350089216
485.15,48327020544
485.43,48303689728
485.71,48280489984
486.00,48258600960
486.27,48236187648
486.56,48213250048
486.84,48194244608
487.12,48174452736
487.41,48156758016
487.69,48136441856
487.96,48116781056
488.25,48094367744
488.53,48071954432
488.81,48049934336
489.10,48029618176
489.37,48007467008
489.65,47988461568
489.94,47967752192
490.22,47948935168
490.51,47928225792
490.79,47905419264
491.08,47883399168
491.36,47862034432
491.65,47840276480
491.93,47818911744
492.21,47795974144
492.48,47774478336
492.77,47751409664
493.05,47728472064
493.33,47705272320
493.62,47683121152
493.89,47660314624
494.18,47636852736
494.46,47614308352
494.74,47593992192
495.02,47572234240
495.31,47549165568
495.59,47525703680
495.87,47501979648
496.15,47477862400
496.44,47454400512
496.72,47430545408
497.00,47407083520
497.29,47388078080
497.57,47365533696
497.85,47345872896
498.13,47329488896
498.42,47306420224
498.70,47289905152
498.98,47267885056
499.26,47245078528
499.54,47221485568
499.83,47198023680
500.11,47174430720
500.39,47150764032
500.68,47128088576
500.95,47104233472
501.24,47080378368
501.52,47058489344
501.80,47036338176
502.08,47013793792
502.36,46990987264
502.64,46968180736
502.92,46945505280
503.20,46923223040
503.49,46900940800
503.77,46877741056
504.05,46856376320
504.33,46835011584
504.61,46811811840
504.89,46789267456
505.17,46765936640
505.46,46747324416
505.74,46724517888
506.02,46701449216
506.30,46679166976
506.58,46655442944
506.86,46631456768
507.14,46609436672
507.43,46587023360
507.72,46564610048
508.00,46541017088
508.28,46518472704
508.56,46500777984
508.85,46480855040
509.13,46456868864
509.42,46434324480
509.70,46410600448
509.99,46388187136
510.27,46364655616
510.54,46341062656
510.83,46317207552
511.11,46296498176
511.39,46273953792
511.67,46252851200
511.94,46235156480
512.22,46215626752
512.50,46192164864
512.78,46168702976
513.07,46150483968
513.35,46128726016
513.62,46106181632
513.90,46087176192
514.18,46063058944
514.46,46040121344
514.74,46022819840
515.03,46002503680
515.31,45979435008
515.59,45956497408
515.87,45932904448
516.15,45908787200
516.44,45885849600
516.72,45861994496
517.00,45838008320
517.28,45815463936
517.56,45792395264
517.84,45769457664
518.12,45746257920
518.40,45723058176
518.68,45699989504
518.96,45677445120
519.24,45656604672
519.52,45632618496
519.81,45607845888
520.10,45584646144
520.38,45561053184
520.66,45536280576
520.95,45513867264
521.23,45489750016
521.52,45466550272
521.80,45447020544
522.09,45424607232
522.38,45401145344
522.66,45377421312
522.95,45354745856
523.23,45331546112
523.52,45308215296
523.80,45284098048
524.08,45259980800
524.37,45235732480
524.65,45212663808
524.94,45189595136
525.22,45168623616
525.50,45145817088
525.78,45123272704
526.06,45100597248
526.34,45077921792
526.62,45053935616
526.90,45036240896
527.18,45013434368
527.46,44991152128
527.74,44972539904
528.03,44950388736
528.31,44926795776
528.59,44903202816
528.88,44879872000
529.16,44856541184
529.44,44833210368
529.72,44810665984
530.00,44787859456
530.28,44763930624
530.56,44739944448
530.85,44715696128
531.13,44692889600
531.41,44669689856
531.70,44646359040
531.98,44622110720
532.26,44597862400
532.55,44585672704
532.83,44585672704
533.11,27742834688
533.39,27742834688
533.68,27742834688
533.96,27742834688
534.25,27742834688
534.52,27742834688
534.80,27742834688
535.08,27742834688
535.37,27742834688
535.64,27742834688
535.92,27742834688
536.21,27742834688
536.49,27742834688
536.77,27742834688
537.05,27742834688
537.33,27742834688
537.62,27742834688
537.90,27742834688
538.18,27742834688
538.46,27742834688
538.74,27742834688
539.02,27742834688
539.30,27742834688
539.59,27742834688
539.87,27742834688
540.16,27742834688
540.45,27742834688
540.73,27742834688
541.01,27742834688
541.29,27742834688
541.57,27742834688
541.84,27742834688
542.13,27742834688
542.41,27742834688
542.69,27742834688
542.96,27742834688
543.24,27742834688
543.52,27742834688
543.80,27742834688
544.09,27742834688
544.37,27742834688
544.65,27742834688
544.93,27742834688
545.21,27742834688
545.49,27742834688
545.77,27742834688
546.05,27742834688
546.34,27742834688
546.62,27742834688
546.91,27742834688
547.19,27742834688
547.47,27742834688
547.75,27742834688
548.03,27742834688
548.31,27742834688
548.60,27742834688
548.88,27742834688
549.16,27742834688
549.44,27742834688
549.73,27742834688
550.01,27742834688
550.30,27742834688
550.57,27742834688
550.85,27742834688
551.14,27742834688
551.42,27742834688
551.70,27742834688
551.99,27742834688
552.27,27742834688
552.55,27742834688
552.84,27742834688
553.13,27742834688
553.41,27742834688
553.69,27742834688
553.97,27742834688
554.25,27742834688
554.53,27742834688
554.81,27742834688
555.09,27742834688
555.37,27742834688
555.66,27742834688
555.95,27742834688
556.23,27742834688
556.52,27742834688
556.81,27742834688
557.09,27742834688
557.37,27742834688
557.65,27742834688
557.94,27742834688
558.22,27742834688
558.51,27742834688
558.79,27742834688
559.08,27742834688
559.36,27742834688
559.64,27742834688
559.93,27742834688
560.21,27742625792
560.49,27742625792
560.77,27742756864
561.06,27742756864
561.34,27742756864
561.63,27742756864
561.91,27742756864
562.19,27742756864
562.47,27742756864
562.75,27742756864
563.03,27742756864
563.32,27742756864
563.60,27742756864
563.88,27742756864
564.16,27742756864
564.44,27742756864
564.73,27742756864
565.01,27742756864
565.29,27742756864
565.58,27742756864
565.86,27742756864
566.14,27742756864
566.43,27742756864
566.70,27742756864
566.98,27742756864
567.26,27742756864
567.54,27742756864
567.82,27742756864
568.11,27742756864
568.39,27742756864
568.68,27742756864
568.96,27742756864
569.24,27742756864
569.53,27742756864
569.80,27742756864
570.08,27742756864
570.37,27742818304
570.64,27742818304
570.92,27742818304
571.20,27742818304
571.49,27742818304
571.77,27742949376
572.05,27742949376
572.34,27742949376
572.62,27742949376
572.90,27742949376
573.19,27742949376
573.47,27742949376
573.75,27742949376
574.03,27742949376
574.31,27742949376
574.59,27742949376
574.87,27742949376
575.15,27742949376
575.44,27742949376
575.72,27742949376
576.01,27742949376
576.29,27742949376
576.57,27742949376
576.86,27742949376
577.14,27742949376
577.43,27742949376
577.71,27742949376
577.99,27742949376
578.28,27742949376
578.56,27742949376
578.84,27742949376
579.13,27742949376
579.41,27742949376
579.69,27742949376
579.97,27742949376
580.25,27742740480
580.53,27742740480
580.81,27742740480
581.10,27742740480
581.38,27742740480
581.67,27742740480
581.95,27742740480
582.24,27742740480
582.52,27742740480
582.79,27742740480
583.07,27742740480
583.35,27742740480
583.63,27742871552
583.92,27742871552
584.20,27742871552
584.48,27742871552
584.76,27742871552
585.05,27742871552
585.33,27742871552
585.62,27742871552
585.89,27742871552
586.18,27742871552
586.46,27742871552
586.74,27742871552
587.02,27742871552
587.31,27742871552
587.59,27742871552
587.87,27742871552
588.15,27742871552
588.44,27742871552
588.73,27742871552
589.02,27742871552
589.30,27742871552
589.57,27742871552
589.86,27742871552
590.14,27742871552
590.42,27742687232
590.71,27742687232
591.00,27742687232
591.28,27742687232
591.56,27742687232
591.84,27742687232
592.12,27742687232
592.40,27742687232
592.67,27742687232
592.96,27742687232
593.24,27742818304
593.52,27742818304
593.81,27742818304
594.09,27742818304
594.38,27742818304
594.66,27742818304
594.94,27742818304
595.22,27742818304
595.51,27742818304
595.79,27742818304
596.08,27742818304
596.36,27742818304
596.64,27742818304
596.92,27742818304
597.20,27742818304
597.48,27742818304
597.76,27742818304
598.05,27742818304
598.33,27742818304
598.61,27742818304
598.89,27742818304
599.18,27742818304
599.45,27742818304
599.73,27742818304
600.01,27742818304
600.29,27742883840
600.58,27742883840
600.86,27742883840
601.15,27742883840
601.43,27742883840
601.71,27742883840
601.99,27742883840
602.27,27742883840
602.55,27742883840
602.84,27742883840
603.13,27742883840
603.41,27742883840
603.70,27742883840
603.98,27742883840
604.26,27742883840
604.54,27742883840
604.82,27742883840
605.10,27742883840
605.38,27742883840
605.66,27742883840
605.94,27742883840
606.23,27742883840
606.51,27742883840
606.80,27742883840
607.08,27742883840
607.37,27742883840
607.64,27742883840
607.92,27742883840
608.21,27742883840
608.49,27742883840
608.77,27742883840
609.05,27742883840
609.34,27742883840
609.62,27742883840
609.90,27742883840
610.17,27742883840
610.46,27742679040
610.74,27742679040
611.02,27742679040
611.31,27742679040
611.59,27742679040
611.87,27742810112
612.15,27742810112
612.43,27742810112
612.72,27742810112
613.00,27742810112
613.28,27742810112
613.57,27742810112
613.85,27742810112
614.13,27742810112
614.41,27742810112
614.69,27742810112
614.98,27742810112
615.26,27742810112
615.55,27742810112
615.82,27742810112
616.10,27742810112
616.38,27742810112
616.66,27742810112
616.94,27742810112
617.22,27742810112
617.50,27742810112
617.78,27742810112
618.07,27742810112
618.35,27742810112
618.63,27742810112
618.92,27742810112
619.20,27742810112
619.49,27742810112
619.77,27742810112
620.05,27742810112
620.33,27742625792
620.61,27742756864
620.89,27742756864
621.18,27742756864
621.47,27742756864
621.75,27742756864
622.03,27742756864
622.31,27742756864
622.59,27742887936
622.87,27742887936
623.16,27742887936
623.44,27742887936
623.73,27742887936
624.01,27742887936
624.30,27742887936
624.58,27742887936
624.86,27742887936
625.14,27742887936
625.42,27742887936
625.70,27742887936
625.98,27742887936
626.26,27742887936
626.54,27742887936
626.82,27742887936
627.10,27742887936
627.38,27742887936
627.66,27742887936
627.94,27742887936
628.22,27742887936
628.50,27742887936
628.79,27742887936
629.07,27742887936
629.35,27742887936
629.63,27742887936
629.92,27742887936
630.20,27742887936
630.48,27742699520
630.76,27742830592
631.05,27742830592
631.33,27742830592
631.61,27742830592
631.90,27742830592
632.18,27742830592
632.47,27742830592
632.74,27742830592
633.02,27742830592
633.30,27742830592
633.59,27742830592
633.87,27742830592
634.15,27742830592
634.44,27742830592
634.72,27742830592
635.00,27742830592
635.28,27742830592
635.57,27742830592
635.84,27742830592
636.12,27742830592
636.40,27742830592
636.68,27742830592
636.96,27742830592
637.25,27742830592
637.52,27742830592
637.80,27742830592
638.09,27742830592
638.37,27742830592
638.66,27742830592
638.94,27742830592
639.22,27742830592
639.51,27742830592
639.80,27742830592
640.07,27742830592
640.35,27742633984
640.64,27742765056
640.92,27742765056
641.20,27742765056
641.47,27742765056
641.75,27742765056
642.04,27742765056
642.32,27742765056
642.60,27742765056
642.88,27742765056
643.15,27742765056
643.44,27742765056
643.71,27742765056
644.00,27742765056
644.28,27742765056
644.56,27742765056
644.84,27742765056
645.12,27742765056
645.40,27742765056
645.68,27742765056
645.96,27742765056
646.24,27742765056
646.53,27742765056
646.82,27742765056
647.10,27742765056
647.39,27742765056
647.67,27742765056
647.95,27742765056
648.23,27742765056
648.51,27742765056
648.80,27742765056
649.08,27742765056
649.36,27742765056
649.64,27742765056
649.93,27742765056
650.21,27742765056
650.49,27742568448
650.78,27742568448
651.06,27742830592
651.34,27742830592
651.63,27742830592
651.91,27742830592
652.20,27742830592
652.48,27742830592
652.77,27742830592
653.05,27742830592
653.34,27742830592
653.62,27742830592
653.90,27742830592
654.18,27742830592
654.47,27742830592
654.74,27742830592
655.02,27742830592
655.31,27742830592
655.59,27742830592
655.88,27742830592
656.16,27742830592
656.45,27742830592
656.73,27742830592
657.01,27742830592
657.29,27742830592
657.57,27742830592
657.85,27742830592
658.14,27742830592
658.42,27742830592
658.71,27742830592
658.99,27742830592
659.27,27742830592
659.55,27742830592
659.83,27742830592
660.12,27742830592
660.40,27742633984
660.68,27742633984
660.96,27742765056
661.24,27742765056
661.53,27742765056
661.80,27742765056
662.09,27742765056
662.37,27742765056
662.66,27742765056
662.94,27742765056
663.22,27742765056
663.51,27742765056
663.79,27742765056
664.07,27742765056
664.36,27742765056
664.63,27742765056
664.91,27742765056
665.19,27742765056
665.47,27742765056
665.75,27742765056
666.03,27742765056
666.30,27742765056
666.59,27742765056
666.88,27742765056
667.15,27742765056
667.44,27742765056
667.72,27742765056
667.99,27742765056
668.27,27742765056
668.55,27742765056
668.83,27742765056
669.11,27742765056
669.40,27742765056
669.68,27742765056
669.96,27742765056
670.25,27742609408
670.53,27742609408
670.81,27742609408
671.09,27742609408
671.37,27742609408
671.65,27742609408
671.93,27742609408
672.21,27742871552
672.50,27742871552
672.77,27742871552
673.06,27742871552
673.35,27742871552
673.63,27742871552
673.91,27742871552
674.20,27742871552
674.48,27742871552
674.76,27742871552
675.04,27742871552
675.32,27742871552
675.60,27742871552
675.88,27742871552
676.17,27742871552
676.45,27742871552
676.74,27742871552
677.03,27742871552
677.32,27742871552
677.60,27742871552
677.88,27742871552
678.16,27742871552
678.45,27742871552
678.73,27742871552
679.01,27742871552
679.29,27742871552
679.57,27742871552
679.85,27742871552
680.13,27742871552
680.41,27742666752
680.69,27742666752
680.97,27742666752
681.26,27742666752
681.54,27742797824
681.82,27742797824
682.10,27742797824
682.39,27742797824
682.67,27742797824
682.95,27742797824
683.23,27742797824
683.51,27742797824
683.79,27742797824
684.07,27742797824
684.35,27742797824
684.64,27742797824
684.92,27742797824
685.21,27742797824
685.50,27742797824
685.78,27742797824
686.06,27742797824
686.34,27742797824
686.61,27742797824
686.90,27742797824
687.18,27742797824
687.46,27742797824
687.74,27742797824
688.03,27742797824
688.32,27742797824
688.60,27742797824
688.88,27742797824
689.16,27742797824
689.44,27742797824
689.72,27742797824
690.01,27742797824
690.29,27742601216
690.57,27742863360
690.86,27742863360
691.13,27742863360
691.42,27742863360
691.70,27742863360
691.98,27742863360
692.26,27742863360
692.54,27742863360
692.83,27742863360
693.11,27742863360
693.39,27742863360
693.68,27742863360
693.96,27742863360
694.24,27742863360
694.52,27742863360
694.80,27742863360
695.08,27742863360
695.37,27742863360
695.65,27742863360
695.93,27742863360
696.22,27742863360
696.50,27742863360
696.78,27742863360
697.07,27742863360
697.35,27742863360
697.63,27742863360
697.91,27742863360
698.19,27742863360
698.48,27742863360
698.75,27742863360
699.04,27742863360
699.32,27742863360
699.60,27742863360
699.88,27742863360
700.17,27742863360
700.45,27742789632
700.74,27742789632
701.02,27742789632
701.31,27742789632
701.60,27742789632
701.88,27742789632
702.16,27742789632
702.44,27742789632
702.73,27742789632
703.01,27742789632
703.29,27742789632
703.58,27742789632
703.87,27742789632
704.15,27742789632
704.44,27742789632
704.72,27742789632
705.00,27742789632
705.28,27742789632
705.57,27742789632
705.86,27742789632
706.14,27742789632
706.43,27742789632
706.71,27742789632
707.00,27742789632
707.28,27742789632
707.57,27742789632
707.85,27742789632
708.13,27742789632
708.41,27742789632
708.70,27742789632
708.99,27742789632
709.27,27742789632
709.55,27742789632
709.83,27742789632
710.11,27742789632
710.39,27742584832
710.67,27742715904
710.95,27742715904
711.23,27742846976
711.51,27742846976
711.79,27742846976
712.08,27742846976
712.36,27742846976
712.63,27742846976
712.91,27742846976
713.20,27742846976
713.48,27742846976
713.76,27742846976
714.05,27742846976
714.33,27742846976
714.61,27742846976
714.89,27742846976
715.18,27742846976
715.46,27742846976
715.74,27742846976
716.03,27742846976
716.30,27742846976
716.59,27742846976
716.87,27742846976
717.15,27742846976
717.44,27742846976
717.71,27742846976
718.00,27742846976
718.28,27742846976
718.57,27742846976
718.85,27742846976
719.13,27742846976
719.41,27742846976
719.70,27742846976
719.98,27742846976
720.26,27742654464
720.55,27742916608
720.83,27742916608
721.11,27742916608
721.39,27742916608
721.68,27742916608
721.96,27742916608
722.23,27742916608
722.52,27742916608
722.79,27742916608
723.08,27742916608
723.36,27742916608
723.64,27742916608
723.92,27742916608
724.20,27742916608
724.48,27742916608
724.76,27742916608
725.04,27742916608
725.32,27742916608
725.60,27742916608
725.89,27742916608
726.17,27742916608
726.45,27742916608
726.74,27742916608
727.02,27742916608
727.30,27742916608
727.58,27742916608
727.87,27742916608
728.15,27742916608
728.43,27742916608
728.71,27742916608
728.99,27742916608
729.27,27742916608
729.55,27742916608
729.83,27742916608
730.12,27742916608
730.40,27742715904
730.68,27742715904
730.97,27742715904
731.25,27742846976
731.53,27742846976
731.81,27742846976
732.09,27742846976
732.37,27742846976
732.65,27742846976
732.93,27742846976
733.22,27742846976
733.50,27742846976
733.78,27742846976
734.06,27742846976
734.34,27742846976
734.62,27742846976
734.90,27742846976
735.18,27742846976
735.46,27742846976
735.74,27742846976
736.03,27742846976
736.30,27742846976
736.58,27742846976
736.86,27742846976
737.14,27742846976
737.42,27742846976
737.70,27742846976
737.98,27742846976
738.26,27742846976
738.54,27742846976
738.82,27742846976
739.10,27742846976
739.38,27742846976
739.66,27742846976
739.94,27742846976
740.22,27742846976
740.50,27742846976
740.78,27742846976
741.06,27742846976
741.34,27742846976
741.62,27742846976
741.90,27742846976
742.18,27742846976
742.47,27742846976
742.75,27742846976
743.04,27742846976
743.32,27742846976
743.60,27742846976
743.88,27742846976
744.16,27742846976
744.44,27742846976
744.73,27742846976
745.01,27742846976
745.29,27742846976
745.58,27742846976
745.85,27742846976
746.14,27742846976
746.42,27742846976
746.70,27742846976
746.98,27742846976
747.26,27742846976
747.54,27742846976
747.82,27742846976
748.10,27742846976
748.38,27742846976
748.66,27742846976
748.94,27742846976
749.23,27742846976
749.51,27742846976
749.79,27742846976
750.07,27742846976
750.35,27742879744
750.64,27742879744
750.91,27742879744
751.20,27742879744
751.47,27742879744
751.75,27742879744
752.03,27742879744
752.32,27742879744
752.60,27742879744
752.88,27742879744
753.16,27742879744
753.45,27742879744
753.74,27742879744
754.02,27742879744
754.29,27742879744
754.58,27742879744
754.86,27742879744
755.14,27742879744
755.42,27742879744
755.70,27742879744
755.98,27742879744
756.26,27742879744
756.54,27742879744
756.83,27742879744
757.11,27742879744
757.39,27742879744
757.66,27742879744
757.95,27742879744
758.23,27742879744
758.51,27742879744
758.80,27742879744
759.08,27742879744
759.36,27742879744
759.64,27742879744
759.92,27742879744
760.21,27742879744
760.49,27742691328
760.77,27742691328
761.05,27742691328
761.34,27742691328
761.62,27742691328
761.91,27742691328
762.19,27742691328
762.48,27742691328
762.77,27742691328
763.05,27742691328
763.33,27742691328
763.61,27742822400
763.89,27742822400
764.18,27742822400
764.46,27742822400
764.74,27742822400
765.02,27742822400
765.31,27742822400
765.59,27742822400
765.87,27742822400
766.14,27742822400
766.42,27742822400
766.70,27742822400
766.98,27742822400
767.25,27742822400
767.53,27742822400
767.82,27742822400
768.10,27742822400
768.38,27742822400
768.67,27742822400
768.95,27742822400
769.23,27742822400
769.51,27742822400
769.79,27742822400
770.08,27742822400
770.36,27742633984
770.64,27742633984
770.92,27742633984
771.20,27742896128
771.48,27742896128
771.76,27742896128
772.05,27742896128
772.32,27742896128
772.60,27742896128
772.88,27742896128
773.16,27742896128
773.43,27742896128
773.72,27742896128
774.01,27742896128
774.29,27742896128
774.57,27742896128
774.84,27742896128
775.12,27742896128
775.40,27742896128
775.68,27742896128
775.96,27742896128
776.25,27742896128
776.53,27742896128
776.81,27742896128
777.09,27742896128
777.37,27742896128
777.65,27742896128
777.93,27742896128
778.22,27742896128
778.50,27742896128
778.77,27742896128
779.05,27742896128
779.34,27742896128
779.62,27742896128
779.91,27742896128
780.19,27742896128
780.48,27742691328
780.76,27742691328
781.04,27742691328
781.32,27742691328
781.61,27742691328
781.89,27742691328
782.17,27742691328
782.46,27742822400
782.74,27742822400
783.02,27742822400
783.30,27742822400
783.58,27742822400
783.86,27742822400
784.14,27742822400
784.42,27742822400
784.71,27742953472
785.00,27742953472
785.28,27742953472
785.55,27742953472
785.84,27742953472
786.12,27742953472
786.40,27742953472
786.69,27742953472
786.97,27742953472
787.26,27742953472
787.54,27742953472
787.82,27742953472
788.11,27742953472
788.39,27742953472
788.68,27742953472
788.96,27742953472
789.24,27742953472
789.52,27742953472
789.80,27742953472
790.08,27742953472
790.36,27742748672
790.64,27742748672
790.92,27742879744
791.21,27742879744
791.50,27742879744
791.77,27742879744
792.05,27742879744
792.33,27742879744
792.61,27742879744
792.89,27742879744
793.18,27742879744
793.46,27742879744
793.74,27743010816
794.03,27743010816
794.31,27743010816
794.59,27743010816
794.87,27743010816
795.15,27743010816
795.43,27743010816
795.72,27743010816
796.00,27743010816
796.28,27743010816
796.56,27743010816
796.84,27743010816
797.12,27743010816
797.40,27743010816
797.69,27743010816
797.97,27743010816
798.25,27743010816
798.53,27743010816
798.81,27743010816
799.09,27743010816
799.37,27743010816
799.66,27743010816
799.94,27743010816
800.22,27742806016
800.50,27742806016
800.78,27742806016
801.06,27742806016
801.35,27742937088
801.63,27742937088
801.91,27742937088
802.19,27742937088
802.48,27742937088
802.75,27742937088
803.04,27742937088
803.32,27742937088
803.60,27742937088
803.88,27742937088
804.16,27742937088
804.44,27742937088
804.72,27742937088
805.01,27742937088
805.28,27742937088
805.56,27742937088
805.84,27742937088
806.12,27742937088
806.40,27742937088
806.69,27742937088
806.97,27742937088
807.25,27742937088
807.53,27742937088
807.81,27742937088
808.09,27742937088
808.37,27742937088
808.65,27742937088
808.94,27742937088
809.22,27742937088
809.50,27742937088
809.78,27742937088
810.06,27742937088
810.35,27742736384
810.63,27742736384
810.91,27742736384
811.20,27742736384
811.48,27742867456
811.76,27742867456
812.04,27742867456
812.32,27742867456
812.60,27742867456
812.88,27742867456
813.16,27742867456
813.45,27742867456
813.74,27742867456
814.02,27742867456
814.31,27742867456
814.59,27742867456
814.87,27742867456
815.15,27742867456
815.43,27742867456
815.71,27742867456
816.00,27742867456
816.29,27742867456
816.57,27742867456
816.86,27742867456
817.13,27742867456
817.41,27742867456
817.70,27742867456
817.98,27742867456
818.27,27742867456
818.56,27742867456
818.84,27742867456
819.13,27742867456
819.41,27742867456
819.70,27742867456
819.98,27742867456
820.26,27742662656
820.55,27742924800
820.84,27742924800
821.12,27742924800
821.40,27742924800
821.68,27742924800
821.97,27742924800
822.25,27742924800
822.54,27742924800
822.82,27742924800
823.11,27742924800
823.39,27742924800
823.67,27742924800
823.95,27742924800
824.24,27742924800
824.51,27742924800
824.79,27742924800
825.07,27742924800
825.35,27742924800
825.63,27742924800
825.92,27742924800
826.20,27742924800
826.48,27742924800
826.76,27742924800
827.05,27742924800
827.33,27742924800
827.62,27742924800
827.90,27742924800
828.18,27742924800
828.46,27742924800
828.74,27742924800
829.02,27742924800
829.30,27742924800
829.59,27742924800
829.87,27742924800
830.15,27742924800
830.44,27742863360
830.71,27742863360
830.99,27742863360
831.27,27742863360
831.56,27742863360
831.84,27742863360
832.12,27742863360
832.41,27742863360
832.69,27742863360
832.98,27742863360
833.26,27742863360
833.54,27742863360
833.82,27742863360
834.10,27742863360
834.38,27742863360
834.67,27742863360
834.95,27742863360
835.23,27742863360
835.51,27742863360
835.80,27742863360
836.08,27742863360
836.36,27742863360
836.64,27742863360
836.92,27742863360
837.20,27742863360
837.48,27742863360
837.75,27742863360
838.04,27742863360
838.32,27742863360
838.61,27742863360
838.89,27742863360
839.18,27742863360
839.46,27742863360
839.75,27742863360
840.03,27742863360
840.31,27742666752
840.60,27742797824
840.88,27742797824
841.17,27742797824
841.45,27742797824
841.73,27742797824
842.02,27742797824
842.30,27742797824
842.58,27742797824
842.86,27742797824
843.15,27742797824
843.43,27742797824
843.71,27742797824
843.99,27742797824
844.27,27742797824
844.55,27742797824
844.84,27742797824
845.12,27742797824
845.41,27742797824
845.69,27742797824
845.98,27742797824
846.26,27742797824
846.54,27742797824
846.82,27742797824
847.10,27742797824
847.38,27742797824
847.67,27742797824
847.95,27742797824
848.23,27742797824
848.51,27742797824
848.79,27742797824
849.07,27742797824
849.36,27742797824
849.64,27742797824
849.92,27742797824
850.21,27742797824
850.49,27742609408
850.78,27742609408
851.06,27742609408
851.35,27742740480
851.63,27742740480
851.91,27742740480
852.19,27742740480
852.47,27742740480
852.75,27742740480
853.04,27742740480
853.32,27742740480
853.59,27742740480
853.88,27742740480
854.16,27742740480
854.44,27742740480
854.73,27742740480
855.00,27742740480
855.28,27742740480
855.57,27742871552
855.85,27742871552
856.13,27742871552
856.41,27742871552
856.70,27742871552
856.99,27742871552
857.27,27742871552
857.55,27742871552
857.84,27742871552
858.12,27742871552
858.40,27742871552
858.68,27742871552
858.96,27742871552
859.24,27742871552
859.52,27742871552
859.80,27742871552
860.08,27742871552
860.36,27742670848
860.65,27742670848
860.93,27742801920
861.22,27742801920
861.49,27742801920
861.78,27742801920
862.06,27742801920
862.35,27742801920
862.63,27742801920
862.91,27742801920
863.20,27742801920
863.48,27742801920
863.76,27742801920
864.04,27742801920
864.33,27742801920
864.61,27742801920
864.88,27742801920
865.16,27742801920
865.45,27742801920
865.73,27742801920
866.01,27742801920
866.29,27742801920
866.58,27742801920
866.85,27742801920
867.14,27742801920
867.42,27742801920
867.70,27742801920
867.98,27742801920
868.26,27742801920
868.53,27742801920
868.82,27742801920
869.10,27742801920
869.38,27742801920
869.66,27742801920
869.95,27742801920
870.23,27742801920
870.51,27742801920
870.79,27742801920
871.07,27742801920
871.35,27742801920
871.63,27742801920
871.92,27742801920
872.20,27742801920
872.48,27742801920
872.77,27742801920
873.05,27742801920
873.34,27742801920
873.61,27742801920
873.90,27742801920
874.18,27742801920
874.47,27742801920
874.75,27742932992
875.03,27742932992
875.32,27742932992
875.60,27742932992
875.89,27742932992
876.17,27742932992
876.45,27742932992
876.73,27742932992
877.01,27742932992
877.29,27742932992
877.58,27742932992
877.86,27742932992
878.15,27742932992
878.44,27742932992
878.72,27742932992
879.00,27742932992
879.28,27742932992
879.56,27742932992
879.85,27742932992
880.13,27742932992
880.41,27742932992
880.70,27742932992
880.98,27742932992
881.27,27742932992
881.55,27742932992
881.83,27742932992
882.12,27742932992
882.40,27742932992
882.68,27742932992
882.96,27742932992
883.24,27742932992
883.52,27742932992
883.81,27742932992
884.09,27742932992
884.38,27742932992
884.66,27742932992
884.94,27742932992
885.23,27742932992
885.51,27742932992
885.79,27742932992
886.07,27742932992
886.35,27742932992
886.63,27742932992
886.91,27742932992
887.19,27742932992
887.48,27742932992
887.77,27742932992
888.05,27742932992
888.33,27742932992
888.61,27742932992
888.90,27742932992
889.18,27742932992
889.45,27742932992
889.73,27742932992
890.01,27742932992
890.29,27742728192
890.58,27742728192
890.86,27742728192
891.14,27742728192
891.42,27742728192
891.71,27742728192
892.00,27742728192
892.27,27742859264
892.56,27742859264
892.83,27742859264
893.11,27742859264
893.40,27742859264
893.67,27742859264
893.96,27742859264
894.24,27742859264
894.52,27742859264
894.81,27742859264
895.10,27742859264
895.38,27742859264
895.66,27742859264
895.94,27742859264
896.22,27742859264
896.50,27742859264
896.78,27742859264
897.06,27742859264
897.34,27742859264
897.62,27742859264
897.91,27742859264
898.19,27742859264
898.47,27742859264
898.75,27742859264
899.03,27742859264
899.32,27742859264
899.61,27742859264
899.89,27742859264
900.18,27742859264
900.46,27742679040
900.74,27742679040
901.02,27742679040
901.30,27742941184
901.59,27742941184
901.86,27742941184
902.14,27742941184
902.42,27742941184
902.70,27742941184
902.99,27742941184
903.27,27742941184
903.55,27742941184
903.83,27742941184
904.11,27742941184
904.39,27742941184
904.67,27742941184
904.96,27742941184
905.24,27742941184
905.53,27742941184
905.81,27742941184
906.10,27742941184
906.38,27742941184
906.66,27742941184
906.95,27742941184
907.24,27742941184
907.52,27742941184
907.80,27742941184
908.09,27742941184
908.38,27742941184
908.66,27742941184
908.94,27742941184
909.23,27742941184
909.51,27742941184
909.79,27742941184
910.08,27742941184
910.36,27742740480
910.64,27742740480
910.93,27742740480
911.22,27742871552
911.50,27742871552
911.79,27742871552
912.07,27742871552
912.35,27742871552
912.64,27742871552
912.92,27742871552
913.21,27742871552
913.49,27742871552
913.78,27742871552
914.06,27742871552
914.35,27742871552
914.63,27742871552
914.91,27742871552
915.19,27742871552
915.47,27742871552
915.75,27742871552
916.04,27742871552
916.32,27742871552
916.59,27742871552
916.88,27742871552
917.16,27742871552
917.44,27742871552
917.73,27742871552
918.01,27742871552
918.30,27742871552
918.58,27742871552
918.86,27742871552
919.14,27742871552
919.42,27742871552
919.71,27742871552
919.99,27742871552
920.27,27742691328
920.55,27742691328
920.83,27742691328
921.11,27742691328
921.39,27742691328
921.67,27742691328
921.96,27742691328
922.24,27742691328
922.52,27742691328
922.81,27742822400
923.10,27742822400
923.38,27742822400
923.66,27742822400
923.94,27742822400
924.22,27742822400
924.50,27742822400
924.78,27742822400
925.07,27742822400
925.35,27742822400
925.63,27742822400
925.91,27742822400
926.18,27742822400
926.47,27742822400
926.75,27742822400
927.03,27742822400
927.31,27742822400
927.59,27742822400
927.88,27742822400
928.15,27742822400
928.44,27742822400
928.72,27742822400
929.00,27742822400
929.28,27742822400
929.56,27742822400
929.84,27742822400
930.12,27742822400
930.41,27742638080
930.68,27742638080
930.96,27742900224
931.25,27742900224
931.53,27742900224
931.81,27742900224
932.09,27742900224
932.37,27742900224
932.65,27742900224
932.94,27742900224
933.22,27742900224
933.51,27743031296
933.79,27743031296
934.07,27743031296
934.35,27743031296
934.64,27743031296
934.92,27743031296
935.20,27743031296
935.48,27743031296
935.76,27743031296
936.04,27743031296
936.32,27743031296
936.60,27743031296
936.89,27743031296
937.17,27743031296
937.45,27743031296
937.74,27743031296
938.02,27743031296
938.30,27743031296
938.58,27743031296
938.87,27743031296
939.14,27743031296
939.43,27743031296
939.70,27743031296
939.99,27743031296
940.27,27742834688
940.55,27742965760
940.84,27742965760
941.12,27742965760
941.40,27742965760
941.67,27742965760
941.95,27742965760
942.24,27742965760
942.51,27742965760
942.79,27742965760
943.08,27742965760
943.36,27742965760
943.64,27742965760
943.91,27742965760
944.20,27742965760
944.48,27742965760
944.75,27742965760
945.03,27742965760
945.32,27742965760
945.59,27742965760
945.88,27742965760
946.16,27742965760
946.43,27742965760
946.71,27742965760
947.00,27742965760
947.28,27742965760
947.56,27742965760
947.84,27742965760
948.12,27742965760
948.41,27742965760
948.69,27742965760
948.97,27742965760
949.25,27742965760
949.54,27742965760
949.83,27742965760
950.11,27742965760
950.39,27742765056
950.67,27742765056
950.96,27742765056
951.24,27742765056
951.52,27742765056
951.80,27742765056
952.09,27742896128
952.37,27742896128
952.65,27742896128
952.93,27742896128
953.21,27742896128
953.49,27742896128
953.77,27742896128
954.05,27742896128
954.33,27742896128
954.61,27742896128
954.89,27742896128
955.18,27742896128
955.46,27742896128
955.75,27742896128
956.03,27742896128
956.31,27742896128
956.60,27742896128
956.87,27742896128
957.15,27742896128
957.44,27742896128
957.72,27742896128
958.00,27742896128
958.29,27742896128
958.58,27742896128
958.86,27742896128
959.14,27742896128
959.42,27742896128
959.71,27742896128
959.99,27742896128
960.26,27742691328
960.54,27742822400
960.82,27742822400
961.11,27742822400
961.39,27742822400
961.67,27742822400
961.96,27742822400
962.25,27742822400
962.53,27742822400
962.82,27742822400
963.10,27742822400
963.38,27742822400
963.66,27742822400
963.95,27742822400
964.23,27742822400
964.52,27742822400
964.80,27742822400
965.08,27742822400
965.36,27742822400
965.64,27742822400
965.92,27742822400
966.20,27742822400
966.48,27742822400
966.77,27742822400
967.04,27742822400
967.33,27742822400
967.60,27742822400
967.88,27742822400
968.16,27742822400
968.45,27742822400
968.73,27742822400
969.02,27742822400
969.30,27742822400
969.59,27742822400
969.87,27742822400
970.15,27742822400
970.44,27742593024
970.73,27742593024
971.01,27742593024
971.29,27742593024
971.57,27742593024
971.85,27742593024
972.13,27742593024
972.42,27742593024
972.70,27742593024
972.98,27742593024
973.26,27742855168
973.55,27742855168
973.83,27742855168
974.12,27742855168
974.40,27742855168
974.68,27742855168
974.97,27742855168
975.25,27742855168
975.53,27742855168
975.82,27742855168
976.10,27742855168
976.38,27742855168
976.66,27742855168
976.95,27742855168
977.23,27742855168
977.52,27742855168
977.80,27742855168
978.09,27742855168
978.38,27742855168
978.66,27742855168
978.95,27742855168
979.24,27742855168
979.52,27742855168
979.80,27742855168
980.09,27742855168
980.37,27742412800
980.65,27742412800
980.94,27742412800
981.22,27742412800
981.51,27742412800
981.79,27742674944
982.07,27742674944
982.35,27742674944
982.64,27742674944
982.92,27742806016
983.20,27742806016
983.48,27742806016
983.76,27742806016
984.04,27742806016
984.32,27742806016
984.61,27742806016
984.89,27742806016
985.17,27742806016
985.45,27742806016
985.73,27742806016
986.02,27742806016
986.30,27742806016
986.58,27742806016
986.87,27742806016
987.15,27742806016
987.44,27742806016
987.72,27742806016
988.00,27742806016
988.28,27742806016
988.56,27742806016
988.84,27742806016
989.12,27742806016
989.40,27742806016
989.69,27742806016
989.97,27742806016
990.26,27742621696
990.53,27742883840
990.82,27742883840
991.11,27742883840
991.39,27742883840
991.68,27742883840
991.96,27742883840
992.25,27742883840
992.53,27742883840
992.81,27742883840
993.09,27742883840
993.37,27742883840
993.64,27742883840
993.93,27742883840
994.22,27742883840
994.50,27742883840
994.77,27742883840
995.06,27742883840
995.34,27742883840
995.62,27742883840
995.90,27742883840
996.18,27742883840
996.46,27742883840
996.74,27742883840
997.02,27742883840
997.30,27742883840
997.58,27742883840
997.86,27742883840
998.14,27742883840
998.42,27742883840
998.71,27742883840
998.99,27742883840
999.27,27742883840
999.56,27742883840
999.84,27742883840
1000.12,27742883840
1000.41,27742679040
1000.69,27742679040
1000.97,27742679040
1001.25,27742679040
1001.54,27742679040
1001.82,27742810112
1002.10,27742810112
1002.39,27742810112
1002.67,27742810112
1002.95,27742810112
1003.24,27742810112
1003.52,27742810112
1003.80,27742810112
1004.08,27742810112
1004.36,27742810112
1004.65,27742810112
1004.93,27742810112
1005.22,27742810112
1005.50,27742810112
1005.78,27742810112
1006.06,27742810112
1006.34,27742810112
1006.62,27742810112
1006.90,27742810112
1007.18,27742810112
1007.47,27742810112
1007.75,27742810112
1008.03,27742810112
1008.31,27742810112
1008.60,27742810112
1008.88,27742810112
1009.16,27742810112
1009.45,27742810112
1009.73,27742810112
1010.01,27742810112
1010.30,27742609408
1010.58,27742609408
1010.86,27742871552
1011.14,27743002624
1011.43,27743002624
1011.71,27743002624
1012.00,27743002624
1012.28,27743002624
1012.57,27743002624
1012.85,27743002624
1013.14,27743002624
1013.43,27743002624
1013.71,27743002624
1013.99,27743002624
1014.27,27743002624
1014.55,27743002624
1014.83,27743002624
1015.11,27743002624
1015.39,27743002624
1015.67,27743002624
1015.95,27743002624
1016.23,27743002624
1016.52,27743002624
1016.80,27743002624
1017.08,27743002624
1017.36,27743002624
1017.64,27743002624
1017.93,27743002624
1018.21,27743002624
1018.50,27743002624
1018.78,27743002624
1019.07,27743002624
1019.35,27743002624
1019.63,27743002624
1019.91,27743002624
1020.20,27743002624
1020.48,27742928896
1020.77,27742928896
1021.05,27742928896
1021.34,27742928896
1021.62,27742928896
1021.90,27742928896
1022.19,27742928896
1022.48,27742928896
1022.76,27742928896
1023.04,27742928896
1023.33,27742928896
1023.61,27742928896
1023.89,27742928896
1024.17,27742928896
1024.45,27742928896
1024.73,27742928896
1025.02,27742928896
1025.30,27742928896
1025.58,27742928896
1025.87,27742928896
1026.15,27742928896
1026.43,27742928896
1026.71,27742928896
1027.00,27742928896
1027.28,27742928896
1027.56,27742928896
1027.85,27742928896
1028.13,27742928896
1028.41,27742928896
1028.69,27742928896
1028.97,27742928896
1029.25,27742928896
1029.54,27742928896
1029.82,27742928896
1030.11,27742928896
1030.38,27742740480
1030.67,27742740480
1030.96,27742740480
1031.24,27742871552
1031.52,27742871552
1031.80,27742871552
1032.08,27742871552
1032.37,27742871552
1032.65,27742871552
1032.93,27742871552
1033.21,27742871552
1033.50,27742871552
1033.78,27742871552
1034.06,27742871552
1034.34,27742871552
1034.63,27742871552
1034.91,27742871552
1035.19,27742871552
1035.48,27742871552
1035.76,27742871552
1036.04,27742871552
1036.33,27742871552
1036.61,27742871552
1036.89,27742871552
1037.18,27742871552
1037.46,27742871552
1037.75,27742871552
1038.03,27742871552
1038.31,27742871552
1038.59,27742871552
1038.87,27742871552
1039.15,27742871552
1039.44,27742871552
1039.71,27742871552
1040.00,27742871552
1040.28,27742687232
1040.56,27742687232
1040.84,27742818304
1041.12,27742818304
1041.41,27742818304
1041.69,27742818304
1041.98,27742818304
1042.25,27742818304
1042.53,27742818304
1042.81,27742818304
1043.09,27742818304
1043.38,27742818304
1043.66,27742818304
1043.94,27742818304
1044.22,27742818304
1044.50,27742818304
1044.78,27742818304
1045.06,27742818304
1045.35,27742818304
1045.63,27742818304
1045.91,27742818304
1046.20,27742818304
1046.48,27742818304
1046.77,27742818304
1047.05,27742818304
1047.33,27742818304
1047.62,27742818304
1047.90,27742818304
1048.18,27742818304
1048.46,27742818304
1048.74,27742818304
1049.03,27742818304
1049.30,27742818304
1049.59,27742818304
1049.87,27742818304
1050.16,27742818304
1050.44,27742613504
1050.72,27742613504
1051.00,27742613504
1051.28,27742613504
1051.57,27742613504
1051.85,27742613504
1052.13,27742613504
1052.41,27742613504
1052.70,27742613504
1052.98,27742613504
1053.27,27742613504
1053.55,27742613504
1053.83,27742613504
1054.11,27742613504
1054.39,27742613504
1054.67,27742613504
1054.95,27742875648
1055.23,27742875648
1055.52,27742875648
1055.80,27742875648
1056.09,27742875648
1056.37,27742875648
1056.66,27742875648
1056.94,27742875648
1057.23,27742875648
1057.51,27742875648
1057.79,27742875648
1058.08,27742875648
1058.36,27742875648
1058.63,27742875648
1058.91,27742875648
1059.20,27742875648
1059.49,27742875648
1059.77,27742875648
1060.06,27742875648
1060.35,27742683136
1060.63,27742683136
1060.91,27742683136
1061.20,27742683136
1061.48,27742683136
1061.77,27742814208
1062.05,27742814208
1062.32,27742814208
1062.60,27742814208
1062.89,27742814208
1063.18,27742814208
1063.46,27742814208
1063.74,27742814208
1064.03,27742814208
1064.31,27742814208
1064.59,27742814208
1064.87,27742814208
1065.15,27742814208
1065.44,27742814208
1065.72,27742814208
1066.01,27742814208
1066.29,27742814208
1066.57,27742814208
1066.86,27742814208
1067.15,27742814208
1067.43,27742814208
1067.71,27742814208
1067.99,27742814208
1068.28,27742814208
1068.56,27742814208
1068.85,27742814208
1069.13,27742814208
1069.41,27742814208
1069.69,27742814208
1069.98,27742814208
1070.26,27742638080
1070.55,27742638080
1070.83,27742638080
1071.11,27742638080
1071.39,27742638080
1071.67,27742638080
1071.96,27742769152
1072.23,27742769152
1072.51,27742769152
1072.80,27742900224
1073.08,27742900224
1073.36,27742900224
1073.64,27742900224
1073.92,27742900224
1074.20,27742900224
1074.49,27742900224
1074.77,27742900224
1075.05,27742900224
1075.33,27742900224
1075.60,27742900224
1075.88,27742900224
1076.16,27742900224
1076.44,27742900224
1076.72,27742900224
1076.99,27742900224
1077.27,27742900224
1077.56,27742900224
1077.84,27742900224
1078.12,27742900224
1078.40,27742900224
1078.68,27742900224
1078.97,27742900224
1079.25,27742900224
1079.53,27742900224
1079.82,27742900224
1080.10,27742900224
1080.38,27742711808
1080.67,27742711808
1080.94,27742711808
1081.23,27742711808
1081.51,27742711808
1081.80,27742711808
1082.08,27742711808
1082.37,27742711808
1082.64,27742711808
1082.92,27742711808
1083.20,27742711808
1083.47,27742711808
1083.75,27742711808
1084.03,27742711808
1084.31,27742711808
1084.59,27742711808
1084.87,27742842880
1085.14,27742842880
1085.43,27742842880
1085.70,27742842880
1085.98,27742842880
1086.26,27742842880
1086.54,27742842880
1086.82,27742842880
1087.10,27742842880
1087.38,27742842880
1087.66,27742842880
1087.94,27742842880
1088.22,27742842880
1088.49,27742842880
1088.77,27742842880
1089.05,27742842880
1089.33,27742842880
1089.61,27742842880
1089.89,27742842880
1090.17,27742842880
1090.45,27742638080
1090.73,27742638080
1091.02,27742769152
1091.30,27742769152
1091.59,27742769152
1091.87,27742769152
1092.16,27742769152
1092.44,27742769152
1092.72,27742769152
1093.00,27742769152
1093.29,27742769152
1093.57,27742769152
1093.85,27742769152
1094.13,27742769152
1094.41,27742769152
1094.68,27742769152
1094.96,27742769152
1095.24,27742769152
1095.52,27742769152
1095.80,27742769152
1096.08,27742769152
1096.36,27742769152
1096.64,27742769152
1096.93,27742769152
1097.21,27742769152
1097.50,27742769152
1097.78,27742769152
1098.06,27742769152
1098.34,27742769152
1098.62,27742769152
1098.90,27742769152
1099.18,27742769152
1099.46,27742769152
1099.74,27742769152
1100.02,27742769152
1100.31,27742564352
1100.58,27742564352
1100.87,27742564352
1101.15,27742564352
1101.43,27742564352
1101.71,27742564352
1101.99,27742564352
1102.28,27742564352
1102.56,27742564352
1102.85,27742564352
1103.12,27742564352
1103.41,27742564352
1103.69,27742564352
1103.97,27742564352
1104.25,27742564352
1104.53,27742564352
1104.82,27742564352
1105.10,27742564352
1105.38,27742564352
1105.67,27742564352
1105.95,27742695424
1106.23,27742695424
1106.52,27742695424
1106.80,27742695424
1107.09,27742826496
1107.37,27742826496
1107.65,27742826496
1107.94,27742826496
1108.22,27742826496
1108.50,27742826496
1108.78,27742826496
1109.06,27742826496
1109.34,27742826496
1109.62,27742826496
1109.90,27742826496
1110.19,27742826496
1110.47,27742642176
1110.76,27742773248
1111.04,27742773248
1111.32,27742773248
1111.60,27742773248
1111.88,27742773248
1112.16,27742773248
1112.44,27742773248
1112.72,27742773248
1113.00,27742773248
1113.29,27742773248
1113.57,27742773248
1113.86,27742773248
1114.14,27742773248
1114.42,27742773248
1114.70,27742773248
1114.99,27742773248
1115.27,27742773248
1115.55,27742773248
1115.83,27742773248
1116.11,27742773248
1116.39,27742773248
1116.68,27742773248
1116.96,27742773248
1117.24,27742773248
1117.52,27742773248
1117.80,27742773248
1118.08,27742773248
1118.36,27742773248
1118.64,27742773248
1118.93,27742773248
1119.21,27742773248
1119.49,27742773248
1119.78,27742773248
1120.06,27742773248
1120.35,27742568448
1120.62,27742568448
1120.91,27742699520
1121.19,27742699520
1121.47,27742699520
1121.74,27742699520
1122.02,27742699520
1122.31,27742699520
1122.60,27742699520
1122.88,27742699520
1123.16,27742699520
1123.44,27742699520
1123.72,27742699520
1124.01,27742699520
1124.28,27742699520
1124.56,27742699520
1124.84,27742699520
1125.12,27742699520
1125.40,27742699520
1125.69,27742699520
1125.97,27742699520
1126.26,27742699520
1126.54,27742699520
1126.82,27742699520
1127.10,27742699520
1127.39,27742699520
1127.67,27742699520
1127.96,27742699520
1128.24,27742699520
1128.52,27742699520
1128.80,27742699520
1129.08,27742699520
1129.36,27742699520
1129.64,27742699520
1129.92,27742699520
1130.20,27742699520
1130.49,27742515200
1130.77,27742777344
1131.05,27742908416
1131.34,27742908416
1131.63,27742908416
1131.91,27742908416
1132.20,27742908416
1132.48,27742908416
1132.76,27742908416
1133.05,27742908416
1133.33,27742908416
1133.61,27742908416
1133.89,27742908416
1134.17,27742908416
1134.45,27742908416
1134.73,27742908416
1135.02,27742908416
1135.30,27742908416
1135.59,27742908416
1135.87,27742908416
1136.15,27742908416
1136.43,27742908416
1136.72,27742908416
1137.00,27742908416
1137.28,27742908416
1137.56,27742908416
1137.84,27742908416
1138.13,27742908416
1138.41,27742908416
1138.69,27742908416
1138.97,27742908416
1139.26,27742908416
1139.54,27742908416
1139.82,27742908416
1140.10,27742908416
1140.38,27742707712
1140.67,27742707712
1140.95,27742707712
1141.23,27742707712
1141.52,27742707712
1141.80,27742707712
1142.08,27742707712
1142.37,27742707712
1142.65,27742838784
1142.94,27742838784
1143.22,27742838784
1143.51,27742838784
1143.79,27742838784
1144.07,27742838784
1144.36,27742838784
1144.64,27742838784
1144.93,27742838784
1145.21,27742838784
1145.50,27742838784
1145.77,27742838784
1146.06,27742838784
1146.34,27742838784
1146.63,27742838784
1146.90,27742838784
1147.19,27742838784
1147.48,27742838784
1147.76,27742838784
1148.05,27742838784
1148.33,27742838784
1148.61,27742838784
1148.89,27742838784
1149.17,27742838784
1149.46,27742838784
1149.74,27742838784
1150.02,27742838784
1150.30,27742642176
1150.58,27742642176
1150.87,27742642176
1151.15,27742642176
1151.43,27742642176
1151.71,27742904320
1151.99,27742904320
1152.27,27742904320
1152.54,27742904320
1152.82,27742904320
1153.11,27742904320
1153.38,27742904320
1153.66,27742904320
1153.94,27742904320
1154.22,27742904320
1154.50,27742904320
1154.78,27742904320
1155.06,27742904320
1155.35,27742904320
1155.63,27742904320
1155.91,27742904320
1156.19,27742904320
1156.47,27742904320
1156.75,27742904320
1157.04,27742904320
1157.32,27742904320
1157.60,27742904320
1157.88,27742904320
1158.17,27742904320
1158.45,27742904320
1158.73,27742904320
1159.01,27742904320
1159.29,27742904320
1159.57,27742904320
1159.86,27742904320
1160.14,27742904320
1160.43,27742703616
1160.71,27742703616
1160.99,27742703616
1161.27,27742703616
1161.55,27742834688
1161.83,27742834688
1162.11,27742834688
1162.38,27742834688
1162.66,27742834688
1162.94,27742834688
1163.23,27742834688
1163.51,27742834688
1163.79,27742834688
1164.07,27742834688
1164.35,27742834688
1164.63,27742834688
1164.91,27742834688
1165.19,27742834688
1165.48,27742834688
1165.76,27742834688
1166.04,27742834688
1166.33,27742834688
1166.60,27742834688
1166.88,27742834688
1167.17,27742834688
1167.45,27742834688
1167.74,27742834688
1168.02,27742834688
1168.30,27742834688
1168.59,27742834688
1168.87,27742834688
1169.15,27742834688
1169.43,27742834688
1169.71,27742834688
1169.99,27742834688
1170.27,27742679040
1170.55,27742679040
1170.83,27742679040
1171.12,27742679040
1171.39,27742679040
1171.68,27742679040
1171.96,27742679040
1172.24,27742679040
1172.52,27742679040
1172.80,27742679040
1173.08,27742679040
1173.37,27742679040
1173.65,27742679040
1173.94,27742679040
1174.22,27742679040
1174.50,27742679040
1174.79,27742679040
1175.07,27742679040
1175.36,27742679040
1175.63,27742679040
1175.92,27742679040
1176.20,27742679040
1176.48,27742679040
1176.76,27742679040
1177.05,27742679040
1177.33,27742679040
1177.61,27742810112
1177.89,27742810112
1178.17,27742810112
1178.45,27742810112
1178.73,27742810112
1179.01,27742810112
1179.29,27742810112
1179.57,27742810112
1179.86,27742810112
1180.14,27742810112
1180.43,27742621696
1180.71,27742621696
1180.99,27742621696
1181.27,27742621696
1181.56,27742621696
1181.84,27742621696
1182.12,27742621696
1182.40,27742752768
1182.69,27742752768
1182.97,27742752768
1183.25,27742752768
1183.53,27742752768
1183.81,27742752768
1184.09,27742752768
1184.37,27742752768
1184.65,27742752768
1184.93,27742752768
1185.22,27742752768
1185.49,27742752768
1185.78,27742752768
1186.06,27742752768
1186.34,27742752768
1186.63,27742752768
1186.91,27742752768
1187.19,27742752768
1187.46,27742752768
1187.74,27742752768
1188.03,27742752768
1188.31,27742752768
1188.59,27742752768
1188.88,27742752768
1189.16,27742752768
1189.44,27742752768
1189.72,27742752768
1190.00,27742752768
1190.28,27742552064
1190.56,27742552064
1190.84,27742552064
1191.13,27742683136
1191.40,27742683136
1191.68,27742683136
1191.96,27742683136
1192.24,27742683136
1192.52,27742683136
1192.80,27742683136
1193.08,27742683136
1193.36,27742683136
1193.63,27742683136
1193.92,27742683136
1194.20,27742683136
1194.48,27742683136
1194.75,27742683136
1195.03,27742683136
1195.31,27742683136
1195.59,27742683136
1195.87,27742683136
1196.16,27742683136
1196.44,27742683136
1196.73,27742683136
1197.01,27742683136
1197.29,27742683136
1197.57,27742683136
1197.86,27742683136
1198.14,27742683136
1198.42,27742683136
1198.71,27742683136
1198.99,27742683136
1199.27,27742683136
1199.55,27742683136
1199.83,27742683136
1200.11,27742683136
1200.39,27742478336
1200.67,27742478336
1200.94,27742478336
1201.23,27742478336
1201.51,27742478336
1201.79,27742478336
1202.07,27742478336
1202.35,27742478336
1202.62,27742478336
1202.90,27742478336
1203.19,27742478336
1203.47,27742478336
1203.75,27742478336
1204.03,27742478336
1204.32,27742478336
1204.60,27742478336
1204.89,27742478336
1205.16,27742478336
1205.44,27742478336
1205.72,27742478336
1206.00,27742478336
1206.29,27742478336
1206.58,27742478336
1206.86,27742478336
1207.14,27742478336
1207.43,27742478336
1207.71,27742478336
1208.00,27742478336
1208.28,27742478336
1208.57,27742478336
1208.85,27742478336
1209.13,27742478336
1209.41,27742478336
1209.69,27742478336
1209.98,27742478336
1210.27,27742248960
1210.55,27742248960
1210.83,27742248960
1211.12,27742248960
1211.40,27742248960
1211.69,27742248960
1211.97,27742248960
1212.26,27742248960
1212.54,27742248960
1212.82,27742248960
1213.11,27742248960
1213.39,27742248960
1213.68,27742248960
1213.96,27742248960
1214.24,55483478016
1214.52,55483478016
1214.80,55483609088
1215.08,55480332288
1215.36,55457918976
1215.64,55434063872
1215.92,55411650560
1216.21,55388319744
1216.49,55364464640
1216.77,55340347392
1217.05,55318589440
1217.34,55301419008
1217.62,55278350336
1217.90,55254757376
1218.18,55230902272
1218.46,55208357888
1218.74,55183323136
1219.03,55160385536
1219.31,55136268288
1219.59,55114772480
1219.87,55093538816
1220.16,55070601216
1220.44,55047139328
1220.72,55022759936
1221.00,54998249472
1221.28,54975049728
1221.56,54951456768
1221.84,54931140608
1222.12,54907416576
1222.40,54885003264
1222.69,54861017088
1222.97,54837293056
1223.26,54814093312
1223.54,54793383936
1223.83,54778048512
1224.11,54759960576
1224.39,54736445440
1224.68,54719668224
1224.96,54700400640
1225.24,54678511616
1225.52,54655574016
1225.81,54632374272
1226.08,54608781312
1226.36,54585319424
1226.64,54561202176
1226.92,54538002432
1227.20,54514802688
1227.49,54490685440
1227.77,54465781760
1228.06,54442582016
1228.34,54418333696
1228.62,54394216448
1228.91,54370623488
1229.19,54346375168
1229.48,54321602560
1229.77,54298402816
1230.05,54275334144
1230.33,54258032640
1230.62,54234308608
1230.90,54212288512
1231.18,54193414144
1231.46,54170214400
1231.74,54148063232
1232.03,54124994560
1232.31,54101663744
1232.59,54078332928
1232.87,54055133184
1233.15,54031409152
1233.43,54007685120
1233.71,53985009664
1233.99,53961547776
1234.28,53941551104
1234.56,53921103872
1234.84,53899214848
1235.12,53877063680
1235.39,53858713600
1235.67,53834989568
1235.95,53813231616
1236.23,53790949376
1236.51,53767880704
1236.79,53749137408
1237.07,53726330880
1237.35,53702213632
1237.63,53677965312
1237.92,53653585920
1238.21,53629730816
1238.50,53605351424
1238.78,53581496320
1239.06,53561835520
1239.35,53546893312
1239.63,53531295744
1239.91,53512814592
1240.19,53489745920
1240.46,53465104384
1240.75,53450293248
1241.04,53425782784
1241.32,53406646272
1241.60,53387378688
1241.88,53364572160
1242.17,53341241344
1242.45,53317124096
1242.73,53292875776
1243.01,53271248896
1243.30,53248704512
1243.58,53226291200
1243.86,53210431488
1244.14,53187624960
1244.42,53164220416
1244.70,53139709952
1244.99,53115592704
1245.27,53093310464
1245.56,53069848576
1245.85,53054644224
1246.12,53040226304
1246.40,53026201600
1246.69,53008900096
1246.98,52985831424
1247.27,52962631680
1247.55,52940087296
1247.83,52917673984
1248.11,52901683200
1248.39,52880056320
1248.67,52858429440
1248.94,52838113280
1249.23,52813864960
1249.51,52791189504
1249.79,52766154752
1250.08,52742692864
1250.36,52718968832
1250.64,52693934080
1250.92,52672569344
1251.21,52650287104
1251.49,52625776640
1251.77,52601528320
1252.05,52576886784
1252.33,52556963840
1252.61,52537958400
1252.90,52515282944
1253.18,52493000704
1253.46,52469407744
1253.74,52446076928
1254.03,52422615040
1254.31,52400463872
1254.58,52377657344
1254.86,52355375104
1255.14,52332568576
1255.42,52309237760
1255.70,52286955520
1255.98,52263755776
1256.27,52239638528
1256.55,52216438784
1256.83,52197957632
1257.11,52175675392
1257.39,52151820288
1257.68,52128620544
1257.95,52104372224
1258.24,52080517120
1258.52,52056268800
1258.81,52032675840
1259.08,52010917888
1259.36,51986800640
1259.65,51962945536
1259.93,51939221504
1260.21,51917856768
1260.49,51898458112
1260.78,51874603008
1261.06,51851403264
1261.34,51827286016
1261.62,51802906624
1261.90,51779313664
1262.18,51759915008
1262.47,51735535616
1262.75,51711156224
1263.03,51686645760
1263.31,51662266368
1263.59,51638804480
1263.87,51615866880
1264.16,51592273920
1264.43,51568082944
1264.72,51545014272
1265.01,51521814528
1265.28,51496648704
1265.57,51472793600
1265.85,51449069568
1266.13,51425345536
1266.41,51402145792
1266.69,51378028544
1266.97,51358367744
1267.26,51337789440
1267.54,51319701504
1267.82,51294928896
1268.10,51279724544
1268.38,51257049088
1268.66,51232145408
1268.94,51208552448
1269.22,51184041984
1269.50,51159531520
1269.78,51133972480
1270.06,51109199872
1270.35,51085344768
1270.63,51061751808
1270.90,51043270656
1271.19,51019284480
1271.46,50996346880
1271.74,50973278208
1272.03,50949029888
1272.31,50923864064
1272.60,50900271104
1272.88,50876284928
1273.16,50851250176
1273.44,50827395072
1273.72,50803671040
1274.00,50779029504
1274.28,50755645440
1274.57,50731266048
1274.84,50707804160
1275.13,50682769408
1275.42,50662322176
1275.70,50640695296
1275.99,50616709120
1276.27,50593116160
1276.55,50569129984
1276.83,50548682752
1277.11,50525351936
1277.40,50502152192
1277.68,50479214592
1277.96,50456801280
1278.24,50432815104
1278.52,50413940736
1278.80,50392838144
1279.08,50369638400
1279.36,50345652224
1279.65,50322321408
1279.94,50303184896
1280.22,50280902656
1280.51,50257047552
1280.79,50233323520
1281.08,50209730560
1281.36,50185613312
1281.65,50162544640
1281.93,50139738112
1282.22,50122960896
1282.49,50099367936
1282.78,50075119616
1283.06,50052050944
1283.34,50028982272
1283.62,50005389312
1283.91,49984417792
1284.19,49966985216
1284.47,49943347200
1284.75,49922637824
1285.04,49904156672
1285.32,49882791936
1285.60,49859461120
1285.89,49840848896
1286.16,49820925952
1286.45,49797595136
1286.74,49775050752
1287.02,49751457792
1287.30,49730355200
1287.58,49707155456
1287.86,49685790720
1288.14,49663508480
1288.42,49639915520
1288.70,49616715776
1288.99,49593516032
1289.27,49571627008
1289.55,49548165120
1289.83,49529946112
1290.12,49508057088
1290.40,49483153408
1290.68,49459298304
1290.97,49435312128
1291.25,49411850240
1291.52,49387470848
1291.81,49363091456
1292.09,49338580992
1292.38,49314070528
1292.66,49290870784
1292.94,49269899264
1293.23,49248665600
1293.51,49225990144
1293.79,49203183616
1294.06,49185619968
1294.35,49162682368
1294.62,49146691584
1294.90,49127292928
1295.18,49105928192
1295.46,49083908096
1295.74,49062281216
1296.02,49043537920
1296.30,49020469248
1296.58,48996745216
1296.86,48973021184
1297.15,48949821440
1297.43,48942350336
1297.70,48942350336
1297.98,48936189952
1298.26,48917839872
1298.54,48894640128
1298.82,48871702528
1299.10,48848896000
1299.38,48830414848
1299.67,48807739392
1299.95,48787161088
1300.22,48767500288
1300.51,48744431616
1300.79,48721231872
1301.07,48698818560
1301.35,48674570240
1301.63,48650977280
1301.92,48628563968
1302.20,48605102080
1302.48,48582295552
1302.76,48561324032
1303.04,48537337856
1303.33,48513220608
1303.61,48489365504
1303.89,48465903616
1304.17,48441393152
1304.45,48416677888
1304.74,48392036352
1305.02,48368181248
1305.30,48344457216
1305.58,48320077824
1305.86,48296222720
1306.14,48273285120
1306.42,48259391488
1306.70,48238157824
1306.97,48214564864
1307.26,48192282624
1307.54,48169738240
1307.81,48146276352
1308.10,48122683392
1308.38,48103284736
1308.66,48083755008
1308.94,48061865984
1309.22,48038273024
1309.51,48017432576
1309.79,47995805696
1310.07,47973392384
1310.35,47950979072
1310.63,47928303616
1310.91,47905103872
1311.19,47882690560
1311.47,47866175488
1311.75,47847563264
1312.03,47823839232
1312.31,47800115200
1312.60,47775997952
1312.88,47751487488
1313.16,47726583808
1313.45,47703252992
1313.73,47679922176
1314.01,47655673856
1314.30,47632666624
1314.58,47609991168
1314.86,47586529280
1315.14,47563067392
1315.43,47539343360
1315.71,47514701824
1315.99,47490584576
1316.28,47467253760
1316.56,47444185088
1316.84,47420723200
1317.12,47397654528
1317.40,47373799424
1317.67,47349944320
1317.95,47327137792
1318.24,47303675904
1318.52,47284146176
1318.80,47261470720
1319.09,47236960256
1319.36,47212974080
1319.64,47188987904
1319.92,47164608512
1320.20,47147438080
1320.48,47126073344
1320.76,47103922176
1321.04,47088848896
1321.32,47070498816
1321.61,47050575872
1321.89,47028817920
1322.17,47006797824
1322.45,46987137024
1322.73,46965379072
1323.01,46945849344
1323.29,46924222464
1323.57,46900498432
1323.85,46877822976
1324.13,46854623232
1324.41,46832267264
1324.69,46810116096
1324.97,46787964928
1325.25,46766731264
1325.53,46746021888
1325.81,46724395008
1326.09,46701981696
1326.37,46680485888
1326.64,46658334720
1326.92,46636969984
1327.20,46615736320
1327.48,46594895872
1327.76,46580740096
1328.04,46560030720
1328.32,46536699904
1328.60,46520184832
1328.88,46498033664
1329.16,46473916416
1329.43,46449274880
1329.72,46426075136
1330.01,46402088960
1330.29,46379413504
1330.57,46365388800
1330.85,46348349440
1331.13,46329868288
1331.41,46305357824
1331.69,46280978432
1331.98,46257778688
1332.26,46234972160
1332.54,46210592768
1332.82,46187261952
1333.11,46165897216
1333.38,46143090688
1333.66,46120284160
1333.94,46097477632
1334.22,46075719680
1334.50,46052257792
1334.79,46029320192
1335.07,46005989376
1335.35,45987115008
1335.63,45964832768
1335.91,45942157312
1336.20,45920399360
1336.48,45897854976
1336.76,45876621312
1337.04,45854208000
1337.32,45831270400
1337.60,45807808512
1337.88,45784870912
1338.17,45761802240
1338.45,45740437504
1338.73,45718286336
1339.01,45696004096
1339.29,45673721856
1339.58,45652226048
1339.86,45632172032
1340.13,45615132672
1340.41,45593243648
1340.69,45571747840
1340.97,45548417024
1341.25,45527445504
1341.53,45505032192
1341.81,45482094592
1342.09,45459156992
1342.37,45435432960
1342.66,45413019648
1342.94,45391392768
1343.22,45372649472
1343.51,45352333312
1343.79,45330051072
1344.07,45306982400
1344.36,45287768064
1344.64,45268762624
1344.93,45247397888
1345.21,45225115648
1345.48,45202964480
1345.77,45180682240
1346.05,45158268928
1346.33,45136248832
1346.60,45113835520
1346.88,45095747584
1347.17,45074382848
1347.44,45052887040
1347.72,45029425152
1348.01,45007273984
1348.29,44984860672
1348.57,44962709504
1348.85,44939902976
1349.13,44917096448
1349.41,44894945280
1349.69,44870959104
1349.98,44848545792
1350.26,44824690688
1350.55,44801753088
1350.83,44779601920
1351.11,44755877888
1351.40,44735823872
1351.68,44713279488
1351.96,44691128320
1352.25,44667797504
1352.53,44645253120
1352.81,44622184448
1353.09,44599771136
1353.37,44586008576
1353.66,44586008576
1353.93,27743023104
1354.21,27743023104
1354.50,27742818304
1354.78,27742818304
1355.06,27742818304
1355.34,27742818304
1355.62,27742818304
1355.90,27742818304
1356.18,27742818304
1356.47,27742818304
1356.75,27742949376
1357.03,27742949376
1357.32,27742949376
1357.60,27742949376
1357.88,27742949376
1358.17,27742949376
1358.45,27742949376
1358.73,27742949376
1359.01,27742949376
1359.30,27742949376
1359.58,27742949376
1359.86,27742949376
1360.15,27742949376
1360.42,27742949376
1360.70,27742949376
1360.99,27742949376
1361.27,27742949376
1361.55,27742949376
1361.84,27742949376
1362.12,27742949376
1362.40,27742949376
1362.68,27742949376
1362.96,27742949376
1363.24,27742949376
1363.52,27742949376
1363.80,27742949376
1364.09,27742949376
1364.37,27742744576
1364.64,27742875648
1364.92,27742875648
1365.20,27742875648
1365.49,27742875648
1365.77,27742875648
1366.05,27742875648
1366.33,27742875648
1366.61,27742875648
1366.89,27742875648
1367.18,27742875648
1367.46,27742875648
1367.75,27742875648
1368.04,27742875648
1368.32,27742875648
1368.60,27742875648
1368.88,27742875648
1369.17,27742875648
1369.45,27742875648
1369.73,27742875648
1370.02,27742875648
1370.30,27742875648
1370.58,27742875648
1370.86,27743006720
1371.14,27743006720
1371.43,27743006720
1371.71,27743006720
1372.00,27743006720
1372.28,27743006720
1372.57,27743006720
1372.85,27743006720
1373.13,27743006720
1373.41,27743006720
1373.70,27743006720
1373.98,27743006720
1374.26,27742806016
1374.54,27742806016
1374.82,27742806016
1375.11,27742806016
1375.39,27742937088
1375.67,27742937088
1375.95,27742937088
1376.24,27742937088
1376.52,27742937088
1376.81,27742937088
1377.09,27742937088
1377.37,27742937088
1377.65,27742937088
1377.94,27742937088
1378.22,27742937088
1378.50,27742937088
1378.78,27742937088
1379.06,27742937088
1379.34,27742937088
1379.62,27742937088
1379.91,27742937088
1380.19,27742937088
1380.47,27742937088
1380.74,27742937088
1381.03,27742937088
1381.31,27742937088
1381.59,27742937088
1381.88,27742937088
1382.16,27742937088
1382.44,27742937088
1382.72,27742937088
1383.00,27742937088
1383.28,27742937088
1383.56,27742937088
1383.85,27742937088
1384.13,27742937088
1384.41,27742728192
1384.69,27742859264
1384.97,27742859264
1385.25,27742859264
1385.53,27742859264
1385.82,27742859264
1386.10,27742859264
1386.38,27742859264
1386.66,27742859264
1386.95,27742859264
1387.23,27742859264
1387.51,27742859264
1387.80,27742859264
1388.08,27742859264
1388.36,27742859264
1388.64,27742990336
1388.92,27742990336
1389.20,27742990336
1389.48,27742990336
1389.76,27742990336
1390.04,27742990336
1390.32,27742990336
1390.60,27742990336
1390.89,27742990336
1391.17,27742990336
1391.45,27742990336
1391.73,27742990336
1392.01,27742990336
1392.30,27742990336
1392.58,27742990336
1392.86,27742990336
1393.14,27742990336
1393.42,27742990336
1393.71,27742990336
1393.99,27742990336
1394.27,27742789632
1394.56,27742789632
1394.84,27742789632
1395.12,27742789632
1395.40,27742920704
1395.69,27742920704
1395.97,27742920704
1396.25,27742920704
1396.53,27742920704
1396.82,27742920704
1397.10,27742920704
1397.39,27742920704
1397.66,27742920704
1397.95,27742920704
1398.23,27742920704
1398.51,27742920704
1398.79,27742920704
1399.07,27742920704
1399.35,27742920704
1399.63,27742920704
1399.92,27742920704
1400.19,27742920704
1400.47,27742920704
1400.75,27742920704
1401.03,27742920704
1401.31,27742920704
1401.59,27742920704
1401.87,27742920704
1402.15,27742920704
1402.43,27742920704
1402.71,27742920704
1402.99,27742920704
1403.28,27742920704
1403.56,27742920704
1403.84,27742920704
1404.12,27742920704
1404.40,27742724096
1404.68,27742724096
1404.97,27742724096
1405.24,27742724096
1405.53,27742724096
1405.81,27742724096
1406.09,27742724096
1406.37,27742724096
1406.65,27742724096
1406.93,27742986240
1407.22,27742986240
1407.50,27742986240
1407.78,27742986240
1408.06,27742986240
1408.34,27742986240
1408.62,27742986240
1408.89,27742986240
1409.17,27742986240
1409.46,27742986240
1409.74,27742986240
1410.02,27742986240
1410.31,27742986240
1410.59,27742986240
1410.88,27742986240
1411.16,27742986240
1411.44,27742986240
1411.72,27742986240
1412.00,27742986240
1412.29,27742986240
1412.57,27742986240
1412.85,27742986240
1413.13,27742986240
1413.42,27742986240
1413.71,27742986240
1413.99,27742986240
1414.28,27742789632
1414.56,27742789632
1414.84,27742789632
1415.12,27742789632
1415.39,27742789632
1415.68,27742789632
1415.96,27742789632
1416.24,27742789632
1416.53,27742789632
1416.81,27742789632
1417.09,27742789632
1417.37,27742789632
1417.65,27743051776
1417.94,27743051776
1418.22,27743051776
1418.50,27743051776
1418.78,27743051776
1419.07,27743051776
1419.35,27743051776
1419.63,27743051776
1419.92,27743051776
1420.20,27743051776
1420.49,27743051776
1420.77,27743051776
1421.06,27743051776
1421.34,27743051776
1421.62,27743051776
1421.91,27743051776
1422.19,27743051776
1422.47,27743051776
1422.76,27743051776
1423.04,27743051776
1423.32,27743051776
1423.61,27743051776
1423.89,27743051776
1424.18,27743051776
1424.46,27742867456
1424.74,27742867456
1425.02,27742867456
1425.31,27742998528
1425.59,27742998528
1425.88,27742998528
1426.16,27742998528
1426.45,27742998528
1426.73,27742998528
1427.02,27742998528
1427.29,27742998528
1427.58,27742998528
1427.86,27742998528
1428.14,27742998528
1428.42,27742998528
1428.70,27742998528
1428.99,27742998528
1429.27,27742998528
1429.56,27742998528
1429.85,27742998528
1430.13,27742998528
1430.41,27742998528
1430.70,27742998528
1430.98,27742998528
1431.26,27742998528
1431.54,27742998528
1431.82,27742998528
1432.10,27742998528
1432.38,27742998528
1432.66,27742998528
1432.94,27742998528
1433.22,27742998528
1433.51,27742998528
1433.79,27742998528
1434.07,27742998528
1434.36,27742793728
1434.64,27742793728
1434.93,27742793728
1435.21,27742793728
1435.49,27742793728
1435.78,27742924800
1436.06,27742924800
1436.34,27742924800
1436.62,27742924800
1436.91,27742924800
1437.19,27742924800
1437.47,27742924800
1437.75,27742924800
1438.03,27742924800
1438.32,27742924800
1438.61,27742924800
1438.89,27742924800
1439.17,27742924800
1439.45,27742924800
1439.73,27742924800
1440.02,27742924800
1440.30,27742924800
1440.58,27742924800
1440.85,27742924800
1441.14,27742924800
1441.42,27742924800
1441.70,27742924800
1441.98,27742924800
1442.27,27742924800
1442.55,27742924800
1442.83,27742924800
1443.11,27742924800
1443.38,27742924800
1443.66,27742924800
1443.95,27742924800
1444.23,27742720000
1444.51,27742720000
1444.79,27742720000
1445.07,27742720000
1445.35,27742720000
1445.64,27742720000
1445.92,27742720000
1446.20,27742720000
1446.48,27742982144
1446.77,27742982144
1447.05,27742982144
1447.34,27742982144
1447.62,27742982144
1447.90,27742982144
1448.18,27742982144
1448.46,27742982144
1448.75,27742982144
1449.03,27742982144
1449.31,27742982144
1449.60,27742982144
1449.88,27742982144
1450.16,27742982144
1450.43,27742982144
1450.71,27742982144
1451.00,27742982144
1451.27,27742982144
1451.56,27742982144
1451.84,27742982144
1452.12,27742982144
1452.40,27742982144
1452.68,27742982144
1452.97,27742982144
1453.25,27742982144
1453.53,27742982144
1453.81,27742982144
1454.09,27742982144
1454.37,27742908416
1454.66,27742908416
1454.94,27742908416
1455.22,27742908416
1455.51,27742908416
1455.79,27743039488
1456.07,27743039488
1456.35,27743039488
1456.64,27743039488
1456.92,27743039488
1457.20,27743039488
1457.48,27743039488
1457.77,27743039488
1458.05,27743039488
1458.34,27743039488
1458.62,27743039488
1458.90,27743039488
1459.19,27743039488
1459.47,27743039488
1459.75,27743039488
1460.04,27743039488
1460.32,27743039488
1460.60,27743039488
1460.88,27743039488
1461.16,27743039488
1461.44,27743039488
1461.73,27743039488
1462.01,27743039488
1462.29,27743039488
1462.58,27743039488
1462.86,27743039488
1463.15,27743039488
1463.44,27743039488
1463.72,27743039488
1464.01,27743039488
1464.29,27742834688
1464.57,27742965760
1464.86,27742965760
1465.14,27742965760
1465.42,27742965760
1465.70,27742965760
1465.98,27742965760
1466.26,27742965760
1466.55,27742965760
1466.82,27742965760
1467.11,27742965760
1467.39,27742965760
1467.67,27742965760
1467.95,27742965760
1468.23,27742965760
1468.51,27742965760
1468.80,27742965760
1469.08,27742965760
1469.37,27742965760
1469.65,27742965760
1469.93,27742965760
1470.21,27742965760
1470.49,27742965760
1470.78,27742965760
1471.06,27742965760
1471.34,27742965760
1471.62,27742965760
1471.91,27742965760
1472.19,27742965760
1472.47,27742965760
1472.75,27742965760
1473.03,27742965760
1473.31,27742965760
1473.59,27742965760
1473.88,27742965760
1474.15,27742965760
1474.44,27742781440
1474.72,27742781440
1475.01,27743043584
1475.29,27743043584
1475.57,27743043584
1475.85,27743043584
1476.14,27743043584
1476.43,27743043584
1476.71,27743043584
1476.99,27743043584
1477.27,27743043584
1477.56,27743043584
1477.84,27743043584
1478.13,27743043584
1478.42,27743043584
1478.70,27743043584
1478.98,27743043584
1479.26,27743043584
1479.54,27743043584
1479.82,27743043584
1480.09,27743043584
1480.38,27743043584
1480.66,27743043584
1480.94,27743043584
1481.22,27743043584
1481.51,27743043584
1481.79,27743043584
1482.07,27743043584
1482.35,27743043584
1482.64,27743043584
1482.92,27743043584
1483.20,27743043584
1483.48,27743043584
1483.77,27743043584
1484.05,27743043584
1484.34,27742859264
1484.61,27742859264
1484.89,27742859264
1485.17,27742990336
1485.45,27742990336
1485.73,27742990336
1486.01,27742990336
1486.30,27742990336
1486.58,27742990336
1486.86,27742990336
1487.15,27742990336
1487.43,27742990336
1487.71,27742990336
1487.99,27742990336
1488.27,27742990336
1488.56,27742990336
1488.84,27742990336
1489.13,27742990336
1489.41,27742990336
1489.69,27742990336
1489.98,27742990336
1490.26,27742990336
1490.54,27742990336
1490.82,27742990336
1491.11,27742990336
1491.39,27742990336
1491.67,27742990336
1491.95,27742990336
1492.23,27742990336
1492.52,27742990336
1492.80,27742990336
1493.08,27742990336
1493.36,27742990336
1493.64,27742990336
1493.92,27742990336
1494.20,27742990336
1494.48,27742785536
1494.76,27742785536
1495.05,27742785536
1495.33,27742785536
1495.62,27742785536
1495.90,27742785536
1496.18,27742785536
1496.47,27742785536
1496.75,27742785536
1497.03,27742785536
1497.32,27742785536
1497.60,27742916608
1497.88,27742916608
1498.16,27742916608
1498.45,27742916608
1498.73,27742916608
1499.01,27742916608
1499.30,27742916608
1499.58,27742916608
1499.85,27742916608
1500.13,27742916608
1500.42,27742916608
1500.71,27742916608
1500.99,27742916608
1501.27,27742916608
1501.55,27742916608
1501.83,27742916608
1502.11,27742916608
1502.39,27742916608
1502.68,27742916608
1502.95,27742916608
1503.23,27742916608
1503.51,27742916608
1503.79,27742916608
1504.07,27742916608
1504.35,27742724096
1504.62,27742724096
1504.91,27742724096
1505.19,27742724096
1505.48,27742724096
1505.76,27742724096
1506.04,27742724096
1506.33,27742724096
1506.61,27742724096
1506.90,27742724096
1507.18,27742724096
1507.47,27742855168
1507.75,27742855168
1508.03,27742855168
1508.32,27742855168
1508.60,27742855168
1508.88,27742986240
1509.16,27742986240
1509.43,27742986240
1509.71,27742986240
1509.99,27742986240
1510.28,27742986240
1510.56,27742986240
1510.85,27742986240
1511.13,27742986240
1511.41,27742986240
1511.69,27742986240
1511.97,27742986240
1512.25,27742986240
1512.53,27742986240
1512.81,27742986240
1513.09,27742986240
1513.38,27742986240
1513.66,27742986240
1513.94,27742986240
1514.22,27742986240
1514.50,27742986240
1514.78,27742986240
1515.07,27742986240
1515.35,27742986240
1515.63,27742986240
1515.91,27742986240
1516.20,27742986240
1516.48,27742986240
1516.76,27742986240
1517.04,27742986240
1517.32,27742986240
1517.61,27742986240
1517.89,27742986240
1518.17,27742986240
1518.45,27742986240
1518.73,27742986240
1519.01,27742986240
1519.29,27742986240
1519.57,27742986240
1519.86,27742986240
1520.14,27742986240
1520.42,27742986240
1520.69,27742986240
1520.97,27742986240
1521.25,27742986240
1521.54,27742986240
1521.81,27742986240
1522.10,27742986240
1522.37,27742986240
1522.65,27742986240
1522.93,27742986240
1523.22,27742986240
1523.50,27742986240
1523.78,27742986240
1524.05,27742986240
1524.34,27743051776
1524.62,27743051776
1524.90,27743051776
1525.17,27743051776
1525.46,27743051776
1525.74,27743051776
1526.03,27743051776
1526.31,27743051776
1526.59,27743051776
1526.88,27743051776
1527.16,27743051776
1527.45,27743051776
1527.72,27743051776
1528.01,27743051776
1528.29,27743051776
1528.56,27743051776
1528.84,27743051776
1529.12,27743051776
1529.40,27743051776
1529.68,27743051776
1529.95,27743051776
1530.24,27743051776
1530.52,27743051776
1530.79,27743051776
1531.07,27743051776
1531.36,27743051776
1531.64,27743051776
1531.93,27743051776
1532.22,27743051776
1532.50,27743051776
1532.78,27743051776
1533.06,27743051776
1533.35,27743051776
1533.64,27743051776
1533.92,27743051776
1534.20,27743051776
1534.49,27742855168
1534.77,27742855168
1535.05,27742855168
1535.33,27742986240
1535.61,27742986240
1535.89,27742986240
1536.16,27742986240
1536.45,27742986240
1536.73,27742986240
1537.02,27742986240
1537.30,27742986240
1537.58,27742986240
1537.86,27742986240
1538.14,27742986240
1538.42,27742986240
1538.69,27742986240
1538.98,27742986240
1539.26,27742986240
1539.54,27742986240
1539.82,27742986240
1540.11,27742986240
1540.39,27742986240
1540.67,27742986240
1540.95,27742986240
1541.23,27742986240
1541.52,27742986240
1541.79,27742986240
1542.07,27742986240
1542.35,27742986240
1542.63,27742986240
1542.91,27742986240
1543.19,27742986240
1543.48,27742986240
1543.75,27742986240
1544.03,27742986240
1544.32,27742986240
1544.60,27742986240
1544.88,27742986240
1545.17,27742986240
1545.45,27742986240
1545.74,27742986240
1546.02,27742986240
1546.31,27742986240
1546.59,27742986240
1546.88,27742986240
1547.16,27742986240
1547.44,27742986240
1547.72,27742986240
1548.01,27742986240
1548.29,27742986240
1548.57,27742986240
1548.86,27742986240
1549.14,27742986240
1549.42,27742986240
1549.70,27742986240
1549.99,27742986240
1550.27,27742986240
1550.55,27742986240
1550.82,27742986240
1551.11,27742986240
1551.39,27742986240
1551.67,27742986240
1551.95,27742986240
1552.23,27742986240
1552.51,27742986240
1552.79,27742986240
