time,used_memory_rss(bytes)
0.00,34020904960
0.29,33993052160
0.59,33970933760
0.88,33952501760
1.18,33933660160
1.47,33914818560
1.76,33895976960
2.05,33877135360
2.33,33859522560
2.62,33840680960
2.92,33821839360
3.21,33802588160
3.51,33782927360
3.80,33771458560
4.10,33752207360
4.39,33733365760
4.68,33714933760
4.98,33696501760
5.27,33678888960
5.56,33659228160
5.86,33641205760
6.15,33623592960
6.44,33608847360
6.73,33591644160
7.02,33583042560
7.31,33566658560
7.60,33548226560
7.89,33530204160
8.19,33513410560
8.48,33496616960
8.77,33478184960
9.06,33459752960
9.36,33441730560
9.64,33424117760
9.94,33406095360
10.23,33388892160
10.52,33370869760
10.82,33353256960
11.12,33343016960
11.40,33327861760
11.70,33309429760
11.99,33289359360
12.29,33270927360
12.58,33252495360
12.87,33243484160
13.15,33230376960
13.44,33212764160
13.74,33198837760
14.03,33182863360
14.32,33170984960
14.61,33155010560
14.90,33136168960
15.20,33118146560
15.49,33099304960
15.78,33083740160
16.07,33066946560
16.36,33049743360
16.65,33032130560
16.94,33013698560
17.24,32994856960
17.52,32993218560
17.82,32978063360
18.12,32959631360
18.41,32940789760
18.70,32922357760
19.00,32903516160
19.30,32884264960
19.59,32865832960
19.89,32850268160
20.18,32832245760
20.47,32816680960
20.76,32799068160
21.06,32780226560
21.35,32762613760
21.64,32745410560
21.93,32724930560
22.23,32707317760
22.52,32688476160
22.80,32670044160
23.09,32652431360
23.39,32636456960
23.68,32627855360
23.97,32610242560
24.27,32592220160
24.55,32574197760
24.84,32555356160
25.14,32536104960
25.43,32517263360
25.72,32498012160
26.01,32479580160
26.30,32461148160
26.59,32441896960
26.89,32422645760
27.18,32403394560
27.48,32384962560
27.77,32366530560
28.06,32356700160
28.36,32338268160
28.65,32325980160
28.94,32307957760
29.23,32289525760
29.52,32271912960
29.81,32257576960
30.10,32239554560
30.39,32219484160
30.69,32200642560
30.99,32182210560
31.28,32162549760
31.58,32144527360
31.87,32126095360
32.16,32106024960
32.45,32090869760
32.74,32072437760
33.03,32054005760
33.32,32036392960
33.61,32023285760
33.90,32006492160
34.19,31991746560
34.48,31973314560
34.77,31954882560
35.07,31936450560
35.36,31918018560
35.65,31898767360
35.94,31880335360
36.23,31861084160
36.53,31846748160
36.82,31831592960
37.11,31814799360
37.40,31795548160
37.68,31777116160
37.98,31757864960
38.27,31739023360
38.57,31719362560
38.85,31700111360
39.15,31681269760
39.44,31662428160
39.74,31643996160
40.02,31625564160
40.31,31607132160
40.60,31593205760
40.90,31576412160
41.18,31557980160
41.47,31539548160
41.77,31534632960
42.05,31523573760
42.34,31507189760
42.63,31494901760
42.92,31478108160
43.21,31459676160
43.49,31442882560
43.78,31426498560
44.06,31409704960
44.36,31391682560
44.65,31373660160
44.93,31355228160
45.22,31337615360
45.51,31320412160
45.80,31301570560
46.09,31282319360
46.38,31263068160
46.67,31243407360
46.97,31224565760
47.26,31204495360
47.55,31186472960
47.84,31167221760
48.13,31148789760
48.42,31129948160
48.71,31110696960
49.01,31093903360
49.30,31080796160
49.60,31061135360
49.89,31047208960
50.18,31029186560
50.46,31011164160
50.76,30993141760
51.04,30976348160
51.34,30959144960
51.63,30940303360
51.92,30921461760
52.21,30900162560
52.51,30881730560
52.80,30862888960
53.09,30843637760
53.39,30824796160
53.68,30806773760
53.96,30789160960
54.25,30770728960
54.54,30752296960
54.84,30734684160
55.13,30719938560
55.42,30700687360
55.71,30682664960
56.00,30667919360
56.29,30649487360
56.58,30631055360
56.87,30612623360
57.16,30593372160
57.45,30574530560
57.74,30555279360
58.03,30536437760
58.32,30516776960
58.61,30499164160
58.90,30479503360
59.19,30460661760
59.47,30441410560
59.77,30423388160
60.06,30411509760
60.35,30402498560
60.64,30385295360
60.93,30366863360
61.22,30348021760
61.51,30328770560
61.80,30309519360
62.10,30288220160
62.39,30271836160
62.68,30262415360
62.97,30243164160
63.27,30224322560
63.56,30205480960
63.85,30186639360
64.14,30167797760
64.44,30150184960
64.73,30130933760
65.02,30117007360
65.31,30097756160
65.60,30079324160
65.90,30060482560
66.18,30040821760
66.48,30021570560
66.77,30003138560
67.06,29984296960
67.35,29965864960
67.65,29946613760
67.94,29927772160
68.23,29926543360
68.52,29910159360
68.82,29895823360
69.11,29886402560
69.40,29870837760
69.70,29851586560
69.99,29832744960
70.28,29814722560
70.57,29795880960
70.86,29781544960
71.15,29762293760
71.45,29754511360
71.74,19169222656
72.04,19173728256
72.33,19181510656
72.62,19188883456
72.91,19196256256
73.20,19203219456
73.50,19211001856
73.79,19217965056
74.08,19224928256
74.37,19232710656
74.66,19239673856
74.95,19246637056
75.24,19254009856
75.53,19260973056
75.82,19267936256
76.11,19274899456
76.40,19281862656
76.69,19288416256
76.99,19295379456
77.29,19302752256
77.58,19309715456
77.87,19316678656
78.16,19323641856
78.46,19331014656
78.75,19337977856
79.04,19345350656
79.33,19352723456
79.62,19360096256
79.91,19366649856
80.20,19373613056
80.50,19380985856
80.79,19387949056
81.09,19394502656
81.38,19401875456
81.68,19408838656
81.97,19415801856
82.25,19420717056
82.55,19427680256
82.84,19434643456
83.12,19441606656
83.41,19448160256
83.71,19455123456
84.00,19462086656
84.29,19469459456
84.58,19476422656
84.88,19483795456
85.17,19491168256
85.46,19498541056
85.75,19505504256
86.04,19513286656
86.33,19519840256
86.62,19526803456
86.91,19533766656
87.20,19541139456
87.49,19547693056
87.78,19554656256
88.07,19562029056
88.36,19569811456
88.65,19576774656
88.94,19583737856
89.23,19591110656
89.53,19598483456
89.83,19605446656
90.12,19612409856
90.41,19619782656
90.70,19627565056
91.00,19634937856
91.29,19642310656
91.59,19649273856
91.88,19655827456
92.17,19659104256
92.46,19665657856
92.74,19672211456
93.03,19679174656
93.33,19686547456
93.61,19693920256
93.91,19700883456
94.20,19708256256
94.49,19714809856
94.78,19721773056
95.06,19728736256
95.35,19735289856
95.64,19742253056
95.93,19749625856
96.23,19756589056
96.52,19763961856
96.82,19771334656
97.11,19778707456
97.40,19785670656
97.69,19792633856
97.98,19799597056
98.27,19806150656
98.56,19812704256
98.85,19819667456
99.14,19826221056
99.44,19832365056
99.72,19838918656
100.01,19845881856
100.30,19852025856
100.59,19857760256
100.88,19864313856
101.17,19870867456
101.46,19877830656
101.75,19883974656
102.04,19886841856
102.34,19893805056
102.63,19899949056
102.92,19906912256
103.22,19913465856
103.52,19920019456
103.81,19926573056
104.10,19932717056
104.39,19938451456
104.68,19944595456
104.97,19951149056
105.27,19956883456
105.56,19963437056
105.86,19969990656
106.15,19976134656
106.44,19982278656
106.73,19988422656
107.02,19994976256
107.31,20001529856
107.60,20008083456
107.90,20015046656
108.20,20022009856
108.49,20028973056
108.78,20035936256
109.08,20042489856
109.36,20049453056
109.66,20056416256
109.95,20062969856
110.24,20069523456
110.53,20076486656
110.82,20083040256
111.11,20089184256
111.40,20095737856
111.70,20102291456
111.99,20107206656
112.28,20113350656
112.57,20120313856
112.86,20126867456
113.15,20133011456
113.44,20139565056
113.73,20145709056
114.02,20152262656
114.31,20159225856
114.59,20165369856
114.88,20171923456
115.17,20178477056
115.46,20185030656
115.75,20191584256
116.04,20198137856
116.32,20203872256
116.61,20210016256
116.90,20216569856
117.19,20222713856
117.48,20228857856
117.78,20235001856
118.06,20241145856
118.36,20247289856
118.65,20253433856
118.94,20259577856
119.23,20265721856
119.52,20272275456
119.81,20278419456
120.10,20284563456
120.39,20290707456
120.67,20296441856
120.97,20302995456
121.25,20309139456
121.55,20314873856
121.84,20321017856
122.12,20324294656
122.41,20330438656
122.70,20336582656
123.00,20342726656
123.28,20349280256
123.58,20355014656
123.87,20361158656
124.16,20367302656
124.45,20373037056
124.74,20378771456
125.03,20384505856
125.32,20390649856
125.61,20396384256
125.89,20402528256
126.18,20408672256
126.47,20414816256
126.77,20421369856
127.06,20427923456
127.35,20434477056
127.64,20440621056
127.92,20446765056
128.21,20453728256
128.50,20460281856
128.79,20466425856
129.08,20472569856
129.37,20478304256
129.66,20484038656
129.95,20490592256
130.24,20497145856
130.53,20503289856
130.81,20509843456
131.11,20516806656
131.40,20522541056
131.69,20528275456
131.99,20534009856
132.28,20538105856
132.57,20543840256
132.87,20550393856
133.16,20556128256
133.46,20561862656
133.75,20567187456
134.04,20572921856
134.33,20578656256
134.62,20584390656
134.91,20589715456
135.21,20595040256
135.50,20601184256
135.79,20606918656
136.08,20612653056
136.37,20618387456
136.67,20624121856
136.96,20629446656
137.25,20635181056
137.54,20640915456
137.82,20646240256
138.12,20651565056
138.40,20657299456
138.69,20662624256
138.98,20667949056
139.27,20673683456
139.56,20679008256
139.85,20684742656
140.15,20690067456
140.44,20695801856
140.73,20701536256
141.02,20707680256
141.31,20713824256
141.60,20719149056
141.89,20725702656
142.19,20728160256
142.48,20734304256
142.77,20740038656
143.06,20745773056
143.36,20751097856
143.65,20756832256
143.93,20762566656
144.22,20767891456
144.51,20773625856
144.80,20780179456
145.09,20785504256
145.38,20791648256
145.67,20797382656
145.96,20802707456
146.25,20808441856
146.54,20814585856
146.83,20819910656
147.12,20825645056
147.42,20831379456
147.71,20836704256
148.00,20842029056
148.29,20847763456
148.58,20853088256
148.88,20858413056
149.17,20864147456
149.45,20869472256
149.74,20874797056
150.03,20880531456
150.32,20885856256
150.62,20891590656
150.91,20897734656
151.20,20903469056
151.49,20908793856
151.78,20914937856
152.07,20917805056
152.37,20923129856
152.65,20929273856
152.95,20935417856
153.24,20941152256
153.53,20946886656
153.82,20952621056
154.11,20958765056
154.40,20964499456
154.69,20970233856
154.98,20975968256
155.28,20981293056
155.57,20986617856
155.85,20992352256
156.14,20997677056
156.43,21003001856
156.72,21008736256
157.01,21014061056
157.30,21018976256
157.59,21024710656
157.88,21030445056
158.17,21035769856
158.47,21041504256
158.76,21046829056
159.06,21051744256
159.34,21057069056
159.63,21062803456
159.92,21068128256
160.21,21073862656
160.51,21079187456
160.80,21084921856
161.10,21090246656
161.38,21095981056
161.68,21101715456
161.97,21106630656
162.26,21109907456
162.56,21115232256
162.85,21120966656
163.14,21125881856
163.43,21131616256
163.73,21136941056
164.02,21142675456
164.31,21148409856
164.60,21153734656
164.89,21159059456
165.19,21165203456
165.48,21170937856
165.76,21176262656
166.06,21181587456
166.35,21187321856
166.64,21192646656
166.92,21197561856
167.21,21202477056
167.50,21208211456
167.79,21213126656
168.07,21218861056
168.37,21224185856
168.66,21229101056
168.95,21234835456
169.24,21240160256
169.53,21245485056
169.83,21251219456
170.12,21257363456
170.41,21263097856
170.70,21268422656
170.99,21274157056
171.28,21279481856
171.57,21285216256
171.86,21290950656
172.15,21293408256
172.44,21299142656
172.72,21304877056
173.01,21310201856
173.31,21315526656
173.61,21321261056
173.89,21327405056
174.19,21332729856
174.48,21338464256
174.77,21343789056
175.06,21349113856
175.35,21354848256
175.65,21360173056
175.94,21365907456
176.23,21371232256
176.52,21376966656
176.81,21382291456
177.11,21388025856
177.40,21393760256
177.69,21399085056
177.98,21404819456
178.27,21409325056
178.56,21414649856
178.85,21419565056
179.13,21424480256
179.42,21429395456
179.72,21434310656
180.01,21438816256
180.30,21443321856
180.59,21448237056
180.88,21452742656
181.17,21457657856
181.46,21462573056
181.75,21467078656
182.04,21471584256
182.33,21474451456
182.62,21478957056
182.91,21483872256
183.20,21488377856
183.49,21493293056
183.78,21498208256
184.06,21503123456
184.35,21507219456
184.65,21512134656
184.94,21516640256
185.23,21521555456
185.52,21526470656
185.81,21531385856
186.10,21536301056
186.39,21541625856
186.68,21546541056
186.98,21551865856
187.27,21556781056
187.56,21561696256
187.85,21567021056
188.15,21571936256
188.44,21576851456
188.74,21582176256
189.03,21587091456
189.32,21592006656
189.61,21596921856
189.90,21601837056
190.18,21607161856
190.48,21612077056
190.77,21616992256
191.06,21621907456
191.35,21627232256
191.64,21632557056
191.93,21637881856
192.22,21640749056
192.51,21646073856
192.80,21651808256
193.09,21657542656
193.38,21662867456
193.67,21669011456
193.96,21674745856
194.25,21679661056
194.54,21684985856
194.84,21690310656
195.13,21694816256
195.41,21700141056
195.70,21705056256
195.99,21709971456
196.28,21714886656
196.57,21720211456
196.86,21725126656
197.16,21730041856
197.44,21735366656
197.73,21740691456
198.03,21745606656
198.32,21750931456
198.61,21756256256
198.90,21761171456
199.19,21765677056
199.48,21770182656
199.76,21775507456
200.06,21780832256
200.35,21785337856
200.64,21790662656
200.94,21795577856
201.23,21800902656
201.53,21805817856
201.82,21811142656
202.11,21813600256
202.40,21818925056
202.70,21824249856
202.99,21829165056
203.28,21834489856
203.58,21839405056
203.87,21844320256
204.16,21849645056
204.45,21854969856
204.74,21859885056
205.03,21864800256
205.32,21870125056
205.61,21875449856
205.90,21880365056
206.19,21885280256
206.48,21890195456
206.77,21895110656
207.06,21900435456
207.35,21905350656
207.64,21910265856
207.93,21915181056
208.22,21920096256
208.51,21924601856
208.80,21929926656
209.09,21934841856
209.38,21940166656
209.68,21945491456
209.97,21950406656
210.26,21955321856
210.55,21960237056
210.84,21964742656
211.13,21969657856
211.42,21974573056
211.71,21979488256
211.99,21989318656
212.28,22008160256
212.57,22024953856
212.87,22038880256
213.16,22049939456
213.45,22059360256
213.74,22067142656
214.03,22074515456
214.32,22081069056
214.61,22086803456
214.91,22092537856
215.20,22097862656
215.49,22103187456
215.78,22108921856
216.08,22114246656
216.37,22119161856
216.66,22124077056
216.94,22129401856
217.23,22134726656
217.52,22139641856
217.82,22144147456
218.11,22149062656
218.39,22153977856
218.68,22159302656
218.97,22164217856
219.27,22169133056
219.56,22174457856
219.85,22179373056
220.15,22184288256
220.44,22189203456
220.73,22194528256
221.02,22199443456
221.31,22204358656
221.60,22209683456
221.90,22215008256
222.19,22217875456
222.48,22222790656
222.77,22228115456
223.06,22233440256
223.35,22238355456
223.64,22243680256
223.94,22248185856
224.23,22252691456
224.52,22257197056
224.82,22261702656
225.10,22266208256
225.40,22271533056
225.69,22276857856
225.98,22281773056
226.27,22287097856
226.57,22292013056
226.85,22296518656
227.15,22301433856
227.44,22306349056
227.73,22310854656
228.01,22315769856
228.30,22320685056
228.59,22325190656
228.89,22329696256
229.18,22334611456
229.47,22338707456
229.76,22343622656
230.05,22348128256
230.35,22353043456
230.63,22357549056
230.92,22362054656
231.22,22366560256
231.51,22370656256
231.80,22374752256
232.09,22376390656
232.38,22380486656
232.68,22384992256
232.97,22389088256
233.26,22393593856
233.55,22397689856
233.84,22401785856
234.13,22405881856
234.43,22410387456
234.72,22414483456
235.01,22419398656
235.32,22423494656
235.62,22428000256
235.91,22432096256
236.20,22436601856
236.49,22441107456
236.78,22445613056
237.07,22449709056
237.37,22454214656
237.66,22458720256
237.95,22462816256
238.24,22467321856
238.53,22471827456
238.83,22475923456
239.13,22480429056
239.43,22484934656
239.72,22489030656
240.01,22493536256
240.30,22498041856
240.59,22502137856
240.88,22506643456
241.17,22511149056
241.46,22515245056
241.75,22520160256
242.04,22524256256
242.34,22527123456
242.63,22532038656
242.92,22536544256
243.21,22541049856
243.50,22545145856
243.79,22550470656
244.08,22555385856
244.37,22559891456
244.66,22564806656
244.95,22569312256
245.24,22574227456
245.54,22578323456
245.83,22583238656
246.12,22587744256
246.41,22591840256
246.71,22596755456
246.99,22601261056
247.28,22606176256
247.57,22610681856
247.86,22615187456
248.15,22619693056
248.44,22624198656
248.73,22627885056
249.02,22632390656
249.31,22636896256
249.60,22640992256
249.89,22644678656
250.18,22648774656
250.47,22652870656
250.76,22656557056
251.06,22661062656
251.34,22665158656
251.63,22669664256
251.93,22673760256
252.21,22675808256
252.50,22680313856
252.80,22684819456
253.10,22688915456
253.39,22693421056
253.69,22697926656
253.98,22702022656
254.27,22706528256
254.56,22710624256
254.86,22714720256
255.14,22719225856
255.44,22723731456
255.73,22727827456
256.02,22732333056
256.32,22736838656
256.61,22741344256
256.90,22745440256
257.19,22750355456
257.49,22754451456
257.78,22758957056
258.07,22763053056
258.36,22767558656
258.65,22771654656
258.94,22775750656
259.23,22780256256
259.52,22784352256
259.81,22788857856
260.10,22792953856
260.39,22797459456
260.68,22801965056
260.98,22806470656
261.27,22810976256
261.56,22815481856
261.86,22819987456
262.14,22822445056
262.44,22826131456
262.73,22829817856
263.02,22833913856
263.32,22838009856
263.61,22842105856
263.90,22845792256
264.19,22849888256
264.48,22853984256
264.77,22858080256
265.06,22861766656
265.35,22865862656
265.64,22869958656
265.94,22874054656
266.23,22878150656
266.53,22882656256
266.82,22886752256
267.11,22890848256
267.40,22895353856
267.69,22899449856
267.99,22903955456
268.28,22907641856
268.57,22911737856
268.86,22915014656
269.15,22918701056
269.45,22889185280
269.74,22893281280
270.04,22897377280
270.33,22901882880
270.62,22905569280
270.91,22910074880
271.21,22914170880
271.50,22918266880
271.79,22921953280
272.08,22926049280
272.37,22928916480
272.67,22933012480
272.96,22937108480
273.25,22941204480
273.54,22945710080
273.83,22950215680
274.13,22954721280
274.42,22958817280
274.72,22962913280
275.01,22967009280
275.31,22971105280
275.60,22975201280
275.89,22978887680
276.18,22983393280
276.48,22987489280
276.77,22991175680
277.06,22995271680
277.35,22999367680
277.64,23003463680
277.94,23007150080
278.23,23011246080
278.52,23015342080
278.81,23019438080
279.11,23023534080
279.40,23027220480
279.70,23031316480
279.99,23035412480
280.28,23039508480
280.58,23043194880
280.87,23046881280
281.16,23050977280
281.46,23055482880
281.75,23059169280
282.04,23063674880
282.34,23065313280
282.63,23069818880
282.92,23074324480
283.21,23078420480
283.51,23082516480
283.81,23087022080
284.10,23091527680
284.39,23095623680
284.68,23100129280
284.96,23104634880
285.25,23108321280
285.55,23112826880
285.84,23116922880
286.12,23121018880
286.41,23125114880
286.70,23129620480
286.99,23133716480
287.28,23137812480
287.57,23141908480
287.86,23146004480
288.15,23150510080
288.44,23154606080
288.73,23159111680
289.02,23163207680
289.31,23167303680
289.60,23172218880
289.89,23176724480
290.19,23181230080
290.47,23185326080
290.76,23189422080
291.06,23193108480
291.35,23197204480
291.64,23201300480
291.93,23204986880
292.22,23207034880
292.51,23211130880
292.80,23214817280
293.09,23218913280
293.38,23222599680
293.68,23226286080
293.97,23230791680
294.26,23234478080
294.56,23238983680
294.85,23243489280
295.14,23247175680
295.44,23251681280
295.73,23255367680
296.02,23259873280
296.30,23263559680
296.60,23267246080
296.89,23271342080
297.19,23275438080
297.48,23279534080
297.77,23283630080
298.06,23287726080
298.35,23291822080
298.64,23295508480
298.92,23299194880
299.22,23303700480
299.51,23307796480
299.80,23311892480
300.09,23315988480
300.38,23319674880
300.67,23324180480
300.97,23327866880
301.26,23331553280
301.56,23335239680
301.85,23339745280
302.14,23342612480
302.44,23347118080
302.73,23351214080
303.02,23355310080
303.32,23359815680
303.61,23363502080
303.90,23367188480
304.19,23371284480
304.49,23374970880
304.78,23378657280
305.07,23383162880
305.36,23386849280
305.66,23390535680
305.94,23394631680
306.23,23397908480
306.53,23402004480
306.82,23406100480
307.11,23409786880
307.40,23413473280
307.69,23417159680
307.99,23420846080
308.28,23424532480
308.58,23428218880
308.87,23431905280
309.16,23436001280
309.45,23439687680
309.75,23443374080
310.04,23447060480
310.33,23451566080
310.62,23455252480
310.91,23458938880
311.20,23463034880
311.48,23466721280
311.77,23470407680
312.06,23474094080
312.35,23476551680
312.65,23480238080
312.94,23484334080
313.23,23488020480
313.51,23492116480
313.81,23495802880
314.10,23499489280
314.39,23503175680
314.68,23506862080
314.97,23510548480
315.26,23514234880
315.55,23517921280
315.84,23522017280
316.13,23525294080
316.42,23528980480
316.70,23532666880
316.99,23536762880
317.28,23540858880
317.57,23544545280
317.86,23548231680
318.15,23552327680
318.44,23556014080
318.74,23560110080
319.02,23564206080
319.32,23567892480
319.61,23571988480
319.90,23575674880
320.19,23579361280
320.48,23583047680
320.76,23586734080
321.06,23590420480
321.35,23594106880
321.63,23597793280
321.92,23601479680
322.21,23604756480
322.50,23608033280
322.79,23611719680
323.08,23615815680
323.38,23619502080
323.67,23623188480
323.97,23626465280
324.26,23630151680
324.55,23633838080
324.83,23637114880
325.13,23640801280
325.42,23644078080
325.71,23647764480
326.00,23650631680
326.29,23653908480
326.58,23657594880
326.88,23661281280
327.17,23664558080
327.46,23668244480
327.75,23671930880
328.04,23675207680
328.34,23678484480
328.63,23682170880
328.92,23685857280
329.21,23689134080
329.50,23692410880
329.79,23696097280
330.08,23699374080
330.38,23702650880
330.67,23706337280
330.95,23709614080
331.24,23713300480
331.54,23716577280
331.82,23719854080
332.12,23723540480
332.41,23724769280
332.70,23728046080
332.99,23731732480
333.28,23735009280
333.57,23738286080
333.86,23741972480
334.15,23745658880
334.44,23748935680
334.73,23752622080
335.03,23755898880
335.32,23759585280
335.62,23762862080
335.90,23766138880
336.19,23769825280
336.49,23773511680
336.78,23776788480
337.07,23780474880
337.36,23783751680
337.64,23787847680
337.94,23791534080
338.23,23795220480
338.52,23798906880
338.81,23802593280
339.10,23806279680
339.39,23809966080
339.68,23813242880
339.98,23817338880
340.27,23821025280
340.57,23824302080
340.86,23827578880
341.15,23831265280
341.45,23834951680
341.74,23838228480
342.02,23841914880
342.31,23843962880
342.60,23847239680
342.89,23850516480
343.18,23853793280
343.47,23857479680
343.76,23861166080
344.05,23864442880
344.34,23867719680
344.62,23870996480
344.91,23874273280
345.20,23877140480
345.49,23880417280
345.78,23883694080
346.07,23886970880
346.36,23890247680
346.65,23893934080
346.94,23897210880
347.23,23900487680
347.52,23903764480
347.82,23907041280
348.11,23910727680
348.39,23914004480
348.69,23917281280
348.98,23920558080
349.26,23923834880
349.56,23926702080
349.84,23929978880
350.14,23933665280
350.43,23936942080
350.72,23940218880
351.00,23943905280
351.29,23947182080
351.58,23950868480
351.86,23954554880
352.16,23957012480
352.45,23960289280
352.74,23963566080
353.04,23967252480
353.33,23970938880
353.62,23974625280
353.91,23977902080
354.20,23981588480
354.49,23984865280
354.78,23988142080
355.07,23991418880
355.36,23994695680
355.65,23998382080
355.94,24001658880
356.23,24004935680
356.52,24009031680
356.81,24012308480
357.10,24015994880
357.39,24019271680
357.68,24022138880
357.97,24025825280
358.26,24028692480
358.55,24032378880
358.84,24035246080
359.13,24038522880
359.43,24042209280
359.72,24045076480
360.01,24048762880
360.31,24052449280
360.60,24055726080
360.89,24059412480
361.17,24062689280
361.46,24065966080
361.75,24068833280
362.03,24072110080
362.33,24073338880
362.62,24076615680
362.91,24079482880
363.20,24082759680
363.49,24086036480
363.79,24089722880
364.08,24092999680
364.37,24096276480
364.66,24099143680
364.95,24102830080
365.23,24106516480
365.52,24109793280
365.81,24113479680
366.11,24116756480
366.40,24120033280
366.69,24123719680
366.98,24126996480
367.27,24130682880
367.56,24134369280
367.86,24137646080
368.15,24140513280
368.44,24144199680
368.74,24147476480
369.02,24151162880
369.31,24153620480
369.61,24153620480
369.90,24153620480
370.19,24153620480
370.48,24153620480
370.77,24153620480
371.05,24153620480
371.35,24153620480
371.64,24153620480
371.93,24153620480
372.23,24153620480
372.52,48303955968
372.81,48306413568
373.10,48300679168
373.39,48278560768
373.68,48256032768
373.98,48235552768
374.27,48216301568
374.56,48193773568
374.86,48170426368
375.15,48147898368
375.44,48124960768
375.74,48102432768
376.03,48082362368
376.32,48064339968
376.62,48044679168
376.91,48021741568
377.20,47999213568
377.49,47976685568
377.78,47954157568
378.07,47930810368
378.37,47907872768
378.67,47884525568
378.96,47862407168
379.25,47839469568
379.54,47826771968
379.83,47814483968
380.12,47799328768
380.41,47782125568
380.70,47760826368
380.99,47738707968
381.28,47717408768
381.57,47695699968
381.86,47673581568
382.15,47651463168
382.45,47629344768
382.74,47606407168
383.03,47583879168
383.32,47562170368
383.61,47540051968
383.90,47517523968
384.20,47495815168
384.49,47476154368
384.78,47455674368
385.08,47433146368
385.37,47412666368
385.66,47397101568
385.95,47375392768
386.24,47352864768
386.54,47331155968
386.83,47308627968
387.12,47286919168
387.41,47265210368
387.70,47242682368
388.00,47220563968
388.29,47200083968
388.59,47177965568
388.88,47160352768
389.17,47138643968
389.46,47116115968
389.75,47094407168
390.04,47071879168
390.33,47054266368
390.62,47039111168
390.91,47017811968
391.19,46995693568
391.48,46973165568
391.78,46949818368
392.07,46931795968
392.36,46909267968
392.65,46885101568
392.94,46862573568
393.23,46841683968
393.52,46821203968
393.81,46798266368
394.10,46775738368
394.39,46761402368
394.69,46745427968
394.97,46722490368
395.26,46700371968
395.55,46678663168
395.84,46656135168
396.14,46634426368
396.43,46619271168
396.72,46600839168
397.02,46577901568
397.31,46558650368
397.60,46544723968
397.89,46526291968
398.18,46509088768
398.47,46490656768
398.76,46469767168
399.05,46455431168
399.35,46441095168
399.64,46421024768
399.93,46399315968
400.22,46376787968
400.52,46364090368
400.81,46347296768
401.10,46332141568
401.40,46309613568
401.69,46286266368
401.99,46269882368
402.28,46258003968
402.57,46238343168
402.86,46217043968
403.15,46203527168
403.43,46182227968
403.72,46160928768
404.01,46144135168
404.30,46124064768
404.59,46101127168
404.89,46078599168
405.18,46055251968
405.47,46033543168
405.76,46012243968
406.04,45990125568
406.33,45969645568
406.62,45947527168
406.92,45928685568
407.21,45906976768
407.49,45884858368
407.78,45870112768
408.07,45847584768
408.37,45825056768
408.66,45802528768
408.95,45780410368
409.24,45759111168
409.53,45736583168
409.82,45714874368
410.11,45695623168
410.40,45672685568
410.69,45650157568
410.98,45627219968
411.27,45606330368
411.56,45587898368
411.85,45569875968
412.14,45548986368
412.44,45527277568
412.73,45504749568
413.03,45483859968
413.31,45462970368
413.61,45439213568
413.91,45416685568
414.19,45398663168
414.48,45378592768
414.78,45356474368
415.07,45333946368
415.36,45315923968
415.65,45292576768
415.94,45271277568
416.23,45248339968
416.52,45233184768
416.81,45212704768
417.11,45189357568
417.39,45166829568
417.68,45152903168
417.98,45131194368
418.27,45108256768
418.56,45086138368
418.86,45062791168
419.15,45039443968
419.44,45023059968
419.73,45000531968
420.02,44978003968
420.31,44953837568
420.60,44930490368
420.89,44912058368
421.18,44889530368
421.47,44867411968
421.76,44844474368
422.05,44821536768
422.34,44798599168
422.63,44772794368
422.92,44758458368
423.21,44744941568
423.50,44724051968
423.79,44701114368
424.08,44677357568
424.37,44654010368
424.66,44630253568
424.96,44607725568
425.25,44583559168
425.54,44565127168
425.84,44549152768
426.13,44526215168
426.42,44522528768
426.71,44518842368
427.00,44496723968
427.30,44473786368
427.58,44455354368
427.88,44433235968
428.17,44411117568
428.46,44387770368
428.75,44365242368
429.05,44341075968
429.34,44317728768
429.63,44293562368
429.92,44270215168
430.21,44248096768
430.50,44224749568
430.79,44201402368
431.09,44178055168
431.38,44154707968
431.67,44131770368
431.96,44108832768
432.25,44085895168
432.54,44063776768
432.83,44040429568
433.13,44018720768
433.42,43996192768
433.71,43972845568
434.00,43949498368
434.30,43926970368
434.58,43903213568
434.88,43880275968
435.17,43858157568
435.46,43840544768
435.75,43818426368
436.04,43795079168
436.33,43772551168
436.61,43750023168
436.90,43728723968
437.19,43706195968
437.47,43684487168
437.76,43661959168
438.05,43639021568
438.33,43616083968
438.63,43593555968
438.92,43571027968
439.20,43553005568
439.50,43530477568
439.79,43507949568
440.07,43485831168
440.36,43464122368
440.65,43447328768
440.94,43424800768
441.22,43408007168
441.51,43387527168
441.80,43364589568
442.09,43341651968
442.38,43319533568
442.67,43297005568
442.96,43274477568
443.25,43251130368
443.54,43227373568
443.82,43206074368
444.11,43183955968
444.40,43160608768
444.69,43147911168
444.99,43134803968
445.28,43118010368
445.56,43095072768
445.86,43072135168
446.14,43048787968
446.43,43034861568
446.72,43017658368
447.01,42995130368
447.30,42972602368
447.59,42949255168
447.88,42927955968
448.17,42907885568
448.47,42889043968
448.76,42866515968
449.05,42843578368
449.35,42819821568
449.63,42803027968
449.92,42783367168
450.22,42760019968
450.50,42738311168
450.79,42715783168
451.08,42696122368
451.37,42683015168
451.65,42664173568
451.94,42642055168
452.23,42619527168
452.52,42603552768
452.81,42589626368
453.10,42567507968
453.39,42545799168
453.67,42524090368
453.96,42501971968
454.25,42479443968
454.53,42456915968
454.82,42433568768
455.12,42410221568
455.40,42387693568
455.70,42365575168
455.98,42341818368
456.27,42318880768
456.57,42296352768
456.86,42273824768
457.15,42254573568
457.44,42231226368
457.74,42209107968
458.03,42189037568
458.32,42175111168
458.61,42154221568
458.90,42132103168
459.19,42109165568
459.49,42088685568
459.78,42075168768
460.07,42054279168
460.37,42031341568
460.66,42007994368
460.95,41985875968
461.24,41964167168
461.53,41941639168
461.82,41925255168
462.11,41903546368
462.40,41883066368
462.69,41860538368
462.98,41838010368
463.27,41815482368
463.57,41793363968
463.86,41770835968
464.15,41747898368
464.44,41726189568
464.73,41705299968
465.01,41684819968
465.30,41665568768
465.59,41643450368
465.88,41620512768
466.18,41597984768
466.46,41576275968
466.74,41554157568
467.03,41536544768
467.32,41514016768
467.62,41491488768
467.91,41468551168
468.20,41446432768
468.50,41423904768
468.79,41400557568
469.08,41381715968
469.37,41360416768
469.66,41337888768
469.95,41316179968
470.24,41293651968
470.53,41271533568
470.81,41249415168
471.10,41227296768
471.39,41205587968
471.67,41183059968
471.95,41181831168
472.25,41169133568
472.54,41145786368
472.83,41124077568
473.13,41102368768
473.42,41078611968
473.71,41055674368
474.01,41032736768
474.30,41009389568
474.60,40990547968
474.88,40968019968
475.17,40944263168
475.46,40920915968
475.75,40897978368
476.05,40873811968
476.34,40850055168
476.63,40826707968
476.92,40803360768
477.22,40780423168
477.50,40757895168
477.79,40736186368
478.09,40712019968
478.38,40689491968
478.67,40666554368
478.96,40643207168
479.25,40619859968
479.54,40596922368
479.83,40573984768
480.12,40550637568
480.41,40528109568
480.70,40505581568
480.99,40482643968
481.29,40460115968
481.58,40436768768
481.87,40414240768
482.16,40392122368
482.45,40368775168
482.75,40345837568
483.04,40326586368
483.32,40308154368
483.62,40287674368
483.91,40265146368
484.20,40243027968
484.49,40219271168
484.79,40196333568
485.08,40174215168
485.37,40150458368
485.67,40128339968
485.96,40108679168
486.25,40086151168
486.54,40063213568
486.83,40046419968
487.12,40023891968
487.41,40001363968
487.71,39979245568
488.00,39956717568
488.29,39937875968
488.59,39914938368
488.88,39891591168
489.18,39868653568
489.47,39847763968
489.76,39826464768
490.05,39803117568
490.34,39780589568
490.63,39757242368
490.93,39735123968
491.22,39735943168
491.52,25013370880
491.81,25015828480
492.10,25018286080
492.40,25020334080
492.69,25021972480
492.98,25024430080
493.26,25026887680
493.56,25029345280
493.85,25031393280
494.14,25033850880
494.44,25036308480
494.72,25039175680
495.01,25041633280
495.30,25044090880
495.60,25046138880
495.89,25048596480
496.18,25051054080
496.47,25053511680
496.76,25055559680
497.05,25058017280
497.35,25060474880
497.64,25062932480
497.93,25065799680
498.22,25068257280
498.51,25070305280
498.80,25072762880
499.08,25074810880
499.37,25077268480
499.66,25079726080
499.96,25082593280
500.25,25085050880
500.53,25087508480
500.83,25089966080
501.12,25092423680
501.41,25094471680
501.71,25096519680
502.00,25098977280
502.29,25101434880
502.58,25102663680
502.88,25105121280
503.16,25107169280
503.45,25110036480
503.74,25112084480
504.03,25114542080
504.32,25116999680
504.61,25119457280
504.90,25121914880
505.19,25124372480
505.48,25126830080
505.77,25129287680
506.06,25131745280
506.35,25134202880
506.64,25136660480
506.92,25138708480
507.21,25141166080
507.49,25143623680
507.78,25146081280
508.07,25148129280
508.36,25150586880
508.66,25152634880
508.95,25154682880
509.24,25157140480
509.53,25159188480
509.82,25161236480
510.10,25163694080
510.39,25165742080
510.69,25168199680
510.98,25170247680
511.27,25172295680
511.56,25174753280
511.85,25176801280
512.14,25179258880
512.43,25181716480
512.72,25182535680
513.01,25184993280
513.31,25187041280
513.60,25189498880
513.89,25192366080
514.18,25195233280
514.47,25197281280
514.76,25199738880
515.04,25202196480
515.34,25204244480
515.63,25206702080
515.92,25209159680
516.21,25211207680
516.50,25213665280
516.79,25216122880
517.08,25218170880
517.37,25220218880
517.66,25222676480
517.95,25225134080
518.24,25227182080
518.52,25229639680
518.81,25232097280
519.10,25234554880
519.39,25236602880
519.68,25239470080
519.97,25241518080
520.26,25243975680
520.55,25246023680
520.84,25248481280
521.13,25250529280
521.42,25252577280
521.72,25255034880
522.01,25257082880
522.30,25259540480
522.60,25260359680
522.89,25262407680
523.18,25264865280
523.46,25266913280
523.76,25269370880
524.06,25271828480
524.35,25274286080
524.64,25276334080
524.93,25278382080
525.22,25280839680
525.51,25283297280
525.80,25285345280
526.10,25287393280
526.39,25287393280
526.68,25287393280
526.97,25287393280
527.26,25287393280
527.55,25289850880
527.85,25291898880
528.14,25294356480
528.43,25296814080
528.72,25298862080
529.00,25300910080
529.30,25302958080
529.59,25305006080
529.88,25307054080
530.17,25309511680
530.46,25310740480
530.75,25313198080
531.04,25315246080
531.33,25317703680
531.62,25319751680
531.92,25322209280
532.21,25324257280
532.50,25326714880
532.79,25327124480
533.09,25329172480
533.38,25330810880
533.67,25332858880
533.96,25334906880
534.25,25336954880
534.55,25339002880
534.84,25341050880
535.13,25343098880
535.42,25345146880
535.72,25346785280
536.01,25347194880
536.30,25347194880
536.60,25347194880
536.89,25347194880
537.18,25348833280
537.47,25350881280
537.75,25352929280
538.04,25354567680
538.33,25357025280
538.62,25358663680
538.92,25360302080
539.21,25362759680
539.50,25364807680
539.79,25367265280
540.07,25369313280
540.36,25371361280
540.64,25373818880
540.93,25376276480
541.22,25378324480
541.51,25380372480
541.79,25382420480
542.08,25384878080
542.38,25386926080
542.67,25388154880
542.96,25390612480
543.26,25392250880
543.54,25394298880
543.83,25395937280
544.12,25398394880
544.41,25400033280
544.69,25402081280
544.99,25403719680
545.28,25403719680
545.57,25403719680
545.86,25403719680
546.15,25403719680
546.44,25403719680
546.73,25403719680
547.02,25403719680
547.30,25404538880
547.59,25406586880
547.88,25408225280
548.18,25410273280
548.47,25411911680
548.76,25414369280
549.05,25416007680
549.35,25418055680
549.63,25420103680
549.92,25422151680
550.22,25423790080
550.51,25423790080
550.80,25423790080
551.09,25423790080
551.38,25423790080
551.67,25423790080
551.96,25423790080
552.26,25423790080
552.55,25423790080
552.84,25425428480
553.14,25427476480
553.43,25429524480
553.72,25431572480
554.01,25433620480
554.30,25435258880
554.59,25437306880
554.89,25439354880
555.18,25440993280
555.46,25441402880
555.75,25441402880
556.05,25441402880
556.34,25441402880
556.63,25441402880
556.92,25441402880
557.22,25441402880
557.51,25441812480
557.80,25443860480
558.09,25445498880
558.37,25447546880
558.66,25449594880
558.96,25451642880
559.25,25453281280
559.53,25455329280
559.83,25457377280
560.11,25459015680
560.41,25460654080
560.69,25460654080
560.99,25460654080
561.27,25460654080
561.56,25460654080
561.86,25460654080
562.14,25460654080
562.43,25460654080
562.73,25461473280
563.02,25463521280
563.31,25465569280
563.60,25467207680
563.89,25469255680
564.18,25471303680
564.48,25472942080
564.77,25474580480
565.06,25476628480
565.36,25478266880
565.65,25479905280
565.94,25480314880
566.22,25480314880
566.52,25480314880
566.82,25480314880
567.11,25480314880
567.40,25480314880
567.69,25480314880
567.98,25480724480
568.26,25482772480
568.55,25484820480
568.84,25486868480
569.12,25488506880
569.41,25490145280
569.69,25491783680
569.98,25493831680
570.27,25495470080
570.56,25497518080
570.85,25499156480
571.15,25499566080
571.44,25499566080
571.73,25499566080
572.02,25499566080
572.32,25499566080
572.60,25499156480
572.89,25499156480
573.18,25499566080
573.47,25501614080
573.75,25503252480
574.04,25505300480
574.34,25507348480
574.63,25509396480
574.92,25511034880
575.21,25512673280
575.50,25514721280
575.80,25516769280
576.09,25518407680
576.38,25518407680
576.68,25518407680
576.97,25518407680
577.26,25518407680
577.55,25518407680
577.84,25518407680
578.13,25518407680
578.41,25519226880
578.71,25520865280
579.00,25522503680
579.29,25524551680
579.58,25526599680
579.87,25528238080
580.17,25530286080
580.46,25531924480
580.74,25533562880
581.04,25535201280
581.33,25536430080
581.61,25536430080
581.90,25536430080
582.19,25536430080
582.48,25536430080
582.77,25536020480
583.06,25536020480
583.36,25536020480
583.65,25537249280
583.94,25539297280
584.23,25540935680
584.52,25542983680
584.82,25545031680
585.11,25546260480
585.40,25548308480
585.70,25549946880
585.99,25551994880
586.28,25553633280
586.57,25554452480
586.86,25554452480
587.15,25554452480
587.45,25554452480
587.73,25554452480
588.02,25554452480
588.32,25554452480
588.61,25554452480
588.90,25556500480
589.19,25558548480
589.48,25561006080
589.77,25562644480
590.07,25564692480
590.36,25566330880
590.65,25568378880
590.94,25570426880
591.23,25572065280
591.51,25573294080
591.81,25573294080
592.10,25573294080
592.39,25573294080
592.68,25572884480
592.97,25572884480
593.26,25572884480
593.55,25572884480
593.84,25574522880
594.13,25576161280
594.41,25577799680
594.70,25579847680
594.99,25581895680
595.27,25583943680
595.57,25585991680
595.86,25588039680
596.16,25589678080
596.45,25591316480
596.74,25591726080
597.03,25591726080
597.33,25591726080
597.62,25591726080
597.91,25591726080
598.21,25591726080
598.50,25591726080
598.79,25592135680
599.08,25594183680
599.37,25595822080
599.65,25597460480
599.95,25599918080
600.24,25601966080
600.53,25604014080
600.82,25606062080
601.11,25607700480
601.40,25609748480
601.69,25610158080
601.98,25610158080
602.27,25610158080
602.56,25609338880
602.85,25609338880
603.13,25609338880
603.43,25609338880
603.72,25609338880
604.00,25610977280
604.29,25613025280
604.58,25614663680
604.87,25616711680
605.16,25618350080
605.45,25620398080
605.73,25622036480
606.02,25624084480
606.31,25626132480
606.61,25627361280
606.90,25627361280
607.18,25627361280
607.47,25627361280
607.76,25627361280
608.04,25627361280
608.33,25627361280
608.62,25627361280
608.91,25628590080
609.20,25630638080
609.49,25632686080
609.78,25634324480
610.07,25636372480
610.37,25638010880
610.66,25640058880
610.95,25641697280
611.23,25643335680
611.52,25645383680
611.81,25645793280
612.10,25645793280
612.39,25645793280
612.68,25644974080
612.97,25644974080
613.27,25644974080
613.56,25644974080
613.85,25645383680
614.14,25647431680
614.42,25649479680
614.72,25651527680
615.01,25653575680
615.31,25655214080
615.59,25656852480
615.89,25658900480
616.18,25660538880
616.47,25662177280
616.76,25662177280
617.05,25662177280
617.34,25662177280
617.63,25662177280
617.93,25662177280
618.22,25662177280
618.50,25662177280
618.79,25663406080
619.07,25665044480
619.36,25667092480
619.65,25669140480
619.94,25670778880
620.23,25672826880
620.52,25674874880
620.81,25676513280
621.11,25678151680
621.39,25680199680
621.69,25680199680
621.99,25680199680
622.28,25680199680
622.57,25679380480
622.86,25679380480
623.14,25679380480
623.43,25679380480
623.72,25680199680
624.00,25681838080
624.29,25683476480
624.58,25685524480
624.87,25687162880
625.17,25689210880
625.46,25690849280
625.76,25692487680
626.05,25694126080
626.34,25696174080
626.63,25696583680
626.93,25696583680
627.22,25696583680
627.51,25696583680
627.81,25696583680
628.09,25696583680
628.38,25696583680
628.68,25696993280
628.97,25699041280
629.26,25700679680
629.55,25702727680
629.85,25704366080
630.13,25706004480
630.42,25708052480
630.72,25709690880
631.00,25711738880
631.29,25713377280
631.59,25714196480
631.88,25714196480
632.19,25714196480
632.49,25714196480
632.78,25713786880
633.07,25713786880
633.36,25713786880
633.65,25713786880
633.95,25715425280
634.24,25717063680
634.53,25719111680
634.82,25720750080
635.11,25722388480
635.40,25724436480
635.68,25726074880
635.97,25727303680
636.25,25728942080
636.55,25730580480
636.85,25730580480
637.14,25730580480
637.43,25730580480
637.72,25730580480
638.01,25730580480
638.31,25730580480
638.60,25730580480
638.88,25731399680
639.17,25733447680
639.46,25735086080
639.75,25737134080
640.04,25739182080
640.34,25740820480
640.63,25742868480
640.91,25744506880
641.21,25746145280
641.49,25747783680
641.79,25747783680
642.08,25747783680
642.37,25747783680
642.65,25747374080
642.95,25747374080
643.23,25747374080
643.52,25747374080
643.81,25748193280
644.10,25750241280
644.39,25751470080
644.68,25753518080
644.98,25755156480
645.26,25757204480
645.56,25759252480
645.85,25760890880
646.14,25762529280
646.43,25764167680
646.72,25764167680
647.01,25764167680
647.30,25764167680
647.60,25764167680
647.89,25764167680
648.19,25764167680
648.48,25764167680
648.77,25764577280
649.07,25766625280
649.36,25768263680
649.65,25769902080
649.94,25771950080
650.24,25773588480
650.53,25775226880
650.82,25777274880
651.12,25778913280
651.41,25780961280
651.70,25780961280
652.00,25780961280
652.28,25780961280
652.57,25780142080
652.86,25780142080
653.16,25780142080
653.45,25780142080
653.74,25780551680
654.03,25782190080
654.33,25783828480
654.61,25785466880
654.91,25787514880
655.21,25789153280
655.49,25790791680
655.78,25792839680
656.08,25794478080
656.36,25796116480
656.66,25796935680
656.95,25796935680
657.24,25796935680
657.54,25796935680
657.82,25796935680
658.11,25796935680
658.40,25796935680
658.70,25796935680
658.99,25798574080
659.27,25800622080
659.57,25802260480
659.86,25803898880
660.14,25805537280
660.43,25807175680
660.72,25808814080
661.02,25810452480
661.31,25812090880
661.60,25813729280
661.90,25813729280
662.20,25813729280
662.48,25813729280
662.77,25813319680
663.06,25813319680
663.35,25813319680
663.64,25813319680
663.93,25814138880
664.22,25815777280
664.51,25817415680
664.80,25819054080
665.10,25820692480
665.39,25822330880
665.67,25823969280
665.97,25825607680
666.26,25827655680
666.55,25829294080
666.84,25829703680
667.13,25829703680
667.42,25829703680
667.71,25829703680
668.00,25829703680
668.30,25829703680
668.59,25829703680
668.89,25829703680
669.17,25831342080
669.47,25832980480
669.76,25834618880
670.05,25836257280
670.34,25837895680
670.63,25839124480
670.93,25840762880
671.22,25842401280
671.52,25844039680
671.81,25845678080
672.10,25846497280
672.39,25846497280
672.69,25845678080
672.98,25845678080
673.27,25845678080
673.56,25845678080
673.86,25845678080
674.14,25845678080
674.43,25847316480
674.73,25848954880
675.02,25850593280
675.31,25852231680
675.60,25853870080
675.89,25855508480
676.18,25857146880
676.47,25858785280
676.76,25860423680
677.05,25861652480
677.34,25861652480
677.63,25861652480
677.93,25861652480
678.22,25861652480
678.51,25861652480
678.81,25861652480
679.10,25861652480
679.40,25862881280
679.69,25864519680
679.98,25865748480
680.27,25867796480
680.56,25869434880
680.84,25871073280
681.13,25872711680
681.43,25874350080
681.72,25875988480
682.01,25877626880
682.30,25877626880
682.59,25877626880
682.88,25877626880
683.17,25877626880
683.47,25877626880
683.76,25877626880
684.05,25877626880
684.34,25878036480
684.62,25879674880
684.91,25881313280
685.20,25882951680
685.48,25884999680
685.78,25886638080
686.07,25888276480
686.36,25889914880
686.65,25891553280
686.95,25893191680
687.24,25893601280
687.53,25893601280
687.83,25893601280
688.11,25893601280
688.39,25893601280
688.69,25893601280
688.98,25893601280
689.27,25893601280
689.56,25895239680
689.85,25896878080
690.13,25898926080
690.42,25900564480
690.71,25902202880
691.01,25903841280
691.30,25905479680
691.59,25907118080
691.88,25908346880
692.16,25909166080
692.46,25909166080
692.75,25908346880
693.04,25908346880
693.33,25908346880
693.62,25908346880
693.92,25908346880
694.20,25908346880
694.49,25909985280
694.78,25912033280
695.07,25913671680
695.36,25915719680
695.65,25917767680
695.94,25919406080
696.23,25921454080
696.52,25923502080
696.81,25924321280
697.10,25924321280
697.39,25924321280
697.68,25924321280
697.97,25924321280
698.26,25924321280
698.55,25924321280
698.84,25924321280
699.12,25925959680
699.42,25927188480
699.71,25928826880
700.00,25930465280
700.30,25932103680
700.58,25933742080
700.88,25935380480
701.17,25937018880
701.46,25938657280
701.75,25939476480
702.04,25939476480
702.34,25939476480
702.63,25939066880
702.92,25939066880
703.21,25939066880
703.50,25939066880
703.79,25939066880
704.08,25940705280
704.37,25942343680
704.66,25943982080
704.96,25945210880
705.25,25946849280
705.53,25948897280
705.83,25950535680
706.12,25952583680
706.41,25953812480
706.70,25953812480
707.00,25953812480
707.29,25953812480
707.58,25953812480
707.87,25953812480
708.16,25953812480
708.45,25953812480
708.75,25954631680
709.04,25956679680
709.34,25958318080
709.62,25959546880
709.92,25961185280
710.20,25963233280
710.49,25964462080
710.78,25966100480
711.06,25967738880
711.36,25968967680
711.65,25969377280
711.93,25969377280
712.23,25969377280
712.52,25969377280
712.81,25968558080
713.10,25968558080
713.39,25968558080
713.67,25968558080
713.96,25970196480
714.25,25971834880
714.53,25973473280
714.82,25975111680
715.10,25976750080
715.39,25978388480
715.68,25980026880
715.97,25981255680
716.26,25982894080
716.55,25983713280
716.84,25983713280
717.14,25983713280
717.42,25983713280
717.71,25983713280
718.00,25983713280
718.29,25983713280
718.58,25983713280
718.86,25984942080
719.15,25986580480
719.44,25987809280
719.73,25989447680
720.03,25990676480
720.32,25992314880
720.61,25993953280
720.89,25995591680
721.18,25996820480
721.48,25998458880
721.76,25998458880
722.05,25998458880
722.34,25998458880
722.63,25998049280
722.92,25998049280
723.21,25998049280
723.50,25998049280
723.79,25998458880
724.07,26000097280
724.36,26001735680
724.65,26002964480
724.94,26004602880
725.23,26006650880
725.52,26008289280
725.81,26009518080
726.10,26011156480
726.39,26012794880
726.68,26012794880
726.97,26012794880
727.26,26012794880
727.55,26012794880
727.85,26012794880
728.14,26012794880
728.43,26012794880
728.72,26013204480
729.01,26014842880
729.30,26016071680
729.59,26017710080
729.88,26019348480
730.18,26020577280
730.47,26022215680
730.75,26023854080
731.05,26025902080
731.34,26027540480
731.63,26027540480
731.92,26027540480
732.21,26027540480
732.51,26027540480
732.80,26027130880
733.10,26027130880
733.39,26027130880
733.68,26027540480
733.96,26029178880
734.25,26030817280
734.55,26032865280
734.84,26034094080
735.13,26035732480
735.42,26037370880
735.71,26038599680
736.00,26040238080
736.29,26041876480
736.59,26041876480
736.89,26041876480
737.19,26041876480
737.48,26041876480
737.77,26041876480
738.06,26041876480
738.35,26041876480
738.64,26042695680
738.93,26044334080
739.22,26045972480
739.51,26047610880
739.80,26049249280
740.09,26050887680
740.38,26052116480
740.67,26053754880
740.96,26055393280
741.25,26056212480
741.54,26056212480
741.84,26056212480
742.13,26056212480
742.42,26056212480
742.72,26055802880
743.01,26055802880
743.30,26055802880
743.59,26057031680
743.88,26058670080
744.17,26060308480
744.47,26062356480
744.76,26063585280
745.05,26065223680
745.34,26066862080
745.63,26068500480
745.92,26070138880
746.21,26070138880
746.50,26070138880
746.79,26070138880
747.08,26070138880
747.38,26070138880
747.67,26070138880
747.95,26070138880
748.24,26070548480
748.53,26072186880
748.82,26073825280
749.10,26075463680
749.39,26077102080
749.68,26078740480
749.98,26080378880
750.27,26082017280
750.56,26083655680
750.85,26084884480
751.13,26084884480
751.43,26084884480
751.72,26084884480
752.00,26084884480
752.30,26084884480
752.59,26084065280
752.88,26084065280
753.16,26084884480
753.45,26086522880
753.74,26087751680
754.04,26089390080
754.33,26091028480
754.62,26092257280
754.91,26093895680
755.20,26095534080
755.49,26097172480
755.78,26097991680
756.07,26097991680
756.37,26097991680
756.65,26097991680
756.95,26097991680
757.24,26097991680
757.53,26097991680
757.82,26097991680
758.11,26099220480
758.40,26100449280
758.68,26102087680
758.97,26103726080
759.27,26105364480
759.56,26107002880
759.85,26108231680
760.14,26109870080
760.44,26111508480
760.73,26112327680
761.02,26112327680
761.31,26112327680
761.60,26112327680
761.89,26112327680
762.18,26112327680
762.47,26112327680
762.76,26111918080
763.05,26113146880
763.34,26114785280
763.63,26116423680
763.91,26117652480
764.21,26119290880
764.50,26120929280
764.78,26122158080
765.07,26123796480
765.36,26125025280
765.65,26125434880
765.94,26125434880
766.23,26125434880
766.52,26125434880
766.81,26125434880
767.10,26125434880
767.39,26125434880
767.68,26125844480
767.96,26127482880
768.26,26129121280
768.55,26130350080
768.84,26131988480
769.13,26133626880
769.43,26134855680
769.72,26136494080
770.01,26138132480
770.30,26139361280
770.59,26139361280
770.88,26139361280
771.17,26139361280
771.46,26139361280
771.75,26139361280
772.03,26139361280
772.32,26139361280
772.61,26139361280
772.90,26140590080
773.19,26142228480
773.48,26143866880
773.77,26145095680
774.07,26146734080
774.35,26147962880
774.64,26149191680
774.93,26149191680
775.23,26149191680
775.53,26149191680
775.82,26149191680
776.11,26149191680
776.40,26149191680
776.69,26149191680
776.98,26149601280
777.26,26151239680
777.55,26152878080
777.85,26154106880
778.13,26155335680
778.42,26156974080
778.72,26158202880
779.01,26159022080
779.30,26159022080
779.59,26159022080
779.88,26159022080
780.18,26159022080
780.47,26159022080
780.76,26159022080
781.05,26159022080
781.34,26159841280
781.63,26161070080
781.92,26162298880
782.21,26163937280
782.50,26165166080
782.78,26166394880
783.08,26167623680
783.37,26169262080
783.66,26170490880
783.95,26172129280
784.24,26173767680
784.52,26175406080
784.81,26177044480
785.10,26178682880
785.39,26180321280
785.68,26181550080
785.97,26182778880
786.26,26184826880
786.56,26186055680
786.85,26187694080
787.14,26189332480
787.43,26190561280
787.73,26192199680
788.02,26193838080
788.32,26195476480
788.60,26196705280
788.89,26198343680
789.18,26199572480
789.47,26200801280
789.76,26202439680
790.05,26203668480
790.34,26204897280
790.63,26206535680
790.92,26207764480
791.21,26208993280
791.50,26210222080
791.79,26211860480
792.08,26213089280
792.38,26214318080
792.67,26215546880
792.96,26217185280
793.25,26218414080
793.54,26219642880
793.83,26221281280
794.12,26222919680
794.41,26224558080
794.70,26225786880
795.00,26227425280
795.29,26228654080
795.58,26230292480
795.87,26231521280
796.17,26233159680
796.45,26234798080
796.74,26236026880
797.03,26237255680
797.33,26238894080
797.62,26240532480
797.91,26242170880
798.21,26243399680
798.49,26245038080
798.78,26246676480
799.08,26248314880
799.37,26249543680
799.67,26250772480
799.96,26252410880
800.25,26254049280
800.55,26255278080
800.84,26256916480
801.13,26258554880
801.42,26259783680
801.71,26261012480
802.00,26262241280
802.29,26263879680
802.59,26265518080
802.88,26265927680
803.17,26267566080
803.46,26268794880
803.75,26270023680
804.05,26271662080
804.34,26273300480
804.63,26274938880
804.92,26276167680
805.21,26277806080
805.51,26279444480
805.79,26280673280
806.08,26282311680
806.38,26283540480
806.67,26284769280
806.96,26286407680
807.26,26287636480
807.55,26288865280
807.84,26290094080
808.14,26291732480
808.43,26292961280
808.72,26294599680
809.00,26295828480
809.30,26297057280
809.59,26298695680
809.88,26299924480
810.17,26301153280
810.46,26302791680
810.75,26304430080
811.04,26305658880
811.33,26306887680
811.62,26308526080
811.90,26310164480
812.20,26311393280
812.49,26313031680
812.79,26313441280
813.08,26315079680
813.37,26316718080
813.66,26317946880
813.95,26319175680
814.24,26320814080
814.53,26322452480
814.82,26323681280
815.11,26325319680
815.40,26326548480
815.70,26327777280
816.00,26329006080
816.28,26330644480
816.58,26331873280
816.87,26333511680
817.16,26334740480
817.45,26336378880
817.73,26337607680
818.02,26339246080
818.32,26340474880
818.61,26342113280
818.90,26343342080
819.20,26344570880
819.50,26346209280
819.79,26347438080
820.08,26348666880
820.37,26350305280
820.66,26351534080
820.96,26352762880
821.24,26353991680
821.53,26355630080
821.82,26356858880
822.11,26358087680
822.39,26359726080
822.68,26359726080
822.97,26360954880
823.26,26362593280
823.55,26363822080
823.84,26365050880
824.13,26366279680
824.42,26367508480
824.72,26369146880
825.01,26370375680
825.30,26371604480
825.59,26372833280
825.87,26374471680
826.16,26375700480
826.45,26376929280
826.74,26378567680
827.03,26379796480
827.32,26381025280
827.60,26382254080
827.89,26383482880
828.18,26385121280
828.46,26385940480
828.75,26387169280
829.05,26388807680
829.34,26390036480
829.63,26391265280
829.92,26392494080
830.21,26394132480
830.50,26395361280
830.79,26396590080
831.08,26397818880
831.37,26399457280
831.66,26400686080
831.95,26400686080
832.25,26400686080
832.53,26400686080
832.82,26399457280
833.11,26399457280
833.40,26399457280
833.69,26399457280
833.98,26399457280
834.27,26400686080
834.56,26401914880
834.85,26403143680
835.14,26404372480
835.43,26405601280
835.73,26407239680
836.01,26408058880
836.30,26409697280
836.59,26410926080
836.88,26412154880
837.18,26413793280
837.47,26415022080
837.75,26416250880
838.04,26417479680
838.33,26419118080
838.62,26420346880
838.92,26421575680
839.21,26422804480
839.50,26424033280
839.80,26425262080
840.09,26426490880
840.38,26427719680
840.67,26428948480
840.97,26430586880
841.26,26431815680
841.55,26433454080
841.85,26434682880
842.13,26435502080
842.42,26437140480
842.72,26438369280
843.01,26439598080
843.30,26440417280
843.59,26442055680
843.89,26443284480
844.17,26444513280
844.47,26446151680
844.76,26446970880
845.05,26448199680
845.34,26449018880
845.63,26450247680
845.92,26451476480
846.21,26452705280
846.50,26453934080
846.79,26455162880
847.09,26456391680
847.38,26457620480
847.67,26457620480
847.96,26457620480
848.24,26457620480
848.53,26457620480
848.82,26457620480
849.12,26457620480
849.40,26457620480
849.70,26457620480
849.99,26458849280
850.27,26460078080
850.57,26461306880
850.86,26462535680
851.15,26464174080
851.44,26465402880
851.73,26466631680
852.03,26467860480
852.32,26469498880
852.61,26469089280
852.90,26470318080
853.19,26471546880
853.48,26472775680
853.77,26474004480
854.06,26475233280
854.35,26476871680
854.65,26478100480
854.94,26479738880
855.23,26480967680
855.52,26482196480
855.81,26483834880
856.10,26485063680
856.39,26486292480
856.68,26487111680
856.97,26488340480
857.26,26489569280
857.55,26491207680
857.85,26492026880
858.13,26493665280
858.42,26494894080
858.72,26496122880
859.01,26497351680
859.30,26498580480
859.59,26500218880
859.88,26501447680
860.17,26502676480
860.46,26503905280
860.75,26505134080
861.04,26506362880
861.34,26507591680
861.62,26508410880
861.92,26510049280
862.21,26511278080
862.50,26512506880
862.79,26512506880
863.08,26512506880
863.37,26512506880
863.66,26512506880
863.96,26512506880
864.25,26512506880
864.54,26512506880
864.83,26512506880
865.12,26512916480
865.41,26514145280
865.70,26515374080
866.00,26516193280
866.29,26517422080
866.58,26518650880
866.87,26519879680
867.17,26521108480
867.46,26521927680
867.75,26523156480
868.04,26524385280
868.33,26525204480
868.62,26526433280
868.92,26527662080
869.21,26528890880
869.49,26530119680
869.79,26531758080
870.08,26532986880
870.37,26534215680
870.66,26535444480
870.95,26536673280
871.25,26537902080
871.54,26539130880
871.83,26540359680
872.11,26541588480
872.40,26542817280
872.70,26543226880
872.99,26544455680
873.28,26545684480
873.57,26546913280
873.86,26548142080
874.15,26549370880
874.44,26550599680
874.74,26551418880
875.03,26552647680
875.32,26553876480
875.61,26554695680
875.90,26555924480
876.20,26557153280
876.49,26558382080
876.78,26559201280
877.07,26560430080
877.37,26561658880
877.66,26562478080
877.95,26563706880
878.24,26564935680
878.53,26566164480
878.83,26567393280
879.12,26568622080
879.41,26569850880
879.71,26571079680
880.00,26571898880
880.28,26573127680
880.58,26574356480
880.88,26575585280
881.16,26576814080
881.46,26578042880
881.75,26579271680
882.04,26580500480
882.33,26581319680
882.62,26580090880
882.91,26580090880
883.21,26580090880
883.50,26580090880
883.79,26580090880
884.09,26580090880
884.38,26580090880
884.68,26580500480
884.97,26581729280
885.26,26582958080
885.56,26584186880
885.85,26585006080
886.14,26586644480
886.43,26587463680
886.72,26588692480
887.01,26590330880
887.30,26591559680
887.59,26592378880
887.88,26593607680
888.17,26594836480
888.46,26596065280
888.75,26597294080
889.04,26598522880
889.33,26600161280
889.62,26600980480
889.91,26602618880
890.21,26603847680
890.50,26605076480
890.79,26606305280
891.08,26607534080
891.37,26608762880
891.67,26609991680
891.96,26611220480
892.25,26612039680
892.54,26613268480
892.83,26613678080
893.12,26614906880
893.41,26616135680
893.70,26617364480
893.99,26618183680
894.28,26619412480
894.58,26620231680
894.87,26621460480
895.16,26622689280
895.45,26623918080
895.74,26625146880
896.03,26625966080
896.32,26627194880
896.61,26628423680
896.90,26629652480
897.20,26630881280
897.49,26630881280
897.78,26630881280
898.08,26630881280
898.37,26630881280
898.66,26630881280
898.96,26630881280
899.25,26630881280
899.54,26630881280
899.83,26631700480
900.12,26633338880
900.41,26634158080
900.70,26634977280
900.99,26636615680
901.28,26637844480
901.57,26638663680
901.87,26639892480
902.16,26640711680
902.45,26641940480
902.74,26642759680
903.03,26643988480
903.32,26645217280
903.61,26646036480
903.90,26647674880
904.19,26648494080
904.48,26649722880
904.77,26650951680
905.07,26652180480
905.36,26653409280
905.65,26654228480
905.94,26655457280
906.23,26656686080
906.52,26657914880
906.82,26658734080
907.12,26659962880
907.41,26661191680
907.70,26662420480
907.99,26663239680
908.28,26664468480
908.57,26665697280
908.86,26666926080
909.14,26668154880
909.43,26669383680
909.73,26670612480
910.02,26671431680
910.30,26672660480
910.60,26673889280
910.89,26675118080
911.18,26676346880
911.48,26677166080
911.77,26678394880
912.06,26679623680
912.35,26680852480
912.64,26682081280
912.93,26682900480
913.23,26684129280
913.52,26684538880
913.82,26684538880
914.11,26684538880
914.41,26684538880
914.71,26684538880
915.00,26684538880
915.28,26684538880
915.58,26684538880
915.86,26685358080
916.16,26686177280
916.45,26687406080
916.74,26687406080
917.03,26687406080
917.32,26687406080
917.62,26687406080
917.90,26687406080
918.19,26687406080
918.48,26687406080
918.77,26687406080
919.06,26688225280
919.35,26689044480
919.64,26690273280
919.93,26691092480
920.23,26692321280
920.51,26693550080
920.80,26694778880
921.10,26694778880
921.39,26694778880
921.68,26694778880
921.97,26694778880
922.25,26694778880
922.55,26694778880
922.84,26693140480
923.13,26693140480
923.42,26693550080
923.71,26694778880
924.00,26695598080
924.29,26696826880
924.58,26698055680
924.87,26698874880
925.16,26699284480
925.45,26699284480
925.74,26699284480
926.03,26699284480
926.32,26699284480
926.61,26699284480
926.90,26699284480
927.20,26699284480
927.48,26700103680
927.77,26700922880
928.06,26702151680
928.35,26703380480
928.64,26704609280
928.93,26705428480
929.22,26705838080
929.52,26705838080
929.81,26705838080
930.10,26705838080
930.39,26705838080
930.68,26705838080
930.97,26705838080
931.26,26705838080
931.55,26705838080
931.84,26706247680
932.13,26707476480
932.42,26708705280
932.71,26709524480
933.01,26710753280
933.29,26711572480
933.59,26712801280
933.88,26713620480
934.17,26714849280
934.46,26715258880
934.75,26715258880
935.04,26715258880
935.33,26715258880
935.62,26715258880
935.91,26715258880
936.20,26715258880
936.49,26715258880
936.78,26715258880
937.07,26716487680
937.36,26717716480
937.65,26718945280
937.94,26720174080
938.24,26721402880
938.53,26722222080
938.82,26722631680
939.11,26722631680
939.40,26722631680
939.69,26722631680
939.98,26722631680
940.27,26722631680
940.56,26722631680
940.85,26722631680
941.14,26722631680
941.43,26723450880
941.72,26724679680
942.01,26725498880
942.30,26726727680
942.60,26727546880
942.89,26728775680
943.18,26730004480
943.47,26730823680
943.76,26732052480
944.06,26733281280
944.35,26734100480
944.64,26735329280
944.93,26736148480
945.22,26737377280
945.51,26738196480
945.80,26739425280
946.09,26739834880
946.38,26739834880
946.67,26739834880
946.96,26739834880
947.24,26739834880
947.53,26739834880
947.82,26739834880
948.11,26739834880
948.39,26739834880
948.68,26739834880
948.97,26739834880
949.25,26739834880
949.54,26739834880
949.83,26739834880
950.12,26739834880
950.41,26740244480
950.70,26741473280
950.99,26741882880
951.27,26741882880
951.57,26741882880
951.88,26741882880
952.16,26741882880
952.46,26741882880
952.75,26740211712
953.04,26740211712
953.33,26741030912
953.62,26741850112
953.91,26743078912
954.20,26743898112
954.49,26745126912
954.78,26745536512
955.08,26745536512
955.37,26745536512
955.66,26745536512
955.95,26745536512
956.24,26745536512
956.53,26745536512
956.82,26745536512
957.11,26745946112
957.41,26747174912
957.70,26748403712
957.99,26749222912
958.28,26750451712
958.57,26751270912
958.87,26752090112
959.16,26752499712
959.44,26752499712
959.73,26752499712
960.03,26752499712
960.32,26752499712
960.61,26752499712
960.91,26752499712
961.20,26752499712
961.49,26753728512
961.78,26754547712
962.08,26755776512
962.38,26756595712
962.67,26757824512
962.96,26758643712
963.26,26759872512
963.55,26760691712
963.83,26760691712
964.13,26760691712
964.41,26760691712
964.70,26760691712
965.00,26760691712
965.29,26760691712
965.58,26760691712
965.87,26760691712
966.16,26761101312
966.45,26761920512
966.74,26763149312
967.03,26763968512
967.32,26764787712
967.62,26765606912
967.91,26766835712
968.20,26767654912
968.49,26768883712
968.78,26769702912
969.07,26770522112
969.36,26770931712
969.65,26770931712
969.93,26770931712
970.22,26770931712
970.51,26770931712
970.80,26770931712
971.09,26770931712
971.38,26770931712
971.66,26771341312
971.95,26772160512
972.25,26772979712
972.53,26774208512
972.82,26775027712
973.12,26775846912
973.40,26776666112
973.69,26777894912
973.99,26778714112
974.28,26779942912
974.57,26781171712
974.85,26781990912
975.14,26782810112
975.43,26783629312
975.72,26784858112
976.02,26785677312
976.31,26786906112
976.59,26787315712
976.89,26787315712
977.18,26787315712
977.48,26787315712
977.77,26787315712
978.05,26787315712
978.34,26787315712
978.63,26787315712
978.92,26787315712
979.21,26787315712
979.50,26787315712
979.79,26787315712
980.08,26787315712
980.37,26787315712
980.66,26787315712
980.95,26787315712
981.24,26787725312
981.53,26788954112
981.83,26789773312
982.12,26791002112
982.41,26791821312
982.71,26791411712
983.01,26791411712
983.29,26791411712
983.58,26791411712
983.88,26791411712
984.17,26791411712
984.46,26791411712
984.75,26791411712
985.04,26792230912
985.33,26793050112
985.62,26793869312
985.91,26795098112
986.21,26795917312
986.49,26797146112
986.79,26797965312
987.08,26798784512
987.38,26798784512
987.66,26798784512
987.95,26798784512
988.24,26798784512
988.53,26798784512
988.82,26798784512
989.11,26798784512
989.40,26798784512
989.69,26799603712
989.98,26800422912
990.27,26801242112
990.56,26801242112
990.86,26801242112
991.15,26801242112
991.44,26801242112
991.73,26801242112
992.01,26801242112
992.30,26801242112
992.60,26801242112
992.89,26801651712
993.18,26802470912
993.47,26803290112
993.76,26804109312
994.06,26804109312
994.35,26804109312
994.64,26804109312
994.92,26804109312
995.21,26804109312
995.50,26804109312
995.79,26804109312
996.08,26804109312
996.37,26804109312
996.66,26804109312
996.95,26804928512
997.24,26805747712
997.53,26806566912
997.85,26807386112
998.14,26808614912
998.43,26809434112
998.72,26810253312
999.01,26811482112
999.30,26812301312
999.59,26812710912
999.88,26812710912
1000.18,26812710912
1000.47,26812710912
1000.76,26812710912
1001.06,26812710912
1001.35,26812710912
1001.64,26812710912
1001.93,26813120512
1002.22,26814349312
1002.51,26815168512
1002.80,26816397312
1003.09,26816806912
1003.38,26818035712
1003.67,26819264512
1003.96,26820083712
1004.25,26821312512
1004.54,26822131712
1004.82,26822950912
1005.11,26824179712
1005.40,26824998912
1005.69,26826227712
1005.98,26827046912
1006.27,26827866112
1006.56,26829094912
1006.85,26829914112
1007.13,26830733312
1007.43,26831552512
1007.73,26831962112
1008.02,26831962112
1008.31,26831962112
1008.60,26831962112
1008.89,26831962112
1009.18,26831962112
1009.47,26831962112
1009.76,26831962112
1010.06,26831962112
1010.35,26831962112
1010.65,26831962112
1010.93,26831962112
1011.22,26831962112
1011.51,26831962112
1011.80,26831962112
1012.10,26831962112
1012.39,26832781312
1012.68,26833002496
1012.97,26833821696
1013.27,26834640896
1013.56,26835460096
1013.84,26836688896
1014.13,26837508096
1014.43,26837508096
1014.72,26837508096
1015.01,26837508096
1015.30,26837508096
1015.59,26837508096
1015.88,26837508096
1016.17,26837508096
1016.46,26837508096
1016.75,26837508096
1017.04,26838327296
1017.34,26839556096
1017.63,26840784896
1017.92,26841604096
1018.21,26842423296
1018.50,26843652096
1018.79,26844471296
1019.08,26845290496
1019.37,26845700096
1019.66,26845700096
1019.95,26845700096
1020.24,26845700096
1020.53,26845700096
1020.82,26845700096
1021.12,26845700096
1021.41,26845700096
1021.69,26846109696
1021.98,26847338496
1022.27,26848157696
1022.56,26848976896
1022.85,26850205696
1023.14,26851024896
1023.43,26851844096
1023.72,26852663296
1024.01,26852663296
1024.30,26852663296
1024.59,26852663296
1024.89,26852663296
1025.18,26852663296
1025.47,26852663296
1025.76,26852663296
1026.05,26852663296
1026.35,26852663296
1026.63,26852663296
1026.93,26852663296
1027.22,26852663296
1027.51,26852663296
1027.81,26852663296
1028.09,26852663296
1028.38,26852663296
1028.67,26853072896
1028.97,26853892096
1029.27,26855120896
1029.56,26855940096
1029.85,26856759296
1030.14,26857578496
1030.43,26858397696
1030.72,26859216896
1031.01,26859216896
1031.30,26859216896
1031.60,26859216896
1031.89,26859216896
1032.18,26859216896
1032.47,26859216896
1032.77,26859216896
1033.06,26859216896
1033.35,26859626496
1033.64,26860445696
1033.93,26861264896
1034.22,26862493696
1034.51,26863312896
1034.79,26864132096
1035.08,26864951296
1035.38,26864951296
1035.66,26864951296
1035.96,26864951296
1036.25,26864951296
1036.54,26864951296
1036.83,26864951296
1037.12,26864951296
1037.41,26864951296
1037.70,26865360896
1037.98,26866180096
1038.27,26867408896
1038.56,26868228096
1038.86,26869047296
1039.15,26870276096
1039.43,26871095296
1039.72,26872324096
1040.02,26873143296
1040.30,26873962496
1040.59,26875191296
1040.88,26876010496
1041.17,26876829696
1041.47,26877648896
1041.75,26878468096
1042.04,26879287296
1042.33,26880516096
1042.62,26881335296
1042.91,26881744896
1043.20,26882973696
1043.49,26883792896
1043.77,26884612096
1044.06,26885431296
1044.36,26886660096
1044.65,26886660096
1044.94,26886660096
1045.23,26886660096
1045.52,26886660096
1045.81,26886660096
1046.10,26886660096
1046.39,26886660096
1046.68,26886660096
1046.97,26886660096
1047.26,26886660096
1047.55,26886660096
1047.83,26886660096
1048.12,26886660096
1048.41,26887069696
1048.70,26887888896
1048.99,26888708096
1049.28,26889936896
1049.57,26890756096
1049.87,26891575296
1050.16,26892394496
1050.45,26892804096
1050.74,26892804096
1051.04,26892804096
1051.34,26892804096
1051.63,26892804096
1051.92,26892804096
1052.21,26892804096
1052.50,26892804096
1052.79,26893213696
1053.08,26894032896
1053.37,26894852096
1053.66,26895671296
1053.95,26896900096
1054.24,26898128896
1054.53,26898948096
1054.83,26899767296
1055.12,26900996096
1055.41,26901815296
1055.70,26901815296
1055.99,26901815296
1056.28,26901815296
1056.57,26901815296
1056.85,26901815296
1057.14,26901815296
1057.43,26901815296
1057.72,26901815296
1058.01,26901815296
1058.30,26902634496
1058.58,26903453696
1058.87,26904272896
1059.17,26905501696
1059.46,26906320896
1059.76,26907140096
1060.05,26907959296
1060.33,26909188096
1060.63,26909597696
1060.92,26910416896
1061.21,26911236096
1061.49,26912055296
1061.79,26912874496
1062.08,26913693696
1062.37,26914512896
1062.66,26914103296
1062.95,26914103296
1063.24,26914103296
1063.52,26914103296
1063.82,26914103296
1064.10,26914103296
1064.39,26914103296
1064.68,26914103296
1064.97,26914103296
1065.26,26914103296
1065.54,26914103296
1065.83,26914103296
1066.12,26914103296
1066.40,26914103296
1066.69,26914103296
1066.97,26914512896
1067.26,26914922496
1067.55,26915741696
1067.84,26916560896
1068.13,26917380096
1068.41,26918199296
1068.70,26919018496
1068.99,26919837696
1069.28,26920247296
1069.57,26921066496
1069.85,26921476096
1070.14,26921476096
1070.43,26921476096
1070.72,26921476096
1071.01,26921476096
1071.29,26921476096
1071.58,26921476096
1071.87,26921476096
1072.16,26921885696
1072.45,26922704896
1072.74,26923114496
1073.03,26923933696
1073.32,26924752896
1073.62,26925572096
1073.90,26925981696
1074.19,26925981696
1074.48,26925981696
1074.77,26925981696
1075.06,26925981696
1075.35,26925981696
1075.64,26925981696
1075.93,26925981696
1076.22,26926391296
1076.51,26926800896
1076.80,26927620096
1077.09,26928439296
1077.38,26929258496
1077.67,26930487296
1077.96,26931306496
1078.26,26931716096
1078.55,26932535296
1078.84,26932944896
1079.13,26934173696
1079.42,26934583296
1079.70,26935402496
1079.99,26936221696
1080.28,26937040896
1080.58,26937860096
1080.87,26938679296
1081.16,26939088896
1081.44,26939908096
1081.73,26941136896
1082.02,26941546496
1082.31,26942365696
1082.61,26943594496
1082.90,26943594496
1083.19,26944413696
1083.49,26944413696
1083.78,26944413696
1084.07,26944413696
1084.36,26944413696
1084.65,26944413696
1084.94,26944823296
1085.23,26945642496
1085.52,26946461696
1085.82,26947280896
1086.11,26948509696
1086.40,26948509696
1086.69,26948509696
1086.99,26948509696
1087.28,26948509696
1087.57,26948509696
1087.86,26948509696
1088.14,26948509696
1088.43,26948509696
1088.72,26948509696
1089.02,26948509696
1089.31,26948509696
1089.60,26948509696
1089.88,26948509696
1090.17,26948509696
1090.46,26948509696
1090.76,26948509696
1091.05,26948509696
1091.34,26949328896
1091.63,26950148096
1091.92,26950967296
1092.21,26951786496
1092.50,26952605696
1092.79,26952605696
1093.08,26953015296
1093.37,26953015296
1093.65,26953015296
1093.94,26953015296
1094.24,26953015296
1094.53,26953015296
1094.82,26953015296
1095.11,26953015296
1095.40,26953015296
1095.68,26953424896
1095.97,26954244096
1096.26,26955063296
1096.55,26955882496
1096.84,26956701696
1097.13,26957111296
1097.43,26957930496
1097.72,26958749696
1098.01,26959568896
1098.30,26960797696
1098.60,26961616896
1098.89,26962436096
1099.17,26963255296
1099.46,26964074496
1099.76,26964074496
1100.05,26964074496
1100.34,26964074496
1100.62,26964074496
1100.92,26964074496
1101.21,26964074496
1101.50,26964074496
1101.79,26964074496
1102.08,26964074496
1102.37,26964074496
1102.66,26963664896
1102.94,26963664896
1103.23,26963664896
1103.52,26963664896
1103.81,26963664896
1104.10,26963664896
1104.39,26963664896
1104.68,26963664896
1104.97,26963664896
1105.26,26964074496
1105.55,26964893696
1105.84,26966122496
1106.13,26966941696
1106.43,26967351296
1106.72,26968580096
1107.02,26969399296
1107.33,26969808896
1107.62,26969808896
1107.91,26969808896
1108.20,26969808896
1108.49,26969808896
1108.78,26969808896
1109.07,26969808896
1109.37,26969808896
1109.65,26969808896
1109.94,26970628096
1110.23,26971447296
1110.52,26972266496
1110.81,26973495296
1111.10,26974314496
1111.39,26975133696
1111.68,26975543296
1111.97,26975543296
1112.27,26975543296
1112.56,26975543296
1112.85,26975133696
1113.14,26975133696
1113.43,26975133696
1113.71,26975133696
1114.01,26975133696
1114.30,26975952896
1114.58,26976362496
1114.87,26977181696
1115.16,26978000896
1115.45,26978820096
1115.75,26978820096
1116.04,26978820096
1116.34,26978820096
1116.63,26978820096
1116.92,26978820096
1117.21,26978820096
1117.50,26978820096
1117.78,26978820096
1118.07,26978820096
1118.36,26979639296
1118.65,26980458496
1118.95,26981277696
1119.24,26982096896
1119.54,26982916096
1119.83,26983735296
1120.12,26984554496
1120.41,26985373696
1120.71,26986192896
1121.00,26987012096
1121.30,26987421696
1121.59,26987421696
1121.88,26987421696
1122.18,26987421696
1122.47,26987421696
1122.76,26987421696
1123.05,26987421696
1123.34,26987421696
1123.63,26987421696
1123.92,26987421696
1124.21,26987421696
1124.50,26987421696
1124.80,26987421696
1125.09,26987421696
1125.38,26987421696
1125.66,26987421696
1125.96,26987421696
1126.24,26988240896
1126.53,26989060096
1126.82,26989879296
1127.11,26990698496
1127.41,26991517696
1127.70,26991927296
1127.99,26993156096
1128.28,26993975296
1128.57,26994384896
1128.86,26994384896
1129.16,26994384896
1129.45,26994384896
1129.74,26994384896
1130.03,26994384896
1130.32,26994384896
1130.60,26994384896
1130.89,26994384896
1131.18,26995204096
1131.48,26996023296
1131.78,26996842496
1132.07,26997661696
1132.36,26998480896
1132.65,26998890496
1132.94,26999709696
1133.22,27000938496
1133.52,27001348096
1133.81,27001348096
1134.11,27001348096
1134.39,27001348096
1134.69,27001348096
1134.98,27001348096
1135.26,27001348096
1135.55,27001348096
1135.84,27001348096
1136.14,27002167296
1136.43,27002986496
1136.73,27004215296
1137.03,27005034496
1137.32,27005444096
1137.61,27006263296
1137.90,27006263296
1138.19,27006263296
1138.49,27006263296
1138.78,27006263296
1139.08,27006263296
1139.37,27006263296
1139.66,27006263296
1139.95,27006263296
1140.25,27006263296
1140.54,27006263296
1140.84,27006263296
1141.13,27006263296
1141.43,27006263296
1141.72,27006263296
1142.02,54011527168
1142.32,54012346368
1142.60,54012755968
1142.89,53992996864
1143.19,53968830464
1143.48,53946302464
1143.77,53921726464
1144.06,53909028864
1144.36,53909028864
1144.65,53909028864
1144.95,53909028864
1145.24,53909028864
1145.53,53909028864
1145.82,53902065664
1146.12,53902065664
1146.41,53902065664
1146.71,53902065664
1147.00,53902065664
1147.29,53902065664
1147.58,53902065664
1147.87,53902065664
1148.16,53900017664
1148.45,53879537664
1148.74,53859876864
1149.03,53836120064
1149.32,53812772864
1149.61,53789016064
1149.90,53765259264
1150.19,53741912064
1150.48,53721432064
1150.77,53721432064
1151.06,53721432064
1151.35,53721432064
1151.64,53721432064
1151.93,53721432064
1152.21,53721432064
1152.50,53721432064
1152.79,53721432064
1153.08,53721432064
1153.37,53721432064
1153.66,53721432064
1153.95,53721432064
1154.24,53721432064
1154.54,53721432064
1154.83,53720612864
1155.12,53699313664
1155.41,53676376064
1155.70,53657944064
1155.99,53657944064
1156.28,53657944064
1156.58,53657944064
1156.87,53657944064
1157.15,53657944064
1157.45,53657944064
1157.73,53657944064
1158.02,53657944064
1158.31,53641150464
1158.60,53617803264
1158.89,53593636864
1159.18,53574385664
1159.47,53556363264
1159.76,53535883264
1160.05,53521547264
1160.35,53521547264
1160.63,53521547264
1160.92,53521547264
1161.21,53521547264
1161.51,53521547264
1161.79,53521547264
1162.08,53511716864
1162.38,53486731264
1162.67,53486321664
1162.96,53486321664
1163.25,53486321664
1163.54,53486321664
1163.84,53486321664
1164.13,53486321664
1164.42,53486321664
1164.71,53483454464
1165.00,53465432064
1165.29,53448228864
1165.59,53424062464
1165.88,53403582464
1166.17,53386379264
1166.46,53386379264
1166.76,53386379264
1167.05,53386379264
1167.34,53386379264
1167.63,53386379264
1167.91,53386379264
1168.20,53386379264
1168.50,53386379264
1168.79,53384331264
1169.08,53384331264
1169.38,53384331264
1169.67,53384331264
1169.95,53384331264
1170.24,53384331264
1170.53,53384331264
1170.82,53383512064
1171.11,53362622464
1171.40,53338456064
1171.70,53331902464
1171.99,53331902464
1172.28,53331902464
1172.57,53331902464
1172.86,53331443712
1173.15,53331443712
1173.45,53331443712
1173.74,53331443712
1174.03,53331443712
1174.32,53328576512
1174.61,53305229312
1174.90,53279834112
1175.19,53260992512
1175.49,53235597312
1175.78,53210611712
1176.07,53192179712
1176.37,53192179712
1176.67,53192179712
1176.96,53192179712
1177.25,53192179712
1177.54,53192179712
1177.83,53191770112
1178.12,53170880512
1178.42,53154906112
1178.71,53154906112
1179.01,53154906112
1179.30,53154906112
1179.59,53154906112
1179.88,53154906112
1180.17,53154906112
1180.46,53154906112
1180.75,53154906112
1181.04,53143846912
1181.32,53124186112
1181.62,53100429312
1181.91,53077082112
1182.20,53061926912
1182.49,53060698112
1182.79,53060255744
1183.07,53060255744
1183.37,53060255744
1183.66,53060255744
1183.95,53060255744
1184.24,53060255744
1184.53,53060665344
1184.82,53060665344
1185.11,53060665344
1185.40,53060665344
1185.69,53060665344
1185.98,53060665344
1186.28,53060665344
1186.57,53060665344
1186.86,53060665344
1187.15,53043871744
1187.43,53023391744
1187.72,53005778944
1188.01,53005778944
1188.30,53005778944
1188.59,53005778944
1188.88,53005778944
1189.17,53005778944
1189.46,53005778944
1189.75,53005778944
1190.04,53005778944
1190.33,53005778944
1190.62,52992262144
1190.91,52969324544
1191.20,52946796544
1191.49,52924678144
1191.78,52902559744
1192.07,52880031744
1192.36,52880031744
1192.64,52880031744
1192.93,52880031744
1193.22,52880031744
1193.51,52880031744
1193.80,52880031744
1194.09,52873068544
1194.38,52850130944
1194.67,52839481344
1194.96,52839481344
1195.25,52839481344
1195.54,52839481344
1195.83,52839481344
1196.12,52839481344
1196.40,52839481344
1196.69,52839481344
1196.98,52839481344
1197.26,52835385344
1197.55,52814086144
1197.84,52791148544
1198.13,52767801344
1198.42,52750598144
1198.71,52733394944
1198.99,52733394944
1199.29,52733394944
1199.57,52733394944
1199.87,52733394944
1200.16,52733394944
1200.45,52733394944
1200.74,52733394944
1201.03,52731346944
1201.31,52731346944
1201.60,52731346944
1201.90,52731346944
1202.19,52731346944
1202.48,52731346944
1202.77,52731346944
1203.05,52731346944
1203.35,52718239744
1203.64,52698578944
1203.93,52679737344
1204.23,52679737344
1204.53,52679737344
1204.82,52679737344
1205.11,52679737344
1205.40,52679737344
1205.69,52679737344
1205.99,52679737344
1206.28,52679737344
1206.57,52666630144
1206.87,52643692544
1207.16,52619935744
1207.45,52596588544
1207.75,52572422144
1208.04,52561772544
1208.33,52561772544
1208.63,52561772544
1208.92,52561772544
1209.21,52561772544
1209.50,52561772544
1209.80,52561772544
1210.08,52540882944
1210.38,52518764544
1210.67,52495417344
1210.96,52480671744
1211.25,52481081344
1211.54,52477804544
1211.84,52471250944
1212.13,52471250944
1212.42,52471250944
1212.71,52470542336
1213.00,52470542336
1213.30,52470542336
1213.59,52470542336
1213.87,52470542336
1214.16,52470542336
1214.45,52470542336
1214.74,52470542336
1215.03,52470542336
1215.31,52470542336
1215.60,52470542336
1215.88,52470542336
1216.17,52470542336
1216.46,52450471936
1216.76,52427534336
1217.04,52411559936
1217.33,52411559936
1217.62,52411559936
1217.91,52411559936
1218.20,52411559936
1218.48,52411559936
1218.77,52411559936
1219.06,52411559936
1219.35,52410740736
1219.64,52387393536
1219.92,52364046336
1220.21,52340289536
1220.50,52316123136
1220.79,52311207936
1221.08,52311207936
1221.37,52311207936
1221.66,52311207936
1221.95,52311207936
1222.24,52311207936
1222.53,52311207936
1222.82,52301377536
1223.11,52276801536
1223.40,52253044736
1223.69,52228878336
1223.97,52218228736
1224.25,52218228736
1224.54,52218228736
1224.84,52218228736
1225.12,52218228736
1225.41,52218228736
1225.70,52218228736
1225.99,52211265536
1226.28,52188327936
1226.57,52173582336
1226.86,52173582336
1227.15,52173582336
1227.44,52173582336
1227.73,52173582336
1228.02,52173582336
1228.30,52173582336
1228.58,52173582336
1228.87,52173582336
1229.16,52155559936
1229.45,52135489536
1229.75,52115419136
1230.04,52098625536
1230.34,52090843136
1230.63,52090843136
1230.92,52090843136
1231.21,52090843136
1231.50,52090843136
1231.80,52090843136
1232.08,52090843136
1232.38,52090843136
1232.66,52090376192
1232.95,52086689792
1233.25,52086689792
1233.54,52086689792
1233.83,52086689792
1234.12,52086689792
1234.40,52086689792
1234.70,52086689792
1234.98,52086689792
1235.27,52086689792
1235.56,52086689792
1235.84,52083412992
1236.13,52061704192
1236.42,52043681792
1236.71,52019924992
1237.01,51995758592
1237.30,51988795392
1237.59,51988795392
1237.88,51988795392
1238.17,51988795392
1238.46,51988795392
1238.75,51988795392
1239.04,51988795392
1239.34,51972411392
1239.63,51948654592
1239.93,51922030592
1240.23,51895816192
1240.52,51892539392
1240.81,51892539392
1241.11,51892539392
1241.40,51892539392
1241.69,51892539392
1241.98,51892539392
1242.27,51889262592
1242.56,51866324992
1242.86,51842568192
1243.15,51817172992
1243.44,51800788992
1243.74,51800788992
1244.03,51800788992
1244.32,51800788992
1244.61,51800788992
1244.90,51800788992
1245.20,51800788992
1245.48,51800788992
1245.77,51792187392
1246.06,51766382592
1246.35,51749998592
1246.65,51749998592
1246.94,51749998592
1247.24,51749998592
1247.53,51749998592
1247.82,51749998592
1248.11,51749998592
1248.40,51749998592
1248.70,51740577792
1248.99,51718868992
1249.28,51702075392
1249.57,51701256192
1249.87,51701256192
1250.16,51701256192
1250.45,51701256192
1250.74,51701256192
1251.04,51701256192
1251.33,51701256192
1251.62,51701256192
1251.91,51701256192
1252.20,51685691392
1252.48,51661115392
1252.78,51649413120
1253.08,51649413120
1253.37,51649413120
1253.66,51649413120
1253.95,51649413120
1254.25,51649413120
1254.54,51649413120
1254.83,51649413120
1255.13,51649413120
1255.42,51633848320
1255.71,51609681920
1256.00,51596165120
1256.29,51596165120
1256.58,51596165120
1256.88,51596165120
1257.17,51596165120
1257.46,51596165120
1257.75,51596165120
1258.05,51596165120
1258.34,51574046720
1258.63,51554385920
1258.92,51547422720
1259.22,51547422720
1259.51,51547422720
1259.80,51547422720
1260.09,51547422720
1260.38,51547422720
1260.67,51547422720
1260.96,51547422720
1261.24,51534315520
1261.54,51511377920
1261.83,51494174720
1262.13,51494174720
1262.42,51494174720
1262.71,51494174720
1263.01,51494174720
1263.30,51494174720
1263.59,51494174720
1263.88,51494174720
1264.17,51494174720
1264.46,51494174720
1264.76,51484344320
1265.05,51459358720
1265.35,51440517120
1265.63,51440517120
1265.92,51440517120
1266.21,51440517120
1266.49,51440517120
1266.79,51440517120
1267.09,51440517120
1267.38,51440517120
1267.67,51440517120
1267.95,51436421120
1268.24,51411025920
1268.55,51386449920
1268.84,51374571520
1269.13,51374571520
1269.42,51374571520
1269.70,51374571520
1269.99,51374571520
1270.28,51374571520
1270.57,51374571520
1270.87,51374571520
1271.16,51368837120
1271.45,51344261120
1271.74,51324600320
1272.03,51324600320
1272.32,51324600320
1272.61,51324600320
1272.90,51324190720
1273.19,51324190720
1273.49,51324190720
1273.78,51324190720
1274.07,51324190720
1274.37,51324190720
1274.66,51324190720
1274.96,51324190720
1275.25,51320913920
1275.54,51320913920
1275.84,51320913920
1276.14,51320913920
1276.43,51320913920
1276.73,51320913920
1277.02,51320913920
1277.30,51320913920
1277.60,51302072320
1277.89,51278315520
1278.17,51273809920
1278.46,51273809920
1278.75,51273809920
1279.05,51273809920
1279.34,51273809920
1279.63,51273809920
1279.92,51273809920
1280.21,51273809920
1280.50,51273809920
1280.79,51266437120
1281.08,51243089920
1281.36,51227115520
1281.66,51220971520
1281.95,51220971520
1282.24,51220971520
1282.54,51220971520
1282.83,51220561920
1283.12,51220561920
1283.41,51220561920
1283.70,51220561920
1283.99,51214417920
1284.28,51190251520
1284.58,51166494720
1284.87,51157893120
1285.16,51157893120
1285.45,51157893120
1285.74,51157893120
1286.04,51157893120
1286.32,51157893120
1286.60,51157893120
1286.89,51157893120
1287.19,51146014720
1287.47,51122257920
1287.77,51100958720
1288.06,51100958720
1288.35,51100958720
1288.65,51100958720
1288.94,51100958720
1289.23,51100958720
1289.53,51100958720
1289.82,51100958720
1290.11,51100958720
1290.40,51100958720
1290.69,51094405120
1290.99,51071057920
1291.28,51052625920
1291.57,51050168320
1291.86,51050168320
1292.16,51050168320
1292.45,51050168320
1292.74,51049578496
1293.03,51049578496
1293.32,51049578496
1293.61,51049578496
1293.90,51049578496
1294.19,51044253696
1294.49,51020496896
1294.78,50998788096
1295.07,50998788096
1295.37,50998788096
1295.65,50998788096
1295.94,50998788096
1296.23,50998788096
1296.52,50998788096
1296.81,50998788096
1297.10,50998788096
1297.39,50987319296
1297.68,50962333696
1297.97,50947588096
1298.26,50947588096
1298.55,50947588096
1298.85,50947588096
1299.13,50947588096
1299.43,50947588096
1299.72,50947588096
1300.02,50947588096
1300.30,50947588096
1300.59,50944720896
1300.88,50926698496
1301.17,50903351296
1301.47,50900893696
1301.76,50900893696
1302.05,50900893696
1302.34,50900893696
1302.63,50900893696
1302.93,50900893696
1303.22,50900893696
1303.51,50900893696
1303.80,50888605696
1304.10,50866487296
1304.38,50850922496
1304.67,50850922496
1304.96,50850922496
1305.25,50850922496
1305.54,50850922496
1305.82,50850922496
1306.11,50850922496
1306.40,50850922496
1306.69,50850922496
1306.98,50838224896
1307.27,50814877696
1307.55,50795216896
1307.84,50786615296
1308.14,50786615296
1308.43,50786615296
1308.72,50786615296
1309.01,50786615296
1309.30,50786615296
1309.59,50786615296
1309.88,50786615296
1310.18,50786615296
1310.47,50786615296
1310.76,50783748096
1311.05,50760810496
1311.34,50737463296
1311.62,50725584896
1311.91,50725584896
1312.20,50725584896
1312.49,50725584896
1312.78,50724974592
1313.06,50724974592
1313.35,50724974592
1313.63,50724974592
1313.93,50724974592
1314.22,50722107392
1314.51,50698350592
1314.80,50674184192
1315.09,50674184192
1315.38,50674184192
1315.68,50674184192
1315.97,50674184192
1316.26,50674184192
1316.55,50674184192
1316.84,50674184192
1317.14,50671726592
1317.43,50647560192
1317.73,50628308992
1318.02,50625851392
1318.31,50625851392
1318.60,50625851392
1318.89,50625851392
1319.18,50625851392
1319.47,50625851392
1319.76,50625851392
1320.04,50625851392
1320.33,50625851392
1320.62,50613972992
1320.91,50591035392
1321.20,50574651392
1321.49,50574651392
1321.78,50574651392
1322.07,50574651392
1322.36,50574651392
1322.64,50574651392
1322.93,50574651392
1323.23,50574651392
1323.52,50564001792
1323.81,50540244992
1324.10,50520584192
1324.39,50519764992
1324.68,50519764992
1324.97,50519764992
1325.26,50519764992
1325.55,50519764992
1325.84,50519764992
1326.12,50519764992
1326.42,50519764992
1326.70,50519764992
1326.99,50516488192
1327.28,50493960192
1327.57,50469384192
1327.86,50452180992
1328.15,50452180992
1328.44,50452180992
1328.73,50452180992
1329.03,50452180992
1329.32,50452180992
1329.61,50452180992
1329.90,50452180992
1330.19,50450542592
1330.48,50439892992
1330.77,50439892992
1331.06,50439892992
1331.34,50439892992
1331.63,50439892992
1331.92,50439892992
1332.21,50439892992
1332.50,50439892992
1332.79,50435383296
1333.08,50428010496
1333.37,50428010496
1333.66,50428010496
1333.95,50428010496
1334.24,50428010496
1334.53,50428010496
1334.82,50428010496
1335.11,50428010496
1335.40,50413264896
1335.70,50387869696
1335.99,50377220096
1336.29,50377220096
1336.57,50377220096
1336.86,50377220096
1337.15,50377220096
1337.44,50377220096
1337.73,50377220096
1338.02,50377220096
1338.31,50376400896
1338.60,50377220096
1338.89,50357149696
1339.18,50341994496
1339.48,50341994496
1339.77,50341994496
1340.06,50341994496
1340.35,50341994496
1340.64,50341994496
1340.93,50341994496
1341.22,50341994496
1341.52,50338308096
1341.81,50317828096
1342.10,50293661696
1342.39,50288746496
1342.69,50288316416
1342.98,50288316416
1343.27,50288316416
1343.56,50288316416
1343.85,50288316416
1344.15,50288316416
1344.44,50288316416
1344.72,50276028416
1345.02,50255548416
1345.31,50237935616
1345.60,50237935616
1345.88,50237935616
1346.17,50237935616
1346.45,50237935616
1346.75,50237935616
1347.04,50237935616
1347.33,50237935616
1347.63,50237526016
1347.92,50217046016
1348.21,50192879616
1348.51,50188783616
1348.80,50188783616
1349.09,50188783616
1349.38,50188783616
1349.67,50188783616
1349.96,50188783616
1350.26,50188783616
1350.55,50188783616
1350.85,50177314816
1351.13,50152738816
1351.42,50141270016
1351.71,50141270016
1352.00,50141270016
1352.29,50141270016
1352.56,50141270016
1352.86,50140569600
1353.14,50140569600
1353.43,50140569600
1353.72,50140569600
1354.02,50133606400
1354.30,50115584000
1354.60,50090598400
1354.88,50089369600
1355.17,50089369600
1355.46,50089369600
1355.75,50089369600
1356.04,50089369600
1356.34,50089369600
1356.62,50089369600
1356.91,50089369600
1357.20,50089369600
1357.49,50076262400
1357.79,50051276800
1358.09,50040217600
1358.38,50040217600
1358.67,50040217600
1358.95,50040217600
1359.25,50040217600
1359.54,50040217600
1359.83,50040217600
1360.12,50040217600
1360.41,50040217600
1360.70,50019737600
1361.00,50000896000
1361.29,49991065600
1361.58,49991065600
1361.86,49991065600
1362.15,49991065600
1362.44,49991065600
1362.72,49991065600
1363.02,49991065600
1363.30,49991065600
1363.59,49989427200
1363.89,49967718400
1364.18,49943142400
1364.47,49942732800
1364.76,49942732800
1365.05,49942732800
1365.34,49942732800
1365.63,49942732800
1365.92,49942732800
1366.20,49942732800
1366.49,49942732800
1366.78,49930854400
1367.07,49912012800
1367.36,49895219200
1367.66,49895219200
1367.94,49895219200
1368.23,49895219200
1368.51,49895219200
1368.81,49895219200
1369.10,49895219200
1369.40,49895219200
1369.69,49895219200
1369.97,49885388800
1370.26,49869004800
1370.55,49842790400
1370.84,49822310400
1371.14,49822310400
1371.42,49822310400
1371.71,49822310400
1372.00,49822310400
1372.30,49822310400
1372.59,49822310400
1372.88,49822310400
1373.17,49822310400
1373.46,49810022400
1373.76,49790361600
1374.05,49774796800
1374.34,49774796800
1374.63,49774796800
1374.92,49774796800
1375.21,49774796800
1375.50,49774796800
1375.79,49774796800
1376.07,49774796800
1376.37,49774796800
1376.66,49774796800
1376.96,49766195200
1377.25,49748582400
1377.54,49727283200
1377.82,49723187200
1378.12,49723187200
1378.41,49723187200
1378.71,49723187200
1378.99,49723187200
1379.28,49723187200
1379.57,49723187200
1379.86,49723187200
1380.15,49723187200
1380.44,49719910400
1380.74,49696972800
1381.03,49672396800
1381.32,49647411200
1381.62,49639219200
1381.91,49639219200
1382.20,49639219200
1382.49,49639219200
1382.78,49639219200
1383.08,49639219200
1383.37,49639219200
1383.66,49639219200
1383.95,49639219200
1384.24,49637580800
1384.52,49617100800
1384.82,49597440000
1385.10,49575731200
1385.40,49561395200
1385.69,49561395200
1385.98,49561395200
1386.26,49561395200
1386.55,49561395200
1386.84,49561395200
1387.13,49561395200
1387.43,49561395200
1387.71,49561395200
1388.01,49561395200
1388.30,49559347200
1388.59,49559347200
1388.87,49559347200
1389.17,49559347200
1389.46,49559347200
1389.75,49559347200
1390.05,49559347200
1390.34,49559347200
1390.63,49559347200
1390.92,49559347200
1391.21,49547468800
1391.50,49523302400
1391.79,49502822400
1392.09,49502822400
1392.38,49502822400
1392.68,49502400512
1392.97,49502400512
1393.26,49502400512
1393.56,49502400512
1393.84,49502400512
1394.13,49502400512
1394.42,49502400512
1394.72,49497894912
1395.01,49473728512
1395.31,49452429312
1395.60,49452429312
1395.89,49452429312
1396.18,49452429312
1396.47,49452429312
1396.76,49452429312
1397.06,49452429312
1397.35,49452429312
1397.64,49451610112
1397.93,49451200512
1398.22,49452019712
1398.52,49433997312
1398.81,49409011712
1399.10,49397952512
1399.40,49397952512
1399.68,49397952512
1399.97,49397952512
1400.26,49397952512
1400.55,49397952512
1400.84,49397952512
1401.13,49397952512
1401.42,49397952512
1401.71,49397952512
1401.99,49397952512
1402.29,49397952512
1402.58,49397952512
1402.87,49397514240
1403.15,49397514240
1403.45,49397514240
1403.74,49397514240
1404.03,49393827840
1404.33,49369251840
1404.61,49356963840
1404.90,49356963840
1405.20,49356963840
1405.49,49356963840
1405.78,49356963840
1406.07,49356963840
1406.36,49356963840
1406.65,49356963840
1406.93,49345904640
1407.22,49322147840
1407.52,49298800640
1407.81,49278730240
1408.11,49278730240
1408.40,49278730240
1408.69,49278730240
1408.99,49278730240
1409.27,49278730240
1409.56,49278730240
1409.85,49278730240
1410.14,49278730240
1410.43,49278730240
1410.71,49266851840
1411.00,49245552640
1411.29,49225072640
1411.58,49225072640
1411.88,49225072640
1412.17,49225072640
1412.46,49225072640
1412.75,49225072640
1413.05,49225072640
1413.34,49225072640
1413.63,49221386240
1413.92,49197629440
1414.21,49190666240
1414.51,49190666240
1414.80,49190666240
1415.08,49190666240
1415.37,49190666240
1415.66,49190666240
1415.95,49190666240
1416.23,49190666240
1416.52,49173872640
1416.81,49159536640
1417.09,49159536640
1417.39,49159536640
1417.68,49159536640
1417.96,49159536640
1418.24,49159536640
1418.54,49159536640
1418.83,49159536640
1419.12,49159536640
1419.40,49150525440
1419.69,49125539840
1419.97,49101373440
1420.26,49088675840
1420.55,49088675840
1420.84,49088675840
1421.13,49088675840
1421.41,49088675840
1421.71,49088675840
1422.00,49088675840
1422.29,49088675840
1422.59,49086218240
1422.88,49077616640
1423.17,49077616640
1423.46,49077616640
1423.75,49077616640
1424.05,49077616640
1424.33,49077616640
1424.62,49077616640
1424.91,49077616640
1425.20,49073930240
1425.49,49057136640
1425.79,49032151040
1426.08,49030512640
1426.38,49030512640
1426.67,49030512640
1426.97,49030512640
1427.26,49030512640
1427.55,49030512640
1427.84,49030512640
1428.14,49030512640
1428.43,49018634240
1428.72,48996925440
1429.01,48976035840
1429.30,48959242240
1429.60,48959242240
1429.89,48959242240
1430.18,48959242240
1430.47,48959242240
1430.76,48959242240
1431.05,48959242240
1431.35,48959242240
1431.64,48955965440
1431.93,48933437440
1432.22,48912138240
1432.51,48912138240
1432.80,48912138240
1433.09,48912138240
1433.38,48912138240
1433.67,48912138240
1433.96,48912138240
1434.25,48912138240
1434.54,48912138240
1434.83,48907632640
1435.12,48884285440
1435.41,48861347840
1435.70,48861347840
1436.00,48861347840
1436.28,48861347840
1436.56,48861347840
1436.86,48861347840
1437.15,48861347840
1437.44,48861347840
1437.73,48861347840
1438.02,48847011840
1438.31,48822845440
1438.59,48798679040
1438.88,48792125440
1439.18,48792125440
1439.46,48792125440
1439.76,48792125440
1440.04,48792125440
1440.33,48792125440
1440.62,48792125440
1440.90,48792125440
1441.19,48774103040
1441.48,48749527040
1441.78,48725770240
1442.07,48716349440
1442.35,48716349440
1442.65,48716349440
1442.94,48715522048
1443.23,48715522048
1443.52,48715522048
1443.81,48715522048
1444.11,48715522048
1444.40,48701595648
1444.69,48682344448
1444.98,48657358848
1445.27,48655310848
1445.56,48655310848
1445.85,48655310848
1446.15,48655310848
1446.44,48655310848
1446.73,48655310848
1447.03,48655310848
1447.32,48655310848
1447.61,48655310848
1447.89,48650805248
1448.18,48627048448
1448.47,48602882048
1448.76,48578715648
1449.06,48577896448
1449.35,48577896448
1449.64,48577896448
1449.93,48577896448
1450.22,48577896448
1450.51,48577896448
1450.80,48577896448
1451.08,48577896448
1451.37,48575438848
1451.66,48575438848
1451.94,48575438848
1452.22,48575438848
1452.52,48575438848
1452.80,48575438848
1453.09,48575438848
1453.38,48575438848
1453.67,48575438848
1453.96,48572571648
1454.24,48550043648
1454.53,48529563648
1454.82,48505806848
1455.10,48497205248
1455.39,48497205248
1455.69,48497205248
1455.97,48497205248
1456.27,48497205248
1456.55,48497205248
1456.84,48497205248
1457.14,48497205248
1457.43,48497205248
1457.72,48490651648
1458.01,48468123648
1458.30,48443547648
1458.59,48419790848
1458.87,48407502848
1459.16,48407502848
1459.45,48407502848
1459.74,48407502848
1460.03,48407502848
1460.33,48407502848
1460.61,48407502848
1460.90,48407502848
1461.19,48404226048
1461.48,48394805248
1461.77,48394805248
1462.06,48394805248
1462.35,48394805248
1462.64,48394805248
1462.93,48394285056
1463.22,48394285056
1463.51,48394285056
1463.80,48394285056
1464.10,48394285056
1464.39,48395104256
1464.69,48381587456
1464.98,48381587456
1465.27,48381587456
1465.56,48381587456
1465.86,48381587456
1466.15,48381587456
1466.44,48381587456
1466.73,48381587456
1467.02,48374624256
1467.31,48349229056
1467.60,48332845056
1467.89,48332845056
1468.18,48332845056
1468.47,48332845056
1468.76,48332845056
1469.05,48332845056
1469.34,48332845056
1469.63,48332845056
1469.91,48332845056
1470.21,48330387456
1470.49,48307859456
1470.78,48302534656
1471.06,48302534656
1471.35,48302534656
1471.63,48302534656
1471.92,48302534656
1472.21,48302534656
1472.50,48302534656
1472.78,48302534656
1473.07,48300896256
1473.35,48279187456
1473.64,48254201856
1473.92,48239046656
1474.21,48239046656
1474.50,48239046656
1474.78,48239046656
1475.07,48239046656
1475.36,48239046656
1475.64,48239046656
1475.92,48239046656
1476.21,48239046656
1476.49,48227987456
1476.78,48213651456
1477.07,48213651456
1477.36,48213651456
1477.64,48213651456
1477.92,48213651456
1478.20,48213651456
1478.48,48213651456
1478.77,48213651456
1479.06,48213651456
1479.35,48211603456
1479.64,48196038656
1479.93,48176377856
1480.22,48151801856
1480.51,48145657856
1480.80,48145657856
1481.09,48145657856
1481.38,48145657856
1481.67,48145657856
1481.96,48145657856
1482.26,48145657856
1482.55,48145657856
1482.84,48145235968
1483.12,48132538368
1483.41,48107962368
1483.70,48096493568
1483.99,48096493568
1484.27,48096493568
1484.56,48096493568
1484.86,48096493568
1485.15,48096493568
1485.43,48096493568
1485.72,48096493568
1486.01,48091168768
1486.29,48074375168
1486.59,48074375168
1486.87,48074375168
1487.16,48074375168
1487.45,48074375168
1487.75,48074375168
1488.04,48074375168
1488.33,48074375168
1488.61,48074375168
1488.90,48057171968
1489.19,48030957568
1489.48,48030547968
1489.77,48030547968
1490.07,48030547968
1490.36,48030547968
1490.65,48030547968
1490.93,48030547968
1491.22,48030547968
1491.52,48030547968
1491.80,48025223168
1492.10,48001056768
1492.39,47977299968
1492.68,47953133568
1492.97,47928967168
1493.26,47927328768
1493.55,47927328768
1493.83,47927328768
1494.13,47927328768
1494.42,47927328768
1494.71,47927328768
1495.01,47927328768
1495.29,47926919168
1495.58,47919136768
1495.87,47919136768
1496.16,47919136768
1496.45,47919136768
1496.75,47919136768
1497.04,47919136768
1497.34,47919136768
1497.62,47919136768
1497.91,47903162368
1498.20,47881453568
1498.50,47860563968
1498.80,47860563968
1499.08,47860563968
1499.37,47860563968
1499.66,47860563968
1499.95,47860563968
1500.24,47860563968
1500.53,47860563968
1500.82,47860563968
1501.10,47860563968
1501.39,47845408768
1501.69,47845408768
1501.97,47845408768
1502.27,47845408768
1502.56,47845408768
1502.85,47844954112
1503.14,47844954112
1503.43,47844954112
1503.73,47840448512
1504.02,47819149312
1504.31,47795392512
1504.59,47771226112
1504.89,47749926912
1505.18,47728627712
1505.48,47728627712
1505.77,47728627712
1506.05,47728627712
1506.35,47728627712
1506.64,47728627712
1506.93,47728627712
1507.22,47728627712
1507.51,47728627712
1507.81,47728627712
1508.10,47728627712
1508.39,47728627712
1508.68,47728627712
1508.97,47728627712
1509.27,47728627712
1509.56,47728627712
1509.85,47728627712
1510.14,47716749312
1510.42,47692582912
1510.72,47668826112
1511.01,47647526912
1511.30,47647526912
1511.58,47647526912
1511.86,47647526912
1512.16,47647526912
1512.44,47647526912
1512.73,47647526912
1513.02,47647526912
1513.31,47644659712
1513.60,47643430912
1513.89,47643430912
1514.18,47643430912
1514.46,47643430912
1514.75,47643430912
1515.04,47643430912
1515.33,47643430912
1515.62,47643430912
1515.90,47643430912
1516.19,47642611712
1516.48,47622541312
1516.77,47602880512
1517.07,47601242112
1517.36,47601242112
1517.65,47601242112
1517.94,47601242112
1518.23,47601242112
1518.52,47601242112
1518.81,47601242112
1519.10,47601242112
1519.40,47583629312
1519.70,47559872512
1519.98,47535296512
1520.28,47516454912
1520.57,47497613312
1520.87,47482867712
1521.16,47482867712
1521.46,47482867712
1521.75,47482867712
1522.04,47482867712
1522.33,47482867712
1522.62,47482867712
1522.91,47482867712
1523.20,47482867712
1523.48,47482867712
1523.76,47482867712
1524.05,47482867712
1524.33,47482867712
1524.63,47482867712
1524.91,47482867712
1525.20,47482867712
1525.49,47482867712
1525.78,47470170112
1526.06,47446003712
1526.35,47434125312
1526.63,47434125312
1526.92,47434125312
1527.21,47434125312
1527.50,47434125312
1527.78,47434125312
1528.07,47434125312
1528.36,47434125312
1528.64,47434125312
1528.92,47430029312
1529.22,47412006912
1529.50,47388250112
1529.79,47376371712
1530.08,47376371712
1530.37,47376371712
1530.66,47376371712
1530.94,47376371712
1531.23,47376371712
1531.52,47376371712
1531.80,47376371712
1532.10,47376371712
1532.38,47361216512
1532.67,47341555712
1532.96,47331581952
1533.24,47331581952
1533.53,47331581952
1533.81,47331581952
1534.10,47331581952
1534.40,47331581952
1534.69,47331581952
1534.98,47331581952
1535.27,47331581952
1535.56,47331581952
1535.85,47324618752
1536.14,47305777152
1536.43,47284887552
1536.72,47265636352
1537.01,47261949952
1537.31,47261949952
1537.60,47261949952
1537.88,47261949952
1538.17,47261949952
1538.46,47261949952
1538.75,47261949952
1539.04,47261949952
1539.32,47261949952
1539.61,47252938752
1539.90,47229591552
1540.19,47204196352
1540.48,47180849152
1540.77,47156682752
1541.06,47131697152
1541.35,47130877952
1541.63,47130877952
1541.91,47130877952
1542.19,47130877952
1542.47,47130877952
1542.75,47130877952
1543.04,47130877952
1543.32,47130877952
1543.61,47130877952
1543.89,47130877952
1544.18,47130877952
1544.47,47130877952
1544.77,47130877952
1545.06,47130877952
1545.35,47130877952
1545.64,47129239552
1545.93,47112036352
1546.22,47108759552
1546.52,47108759552
1546.80,47108759552
1547.09,47108759552
1547.38,47108759552
1547.67,47108759552
1547.95,47108759552
1548.23,47108759552
1548.52,47101796352
1548.80,47082545152
1549.09,47082545152
1549.38,47082545152
1549.67,47082545152
1549.96,47082545152
1550.25,47082545152
1550.53,47082545152
1550.82,47082545152
1551.11,47082545152
1551.40,47080497152
1551.70,47055511552
1551.99,47030935552
1552.28,47023153152
1552.58,47023153152
1552.87,47023153152
1553.16,47023153152
1553.45,47023153152
1553.74,47023153152
1554.03,47023153152
1554.32,47023153152
1554.61,47023153152
1554.90,47013322752
1555.19,46989975552
1555.49,46967447552
1555.78,46957617152
1556.08,46957617152
1556.37,46957617152
1556.66,46957617152
1556.95,46957617152
1557.24,46957617152
1557.53,46957617152
1557.83,46957617152
1558.11,46937956352
1558.40,46914199552
1558.69,46888394752
1558.98,46863409152
1559.28,46838833152
1559.57,46828183552
1559.87,46828183552
1560.16,46828183552
1560.45,46828183552
1560.74,46828183552
1561.03,46828183552
1561.32,46828183552
1561.62,46828183552
1561.90,46828183552
1562.19,46826135552
1562.48,46826135552
1562.78,46825725952
1563.07,46825725952
1563.36,46825725952
1563.65,46825725952
1563.93,46825725952
1564.22,46825725952
1564.51,46826135552
1564.80,46808932352
1565.10,46785175552
1565.39,46785175552
1565.69,46785175552
1565.98,46785175552
1566.27,46785175552
1566.56,46785175552
1566.86,46785175552
1567.15,46785175552
1567.44,46785175552
1567.73,46785175552
1568.02,46774116352
1568.31,46749130752
1568.60,46729879552
1568.89,46724145152
1569.19,46724145152
1569.48,46724145152
1569.78,46724145152
1570.07,46724145152
1570.36,46724145152
1570.66,46724145152
1570.95,46724145152
1571.24,46719229952
1571.53,46696701952
1571.82,46691377152
1572.11,46691377152
1572.41,46691377152
1572.70,46691377152
1572.99,46691377152
1573.28,46691377152
1573.58,46691377152
1573.87,46690557952
1574.16,46670897152
1574.46,46650007552
1574.75,46625841152
1575.04,46611505152
1575.34,46611505152
1575.63,46611505152
1575.92,46611505152
1576.21,46611505152
1576.50,46611505152
1576.79,46611505152
1577.08,46611505152
1577.37,46611505152
1577.66,46611505152
1577.96,46591434752
1578.25,46566858752
1578.55,46543101952
1578.84,46527946752
1579.13,46505418752
1579.43,46485348352
1579.72,46485348352
1580.01,46485348352
1580.31,46485348352
1580.60,46485348352
1580.89,46485348352
1581.18,46485348352
1581.47,46485348352
1581.76,46485348352
1582.05,46485348352
1582.34,46485348352
1582.63,46485348352
1582.92,46484754432
1583.21,46484754432
1583.50,46484754432
1583.79,46484754432
1584.08,46476562432
1584.37,46455263232
1584.66,46433964032
1584.95,46433964032
1585.25,46433964032
1585.55,46433964032
1585.84,46433964032
1586.13,46433964032
1586.41,46433964032
1586.70,46433964032
1587.00,46433964032
1587.29,46433964032
1587.57,46410616832
1587.87,46387269632
1588.16,46370476032
1588.44,46370476032
1588.73,46370476032
1589.02,46370476032
1589.32,46370476032
1589.60,46370476032
1589.89,46370476032
1590.18,46370476032
1590.46,46370476032
1590.75,46370476032
1591.05,46359826432
1591.33,46336069632
1591.63,46312722432
1591.91,46288556032
1592.20,46265208832
1592.49,46257836032
1592.78,46257397760
1593.07,46257397760
1593.36,46257397760
1593.64,46257397760
1593.92,46257397760
1594.21,46257397760
1594.49,46257397760
1594.78,46257397760
1595.07,46257397760
1595.36,46257397760
1595.65,46257397760
1595.93,46257397760
1596.22,46257397760
1596.51,46257397760
1596.79,46257397760
1597.08,46254530560
1597.36,46229954560
1597.65,46208245760
1597.95,46208245760
1598.23,46208245760
1598.52,46208245760
1598.81,46208245760
1599.10,46208245760
1599.39,46208245760
1599.68,46208245760
1599.97,46200053760
1600.25,46173839360
1600.54,46148034560
1600.82,46146396160
1601.11,46146396160
1601.40,46146396160
1601.69,46146396160
1601.98,46146396160
1602.27,46146396160
1602.56,46146396160
1602.85,46146396160
1603.14,46146396160
1603.43,46126325760
1603.73,46098882560
1604.02,46072668160
1604.30,46045634560
1604.59,46018600960
1604.89,45991567360
1605.18,45989109760
1605.47,45989109760
1605.76,45989109760
1606.05,45989109760
1606.34,45989109760
1606.63,45989109760
1606.91,45989109760
1607.19,45989109760
1607.48,45977640960
1607.78,45951426560
1608.06,45924802560
1608.35,45898178560
1608.65,45871554560
1608.94,45844520960
1609.23,45817077760
1609.52,45794959360
1609.82,45794959360
1610.11,45794959360
1610.40,45794959360
