time,used_memory_rss(bytes)
0.00,29133299712
0.30,29133299712
0.58,29133299712
0.88,29133299712
1.18,29133299712
1.46,29133299712
1.75,29133299712
2.04,29133299712
2.32,29133299712
2.61,29133299712
2.90,29133299712
3.19,29133299712
3.48,29133299712
3.77,29133299712
4.06,29133299712
4.34,29132808192
4.63,29132808192
4.92,29132808192
5.21,29132808192
5.50,29132808192
5.80,29132808192
6.09,29132808192
6.37,29132808192
6.66,29132808192
6.96,29132808192
7.24,29133217792
7.53,29133217792
7.83,29133217792
8.12,29133627392
8.41,29133627392
8.70,29133627392
8.98,29133099008
9.28,29133099008
9.56,29133099008
9.85,29133099008
10.14,29133508608
10.42,29133508608
10.71,29133508608
10.99,29133508608
11.27,29133508608
11.55,29133508608
11.84,29133508608
12.13,29133508608
12.41,29133508608
12.70,29133508608
12.99,29133508608
13.28,29133508608
13.57,29133508608
13.86,29133508608
14.15,29133508608
14.44,29133508608
14.73,29133508608
15.02,29133508608
15.31,29133508608
15.60,29133508608
15.88,29133508608
16.17,29133508608
16.45,29133508608
16.74,29133508608
17.03,29133508608
17.32,29133508608
17.61,29133508608
17.90,29133508608
18.20,29133508608
18.49,29133508608
18.77,29133508608
19.06,29132795904
19.34,29132795904
19.63,29132795904
19.92,29132795904
20.21,29132795904
20.50,29132795904
20.79,29132795904
21.08,29132795904
21.37,29132795904
21.67,29132795904
21.96,29133205504
22.25,29133205504
22.54,29133205504
22.83,29133205504
23.13,29133615104
23.41,29133615104
23.70,29133615104
24.00,29133615104
24.30,29133783040
24.59,29133783040
24.88,29133783040
25.17,29133783040
25.45,29133783040
25.75,29133783040
26.04,29133783040
26.32,29133783040
26.63,29133783040
26.93,29133783040
27.22,29134192640
27.52,29134602240
27.80,29134602240
28.09,29134602240
28.38,29134602240
28.68,29134602240
28.96,29134602240
29.25,29134602240
29.53,29133766656
29.82,29133766656
30.11,29134176256
30.40,29134176256
30.69,29134176256
30.98,29134176256
31.27,29134176256
31.57,29134176256
31.85,29134176256
32.15,29134176256
32.44,29134176256
32.72,29134176256
33.01,29134176256
33.30,29134176256
33.59,29134176256
33.89,29134176256
34.18,29133946880
34.47,29133946880
34.76,29133946880
35.06,29133946880
35.34,29133946880
35.63,29133946880
35.92,29133946880
36.22,29133946880
36.50,29133946880
36.79,29133946880
37.08,29133946880
37.36,29133946880
37.64,29133946880
37.93,29133946880
38.21,29133946880
38.50,29133946880
38.79,29133946880
39.08,29133946880
39.37,29133946880
39.65,29133156352
39.94,29133156352
40.23,29133565952
40.52,29133565952
40.81,29133565952
41.10,29133565952
41.39,29133565952
41.68,29133565952
41.97,29133975552
42.26,29133975552
42.55,29133975552
42.84,29133975552
43.13,29133975552
43.41,29133975552
43.71,29133975552
44.00,29133975552
44.29,29133746176
44.58,29134155776
44.87,29134155776
45.16,29134155776
45.45,29134155776
45.74,29134155776
46.03,29134155776
46.31,29134155776
46.60,29134155776
46.89,29134155776
47.18,29134155776
47.47,29134155776
47.76,29134155776
48.05,29134155776
48.33,29134155776
48.62,29134155776
48.90,29134155776
49.20,29134155776
49.49,29134155776
49.78,29133553664
50.06,29133553664
50.35,29133553664
50.63,29133553664
50.92,29133553664
51.21,29133553664
51.49,29133553664
51.77,29133553664
52.06,29134372864
52.35,29134372864
52.64,29134372864
52.93,29134372864
53.22,29134372864
53.50,29134372864
53.78,29134372864
54.07,29134372864
54.36,29133848576
54.65,29133848576
54.94,29133848576
55.22,29133848576
55.51,29133848576
55.80,29133848576
56.09,29133848576
56.38,29133848576
56.67,29133848576
56.96,29133848576
57.25,29133848576
57.55,29133848576
57.84,29134258176
58.13,29134258176
58.43,29134258176
58.72,29134258176
59.01,29134258176
59.30,29134258176
59.59,29134258176
59.89,29134258176
60.18,29133623296
60.47,29133623296
60.77,29133623296
61.06,29134032896
61.35,29134032896
61.65,29134032896
61.94,29134032896
62.23,29134032896
62.53,29134032896
62.82,29134032896
63.11,29134032896
63.40,29134032896
63.68,29134032896
63.97,29134442496
64.26,29134213120
64.55,29134213120
64.84,29134213120
65.12,29134213120
65.41,29134213120
65.70,29134213120
65.98,29134622720
66.26,29134622720
66.54,29134622720
66.83,29134622720
67.12,29134622720
67.41,29134622720
67.70,29134622720
67.98,29134622720
68.28,29134622720
68.57,29134622720
68.85,29134622720
69.14,29134622720
69.44,29134622720
69.72,29134622720
70.01,29133545472
70.31,29133545472
70.59,29133545472
70.88,29133545472
71.17,29133545472
71.46,29133545472
71.75,29133545472
72.04,29133955072
72.33,29133955072
72.62,29133955072
72.90,29133955072
73.20,29134364672
73.49,29134364672
73.77,29134364672
74.06,29134364672
74.35,29134135296
74.64,29134135296
74.92,29134135296
75.20,29134135296
75.49,29134135296
75.78,29134135296
76.06,29134135296
76.34,29134135296
76.62,29134135296
76.91,29134135296
77.19,29134135296
77.48,29134135296
77.76,29134135296
78.05,29134135296
78.34,29134135296
78.63,29134135296
78.91,29134135296
79.19,29134135296
79.48,29134135296
79.76,29134135296
80.05,29133144064
80.34,29133144064
80.64,29133144064
80.92,29133144064
81.21,29133553664
81.50,29133553664
81.80,29133553664
82.09,29133553664
82.38,29133553664
82.67,29133553664
82.97,29133553664
83.27,29133553664
83.56,29133553664
83.85,29133553664
84.15,29133963264
84.44,29133963264
84.73,29133963264
85.03,29133963264
85.31,29133963264
85.60,29133963264
85.89,29133963264
86.18,29133963264
86.47,29133963264
86.77,29133963264
87.05,29133963264
87.34,29133963264
87.64,29133963264
87.92,29133963264
88.22,29133963264
88.51,29133963264
88.80,29133963264
89.10,29133963264
89.39,29133963264
89.68,29133963264
89.97,29133062144
90.27,29133062144
90.55,29133062144
90.84,29133062144
91.13,29133881344
91.42,29133881344
91.70,29133881344
92.00,29133881344
92.29,29133881344
92.57,29133881344
92.85,29133881344
93.13,29133881344
93.43,29133881344
93.72,29133881344
94.01,29133881344
94.29,29133651968
94.58,29133651968
94.88,29133651968
95.16,29134061568
95.45,29134061568
95.75,29134061568
96.03,29134061568
96.32,29134061568
96.62,29134061568
96.91,29134061568
97.20,29134061568
97.49,29134061568
97.78,29134061568
98.07,29134061568
98.36,29134061568
98.65,29134061568
98.94,29134061568
99.23,29134061568
99.52,29134061568
99.81,29134061568
100.10,29134061568
100.39,29133529088
100.69,29133529088
100.98,29133529088
101.27,29133529088
101.56,29133529088
101.85,29133529088
102.14,29133529088
102.43,29133529088
102.72,29133529088
103.02,29133529088
103.31,29133529088
103.60,29133529088
103.89,29133529088
104.18,29132890112
104.46,29133709312
104.75,29133709312
105.03,29133709312
105.32,29133709312
105.61,29133709312
105.90,29133709312
106.19,29134118912
106.48,29134118912
106.77,29134118912
107.06,29134118912
107.35,29134118912
107.64,29134118912
107.93,29134118912
108.22,29134118912
108.51,29134118912
108.80,29134118912
109.09,29134118912
109.38,29134118912
109.66,29134118912
109.95,29134118912
110.24,29134118912
110.53,29133590528
110.87,29133590528
111.16,29133590528
111.45,29133590528
111.74,29133590528
112.03,29133590528
112.32,29133590528
112.61,29133590528
112.90,29133590528
113.19,29133590528
113.48,29133590528
113.76,29133590528
114.05,29134000128
114.33,29133361152
114.62,29133361152
114.90,29133361152
115.18,29133770752
115.47,29133770752
115.76,29133770752
116.04,29133770752
116.32,29133770752
116.60,29133770752
116.89,29133770752
117.17,29133770752
117.46,29133770752
117.75,29133770752
118.04,29133770752
118.33,29133770752
118.61,29133770752
118.89,29133770752
119.19,29133770752
119.48,29133770752
119.77,29133770752
120.05,29133770752
120.34,29133770752
120.63,29132955648
120.92,29132955648
121.21,29133365248
121.49,29133365248
121.78,29133365248
122.06,29133365248
122.34,29133365248
122.63,29133365248
122.92,29133365248
123.20,29133774848
123.48,29133774848
123.77,29133774848
124.06,29133774848
124.35,29133774848
124.64,29133774848
124.92,29133774848
125.21,29133774848
125.50,29133774848
125.79,29133774848
126.08,29133774848
126.37,29133774848
126.65,29134184448
126.94,29134184448
127.23,29134184448
127.51,29134184448
127.80,29134184448
128.09,29134184448
128.38,29134184448
128.66,29134184448
128.96,29134184448
129.24,29134184448
129.52,29134184448
129.81,29134184448
130.09,29134184448
130.38,29134184448
130.68,29133205504
130.97,29133615104
131.25,29133615104
131.55,29133615104
131.84,29133615104
132.13,29133615104
132.42,29133615104
132.71,29133615104
133.00,29133615104
133.29,29133615104
133.58,29133615104
133.87,29133615104
134.16,29133352960
134.45,29133352960
134.74,29133352960
135.03,29133352960
135.32,29133352960
135.60,29133352960
135.89,29133352960
136.18,29134172160
136.46,29134172160
136.75,29134172160
137.03,29134172160
137.33,29134172160
137.62,29134172160
137.92,29134172160
138.21,29134172160
138.49,29134172160
138.77,29134172160
139.06,29134172160
139.35,29134172160
139.64,29134172160
139.93,29134172160
140.22,29134172160
140.50,29134172160
140.79,29133488128
141.07,29133488128
141.37,29133488128
141.65,29133488128
141.94,29133488128
142.23,29133897728
142.52,29133897728
142.80,29133897728
143.09,29133897728
143.38,29133897728
143.67,29133897728
143.96,29133897728
144.25,29133373440
144.52,29133783040
144.81,29133783040
145.10,29133783040
145.39,29133783040
145.68,29133783040
145.97,29133783040
146.25,29133783040
146.54,29133783040
146.83,29133783040
147.12,29133783040
147.41,29133783040
147.71,29133783040
147.99,29134192640
148.29,29134192640
148.58,29134192640
148.87,29134192640
149.16,29134192640
149.45,29134192640
149.74,29134192640
150.03,29134192640
150.32,29134192640
150.61,29134192640
150.90,29134192640
151.19,29133135872
151.49,29133135872
151.78,29133135872
152.06,29133545472
152.35,29133545472
152.64,29133545472
152.93,29133545472
153.22,29133545472
153.50,29133545472
153.79,29133545472
154.07,29133545472
154.36,29133545472
154.65,29133545472
154.94,29133545472
155.22,29133545472
155.51,29133545472
155.81,29133545472
156.09,29133545472
156.38,29133545472
156.67,29133545472
156.97,29133545472
157.26,29133545472
157.55,29133545472
157.84,29133545472
158.13,29133545472
158.42,29133545472
158.71,29133545472
159.00,29133545472
159.29,29133545472
159.58,29133545472
159.88,29133545472
160.17,29133545472
160.46,29133545472
160.75,29133545472
161.05,29133545472
161.34,29133545472
161.62,29133545472
161.92,29133545472
162.21,29133955072
162.50,29133955072
162.79,29133955072
163.08,29133955072
163.37,29133955072
163.67,29133955072
163.96,29133955072
164.25,29133316096
164.54,29133316096
164.83,29133316096
165.12,29133316096
165.41,29133316096
165.70,29134135296
166.00,29134954496
166.29,29134954496
166.58,29134954496
166.87,29134954496
167.16,29134954496
167.45,29134954496
167.74,29134954496
168.03,29134954496
168.32,29134954496
168.60,29134954496
168.89,29134954496
169.17,29134954496
169.45,29134954496
169.74,29134954496
170.03,29134954496
170.32,29134954496
170.61,29134954496
170.89,29134954496
171.18,29134954496
171.48,29133635584
171.77,29133635584
172.05,29134045184
172.34,29134045184
172.63,29134045184
172.91,29134045184
173.20,29134454784
173.50,29134454784
173.79,29134454784
174.07,29134454784
174.36,29133815808
174.65,29133815808
174.94,29133815808
175.23,29133815808
175.51,29134225408
175.80,29134225408
176.09,29134225408
176.37,29134225408
176.66,29134225408
176.94,29134225408
177.24,29134225408
177.52,29134225408
177.81,29134225408
178.09,29134225408
178.60,29134225408
178.89,29134225408
179.18,29134225408
179.46,29134225408
179.76,29134225408
180.04,29134225408
180.33,29134225408
180.61,29134225408
180.90,29134225408
181.19,29134225408
181.48,29133283328
181.78,29133283328
182.07,29133692928
182.35,29133692928
182.64,29133692928
182.93,29133692928
183.22,29133692928
183.51,29133692928
183.79,29133692928
184.07,29134102528
184.36,29133578240
184.65,29133987840
184.94,29133987840
185.23,29133987840
185.52,29133987840
185.81,29133987840
186.09,29133987840
186.38,29133987840
186.66,29133987840
186.95,29133987840
187.24,29133987840
187.53,29133987840
187.82,29133987840
188.11,29133987840
188.41,29133987840
188.69,29133987840
188.98,29133987840
189.26,29133987840
189.55,29133987840
189.84,29133987840
190.13,29133987840
190.42,29133987840
190.71,29133987840
191.00,29133987840
191.29,29133987840
191.58,29133320192
191.87,29133320192
192.15,29133320192
192.44,29133320192
192.73,29133320192
193.02,29133729792
193.31,29133729792
193.60,29133729792
193.89,29133729792
194.18,29133500416
194.47,29133910016
194.76,29133910016
195.05,29133910016
195.34,29133910016
195.64,29133910016
195.93,29133910016
196.22,29133910016
196.52,29133910016
196.81,29133910016
197.09,29133910016
197.38,29133910016
197.68,29133910016
197.97,29133910016
198.26,29133910016
198.55,29133910016
198.84,29133910016
199.12,29133910016
199.42,29133910016
199.71,29133910016
200.00,29133910016
200.29,29133910016
200.58,29133910016
200.88,29133910016
201.16,29133910016
201.45,29133910016
201.73,29133910016
202.02,29133393920
202.31,29133393920
202.60,29133393920
202.89,29133393920
203.19,29133803520
203.48,29133803520
203.77,29133803520
204.06,29133803520
204.35,29133164544
204.64,29133164544
204.93,29133164544
205.22,29133164544
205.51,29133983744
205.80,29133983744
206.09,29134393344
206.38,29134393344
206.67,29134393344
206.96,29134393344
207.26,29134393344
207.55,29134393344
207.84,29134393344
208.14,29134393344
208.43,29134393344
208.72,29134393344
209.02,29134393344
209.31,29134393344
209.60,29134393344
209.90,29134393344
210.19,29134393344
210.48,29134393344
210.77,29134393344
211.06,29134393344
211.35,29134393344
211.64,29134393344
211.92,29134393344
212.21,29134393344
212.51,29134393344
212.79,29134393344
213.09,29134393344
213.37,29134393344
213.67,29134393344
213.96,29134393344
214.25,29133869056
214.55,29133869056
214.84,29134278656
215.13,29134278656
215.42,29134278656
215.72,29134278656
216.01,29134278656
216.31,29134278656
216.60,29134278656
216.90,29134278656
217.19,29134278656
217.46,29134278656
217.75,29134278656
218.04,29134278656
218.33,29134278656
218.63,29134278656
218.91,29134278656
219.20,29134278656
219.49,29134278656
219.77,29134278656
220.05,29134278656
220.34,29134278656
220.64,29134278656
220.92,29134278656
221.21,29134278656
221.50,29134278656
221.79,29134278656
222.07,29133393920
222.36,29133393920
222.65,29133393920
222.94,29133393920
223.23,29133393920
223.51,29133393920
223.80,29133393920
224.09,29133803520
224.38,29133164544
224.66,29133164544
224.96,29133574144
225.24,29133983744
225.53,29133983744
225.85,29133983744
226.15,29133983744
226.43,29133983744
226.71,29133983744
227.00,29133983744
227.29,29133983744
227.58,29133983744
227.88,29133983744
228.17,29133983744
228.46,29133983744
228.75,29133983744
229.03,29133983744
229.32,29133983744
229.61,29133983744
229.90,29133983744
230.19,29133983744
230.48,29133983744
230.77,29133983744
231.07,29133983744
231.36,29133983744
231.65,29133983744
231.95,29133983744
232.25,29133983744
232.53,29133197312
232.83,29133197312
233.13,29133606912
233.42,29133606912
233.71,29133606912
234.00,29133606912
234.29,29133377536
234.57,29133377536
234.86,29133787136
235.14,29133787136
235.43,29133787136
235.73,29133787136
236.01,29133787136
236.30,29133787136
236.59,29133787136
236.88,29133787136
237.16,29133787136
237.44,29133787136
237.73,29133787136
238.02,29133787136
238.32,29133787136
238.60,29133787136
238.89,29133787136
239.17,29133787136
239.46,29133787136
239.75,29133787136
240.04,29133787136
240.33,29133787136
240.62,29133787136
240.91,29133787136
241.21,29133787136
241.49,29133787136
241.78,29133787136
242.08,29133787136
242.36,29133787136
242.65,29133180928
242.94,29133180928
243.24,29133590528
243.53,29133590528
243.82,29133590528
244.11,29132951552
244.40,29132951552
244.69,29133770752
244.97,29133770752
245.27,29133770752
245.55,29133770752
245.85,29133770752
246.13,29133770752
246.43,29133770752
246.71,29133770752
247.01,29133770752
247.29,29133770752
247.59,29133770752
247.88,29133770752
248.16,29134180352
248.45,29134180352
248.74,29134180352
249.03,29134180352
249.33,29134180352
249.62,29134180352
249.91,29134180352
250.19,29134180352
250.48,29134180352
250.77,29134180352
251.06,29134180352
251.35,29134180352
251.64,29134180352
251.93,29134180352
252.22,29134180352
252.51,29133623296
252.78,29133623296
253.07,29133623296
253.36,29133623296
253.64,29133623296
253.93,29133623296
254.22,29133918208
254.50,29133918208
254.79,29134327808
255.07,29134327808
255.36,29134327808
255.64,29134327808
255.93,29134327808
256.22,29134327808
256.51,29134327808
256.80,29134327808
257.09,29134327808
257.38,29134327808
257.67,29134327808
257.96,29134327808
258.24,29134327808
258.53,29134327808
258.82,29134327808
259.12,29134327808
259.40,29134327808
259.69,29134327808
259.99,29134327808
260.27,29134327808
260.57,29134327808
260.86,29134327808
261.15,29134327808
261.44,29134327808
261.73,29134327808
262.02,29134327808
262.32,29134327808
262.61,29133479936
262.90,29133479936
263.18,29133889536
263.47,29133889536
263.75,29133889536
264.04,29133889536
264.32,29133250560
264.61,29133250560
264.89,29133250560
265.18,29133250560
265.47,29133250560
265.75,29133250560
266.04,29133660160
266.33,29133660160
266.62,29133660160
266.90,29133660160
267.19,29133660160
267.47,29133660160
267.76,29133660160
268.05,29133660160
268.34,29133660160
268.63,29133660160
268.91,29133660160
269.19,29133660160
269.48,29133660160
269.76,29133660160
270.04,29133660160
270.32,29133660160
270.61,29133660160
270.90,29133660160
271.19,29133660160
271.47,29133660160
271.76,29133660160
272.05,29133660160
272.33,29133660160
272.62,29132742656
272.91,29132742656
273.20,29133152256
273.48,29133152256
273.77,29133152256
274.05,29133152256
274.33,29133336576
274.62,29133336576
274.91,29133336576
275.19,29133336576
275.49,29133336576
275.77,29133336576
276.06,29133336576
276.34,29133336576
276.63,29133336576
276.92,29133336576
277.20,29133336576
277.49,29133336576
277.78,29133336576
278.07,29133336576
278.35,29133336576
278.64,29133336576
278.92,29133336576
279.21,29133336576
279.50,29133336576
279.79,29133336576
280.08,29133336576
280.37,29133336576
280.65,29133336576
280.94,29133336576
281.23,29133336576
281.51,29133336576
281.79,29133336576
282.08,29133336576
282.36,29133336576
282.65,29133336576
282.94,29133336576
283.23,29133746176
283.52,29133746176
283.82,29133746176
284.11,29133598720
284.40,29133598720
284.68,29134008320
284.98,29134008320
285.27,29134008320
285.56,29134008320
285.85,29134008320
286.13,29134008320
286.43,29134008320
286.72,29134008320
287.00,29134008320
287.29,29134008320
287.58,29134008320
287.87,29134008320
288.16,29134008320
288.45,29134008320
288.73,29134008320
289.01,29134008320
289.31,29134008320
289.59,29134008320
289.88,29134008320
290.17,29134008320
290.46,29134008320
290.76,29134008320
291.05,29134008320
291.35,29134008320
291.65,29134008320
291.94,29134008320
292.23,29134008320
292.51,29133512704
292.81,29133512704
293.10,29133922304
293.39,29133922304
293.67,29133922304
293.97,29133922304
294.25,29133692928
294.55,29134102528
294.84,29134102528
295.12,29134102528
295.41,29134102528
295.70,29134102528
295.99,29134102528
296.27,29134102528
296.55,29134102528
296.84,29134102528
297.13,29134921728
297.42,29134921728
297.70,29134921728
298.00,29134921728
298.28,29134921728
298.57,29134921728
298.86,29134921728
299.15,29134921728
299.44,29134921728
299.73,29134921728
300.01,29134921728
300.30,29134921728
300.59,29134921728
300.88,29134921728
301.16,29134921728
301.45,29134921728
301.75,29134921728
302.04,29134921728
302.33,29134921728
302.62,29133770752
302.92,29133770752
303.21,29133770752
303.50,29133770752
303.78,29133770752
304.07,29133770752
304.35,29133131776
304.64,29133131776
304.93,29133541376
305.23,29133541376
305.52,29133541376
305.80,29133541376
306.09,29133950976
306.38,29133950976
306.67,29133950976
306.95,29133950976
307.25,29134360576
307.54,29134360576
307.83,29134360576
308.12,29134360576
308.41,29134360576
308.70,29134360576
308.98,29134360576
309.28,29134360576
309.57,29134360576
309.86,29134360576
310.14,29134360576
310.44,29134360576
310.74,29134360576
311.03,29134360576
311.32,29134360576
311.62,29134360576
311.91,29134360576
312.21,29134360576
312.50,29133238272
312.80,29133238272
313.09,29133647872
313.39,29133647872
313.68,29133647872
313.97,29133647872
314.25,29133418496
314.54,29133418496
314.83,29133418496
315.12,29133418496
315.41,29133418496
315.70,29133418496
315.99,29133418496
316.27,29133418496
316.57,29133418496
316.86,29133418496
317.15,29133418496
317.44,29133418496
317.73,29133828096
318.02,29133828096
318.31,29133828096
318.60,29133828096
318.89,29133828096
319.18,29133828096
319.46,29133828096
319.76,29133828096
320.04,29133828096
320.33,29133828096
320.62,29133828096
320.91,29133828096
321.20,29134237696
321.48,29134237696
321.77,29134237696
322.05,29134237696
322.34,29134237696
322.63,29133762560
322.91,29133762560
323.20,29134172160
323.49,29134172160
323.78,29134172160
324.07,29134172160
324.36,29133533184
324.65,29133533184
324.94,29133533184
325.24,29133533184
325.53,29133533184
325.82,29133533184
326.11,29134352384
326.40,29134352384
326.69,29134352384
326.98,29134352384
327.25,29134352384
327.55,29134352384
327.84,29134352384
328.12,29134352384
328.40,29134352384
328.69,29134352384
328.98,29134352384
329.27,29134352384
329.56,29134352384
329.85,29134352384
330.13,29134352384
330.42,29134352384
330.71,29134352384
330.99,29134352384
331.28,29134352384
331.58,29134352384
331.86,29134352384
332.14,29134352384
332.43,29134352384
332.72,29133512704
333.01,29133512704
333.30,29133512704
333.59,29133512704
333.88,29133512704
334.18,29133692928
334.46,29133692928
334.75,29133692928
335.04,29133692928
335.33,29134102528
335.62,29134102528
335.91,29134102528
336.20,29134102528
336.50,29134102528
336.79,29134102528
337.08,29134102528
337.38,29134102528
337.66,29134102528
337.96,29134102528
338.24,29134102528
338.53,29134102528
338.82,29134102528
339.11,29134102528
339.39,29134102528
339.67,29134102528
339.97,29134102528
340.26,29134102528
340.54,29134102528
340.83,29134102528
341.12,29134102528
341.41,29134102528
341.70,29134102528
341.99,29134102528
342.28,29134102528
342.57,29134102528
342.86,29134102528
343.15,29133451264
343.44,29133451264
343.72,29133451264
344.01,29133860864
344.30,29133221888
344.59,29133221888
344.87,29133221888
345.16,29133221888
345.45,29133221888
345.74,29133221888
346.03,29133221888
346.32,29133221888
346.60,29134041088
346.89,29134041088
347.19,29134450688
347.48,29134450688
347.77,29134450688
348.07,29134450688
348.36,29134450688
348.65,29134450688
348.94,29134450688
349.24,29134450688
349.53,29134450688
349.81,29134450688
350.11,29134450688
350.40,29134450688
350.69,29134450688
350.98,29134450688
351.27,29134450688
351.56,29134450688
351.84,29134450688
352.13,29134450688
352.41,29134450688
352.71,29134450688
353.00,29134450688
353.29,29134450688
353.58,29133541376
353.87,29133541376
354.15,29133312000
354.44,29133312000
354.73,29133721600
355.02,29133721600
355.31,29133721600
355.60,29133721600
355.89,29133721600
356.18,29133721600
356.47,29133721600
356.76,29133721600
357.06,29133721600
357.34,29133721600
357.63,29133721600
357.93,29133721600
358.22,29133721600
358.51,29133721600
358.80,29133721600
359.09,29133721600
359.38,29133721600
359.67,29133721600
359.96,29133721600
360.25,29133721600
360.54,29133721600
360.82,29133721600
361.12,29133721600
361.41,29133721600
361.70,29133721600
361.99,29134131200
362.28,29134131200
362.57,29134131200
362.85,29134131200
363.14,29134131200
363.44,29133250560
363.72,29133250560
364.01,29133250560
364.30,29132611584
364.58,29132611584
364.88,29132611584
365.17,29133840384
366.20,29133840384
366.48,29133840384
366.77,29133840384
367.05,29133840384
367.33,29133840384
367.62,29133840384
367.90,29133840384
368.19,29134659584
368.48,29134659584
368.76,29134659584
369.04,29134659584
369.33,29134659584
369.62,29134659584
369.91,29134659584
370.21,29134659584
370.50,29134659584
370.78,29134659584
371.07,29134659584
371.36,29134659584
371.64,29134659584
371.92,29134659584
372.21,29134659584
372.51,29134659584
372.80,29134659584
373.09,29134659584
373.38,29134659584
373.67,29134659584
373.96,29134659584
374.24,29133115392
374.53,29133115392
374.82,29133115392
375.10,29133115392
375.39,29133524992
375.68,29133524992
375.98,29133524992
376.26,29133524992
376.56,29133524992
376.85,29133524992
377.14,29133524992
377.42,29133934592
377.72,29133934592
378.00,29133934592
378.29,29133934592
378.59,29133934592
378.88,29133934592
379.17,29133934592
379.46,29133934592
379.75,29133934592
380.03,29133934592
380.32,29133934592
380.60,29133934592
380.90,29133934592
381.19,29133934592
381.48,29133934592
381.77,29133934592
382.05,29133934592
382.35,29133934592
382.63,29133934592
382.92,29133934592
383.21,29133934592
383.49,29133934592
383.78,29133934592
384.07,29133025280
384.36,29133238272
384.65,29133238272
384.94,29133238272
385.23,29133238272
385.52,29133238272
385.81,29133238272
386.10,29133238272
386.39,29133238272
386.68,29133238272
386.96,29133238272
387.25,29133238272
387.53,29133238272
387.82,29133238272
388.11,29133238272
388.40,29133647872
388.69,29133647872
388.97,29133647872
389.26,29134057472
389.55,29134057472
389.84,29134057472
390.14,29134057472
390.43,29134057472
390.72,29134057472
391.01,29134057472
391.31,29134057472
391.60,29134057472
391.90,29134057472
392.19,29134057472
392.48,29134057472
392.77,29134057472
393.07,29134057472
393.36,29134057472
393.65,29134057472
393.95,29134057472
394.24,29133570048
394.54,29133570048
394.83,29133570048
395.13,29133570048
395.42,29133979648
395.71,29133979648
396.01,29133979648
396.30,29133979648
396.59,29133979648
396.88,29133979648
397.18,29133979648
397.47,29133979648
397.76,29133979648
398.05,29133979648
398.33,29133979648
398.63,29133979648
398.92,29133979648
399.22,29133979648
399.50,29133979648
399.80,29133979648
400.09,29133979648
400.38,29133979648
400.67,29133979648
400.96,29133979648
401.25,29133979648
401.54,29133979648
401.83,29133979648
402.11,29133979648
402.41,29133979648
402.70,29133979648
402.99,29133979648
403.28,29133979648
403.57,29133979648
403.86,29133979648
404.16,29134241792
404.45,29133279232
404.74,29133279232
405.02,29133279232
405.31,29133279232
405.60,29133279232
405.89,29133279232
406.18,29133279232
406.47,29133279232
406.77,29133279232
407.06,29133279232
407.36,29133688832
407.65,29133688832
407.94,29133688832
408.23,29134098432
408.52,29134098432
408.81,29134098432
409.10,29134098432
409.39,29134098432
409.67,29134098432
409.96,29134098432
410.25,29134098432
410.53,29134098432
410.82,29134098432
411.11,29134098432
411.40,29134098432
411.69,29134098432
411.98,29134098432
412.26,29134098432
412.55,29134098432
412.84,29134098432
413.13,29134098432
413.41,29134098432
413.69,29134098432
413.98,29134098432
414.26,29133238272
414.55,29133238272
414.84,29133238272
415.13,29133238272
415.42,29133238272
415.71,29133238272
416.00,29133238272
416.28,29133647872
416.57,29133647872
416.87,29133647872
417.16,29133647872
417.45,29133647872
417.74,29133647872
418.04,29133647872
418.33,29133647872
418.62,29133647872
418.92,29133647872
419.21,29133647872
419.50,29133647872
419.79,29133647872
420.08,29133647872
420.37,29133647872
420.67,29133647872
420.97,29133647872
421.26,29133647872
421.55,29133647872
421.85,29133647872
422.13,29133647872
422.42,29133647872
422.71,29133647872
423.00,29133647872
423.29,29133647872
423.57,29133647872
423.86,29133647872
424.15,29133500416
424.45,29133279232
424.74,29133279232
425.03,29133279232
425.32,29133279232
425.60,29133279232
425.89,29133279232
426.18,29134098432
426.47,29134098432
426.77,29134098432
427.05,29134098432
427.34,29134098432
427.62,29134098432
427.91,29134098432
428.20,29134098432
428.49,29134098432
428.78,29134098432
429.08,29134098432
429.37,29134098432
429.66,29134098432
429.94,29134098432
430.23,29134098432
430.51,29134098432
430.80,29134098432
431.09,29134098432
431.37,29134098432
431.65,29134098432
431.94,29134098432
432.22,29134098432
432.52,29134098432
432.81,29134098432
433.10,29134098432
433.39,29134098432
433.68,29134098432
433.97,29134098432
434.26,29133574144
434.55,29133574144
434.83,29132922880
435.12,29132922880
435.40,29132922880
435.69,29133332480
435.98,29133332480
436.28,29133332480
436.56,29133332480
436.85,29133332480
437.14,29133332480
437.43,29133332480
437.72,29133332480
438.01,29133332480
438.31,29133332480
438.59,29133332480
438.88,29133332480
439.16,29133332480
439.45,29133742080
439.73,29133742080
440.02,29133742080
440.32,29134151680
440.60,29134151680
440.89,29134151680
441.19,29134151680
441.48,29134151680
441.77,29134151680
442.06,29134151680
442.34,29134151680
442.63,29134151680
442.92,29134151680
443.21,29134151680
443.50,29134151680
443.78,29134151680
444.06,29134151680
444.35,29133922304
444.64,29133922304
444.93,29132754944
445.22,29133164544
445.51,29133164544
445.80,29133164544
446.09,29133164544
446.38,29133164544
446.67,29133164544
446.95,29133164544
447.25,29133164544
447.54,29133164544
447.83,29133164544
448.12,29133164544
448.40,29133983744
448.69,29133983744
448.98,29133983744
449.27,29134393344
449.55,29134393344
449.85,29134393344
450.14,29134393344
450.42,29134393344
450.71,29134393344
451.00,29134393344
451.29,29134393344
451.58,29134393344
451.86,29134393344
452.15,29134393344
452.44,29134393344
452.72,29134393344
453.01,29134393344
453.29,29134393344
453.58,29134393344
453.86,29134393344
454.16,29133869056
454.45,29133869056
454.73,29132967936
455.02,29132967936
455.31,29133377536
455.60,29133377536
455.89,29133377536
456.18,29133377536
456.46,29133377536
456.75,29133377536
457.04,29133377536
457.33,29133787136
457.62,29133787136
457.91,29133787136
458.21,29133787136
458.49,29133787136
458.78,29133787136
459.07,29133787136
459.35,29133787136
459.64,29133787136
459.93,29133787136
460.22,29133787136
460.50,29133787136
460.80,29133787136
461.08,29133787136
461.37,29133787136
461.67,29133787136
461.95,29133787136
462.24,29133787136
462.52,29133787136
462.81,29133787136
463.09,29133787136
463.38,29133787136
463.68,29133787136
463.98,29133787136
464.26,29134606336
464.56,29134606336
464.85,29134606336
465.14,29134606336
465.43,29133533184
465.72,29133533184
466.01,29133533184
466.30,29134352384
466.59,29134352384
466.87,29134352384
467.16,29134352384
467.44,29134352384
467.74,29134352384
468.03,29134352384
468.32,29134352384
468.62,29134352384
468.91,29134352384
469.19,29134352384
469.49,29134352384
469.78,29134352384
470.07,29134352384
470.36,29134352384
470.66,58266329088
470.94,58265907200
471.23,58265907200
471.52,58265907200
471.81,58265907200
472.11,58265907200
472.40,58265767936
472.69,58265767936
472.97,58265636864
473.26,58265636864
473.55,58265636864
473.84,58265636864
474.13,58264879104
474.42,58264879104
474.71,58264879104
475.00,58264879104
475.28,58264879104
475.57,58265174016
475.87,58264203264
476.16,58264203264
476.44,58264203264
476.73,58264203264
477.02,58264203264
477.30,58264203264
477.59,58264612864
477.88,58264612864
478.17,58264612864
478.46,58264612864
478.73,58264612864
479.02,58264612864
479.30,58264612864
479.58,58264612864
479.87,58264612864
480.15,58264907776
480.43,58264793088
480.71,58264793088
480.99,58264793088
481.27,58265088000
481.56,58265088000
481.86,58265088000
482.13,58265088000
482.42,58265088000
482.71,58264973312
483.00,58264973312
483.28,58265268224
483.56,58265268224
483.85,58265268224
484.13,58264629248
484.42,58264629248
484.70,58264629248
484.98,58264629248
485.27,58264629248
485.55,58264629248
485.84,58264121344
486.13,58264121344
486.41,58264530944
486.70,58264530944
486.98,58264530944
487.26,58264530944
487.55,58264530944
487.84,58264530944
488.12,58264530944
488.41,58264416256
488.70,58264416256
488.98,58264301568
489.27,58264301568
489.56,58264301568
489.85,58264301568
490.14,58264596480
490.42,58264596480
490.72,58264596480
491.00,58264481792
491.29,58264481792
491.59,58264891392
491.88,58264891392
492.17,58264891392
492.46,58264891392
492.75,58264891392
493.05,58264891392
493.33,58264891392
493.63,58264891392
493.92,58264891392
494.21,58265153536
494.49,58265153536
494.77,58265153536
495.06,58265153536
495.36,58265563136
495.65,58265563136
495.94,58265563136
496.22,58264813568
496.51,58265223168
496.78,58265223168
497.08,58265223168
497.36,58265223168
497.65,58265223168
497.93,58265223168
498.22,58265223168
498.50,58265632768
498.80,58265632768
499.09,58265632768
499.38,58265632768
499.66,58265632768
499.95,58265403392
500.23,58265698304
500.51,58265698304
500.80,58265698304
501.09,58265698304
501.36,58265665536
501.65,58265665536
501.93,58265665536
502.44,58265665536
502.74,58265665536
503.02,58265665536
503.32,58265550848
503.61,58265550848
503.89,58265550848
504.18,58264911872
504.48,58265092096
504.76,58265092096
505.05,58265092096
505.34,58265092096
505.63,58265911296
505.92,58265911296
506.21,58265014272
506.50,58265423872
506.78,58265423872
507.06,58265423872
507.35,58265423872
507.64,58265423872
507.92,58265423872
508.22,58265423872
508.51,58265423872
508.79,58265423872
509.09,58265423872
509.38,58265423872
509.67,58265833472
509.95,58265767936
510.24,58265767936
510.53,58265767936
510.81,58265653248
511.10,58265653248
511.39,58265653248
511.67,58265653248
511.96,58265653248
512.24,58265538560
512.53,58265833472
512.83,58265833472
513.12,58265833472
513.41,58265718784
513.71,58265718784
513.98,58265718784
514.27,58265079808
514.56,58264965120
514.85,58265374720
515.14,58265374720
515.43,58265374720
515.71,58265374720
516.00,58265374720
516.29,58264645632
516.57,58265055232
516.86,58264940544
517.14,58264940544
517.43,58264940544
517.71,58264940544
518.00,58264940544
518.28,58264940544
518.57,58264940544
518.86,58265235456
519.15,58265235456
519.44,58265235456
519.73,58265235456
520.02,58265235456
520.31,58265235456
520.61,58265645056
520.90,58265645056
521.19,58265645056
521.48,58265645056
521.76,58265645056
522.04,58265645056
522.33,58265645056
522.61,58265645056
522.90,58265645056
523.19,58265645056
523.48,58265645056
523.77,58265645056
524.06,58265645056
524.35,58265006080
524.64,58265006080
524.93,58265006080
525.22,58265006080
525.50,58265006080
525.79,58265006080
526.08,58264891392
526.37,58264031232
526.65,58264031232
526.94,58264031232
527.23,58264031232
527.51,58264031232
527.79,58264031232
528.08,58264031232
528.37,58264031232
528.66,58264440832
528.94,58264326144
529.22,58264621056
529.51,58264621056
529.81,58264621056
530.10,58265325568
530.39,58265325568
530.68,58265325568
530.97,58265325568
531.25,58265325568
531.54,58265325568
531.83,58265325568
532.12,58265325568
532.41,58265325568
532.69,58265325568
532.97,58265325568
533.26,58265325568
533.56,58265325568
533.84,58265325568
534.13,58264686592
534.42,58264686592
534.71,58264686592
535.00,58264686592
535.30,58264686592
535.59,58264686592
535.87,58264686592
536.16,58264207360
536.45,58264616960
536.73,58264502272
537.02,58264502272
537.30,58264387584
537.58,58264797184
537.88,58264797184
538.17,58264797184
538.45,58264797184
538.74,58264797184
539.03,58265092096
539.32,58265092096
539.62,58265092096
539.90,58264862720
540.18,58264862720
540.47,58264928256
540.76,58265337856
541.06,58265337856
541.35,58265337856
541.63,58265337856
541.92,58265337856
542.20,58265337856
542.49,58265337856
542.77,58265337856
543.06,58265337856
543.35,58265337856
543.64,58265337856
543.92,58265337856
544.19,58264698880
544.48,58264698880
544.77,58264993792
545.06,58264993792
545.34,58264993792
545.63,58264993792
545.91,58264993792
546.19,58264993792
546.47,58264895488
546.76,58264895488
547.05,58264895488
547.33,58264780800
547.62,58264780800
547.91,58265600000
548.20,58265485312
548.48,58265485312
548.77,58265780224
549.06,58265665536
549.35,58265665536
549.64,58265665536
549.93,58265665536
550.21,58265665536
550.50,58265665536
550.78,58265665536
551.07,58265436160
551.36,58265436160
551.64,58265436160
551.92,58265731072
552.21,58265731072
552.50,58265731072
552.79,58265731072
553.07,58265731072
553.35,58265731072
553.63,58265731072
553.92,58265731072
554.21,58265092096
554.49,58265092096
554.78,58264977408
555.07,58264977408
555.36,58264977408
555.65,58264977408
555.93,58264862720
556.23,58264412160
556.51,58264821760
556.80,58264821760
557.09,58264821760
557.38,58264821760
557.66,58265231360
557.94,58265231360
558.23,58265231360
558.52,58265231360
558.82,58265231360
559.10,58265116672
559.39,58265116672
559.68,58265116672
559.97,58265116672
560.27,58265116672
560.55,58265411584
560.83,58265411584
561.12,58265296896
561.41,58265182208
561.70,58265182208
561.98,58265182208
562.26,58265182208
562.54,58265182208
562.83,58265182208
563.12,58265182208
563.41,58265182208
563.69,58265182208
563.97,58265182208
564.25,58265034752
564.53,58265034752
564.82,58265034752
565.10,58265034752
565.39,58265034752
565.68,58265034752
565.97,58265034752
566.26,58265034752
566.54,58264043520
566.84,58264043520
567.12,58264043520
567.40,58264043520
567.68,58264453120
567.97,58264453120
568.26,58264453120
568.55,58264453120
568.84,58264453120
569.14,58264453120
569.43,58264453120
569.72,58264453120
570.00,58264453120
570.29,58264453120
570.58,58264453120
570.87,58264453120
571.16,58264453120
571.45,58264453120
571.73,58264453120
572.02,58264453120
572.31,58264453120
572.59,58264453120
572.88,58264453120
573.17,58264453120
573.46,58264453120
573.74,58264453120
574.02,58264453120
574.31,58264453120
574.60,58264453120
574.89,58264453120
575.18,58264453120
575.46,58063450112
575.75,58063335424
576.03,58063335424
576.32,58063335424
576.61,58062811136
576.90,58062811136
577.19,58062811136
577.48,58062811136
577.77,58062811136
578.05,58062811136
578.34,58062811136
578.63,58062811136
578.92,58062811136
579.21,58062811136
579.50,58062696448
579.79,58062696448
580.07,58062696448
580.36,58062696448
580.65,58062991360
580.94,58062991360
581.23,58062991360
581.52,58063400960
581.80,58063400960
582.09,58063400960
582.37,58063400960
582.66,58063400960
582.95,58063400960
583.24,58063400960
583.53,58063400960
583.81,58063400960
584.09,58063695872
584.38,58063958016
584.67,58064367616
584.95,58064367616
585.24,58064252928
585.53,58064252928
585.82,58064252928
586.11,58064252928
586.40,58064662528
586.69,58063568896
586.99,58063568896
587.28,58063568896
587.57,58063568896
587.86,58063454208
588.15,58063454208
588.45,58063863808
588.73,58063863808
589.01,58063863808
589.30,58063863808
589.59,58063863808
589.88,58063863808
590.17,58063863808
590.46,58063863808
590.75,58063863808
591.05,58063863808
591.34,58063863808
591.63,58063863808
591.92,58063863808
592.21,58063863808
592.50,58063863808
592.79,58063863808
593.08,58063863808
593.36,58063863808
593.65,58063863808
593.94,58063863808
594.42,58063339520
594.71,58063339520
595.00,58063339520
595.29,58063749120
595.58,58063634432
595.87,58063929344
596.15,58063929344
596.44,58063360000
596.73,58063360000
597.02,58063360000
597.31,58063360000
597.60,58063769600
597.89,58063769600
598.18,58063769600
598.46,58063757312
598.75,58063757312
599.03,58063757312
599.32,58063757312
599.61,58064166912
599.90,58064166912
600.19,58064166912
600.48,58064166912
600.77,58064166912
601.06,58064166912
601.36,58064052224
601.65,58064052224
601.94,58064052224
602.23,58064052224
602.52,58064052224
602.81,58064052224
603.09,58064052224
603.37,58063937536
603.66,58063937536
603.94,58063937536
604.23,58063937536
604.52,58063540224
604.81,58063540224
605.10,58063540224
605.39,58063540224
605.68,58063540224
605.97,58063835136
606.26,58063835136
606.56,58063835136
606.85,58063720448
607.14,58062733312
607.43,58063142912
607.72,58063142912
608.02,58063142912
608.31,58063142912
608.60,58063142912
608.89,58063142912
609.18,58063142912
609.47,58063142912
609.76,58063028224
610.06,58063208448
610.35,58063208448
610.64,58063208448
610.94,58063208448
611.23,58063208448
611.51,58063093760
611.80,58063093760
612.10,58063093760
612.39,58063388672
612.68,58063388672
612.97,58063388672
613.26,58063388672
613.56,58063306752
613.85,58063306752
614.14,58063306752
614.43,58063716352
614.72,58063716352
615.01,58063716352
615.30,58063716352
615.59,58063716352
615.88,58063716352
616.17,58063716352
616.46,58063716352
616.75,58063716352
617.04,58063650816
617.34,58063650816
617.63,58063650816
617.91,58063650816
618.20,58063650816
618.48,58063650816
618.76,58063536128
619.05,58063536128
619.34,58063421440
619.63,58063421440
619.92,58063421440
620.20,58063421440
620.49,58063421440
620.77,58063421440
621.06,58063716352
621.35,58063716352
621.63,58063716352
621.92,58063716352
622.21,58063716352
622.50,58063716352
622.78,58063716352
623.07,58063716352
623.35,58063716352
623.63,58064011264
623.92,58064011264
624.21,58064011264
624.50,58063781888
624.78,58063781888
625.07,58063781888
625.35,58063781888
625.65,58063667200
625.94,58063667200
626.23,58063667200
626.52,58063667200
626.82,58063667200
627.11,58063667200
627.39,58063667200
627.68,58062852096
627.97,58062852096
628.26,58063261696
628.55,58063671296
628.84,58063671296
629.12,58063556608
629.41,58063556608
629.69,58063556608
629.97,58063556608
630.25,58063556608
630.55,58063556608
630.84,58063556608
631.12,58063556608
631.40,58063966208
631.70,58064261120
631.99,58064261120
632.28,58064146432
632.57,58064031744
632.86,58064031744
633.15,58064031744
633.44,58064326656
633.73,58064326656
634.02,58064326656
634.31,58064326656
634.61,58063695872
634.90,58063695872
635.19,58063695872
635.48,58063613952
635.77,58063613952
636.06,58063613952
636.35,58063613952
636.64,58063613952
636.93,58063613952
637.23,58063613952
637.52,58063028224
637.81,58063028224
638.10,58063028224
638.38,58063028224
638.68,58063028224
638.97,58063028224
639.26,58063028224
639.55,58063437824
639.85,58062913536
640.14,58063323136
640.42,58063323136
640.71,58063323136
641.01,58063323136
641.30,58063323136
641.59,58063323136
641.88,58063323136
642.17,58063323136
642.47,58063323136
642.76,58063323136
643.04,58063323136
643.34,58063323136
643.63,58063323136
643.93,58063323136
644.22,58063323136
644.51,58064142336
644.79,58064551936
645.08,58064551936
645.37,58064551936
645.65,58064551936
645.94,58064551936
646.24,58064437248
646.53,58064437248
646.82,58064437248
647.10,58064437248
647.40,58064437248
647.69,58064437248
647.98,58064732160
648.27,58063908864
648.56,58063908864
648.86,58063908864
649.15,58063794176
649.44,58063794176
649.73,58063794176
650.02,58063794176
650.31,58063794176
650.60,58063794176
650.89,58063679488
651.18,58063679488
651.47,58063679488
651.76,58063679488
652.04,58063679488
652.34,58063679488
652.63,58063679488
652.92,58063679488
653.21,58063679488
653.49,58063679488
653.78,58063679488
654.07,58063679488
654.37,58063679488
654.65,58063679488
654.94,58063679488
655.23,58063679488
655.52,58063679488
655.81,58063679488
656.10,58063679488
656.40,58063679488
656.68,58063679488
656.98,58063974400
657.27,58063974400
657.55,58064384000
657.85,58064384000
658.14,58064384000
658.42,58063884288
658.70,58063884288
658.98,58063884288
659.27,58063884288
659.55,58064588800
659.84,58064474112
660.12,58064474112
660.41,58064474112
660.69,58064474112
660.98,58064474112
661.28,58064474112
661.57,58064359424
661.86,58064359424
662.15,58064359424
662.45,58064654336
662.74,58064654336
663.03,58064654336
663.32,58064654336
663.61,58064654336
663.90,58064654336
664.20,58064654336
664.49,58064039936
664.78,58064039936
665.06,58064039936
665.35,58064039936
665.62,58064039936
665.91,58064039936
666.20,58064039936
666.48,58064039936
666.76,58064039936
667.04,58064039936
667.33,58064039936
667.62,58064023552
667.90,58064023552
668.19,58062950400
668.48,58062950400
668.76,58062950400
669.04,58062950400
669.33,58062950400
669.61,58063360000
669.90,58063360000
670.19,58063360000
670.48,58063360000
670.77,58063360000
671.06,58063360000
671.35,58063360000
671.64,58064179200
671.92,58064179200
672.21,58064179200
672.49,58064179200
672.78,58064179200
673.07,58064064512
673.36,58064064512
673.64,58064359424
673.93,58064359424
674.22,58064359424
674.50,58064265216
674.79,58064265216
675.08,58064674816
675.36,58064674816
675.65,58064674816
675.93,58064674816
676.22,58064609280
676.51,58064609280
676.80,58064609280
677.08,58064609280
677.37,58064609280
677.66,58064609280
677.94,58064609280
678.23,58064609280
678.51,58063646720
678.80,58063646720
679.09,58063532032
679.38,58063532032
679.66,58063532032
679.95,58063532032
680.23,58063417344
680.51,58064236544
680.80,58064236544
681.09,58064236544
681.38,58064236544
681.66,58064236544
681.96,58064236544
682.25,58064531456
682.54,58064416768
682.83,58064416768
683.12,58064416768
683.40,58064416768
683.69,58064302080
683.98,58064302080
684.27,58064302080
684.55,58063790080
684.84,58064494592
685.13,58064494592
685.42,58064494592
685.71,58064494592
686.00,58064494592
686.29,58064674816
686.58,58064674816
686.87,58064674816
687.15,58064560128
687.43,58064560128
687.72,58064560128
688.01,58064560128
688.30,58064560128
688.59,58063654912
688.87,58063654912
689.16,58063654912
689.44,58063654912
689.73,58063654912
690.02,58064883712
690.31,58063835136
690.60,58064244736
690.89,58064244736
691.17,58064244736
691.47,58064244736
691.75,58064244736
692.05,58064244736
692.33,58064244736
692.62,58064244736
692.91,58064244736
693.20,58064244736
693.49,58064654336
693.77,58064654336
694.06,58064654336
694.34,58064654336
694.62,58064216064
694.91,58064216064
695.21,58064216064
695.49,58064216064
695.79,58064216064
696.08,58064216064
696.37,58064625664
696.65,58064625664
696.94,58064101376
697.22,58063974400
697.51,29134585856
697.80,29134585856
698.09,29134585856
698.38,29134585856
698.67,29133660160
698.96,29133660160
699.25,29133660160
699.54,29133660160
699.83,29133660160
700.12,29133660160
700.40,29133660160
700.69,29133660160
700.98,29133660160
701.27,29133660160
701.55,29133660160
701.84,29133660160
702.13,29133660160
702.42,29133660160
702.71,29133660160
702.99,29133660160
703.28,29133660160
703.57,29133660160
703.86,29133660160
704.15,29133660160
704.44,29133660160
704.73,29133660160
705.02,29133660160
705.31,29133660160
705.60,29133660160
705.89,29133660160
706.18,29134069760
706.47,29134069760
706.76,29134069760
707.05,29134069760
707.33,29134069760
707.62,29134069760
707.90,29134069760
708.19,29134069760
708.48,29133144064
708.79,29133144064
709.07,29133144064
709.36,29133144064
709.65,29133553664
709.93,29133553664
710.21,29133553664
710.50,29133963264
710.79,29133963264
711.08,29133963264
711.37,29133963264
711.66,29133963264
711.95,29133963264
712.24,29133963264
712.53,29133963264
712.82,29133963264
713.11,29133963264
713.41,29133963264
713.70,29133963264
713.98,29133963264
714.27,29133963264
714.56,29133934592
714.85,29133934592
715.14,29133934592
715.43,29133934592
715.72,29133934592
716.01,29133934592
716.29,29133934592
716.58,29133934592
716.87,29133934592
717.15,29133934592
717.43,29133934592
717.72,29133934592
718.01,29133934592
718.30,29133934592
718.59,29133934592
718.88,29133934592
719.17,29133152256
719.46,29133152256
719.75,29133152256
720.04,29133152256
720.33,29133152256
720.61,29133152256
720.90,29133152256
721.19,29133152256
721.48,29133971456
721.77,29133971456
722.05,29133971456
722.34,29133971456
722.63,29133971456
722.92,29133971456
723.21,29133971456
723.49,29133971456
723.78,29133971456
724.07,29133971456
724.37,29133971456
724.66,29134286848
724.95,29134286848
725.24,29134286848
725.53,29134286848
725.83,29134286848
726.12,29134286848
726.42,29134286848
726.71,29134286848
727.00,29134286848
727.29,29134286848
727.58,29134286848
727.87,29134286848
728.16,29134286848
728.45,29134286848
728.74,29134286848
729.03,29134286848
729.32,29134286848
729.60,29133402112
729.89,29133402112
730.18,29133402112
730.46,29133402112
730.75,29133402112
731.04,29133402112
731.34,29133402112
731.63,29133402112
731.92,29133402112
732.21,29133402112
732.50,29133811712
732.79,29133811712
733.08,29133811712
733.37,29133811712
733.65,29134221312
733.94,29134221312
734.22,29134221312
734.51,29133680640
734.79,29133680640
735.07,29133680640
735.36,29133680640
735.64,29133680640
735.92,29133680640
736.21,29133680640
736.50,29133680640
736.79,29133680640
737.08,29133680640
737.37,29133680640
737.66,29133680640
737.95,29133680640
738.24,29133680640
738.52,29133680640
738.81,29133680640
739.10,29133680640
739.39,29133680640
739.68,29132746752
739.97,29132746752
740.27,29132746752
740.56,29132746752
740.85,29132746752
741.13,29132746752
741.42,29132746752
741.71,29132746752
742.00,29132746752
742.29,29132746752
742.58,29132746752
742.87,29132746752
743.16,29132746752
743.45,29132746752
743.74,29132746752
744.03,29132746752
744.32,29132746752
744.61,29132746752
744.90,29132746752
745.19,29132746752
745.49,29133565952
745.78,29133565952
746.07,29133565952
746.36,29133565952
746.65,29133565952
746.93,29133565952
747.21,29133565952
747.50,29133975552
747.78,29133975552
748.07,29133975552
748.35,29133975552
748.64,29133975552
748.93,29133975552
749.22,29133975552
749.51,29133082624
749.80,29133082624
750.09,29133082624
750.37,29133082624
750.65,29133082624
750.94,29133082624
751.23,29133082624
751.51,29133082624
751.79,29133082624
752.07,29133082624
752.36,29133082624
752.65,29133082624
752.93,29133082624
753.22,29133082624
753.50,29133492224
753.79,29133492224
754.08,29133492224
754.38,29133492224
754.67,29133533184
754.96,29133533184
755.25,29133533184
755.54,29133533184
755.83,29133533184
756.12,29133533184
756.41,29133533184
756.69,29133942784
756.98,29133942784
757.26,29133942784
757.55,29133942784
757.85,29133942784
758.14,29133942784
758.43,29133942784
758.71,29133942784
759.00,29133942784
759.29,29133942784
759.58,29133942784
759.87,29133389824
760.15,29133389824
760.44,29133389824
760.73,29133389824
761.02,29133389824
761.31,29133389824
761.61,29133389824
761.89,29133389824
762.18,29133389824
762.47,29133799424
762.76,29133799424
763.05,29133799424
763.34,29133799424
763.63,29133799424
763.92,29133799424
764.22,29133799424
764.50,29133336576
764.79,29133336576
765.08,29133336576
765.37,29133336576
765.65,29133336576
765.94,29133336576
766.23,29133336576
766.52,29133746176
766.81,29133746176
767.11,29133746176
767.39,29133746176
767.68,29133746176
767.96,29133746176
768.25,29133746176
768.53,29133746176
768.82,29133746176
769.11,29133746176
769.40,29133746176
769.68,29133746176
769.97,29132627968
770.26,29132627968
770.54,29132627968
770.83,29132627968
771.12,29132627968
771.40,29132627968
771.70,29132627968
771.99,29133447168
772.28,29133447168
772.57,29133447168
772.86,29133447168
773.14,29133447168
773.42,29133447168
773.70,29133447168
773.99,29133447168
774.29,29133447168
774.58,29133156352
774.87,29133156352
775.15,29133156352
775.45,29133156352
775.74,29133156352
776.03,29133156352
776.32,29133156352
776.61,29133565952
776.90,29133565952
777.19,29133975552
777.48,29133975552
777.77,29133975552
778.06,29133975552
778.34,29133975552
778.63,29133975552
778.92,29133975552
779.21,29133975552
779.51,29133975552
779.80,29133975552
780.09,29133074432
780.38,29133074432
780.67,29133074432
780.95,29133074432
781.24,29133074432
781.53,29133074432
781.82,29133074432
782.10,29133074432
782.39,29133074432
782.67,29133484032
782.96,29133484032
783.25,29133484032
783.55,29133484032
783.83,29133484032
784.12,29133484032
784.40,29132877824
784.69,29132877824
784.98,29132877824
785.26,29132877824
785.55,29132877824
785.83,29132877824
786.11,29132877824
786.39,29132877824
786.68,29133287424
786.96,29133287424
787.25,29133287424
787.54,29133287424
787.83,29133287424
788.12,29133287424
788.40,29133287424
788.70,29133287424
788.99,29133287424
789.28,29133287424
789.58,29133287424
789.87,29133287424
790.15,29133287424
790.44,29132726272
790.73,29132726272
791.02,29132726272
791.32,29132726272
791.60,29132726272
791.89,29132726272
792.18,29132726272
792.48,29132726272
792.77,29132726272
793.06,29132726272
793.35,29132726272
793.64,29132726272
793.93,29132726272
794.23,29132726272
794.52,29132988416
794.80,29132988416
795.09,29132988416
795.38,29132988416
795.67,29133398016
795.97,29133398016
796.26,29133398016
796.55,29133398016
796.84,29133807616
797.13,29133807616
797.42,29134217216
797.71,29134217216
798.00,29134217216
798.29,29134217216
798.59,29134217216
798.88,29134217216
799.16,29134217216
799.45,29134217216
799.75,29134217216
800.04,29134217216
800.32,29134217216
800.61,29133611008
800.90,29133611008
801.20,29133611008
801.49,29133611008
801.77,29133611008
802.06,29133611008
802.34,29133611008
802.63,29134020608
802.91,29134020608
803.20,29134020608
803.49,29134020608
803.78,29134020608
804.07,29134020608
804.35,29134020608
804.63,29133381632
804.93,29133381632
805.22,29133381632
805.50,29133381632
805.79,29134200832
806.08,29134200832
806.37,29134200832
806.66,29134200832
806.95,29134200832
807.24,29134200832
807.53,29134200832
807.83,29134200832
808.12,29134200832
808.41,29134200832
808.70,29134200832
809.00,29134200832
809.28,29134200832
809.57,29134200832
809.87,29134200832
810.15,29134200832
810.44,29133295616
810.73,29133295616
811.02,29133295616
811.31,29133295616
811.60,29133705216
811.89,29133705216
812.18,29133705216
812.48,29133705216
812.77,29133705216
813.06,29133705216
813.36,29133705216
813.65,29134114816
813.94,29134114816
814.23,29134114816
814.52,29133475840
814.81,29133475840
815.09,29133475840
815.38,29133475840
815.68,29133885440
815.97,29133885440
816.26,29133885440
816.57,29133885440
816.86,29133885440
817.15,29133885440
817.44,29133885440
817.73,29133885440
818.02,29133885440
818.31,29133885440
818.60,29133885440
818.89,29133885440
819.17,29133885440
819.46,29133885440
819.75,29133885440
820.03,29133885440
820.33,29133885440
820.61,29133885440
820.90,29132644352
821.19,29132644352
821.47,29132644352
821.76,29132644352
822.05,29132644352
822.33,29132644352
822.62,29133053952
822.91,29133053952
823.20,29133053952
823.48,29133053952
823.77,29133053952
824.05,29133053952
824.34,29133053952
824.63,29132939264
824.92,29132939264
825.20,29133348864
825.49,29133348864
825.78,29133348864
826.07,29133348864
826.36,29133348864
826.65,29133348864
826.94,29133348864
827.23,29133348864
827.52,29133348864
827.80,29133348864
828.09,29133348864
828.38,29133348864
828.67,29133348864
828.96,29133348864
829.25,29133348864
829.53,29133348864
829.83,29133348864
830.12,29133348864
830.41,29133348864
830.70,29133348864
830.99,29132713984
831.28,29132713984
831.58,29132713984
831.87,29132713984
832.15,29132713984
832.45,29133123584
832.74,29133123584
833.04,29133123584
833.33,29133123584
833.62,29133123584
833.91,29133123584
834.21,29133123584
834.50,29132894208
834.79,29132894208
835.09,29132894208
835.38,29133303808
835.67,29133303808
835.96,29133303808
836.25,29133303808
836.54,29133303808
836.83,29133303808
837.12,29133303808
837.41,29133713408
837.70,29133713408
838.00,29133713408
838.28,29133713408
838.57,29133713408
838.86,29133713408
839.15,29133713408
839.44,29133713408
839.74,29133713408
840.03,29133713408
840.32,29133713408
840.62,29133713408
840.90,29133713408
841.20,29132750848
841.49,29133570048
841.78,29133570048
842.07,29133570048
842.35,29133570048
842.64,29133570048
842.93,29133570048
843.22,29133570048
843.51,29133570048
843.80,29133570048
844.09,29133570048
844.38,29133570048
844.67,29132931072
844.96,29132931072
845.25,29132931072
845.54,29132931072
845.84,29132931072
846.13,29132931072
846.42,29132931072
846.71,29133340672
847.00,29133340672
847.29,29133340672
847.58,29133340672
847.87,29133340672
848.16,29133340672
848.44,29133340672
848.73,29133340672
849.01,29133340672
849.29,29133340672
849.60,29133340672
849.89,29133340672
850.18,29133340672
850.47,29133340672
850.76,29133340672
851.05,29132840960
851.34,29132840960
851.64,29132840960
851.93,29132840960
852.22,29132840960
852.51,29133250560
852.80,29133250560
853.09,29133250560
853.37,29133250560
853.66,29133250560
853.96,29133250560
854.25,29133250560
854.54,29133021184
854.83,29133430784
855.12,29133430784
855.41,29133430784
855.70,29133430784
855.99,29133430784
856.28,29133430784
856.58,29133430784
856.87,29133430784
857.16,29133430784
857.45,29133430784
857.73,29133430784
858.03,29133430784
858.32,29133430784
858.61,29133430784
858.89,29133430784
859.18,29133430784
859.47,29133430784
859.76,29133430784
860.05,29133430784
860.34,29133430784
860.64,29133430784
860.92,29133430784
861.22,29133430784
861.50,29133430784
861.79,29133430784
862.09,29133430784
862.38,29133430784
862.67,29133430784
862.96,29133430784
863.26,29133430784
863.55,29133430784
863.84,29133430784
864.13,29133430784
864.41,29132791808
864.71,29132791808
865.00,29132791808
865.28,29132791808
865.58,29132791808
865.86,29132791808
866.14,29132791808
866.43,29132791808
866.72,29132791808
867.00,29132791808
867.29,29132791808
867.58,29132791808
867.87,29132791808
868.16,29132791808
868.46,29133201408
868.74,29133201408
869.03,29133201408
869.32,29133201408
869.61,29133201408
869.90,29133201408
870.19,29133201408
870.48,29133201408
870.78,29133201408
871.06,29133201408
871.35,29133201408
871.64,29132603392
871.92,29132603392
872.21,29132603392
872.50,29133012992
872.79,29133012992
873.08,29133012992
873.37,29133012992
873.66,29133012992
873.95,29133012992
874.24,29133012992
874.53,29132783616
874.82,29132783616
875.11,29133193216
875.39,29133193216
875.69,29133193216
875.98,29133193216
876.26,29133193216
876.54,29134012416
876.83,29134012416
877.11,29134012416
877.40,29134012416
877.69,29134012416
877.98,29134012416
878.27,29134012416
878.55,29134012416
878.84,29134012416
879.12,29134012416
879.41,29134012416
879.70,29134012416
879.99,29134012416
880.28,29134012416
880.57,29134012416
880.86,29134012416
881.15,29134012416
881.43,29133029376
881.72,29133029376
882.01,29133029376
882.30,29133029376
882.59,29133029376
882.87,29133029376
883.16,29133029376
883.45,29133029376
883.74,29133029376
884.03,29133029376
884.32,29133029376
884.60,29132390400
884.90,29132390400
885.19,29132390400
885.48,29133209600
885.78,29133209600
886.07,29133209600
886.36,29133209600
886.66,29133619200
886.95,29133619200
887.24,29133619200
887.53,29133619200
887.82,29133619200
888.11,29133619200
888.40,29133619200
888.69,29133619200
888.98,29133619200
889.26,29133619200
889.56,29133619200
889.84,29133619200
890.12,29133619200
890.42,29133619200
890.71,29133619200
891.00,29133619200
891.29,29133619200
891.57,29132922880
891.86,29132922880
892.15,29132922880
892.44,29133332480
892.73,29133332480
893.02,29133332480
893.30,29133332480
893.59,29133332480
893.88,29133332480
894.17,29133332480
894.46,29132693504
894.75,29132693504
895.03,29132693504
895.33,29132693504
895.62,29132693504
895.91,29132693504
896.19,29132693504
896.49,29132693504
896.77,29132693504
897.06,29132693504
897.34,29132693504
897.64,29132693504
897.93,29132693504
898.23,29132693504
898.52,29133103104
898.81,29133103104
899.10,29133103104
899.40,29133103104
899.69,29133103104
899.98,29133103104
900.27,29133103104
900.56,29133103104
900.86,29133103104
901.15,29133103104
901.45,29133103104
901.73,29133103104
902.02,29132267520
902.32,29132267520
902.61,29132677120
902.89,29132677120
903.18,29132677120
903.47,29132677120
903.76,29132677120
904.05,29132677120
904.35,29132677120
904.63,29133086720
904.91,29133086720
905.21,29133086720
905.49,29133086720
905.77,29133086720
906.06,29133086720
906.35,29133086720
906.64,29133086720
906.92,29133086720
907.21,29133086720
907.50,29133086720
907.78,29133086720
908.07,29133086720
908.36,29133086720
908.65,29133086720
908.94,29133086720
909.23,29133086720
909.52,29133086720
909.82,29133086720
910.10,29133086720
910.39,29133086720
910.68,29133086720
910.97,29133086720
911.25,29133086720
911.54,29133086720
911.84,29133086720
912.13,29132324864
912.42,29132734464
912.71,29132734464
913.00,29132734464
913.29,29132734464
913.58,29132734464
913.87,29132734464
914.16,29132734464
914.46,29132996608
914.75,29133815808
915.04,29133815808
915.33,29133815808
915.62,29133815808
915.91,29133815808
916.20,29133815808
916.49,29133815808
916.77,29133815808
917.07,29133815808
917.35,29133815808
917.64,29133815808
917.94,29133815808
918.23,29133815808
918.52,29133815808
918.80,29133815808
919.09,29133815808
919.38,29133815808
919.66,29133815808
919.95,29133815808
920.24,29133815808
920.53,29133815808
920.82,29133815808
921.11,29133815808
921.40,29133815808
921.69,29133815808
921.97,29133815808
922.26,29133815808
922.55,29132853248
922.84,29132853248
923.13,29132853248
923.42,29133672448
923.71,29133672448
923.99,29133672448
924.28,29133672448
924.58,29133033472
924.87,29133033472
925.16,29133033472
925.44,29133443072
925.73,29133443072
926.02,29133443072
926.31,29133443072
926.59,29133443072
926.87,29133443072
927.16,29133443072
927.45,29133443072
927.74,29133443072
928.02,29133443072
928.31,29133443072
928.60,29133443072
928.89,29133443072
929.18,29133443072
929.46,29133852672
929.75,29133852672
930.04,29133852672
930.32,29133852672
930.61,29133852672
930.90,29133852672
931.19,29133852672
931.48,29133852672
931.78,29133852672
932.06,29133852672
932.35,29133852672
932.64,29132947456
932.94,29132947456
933.23,29132947456
933.52,29132947456
933.81,29132947456
934.11,29132947456
934.40,29132947456
934.68,29133537280
934.97,29133537280
935.25,29133537280
935.54,29133537280
935.83,29133537280
936.12,29133537280
936.41,29133537280
936.70,29133537280
936.99,29133537280
937.28,29133537280
937.57,29133537280
937.86,29133537280
938.15,29133537280
938.44,29133537280
938.73,29133537280
939.02,29133537280
939.31,29133537280
939.60,29133537280
939.88,29133537280
940.17,29133537280
940.46,29133537280
940.74,29133537280
941.03,29133537280
941.31,29133537280
941.60,29133946880
941.89,29133946880
942.18,29133946880
942.48,29133946880
942.77,29133946880
943.07,29133336576
943.36,29133336576
943.64,29133336576
943.92,29133336576
944.21,29133336576
944.49,29133107200
944.78,29133107200
945.07,29133107200
945.37,29133107200
945.66,29133516800
945.95,29133926400
946.24,29133926400
946.53,29134336000
946.82,29134336000
947.11,29134336000
947.40,29134336000
947.70,29134336000
947.98,29134336000
948.27,29134336000
948.56,29134336000
948.85,29134336000
949.14,29134336000
949.42,29134336000
949.71,29134336000
950.00,29134336000
950.29,29134336000
950.58,29134336000
950.88,29134336000
951.16,29134336000
951.45,29134336000
951.74,29134336000
952.03,29134336000
952.33,29134336000
952.62,29134336000
952.91,29134336000
953.20,29132787712
953.50,29133197312
953.79,29133197312
954.08,29133197312
954.37,29133197312
954.66,29133377536
954.95,29133377536
955.24,29133377536
955.54,29134196736
955.84,29134196736
956.13,29134196736
956.42,29134196736
956.71,29134196736
957.01,29134196736
957.29,29134196736
957.58,29134196736
957.88,29134196736
958.18,29134196736
958.47,29134196736
958.76,29134196736
959.05,29134196736
959.35,29134196736
959.63,29134196736
959.92,29134196736
960.21,29134196736
960.50,29134196736
960.79,29134196736
961.09,29134196736
961.38,29134196736
961.68,29134196736
961.97,29134196736
962.27,29134196736
962.55,29134196736
962.85,29134196736
963.14,29133271040
963.43,29133271040
963.72,29133271040
964.01,29133271040
964.30,29133271040
964.59,29132632064
964.87,29132632064
965.16,29132632064
965.45,29132632064
965.74,29132632064
966.02,29132632064
966.31,29132632064
966.61,29132632064
966.89,29132632064
967.17,29132632064
967.46,29132632064
967.74,29132632064
968.03,29132632064
968.32,29132632064
968.61,29132632064
968.90,29132632064
969.20,29132632064
969.49,29132632064
969.77,29132632064
970.05,29132632064
970.34,29132632064
970.63,29133451264
970.92,29133451264
971.21,29133451264
971.50,29133451264
971.79,29133451264
972.08,29133451264
972.37,29133451264
972.66,29133451264
972.95,29133451264
973.24,29133451264
973.53,29132570624
973.82,29132570624
974.11,29132570624
974.40,29132013568
974.69,29132423168
974.98,29132423168
975.28,29132832768
975.57,29132832768
975.85,29132832768
976.14,29132832768
976.44,29132832768
976.73,29132832768
977.02,29132832768
977.31,29132832768
977.60,29133651968
977.89,29133651968
978.18,29133651968
978.47,29133651968
978.76,29133651968
979.04,29133651968
979.32,29133651968
979.61,29133651968
979.89,29133651968
980.19,29133651968
980.48,29133651968
980.77,29133651968
981.06,29133651968
981.35,29133651968
981.64,29133651968
981.93,29133651968
982.22,29133651968
982.51,29133651968
982.80,29133651968
983.09,29133651968
983.37,29133651968
983.66,29133651968
983.95,29133651968
984.24,29132853248
984.53,29132623872
984.81,29133033472
985.10,29133033472
985.39,29133033472
985.68,29133852672
985.97,29133852672
986.25,29133852672
986.54,29133852672
986.83,29133852672
987.12,29133852672
987.40,29133852672
987.70,29133852672
987.98,29133852672
988.27,29133852672
988.57,29133852672
988.86,29133852672
989.15,29133852672
989.45,29133852672
989.73,29133852672
990.01,29133852672
990.30,29133852672
990.59,29133852672
990.88,29133852672
991.17,29133852672
991.46,29133852672
991.74,29133852672
992.03,29133852672
992.31,29133852672
992.60,29133852672
992.88,29133852672
993.17,29133852672
993.46,29133852672
993.75,29133852672
994.04,29132980224
994.33,29132980224
994.62,29132865536
994.90,29132865536
995.19,29132865536
995.48,29132865536
995.77,29132865536
996.06,29132865536
996.35,29132865536
996.63,29133275136
996.92,29133275136
997.21,29133275136
997.50,29133275136
997.79,29133275136
998.07,29133275136
998.36,29133275136
998.65,29133275136
998.94,29133275136
999.23,29133275136
999.51,29133275136
999.81,29133275136
1000.10,29133275136
1000.39,29133275136
1000.67,29133275136
1000.96,29133275136
1001.24,29133275136
1001.53,29133275136
1001.82,29133275136
1002.12,29133275136
1002.40,29133275136
1002.70,29133275136
1002.98,29133275136
1003.27,29133275136
1003.55,29133275136
1003.84,29133275136
1004.13,29133275136
1004.43,29132451840
1004.71,29132451840
1005.00,29132451840
1005.29,29132451840
1005.58,29132451840
1005.87,29132451840
1006.16,29132451840
1006.45,29132861440
1006.74,29132861440
1007.04,29132861440
1007.32,29132861440
1007.62,29132861440
1007.91,29132861440
1008.20,29132861440
1008.49,29132861440
1008.77,29132861440
1009.05,29132861440
1009.35,29132861440
1009.63,29132861440
1009.92,29132861440
1010.21,29132861440
1010.50,29132861440
1010.79,29132861440
1011.09,29132861440
1011.38,29132861440
1011.66,29132861440
1011.95,29132861440
1012.24,29132861440
1012.53,29133271040
1012.83,29133271040
1013.11,29133271040
1013.40,29133271040
1013.69,29133271040
1013.99,29133271040
1014.28,29133271040
1014.56,29133123584
1014.86,29133123584
1015.14,29132148736
1015.43,29132558336
1015.72,29132558336
1016.01,29132558336
1016.30,29132558336
1016.59,29132967936
1016.88,29132967936
1017.17,29132967936
1017.45,29132967936
1017.74,29132967936
1018.03,29132967936
1018.33,29132967936
1018.61,29132967936
1018.90,29132967936
1019.20,29132967936
1019.48,29132967936
1019.77,29132967936
1020.06,29132967936
1020.35,29132967936
1020.64,29132967936
1020.93,29132967936
1021.22,29132967936
1021.50,29132967936
1021.79,29132967936
1022.08,29132967936
1022.37,29132967936
1022.66,29132967936
1022.94,29132967936
1023.23,29132967936
1023.53,29132967936
1023.81,29132967936
1024.11,29132967936
1024.40,29132967936
1024.68,29132820480
1024.97,29133115392
1025.26,29133115392
1025.55,29133524992
1025.84,29133524992
1026.13,29133524992
1026.42,29133524992
1026.71,29133524992
1027.00,29133524992
1027.29,29133524992
1027.58,29133524992
1027.87,29133524992
1028.16,29133524992
1028.46,29133524992
1028.75,29133524992
1029.05,29133524992
1029.33,29133524992
1029.62,29133524992
1029.91,29133524992
1030.20,29133524992
1030.49,29133524992
1030.78,29133524992
1031.08,29133524992
1031.36,29133524992
1031.66,29133524992
1031.94,29133524992
1032.24,29133524992
1032.53,29133524992
1032.82,29133524992
1033.11,29133524992
1033.40,29133524992
1033.69,29133524992
1033.98,29133524992
1034.27,29133524992
1034.56,29132886016
1034.85,29133295616
1035.13,29132857344
1035.42,29132857344
1035.70,29132857344
1035.98,29132857344
1036.27,29132857344
1036.56,29132857344
1036.85,29132857344
1037.13,29132857344
1037.43,29132857344
1037.72,29132857344
1038.01,29132857344
1038.30,29132857344
1038.58,29133266944
1038.87,29133266944
1039.15,29133266944
1039.44,29133266944
1039.73,29133266944
1040.01,29133266944
1040.30,29133266944
1040.58,29133266944
1040.88,29133266944
1041.17,29133266944
1041.47,29133266944
1041.76,29133266944
1042.05,29133266944
1042.34,29133266944
1042.62,29133266944
1042.90,29133266944
1043.19,29133266944
1043.47,29133266944
1043.77,29133266944
1044.06,29133266944
1044.34,29133266944
1044.63,29133037568
1044.91,29133037568
1045.20,29133037568
1045.49,29132443648
1045.78,29132443648
1046.07,29132443648
1046.36,29132443648
1046.65,29132853248
1046.94,29132853248
1047.23,29132853248
1047.53,29133262848
1047.81,29133262848
1048.10,29133262848
1048.40,29133262848
1048.69,29133262848
1048.98,29133262848
1049.27,29133262848
1049.56,29133262848
1049.85,29133262848
1050.14,29133262848
1050.44,29133262848
1050.73,29133262848
1051.02,29133262848
1051.31,29133262848
1051.60,29133262848
1051.89,29133262848
1052.18,29133262848
1052.46,29133262848
1052.75,29133262848
1053.05,29133262848
1053.35,29133262848
1053.63,29133262848
1053.93,29133262848
1054.22,29133262848
1054.51,29133115392
1054.80,29133115392
1055.09,29133115392
1055.38,29133524992
1055.66,29132828672
1055.96,29132828672
1056.26,29132828672
1056.54,29133238272
1056.83,29133238272
1057.12,29133238272
1057.40,29133238272
1057.69,29133238272
1057.98,29133238272
1058.28,29133238272
1058.57,29133647872
1058.86,29133647872
1059.16,29133647872
1059.44,29133647872
1059.73,29133647872
1060.02,29133647872
1060.31,29133647872
1060.60,29133647872
1060.89,29133647872
1061.18,29133647872
1061.46,29133647872
1061.75,29133647872
1062.03,29133647872
1062.32,29133647872
1062.62,29133647872
1062.90,29133647872
1063.19,29133647872
1063.49,29133647872
1063.78,29133647872
1064.06,29133647872
1064.35,29133647872
1064.65,29133008896
1064.94,29133008896
1065.23,29133008896
1065.52,29132083200
1065.80,29132083200
1066.09,29132083200
1066.38,29132083200
1066.66,29132492800
1066.95,29132492800
1067.23,29132492800
1067.53,29132492800
1067.83,29132492800
1068.11,29132492800
1068.39,29132492800
1068.68,29132492800
1068.98,29132492800
1069.28,29132492800
1069.56,29132492800
1069.86,29132492800
1070.14,29132492800
1070.44,29132492800
1070.72,29132492800
1071.02,29132492800
1071.31,29132492800
1071.60,29132902400
1071.88,29132902400
1072.16,29132902400
1072.45,29132902400
1072.73,29132902400
1073.02,29132902400
1073.30,29132902400
1073.58,29132902400
1073.87,29132902400
1074.15,29132902400
1074.43,29133164544
1074.71,29133574144
1074.99,29133574144
1075.27,29133574144
1075.56,29132812288
1075.84,29132812288
1076.13,29132812288
1076.41,29132812288
1076.69,29133221888
1076.98,29133221888
1077.27,29133221888
1077.56,29133221888
1077.85,29133221888
1078.13,29133221888
1078.42,29133221888
1078.71,29133221888
1079.00,29133221888
1079.28,29133221888
1079.57,29133221888
1079.86,29133221888
1080.15,29133221888
1080.43,29133221888
1080.72,29133221888
1081.02,29133221888
1081.30,29133221888
1081.59,29133221888
1081.88,29133221888
1082.16,29133221888
1082.45,29133221888
1082.74,29133221888
1083.03,29133221888
1083.32,29133221888
1083.60,29133221888
1083.88,29133221888
1084.16,29133221888
1084.45,29132582912
1084.74,29132582912
1085.03,29133402112
1085.31,29133402112
1085.60,29133402112
1085.89,29133402112
1086.18,29132877824
1086.48,29133697024
1086.77,29133697024
1087.05,29133697024
1087.34,29133697024
1087.62,29133697024
1087.91,29133697024
1088.20,29133697024
1088.48,29133697024
1088.76,29133697024
1089.05,29133697024
1089.34,29133697024
1089.63,29133697024
1089.93,29133697024
1090.22,29133697024
1090.51,29133697024
1090.81,29133697024
1091.10,29133697024
1091.39,29133697024
1091.68,29133697024
1091.96,29133697024
1092.25,29133697024
1092.54,29133697024
1092.83,29133697024
1093.12,29133697024
1093.41,29133697024
1093.69,29133697024
1093.98,29133697024
1094.26,29133697024
1094.54,29133058048
1094.84,29133058048
1095.12,29133058048
1095.42,29133058048
1095.70,29133058048
1095.99,29133058048
1096.28,29133058048
1096.55,29132529664
1096.85,29132529664
1097.13,29132529664
1097.43,29132939264
1097.71,29132939264
1098.01,29132939264
1098.30,29132939264
1098.59,29132939264
1098.87,29132939264
1099.17,29132939264
1099.45,29132939264
1099.74,29132939264
1100.03,29132939264
1100.32,29132939264
1100.60,29132939264
1100.89,29132939264
1101.18,29132939264
1101.47,29132939264
1101.76,29132939264
1102.05,29132939264
1102.34,29132939264
1102.62,29132939264
1102.92,29132939264
1103.21,29132939264
1103.49,29132939264
1103.78,29132939264
1104.06,29132939264
1104.34,29132939264
1104.62,29132939264
1104.91,29132939264
1105.18,29132939264
1105.47,29132939264
1105.76,29132939264
1106.06,29132939264
1106.36,29132939264
1106.65,29132386304
1106.93,29132386304
1107.21,29132386304
1107.50,29132386304
1107.79,29132386304
1108.09,29132386304
1108.38,29132386304
1108.66,29132386304
1108.95,29132795904
1109.24,29132795904
1109.53,29132795904
1109.82,29132795904
1110.10,29132795904
1110.38,29132795904
1110.66,29133205504
1110.94,29133205504
1111.22,29133205504
1111.51,29133205504
1111.80,29133205504
1112.09,29133205504
1112.38,29133205504
1112.67,29133205504
1112.95,29133205504
1113.24,29133205504
1113.53,29133205504
1113.82,29133205504
1114.10,29133205504
1114.39,29133205504
1114.67,29132877824
1114.96,29133287424
1115.25,29133287424
1115.54,29133697024
1115.83,29133697024
1116.12,29133697024
1116.41,29133697024
1116.70,29133697024
1116.99,29133697024
1117.27,29132775424
1117.57,29133185024
1117.86,29133185024
1118.15,29133185024
1118.44,29133185024
1118.73,29133185024
1119.01,29133185024
1119.30,29133185024
1119.59,29133185024
1119.88,29133185024
1120.16,29133185024
1120.45,29133185024
1120.74,29133185024
1121.04,29133185024
1121.32,29133185024
1121.61,29134004224
1121.89,29134004224
1122.19,29134004224
1122.47,29134004224
1122.76,29134004224
1123.05,29134004224
1123.33,29134004224
1123.61,29134004224
1123.90,29134004224
1124.19,29134004224
1124.47,29133365248
1124.76,29133365248
1125.05,29133774848
1125.34,29133774848
1125.63,29133774848
1125.91,29133774848
1126.21,29133774848
1126.49,29133774848
1126.77,29133774848
1127.05,29132832768
1127.34,29132832768
1127.62,29132832768
1127.91,29132832768
1128.20,29132832768
1128.48,29132832768
1128.77,29132832768
1129.06,29132832768
1129.36,29132832768
1129.64,29132832768
1129.93,29132832768
1130.22,29132832768
1130.52,29132832768
1130.80,29132832768
1131.09,29132832768
1131.38,29132832768
1131.67,29132832768
1131.96,29132832768
1132.25,29132832768
1132.54,29132832768
1132.82,29132832768
1133.10,29132832768
1133.39,29132832768
1133.67,29132832768
1133.97,29132832768
1134.26,29132832768
1134.55,29132603392
1134.84,29132603392
1135.13,29132603392
1135.42,29133012992
1135.70,29133012992
1135.99,29133012992
1136.28,29133012992
1136.56,29133012992
1136.85,29133012992
1137.14,29132308480
1137.43,29132718080
1137.72,29132718080
1138.02,29132718080
1138.31,29132718080
1138.60,29133127680
1138.89,29133127680
1139.18,29133127680
1139.47,29133127680
1139.76,29133127680
1140.05,29133127680
1140.34,29133127680
1140.63,29133127680
1140.92,29133127680
1141.20,29133127680
1141.49,29133127680
1141.78,29133127680
1142.06,29133127680
1142.35,29133127680
1142.64,29133127680
1142.93,29133127680
1143.21,29133127680
1143.50,29133127680
1143.79,29133127680
1144.07,29133127680
1144.36,29133127680
1144.65,29133127680
1144.93,29133127680
1145.21,29133537280
1145.51,29133537280
1145.80,29133537280
1146.08,29133537280
1146.36,29133537280
1146.64,29133537280
1146.93,29133537280
1147.22,29133537280
1147.51,29132820480
1147.80,29132820480
1148.09,29132820480
1148.37,29132820480
1148.65,29133230080
1148.93,29133230080
1149.22,29133230080
1149.51,29133230080
1149.80,29133230080
1150.09,29133230080
1150.38,29133230080
1150.67,29133230080
1150.96,29133230080
1151.25,29133230080
1151.53,29133230080
1151.82,29133230080
1152.10,29133230080
1152.39,29133230080
1152.68,29133639680
1152.97,29133639680
1153.26,29133639680
1153.55,29133639680
1153.84,29133639680
1154.13,29133639680
1154.42,29133295616
1154.71,29133295616
1155.01,29133295616
1155.30,29133705216
1155.59,29133705216
1155.88,29133705216
1156.17,29133705216
1156.46,29133705216
1156.75,29133705216
1157.04,29133705216
1157.33,29133705216
1157.63,29133705216
1157.92,29132750848
1158.21,29132750848
1158.49,29133160448
1158.79,29133160448
1159.07,29133160448
1159.36,29133160448
1159.66,29133570048
1159.95,29133570048
1160.24,29133570048
1160.54,29133570048
1160.83,29133570048
1161.13,29133570048
1161.42,29133570048
1161.71,29133570048
1162.01,29133570048
1162.30,29133570048
1162.59,29133570048
1162.88,29133570048
1163.16,29133570048
1163.45,29133570048
1163.74,29133570048
1164.03,29133570048
1164.32,29133570048
1164.61,29132931072
1164.89,29132931072
1165.19,29132931072
1165.47,29132931072
1165.75,29132931072
1166.05,29132931072
1166.34,29132931072
1166.62,29132931072
1166.91,29132931072
1167.19,29132931072
1167.47,29132931072
1167.77,29132931072
1168.05,29132410880
1168.33,29132410880
1168.62,29132410880
1168.91,29132410880
1169.20,29132410880
1169.49,29132410880
1169.79,29132410880
1170.07,29132410880
1170.35,29132410880
1170.63,29132410880
1170.92,29132410880
1171.20,29132410880
1171.49,29132410880
1171.78,29132410880
1172.07,29132410880
1172.36,29132410880
1172.65,29132820480
1172.94,29132820480
1173.23,29132820480
1173.52,29132820480
1173.81,29132820480
1174.10,29132820480
1174.39,29132820480
1174.67,29132820480
1174.96,29132820480
1175.24,29132820480
1175.53,29132820480
1175.82,29132820480
1176.11,29132820480
1176.40,29132820480
1176.68,29132820480
1176.97,29132820480
1177.26,29132820480
1177.55,29133639680
1177.83,29133639680
1178.12,29133639680
1178.41,29133639680
1178.69,29133111296
1178.98,29133111296
1179.27,29133111296
1179.55,29133111296
1179.84,29133111296
1180.13,29133111296
1180.41,29133111296
1180.70,29133111296
1180.99,29133111296
1181.28,29133111296
1181.57,29133111296
1181.86,29133111296
1182.15,29133111296
1182.43,29133930496
1182.73,29133930496
1183.02,29133930496
1183.31,29133930496
1183.60,29133930496
1183.89,29133930496
1184.18,29133930496
1184.49,29133176832
1184.77,29133176832
1185.06,29133176832
1185.35,29133176832
1185.64,29133176832
1185.93,29133176832
1186.21,29133176832
1186.50,29133176832
1186.79,29133176832
1187.07,29133176832
1187.37,29133176832
1187.66,29133176832
1187.95,29133176832
1188.24,29133176832
1188.53,29133176832
1188.82,29133176832
1189.11,29132529664
1189.40,29132529664
1189.69,29132529664
1189.98,29132529664
1190.27,29132529664
1190.56,29132529664
1190.85,29132529664
1191.13,29132529664
1191.43,29132529664
1191.72,29132529664
1192.01,29132529664
1192.30,29132529664
1192.59,29133348864
1192.87,29133348864
1193.16,29133348864
1193.45,29133348864
1193.74,29133348864
1194.03,29133348864
1194.32,29133348864
1194.61,29133611008
1194.90,29133611008
1195.18,29133611008
1195.48,29133611008
1195.77,29133611008
1196.05,29133611008
1196.34,29133611008
1196.63,29133611008
1196.92,29133611008
1197.21,29133611008
1197.50,29133611008
1197.78,29133611008
1198.08,29133611008
1198.37,29133611008
1198.65,29133611008
1198.94,29132693504
1199.23,29132693504
1199.52,29133103104
1199.81,29133103104
1200.10,29133103104
1200.39,29133103104
1200.67,29133103104
1200.96,29133103104
1201.24,29133103104
1201.53,29133103104
1201.82,29133103104
1202.12,29133103104
1202.41,29133103104
1202.69,29133103104
1202.99,29133103104
1203.28,29133103104
1203.57,29133103104
1203.85,29133103104
1204.14,29133103104
1204.44,29132873728
1204.73,29132873728
1205.02,29132873728
1205.31,29132873728
1205.60,29132873728
1205.89,29132873728
1206.18,29132873728
1206.47,29132873728
1206.76,29132873728
1207.05,29132873728
1207.34,29132873728
1207.63,29132873728
1207.91,29132873728
1208.20,29132873728
1208.49,29132873728
1208.78,29132873728
1209.07,29132390400
1209.36,29132390400
1209.65,29132800000
1209.94,29132800000
1210.23,29132800000
1210.52,29132800000
1210.82,29132800000
1211.11,29132800000
1211.39,29132800000
1211.68,29132800000
1211.97,29132800000
1212.27,29132800000
1212.56,29132800000
1212.85,29132800000
1213.13,29132800000
1213.43,29132800000
1213.72,29132800000
1214.02,29132800000
1214.31,29132800000
1214.60,29132980224
1214.89,29132980224
1215.19,29132980224
1215.48,29132980224
1215.78,29132980224
1216.07,29132980224
1216.36,29132980224
1216.64,29132980224
1216.94,29132980224
1217.23,29132980224
1217.52,29132980224
1217.81,29132980224
1218.10,29132980224
1218.40,29132980224
1218.69,29132980224
1218.97,29132980224
1219.26,29132980224
1219.55,29132812288
1219.85,29132812288
1220.13,29132812288
1220.42,29132812288
1220.71,29132812288
1221.00,29132812288
1221.28,29132812288
1221.57,29132812288
1221.87,29132812288
1222.15,29132812288
1222.44,29132812288
1222.73,29132812288
1223.02,29132812288
1223.31,29132812288
1223.60,29132812288
1223.88,29132812288
1224.17,29132812288
1224.47,29132582912
1224.76,29132582912
1225.05,29132582912
1225.34,29132582912
1225.64,29132582912
1225.93,29132582912
1226.22,29132582912
1226.52,29132992512
1226.81,29132992512
1227.10,29132992512
1227.39,29132992512
1227.67,29132992512
1227.95,29132992512
1228.25,29132992512
1228.54,29132992512
1228.83,29132992512
1229.12,29132992512
1229.41,29132992512
1229.69,29132177408
1229.97,29132177408
1230.26,29132177408
1230.54,29132587008
1230.84,29132587008
1231.13,29132587008
1231.42,29132996608
1231.70,29132996608
1232.00,29132996608
1232.29,29132996608
1232.58,29132996608
1232.87,29132996608
1233.16,29132996608
1233.45,29132996608
1233.75,29132996608
1234.03,29132996608
1234.33,29132996608
1234.62,29133586432
1234.91,29133586432
1235.20,29133586432
1235.49,29133996032
1235.78,29133996032
1236.08,29133996032
1236.36,29133996032
1236.66,29133996032
1236.95,29133996032
1237.24,29133996032
1237.54,29133996032
1237.83,29133996032
1238.10,29133996032
1238.40,29133996032
1238.70,29133996032
1238.99,29133996032
1239.28,29133996032
1239.56,29133041664
1239.85,29133041664
1240.14,29133041664
1240.43,29133451264
1240.72,29133451264
1241.01,29133451264
1241.29,29133451264
1241.58,29133451264
1241.87,29133451264
1242.16,29133451264
1242.45,29133451264
1242.74,29133451264
1243.04,29133451264
1243.33,29133451264
1243.62,29133451264
1243.91,29133451264
1244.20,29133451264
1244.49,29132812288
1244.78,29132812288
1245.07,29132812288
1245.37,29132812288
1245.65,29132812288
1245.94,29132812288
1246.24,29132812288
1246.52,29132812288
1246.81,29132812288
1247.10,29132812288
1247.41,29132812288
1247.70,29132812288
1247.98,29132812288
1248.27,29132812288
1248.56,29132812288
1248.86,29132812288
1249.14,29132812288
1249.43,29132304384
1249.73,29132304384
1250.02,29132304384
1250.32,29132304384
1250.60,29132304384
1250.88,29132304384
1251.17,29132304384
1251.46,29132304384
1251.75,29132304384
1252.05,29132304384
1252.34,29132304384
1252.63,29132304384
1252.93,29132304384
1253.22,29132304384
1253.50,29132304384
1253.80,29132304384
1254.09,29132304384
1254.38,29132304384
1254.66,29132713984
1254.95,29132713984
1255.23,29132713984
1255.52,29132713984
1255.81,29132713984
1256.09,29132713984
1256.39,29132713984
1256.67,29133123584
1256.96,29133123584
1257.26,29133123584
1257.54,29133123584
1257.83,29133123584
1258.11,29133123584
1258.40,29133123584
1258.68,29133123584
1258.97,29133123584
1259.26,29133123584
1259.56,29133123584
1259.84,29132562432
1260.13,29132562432
1260.42,29132972032
1260.71,29132972032
1261.00,29132972032
1261.29,29132972032
1261.57,29132972032
1261.87,29132972032
1262.16,29132972032
1262.44,29133381632
1262.73,29133381632
1263.02,29133381632
1263.31,29133381632
1263.59,29133381632
1263.88,29133381632
1264.16,29133381632
1264.45,29133537280
1264.73,29133537280
1265.02,29133537280
1265.30,29133537280
1265.59,29133537280
1265.87,29133537280
1266.16,29133537280
1266.45,29133537280
1266.73,29133537280
1267.02,29133537280
1267.31,29133537280
1267.60,29133537280
1267.88,29133537280
1268.18,29133537280
1268.47,29133537280
1268.76,29133537280
1269.05,29133537280
1269.35,29133537280
1269.64,58265501696
1269.93,58264793088
1270.22,58264793088
1270.52,58265202688
1270.80,58265202688
1271.09,58265202688
1271.38,58265202688
1271.67,58265202688
1271.95,58265202688
1272.24,58265202688
1272.53,58264662016
1272.82,58264662016
1273.11,58264662016
1273.41,58264662016
1273.70,58264662016
1273.98,58264662016
1274.27,58264662016
1274.56,58264236032
1274.86,58264236032
1275.15,58264530944
1275.45,58264530944
1275.74,58264530944
1276.03,58264530944
1276.32,58264530944
1276.61,58264530944
1276.90,58264530944
1277.19,58264530944
1277.48,58264940544
1277.77,58264940544
1278.07,58264940544
1278.35,58264940544
1278.64,58264940544
1278.93,58264940544
1279.22,58264940544
1279.51,58264940544
1279.80,58264420352
1280.09,58264305664
1280.38,58264190976
1280.67,58264190976
1280.97,58264190976
1281.27,58264076288
1281.56,58264895488
1281.84,58264895488
1282.13,58264895488
1282.42,58264895488
1282.71,58264895488
1283.00,58265190400
1283.29,58265075712
1283.58,58265075712
1283.87,58265075712
1284.16,58265075712
1284.44,58264961024
1284.74,58264961024
1285.03,58264961024
1285.32,58264961024
1285.60,58264961024
1285.89,58264961024
1286.18,58264961024
1286.46,58264961024
1286.74,58264961024
1287.03,58264961024
1287.31,58264961024
1287.60,58264961024
1287.89,58264961024
1288.18,58264961024
1288.48,58264961024
1288.77,58264961024
1289.06,58264846336
1289.35,58264846336
1289.64,58264731648
1289.93,58263805952
1290.23,58263805952
1290.52,58264215552
1290.81,58264510464
1291.10,58264510464
1291.39,58264510464
1291.68,58264510464
1291.97,58264395776
1292.26,58264395776
1292.54,58264395776
1292.84,58264395776
1293.13,58264395776
1293.42,58264395776
1293.70,58264395776
1294.00,58264395776
1294.29,58264395776
1294.58,58264248320
1294.87,58264248320
1295.17,58264248320
1295.46,58264248320
1295.75,58264248320
1296.04,58264248320
1296.33,58264248320
1296.62,58264248320
1296.91,58264248320
1297.20,58264248320
1297.49,58264248320
1297.78,58264248320
1298.07,58264248320
1298.36,58264543232
1298.64,58264543232
1298.94,58264543232
1299.23,58264543232
1299.52,58264952832
1299.81,58264952832
1300.10,58264952832
1300.38,58264166400
1300.66,58264166400
1300.95,58264461312
1301.25,58264346624
1301.54,58264231936
1301.83,58264231936
1302.11,58264231936
1302.40,58264231936
1302.69,58264231936
1302.98,58264231936
1303.26,58264231936
1303.55,58265051136
1303.84,58265051136
1304.13,58264936448
1304.41,58264788992
1304.71,58264788992
1304.99,58265083904
1305.28,58264969216
1305.56,58264969216
1305.85,58264969216
1306.13,58264969216
1306.42,58264969216
1306.71,58264969216
1306.99,58264969216
1307.28,58264969216
1307.58,58264969216
1307.87,58264969216
1308.15,58264969216
1308.44,58265378816
1308.73,58265378816
1309.02,58265378816
1309.31,58265378816
1309.61,58265378816
1309.90,58265378816
1310.18,58265378816
1310.47,58264530944
1310.76,58264530944
1311.05,58264530944
1311.33,58264530944
1311.62,58264530944
1311.91,58264416256
1312.20,58264416256
1312.49,58264825856
1312.78,58264825856
1313.07,58264825856
1313.35,58265120768
1313.64,58265120768
1313.93,58265006080
1314.22,58265006080
1314.51,58264662016
1314.79,58264662016
1315.08,58264662016
1315.37,58264662016
1315.65,58264662016
1315.93,58265366528
1316.22,58265366528
1316.51,58265366528
1316.80,58265366528
1317.09,58265366528
1317.38,58265366528
1317.66,58265366528
1317.95,58265366528
1318.24,58265661440
1318.52,58265661440
1318.81,58265661440
1319.09,58265661440
1319.37,58265661440
1319.65,58265661440
1319.94,58265661440
1320.23,58265612288
1320.52,58265497600
1320.79,58265497600
1321.08,58264576000
1321.36,58264576000
1321.65,58264576000
1321.94,58264576000
1322.22,58264576000
1322.51,58264576000
1322.80,58264576000
1323.08,58264576000
1323.36,58264985600
1323.65,58264985600
1323.93,58264985600
1324.22,58264985600
1324.51,58264346624
1324.79,58264346624
1325.08,58264346624
1325.37,58264346624
1325.66,58264346624
1325.94,58264346624
1326.22,58264346624
1326.51,58264346624
1326.80,58264346624
1327.09,58264346624
1327.37,58264756224
1327.65,58264756224
1327.93,58264756224
1328.23,58264641536
1328.51,58264641536
1328.79,58265051136
1329.07,58265051136
1329.36,58265051136
1329.65,58265051136
1329.94,58265051136
1330.23,58265051136
1330.52,58265051136
1330.81,58265051136
1331.10,58264055808
1331.38,58264760320
1331.67,58264694784
1331.95,58264580096
1332.24,58264580096
1332.53,58264580096
1332.82,58264465408
1333.10,58264465408
1333.39,58264465408
1333.67,58264465408
1333.96,58264465408
1334.25,58264465408
1334.53,58263941120
1334.82,58263941120
1335.10,58263941120
1335.39,58263941120
1335.67,58263941120
1335.97,58263941120
1336.25,58264760320
1336.54,58264760320
1336.84,58264760320
1337.12,58264760320
1337.41,58264760320
1337.70,58264760320
1338.00,58264760320
1338.29,58264760320
1338.58,58264760320
1338.87,58264760320
1339.16,58265055232
1339.44,58265055232
1339.74,58264875008
1340.03,58264760320
1340.32,58264760320
1340.62,58264760320
1340.91,58264760320
1341.19,58264256512
1341.48,58264666112
1341.77,58264666112
1342.06,58264961024
1342.35,58264961024
1342.64,58264961024
1342.92,58264846336
1343.21,58264731648
1343.50,58264731648
1343.78,58264911872
1344.07,58264911872
1344.36,58264911872
1344.64,58264272896
1344.93,58264272896
1345.22,58264272896
1345.51,58265501696
1345.79,58265501696
1346.08,58265501696
1346.37,58265501696
1346.66,58265501696
1346.95,58265501696
1347.23,58265501696
1347.53,58265501696
1347.82,58265501696
1348.10,58265501696
1348.38,58265387008
1348.67,58265387008
1348.96,58265387008
1349.25,58265387008
1349.54,58265387008
1349.83,58265387008
1350.12,58265387008
1350.41,58265387008
1350.70,58265387008
1350.99,58265387008
1351.28,58265272320
1351.57,58264416256
1351.85,58264711168
1352.15,58264596480
1352.43,58264481792
1352.72,58264481792
1353.01,58264367104
1353.30,58264367104
1353.59,58264367104
1353.88,58264367104
1354.16,58264367104
1354.45,58263728128
1354.73,58263728128
1355.02,58263908352
1355.30,58263793664
1355.59,58263793664
1355.87,58264088576
1356.15,58264088576
1356.44,58264088576
1356.73,58264088576
1357.02,58264088576
1357.31,58264088576
1357.60,58264088576
1357.88,58264088576
1358.17,58263990272
1358.46,58263990272
1358.74,58263875584
1359.04,58263875584
1359.33,58263875584
1359.61,58264694784
1359.89,58264694784
1360.18,58264580096
1360.47,58264580096
1360.77,58264580096
1361.05,58264580096
1361.34,58264580096
1361.63,58264580096
1361.92,58264580096
1362.21,58264580096
1362.50,58264989696
1362.80,58264989696
1363.08,58264989696
1363.36,58265284608
1363.64,58265284608
1363.93,58265284608
1364.22,58265284608
1364.51,58265169920
1364.80,58265055232
1365.09,58265055232
1365.37,58264940544
1365.65,58264825856
1365.94,58264825856
1366.23,58264825856
1366.52,58264825856
1366.81,58264825856
1367.10,58265235456
1367.39,58265235456
1367.67,58265235456
1367.97,58265235456
1368.24,58265235456
1368.52,58265235456
1368.81,58265235456
1369.09,58265235456
1369.37,58265235456
1369.65,58265235456
1369.94,58265235456
1370.23,58265235456
1370.51,58265235456
1370.79,58265235456
1371.08,58265235456
1371.37,58265235456
1371.65,58265235456
1371.93,58265235456
1372.22,58264109056
1372.51,58264518656
1372.79,58264518656
1373.07,58264518656
1373.35,58264518656
1373.64,58264518656
1373.92,58264518656
1374.22,58264518656
1374.51,58263879680
1374.79,58263879680
1375.08,58263879680
1375.37,58263879680
1375.66,58263879680
1375.94,58263879680
1376.23,58263879680
1376.52,58264289280
1376.80,58264289280
1377.10,58264289280
1377.38,58264698880
1377.67,58264698880
1377.96,58264698880
1378.25,58264698880
1378.54,58264698880
1378.83,58264698880
1379.12,58063765504
1379.42,58063765504
1379.70,58063650816
1379.99,58063536128
1380.28,58063536128
1380.57,58063536128
1380.87,58063536128
1381.16,58063536128
1381.45,58063536128
1381.74,58063536128
1382.02,58062696448
1382.32,58062696448
1382.60,58063106048
1382.89,58063106048
1383.19,58063106048
1383.48,58063106048
1383.76,58063106048
1384.06,58063106048
1384.34,58063106048
1384.63,58062876672
1384.92,58062876672
1385.20,58063171584
1385.49,58063171584
1385.78,58063171584
1386.07,58063171584
1386.36,58063171584
1386.65,58063171584
1386.93,58063171584
1387.22,58063171584
1387.51,58063581184
1387.80,58063581184
1388.08,58063581184
1388.37,58063876096
1388.66,58063876096
1388.95,58063876096
1389.24,58063876096
1389.54,58063761408
1389.82,58063761408
1390.11,58063761408
1390.40,58063761408
1390.69,58063761408
1390.98,58063761408
1391.27,58063761408
1391.56,58063761408
1391.85,58063646720
1392.14,58062884864
1392.43,58063294464
1392.72,58063294464
1393.01,58063294464
1393.30,58063294464
1393.59,58063294464
1393.88,58063294464
1394.17,58063294464
1394.46,58062770176
1394.75,58062770176
1395.04,58062770176
1395.33,58062770176
1395.62,58062770176
1395.91,58062770176
1396.20,58062770176
1396.49,58063179776
1396.78,58063179776
1397.06,58063179776
1397.36,58063179776
1397.64,58063179776
1397.93,58063179776
1398.23,58063179776
1398.52,58063179776
1398.81,58063179776
1399.10,58063179776
1399.39,58063065088
1399.68,58063360000
1399.96,58063360000
1400.26,58063360000
1400.55,58063360000
1400.84,58063360000
1401.13,58063360000
1401.42,58063360000
1401.71,58063360000
1402.00,58063360000
1402.29,58062856192
1402.58,58062856192
1402.87,58062856192
1403.15,58062856192
1403.44,58062839808
1403.73,58062839808
1404.02,58062839808
1404.30,58063249408
1404.59,58063921152
1404.88,58063921152
1405.17,58063282176
1405.46,58063691776
1405.75,58063691776
1406.04,58063691776
1406.33,58063691776
1406.62,58063691776
1406.90,58063691776
1407.19,58063691776
1407.48,58063691776
1407.77,58063691776
1408.06,58063691776
1408.34,58063691776
1408.62,58063691776
1408.91,58063691776
1409.19,58063691776
1409.47,58063691776
1409.76,58063691776
1410.05,58063986688
1410.33,58063986688
1410.62,58063986688
1410.90,58063872000
1411.19,58063757312
1411.47,58063757312
1411.77,58063757312
1412.05,58063757312
1412.33,58063757312
1412.61,58063044608
1412.90,58063044608
1413.19,58063044608
1413.46,58063454208
1413.75,58063454208
1414.04,58063339520
1414.33,58063634432
1414.61,58062995456
1414.88,58062995456
1415.16,58062995456
1415.45,58062995456
1415.73,58062880768
1416.01,58062880768
1416.30,58062880768
1416.58,58062766080
1416.87,58062766080
1417.15,58062766080
1417.44,58062766080
1417.74,58062766080
1418.02,58062766080
1418.31,58062766080
1418.59,58063175680
1418.89,58063175680
1419.18,58063175680
1419.47,58063585280
1419.76,58063585280
1420.05,58063585280
1420.34,58063585280
1420.62,58063585280
1420.91,58063585280
1421.20,58063585280
1421.48,58063585280
1421.77,58063585280
1422.06,58063585280
1422.35,58063585280
1422.64,58063257600
1422.93,58063257600
1423.22,58063257600
1423.51,58063552512
1423.81,58063552512
1424.10,58063552512
1424.39,58063552512
1424.68,58063552512
1424.97,58063552512
1425.26,58063437824
1425.55,58063437824
1425.83,58063437824
1426.12,58063437824
1426.41,58063437824
1426.70,58063437824
1426.98,58063437824
1427.27,58063437824
1427.56,58063847424
1427.85,58063732736
1428.14,58063732736
1428.43,58064142336
1428.72,58064142336
1429.01,58064142336
1429.30,58064142336
1429.58,58064142336
1429.87,58064437248
1430.16,58064437248
1430.45,58064437248
1430.74,58064437248
1431.02,58064437248
1431.31,58064846848
1431.59,58064846848
1431.88,58064846848
1432.17,58064846848
1432.46,58063736832
1432.74,58063736832
1433.03,58063736832
1433.32,58063736832
1433.60,58063212544
1433.89,58063212544
1434.18,58063212544
1434.47,58062983168
1434.76,58062983168
1435.05,58062983168
1435.34,58062983168
1435.63,58063392768
1435.92,58063392768
1436.22,58063392768
1436.51,58063392768
1436.81,58063392768
1437.10,58063687680
1437.39,58063687680
1437.69,58063982592
1437.97,58063982592
1438.26,58063982592
1438.55,58063867904
1438.85,58063867904
1439.14,58063867904
1439.43,58063867904
1439.72,58063867904
1440.02,58063867904
1440.31,58063867904
1440.61,58063867904
1440.90,58063867904
1441.20,58063867904
1441.49,58063867904
1441.78,58063753216
1442.07,58063753216
1442.36,58063753216
1442.65,58063753216
1442.95,58063032320
1443.24,58063032320
1443.52,58063441920
1443.82,58063441920
1444.11,58063327232
1444.40,58063736832
1444.69,58063212544
1444.99,58063507456
1445.28,58063507456
1445.57,58063917056
1445.86,58063917056
1446.15,58063917056
1446.44,58063917056
1446.74,58063917056
1447.03,58063917056
1447.33,58063917056
1447.62,58063917056
1447.91,58063917056
1448.21,58063917056
1448.50,58063917056
1448.79,58063917056
1449.08,58063917056
1449.38,58063917056
1449.67,58063917056
1449.96,58063917056
1450.25,58063917056
1450.54,58063917056
1450.84,58063917056
1451.13,58063867904
1451.42,58063753216
1451.71,58063753216
1452.01,58063753216
1452.30,58063753216
1452.60,58063753216
1452.88,58063753216
1453.17,58062958592
1453.45,58063368192
1453.73,58063368192
1454.02,58063368192
1454.32,58063368192
1454.60,58062614528
1454.89,58062614528
1455.18,58062614528
1455.47,58063433728
1455.77,58063433728
1456.05,58063433728
1456.34,58063728640
1456.63,58063728640
1456.93,58063728640
1457.22,58063728640
1457.51,58063728640
1457.80,58063728640
1458.09,58063728640
1458.38,58063728640
1458.67,58063728640
1458.97,58063728640
1459.25,58063728640
1459.55,58063728640
1459.84,58063728640
1460.13,58063728640
1460.42,58063728640
1460.71,58063728640
1461.00,58063728640
1461.29,58063728640
1461.58,58063728640
1461.88,58063663104
1462.17,58063663104
1462.46,58063548416
1462.75,58063548416
1463.05,58063548416
1463.34,58063122432
1463.62,58063532032
1463.91,58063532032
1464.20,58063532032
1464.49,58063187968
1464.79,58063597568
1465.07,58063892480
1465.36,58063777792
1465.64,58063777792
1465.93,58063777792
1466.22,58063777792
1466.51,58063777792
1466.80,58063777792
1467.10,58063663104
1467.39,58063663104
1467.68,58063663104
1467.97,58063548416
1468.26,58063548416
1468.55,58063548416
1468.84,58063548416
1469.12,58063548416
1469.41,58063548416
1469.71,58063548416
1469.99,58063548416
1470.29,58063548416
1470.58,58063548416
1470.87,58063548416
1471.16,58063548416
1471.44,58063548416
1471.73,58063548416
1472.02,58063548416
1472.31,58063548416
1472.60,58063548416
1472.90,58063548416
1473.19,58063548416
1473.48,58063208448
1473.78,58063208448
1474.07,58063208448
1474.36,58063618048
1474.65,58062979072
1474.93,58063781888
1475.22,58063781888
1475.50,58064191488
1475.79,58064191488
1476.09,58064191488
1476.37,58064191488
1476.66,58064191488
1476.96,58064191488
1477.25,58064191488
1477.54,58064191488
1477.83,58064191488
1478.11,58064076800
1478.39,58064896000
1478.67,58064781312
1478.97,58064781312
1479.26,58064781312
1479.56,58064781312
1479.85,58064781312
1480.13,58064781312
1480.41,58064781312
1480.70,58064781312
1480.98,58064781312
1481.27,58064781312
1481.56,58064781312
1481.84,58064781312
1482.12,58064781312
1482.41,58064781312
1482.69,58064781312
1482.97,58064781312
1483.26,58064781312
1483.55,58063314944
1483.84,58063314944
1484.12,58063609856
1484.41,58063609856
1484.70,58062970880
1484.99,58062970880
1485.27,58063265792
1485.56,58063265792
1485.84,58063265792
1486.13,58063265792
1486.41,58063675392
1486.69,58063675392
1486.98,58063675392
1487.27,58063675392
1487.55,58063560704
1487.83,58063446016
1488.12,58063446016
1488.40,58063446016
1488.69,58063446016
1488.98,58063446016
1489.27,58063740928
1489.55,58063740928
1489.85,58063740928
1490.13,58063740928
1490.42,58063740928
1490.71,58063626240
1491.00,58063626240
1491.29,58063626240
1491.59,58063626240
1491.88,58063511552
1492.16,58063511552
1492.46,58063511552
1492.74,58063806464
1493.03,58063806464
1493.32,58063806464
1493.61,58063290368
1493.90,58063290368
1494.19,58063290368
1494.48,58063060992
1494.77,58063060992
1495.05,58063060992
1495.35,58063880192
1495.64,58063765504
1495.93,58063765504
1496.22,58063650816
1496.51,58063650816
1496.80,58063536128
1497.10,58063831040
1497.39,58063831040
1497.68,58063831040
1497.97,58063831040
1498.26,58063831040
1498.56,58063831040
1498.85,58063831040
1499.14,58063716352
1499.44,58063601664
1499.73,58063601664
1500.02,58063601664
1500.31,58063896576
1500.61,58063896576
1500.90,58063896576
1501.19,58063896576
1501.49,58063896576
1501.78,58063798272
1502.07,58063798272
1502.35,58063798272
1502.64,58063798272
1502.93,58063798272
1503.22,29133520896
1503.51,29133520896
1503.80,29133025280
1504.09,29133025280
1504.37,29133434880
1504.65,29132795904
1504.94,29132795904
1505.22,29132795904
1505.51,29132795904
1505.80,29132795904
1506.09,29132795904
1506.38,29132795904
1506.66,29133615104
1506.94,29133615104
1507.23,29133615104
1507.52,29133615104
1507.80,29133615104
1508.09,29133615104
1508.38,29133615104
1508.66,29133615104
1508.95,29133615104
1509.24,29133615104
1509.53,29133615104
1509.82,29133615104
1510.11,29133615104
1510.39,29134024704
1510.68,29134024704
1510.96,29134024704
1511.25,29134024704
1511.54,29134024704
1511.82,29134024704
1512.10,29134024704
1512.39,29134024704
1512.67,29134024704
1512.96,29134024704
1513.24,29134024704
1513.52,29134024704
1513.81,29134024704
1514.10,29133578240
1514.38,29133578240
1514.67,29132935168
1514.96,29132935168
1515.25,29132935168
1515.54,29132935168
1515.84,29132935168
1516.12,29132935168
1516.41,29133344768
1516.70,29133344768
1517.00,29133344768
1517.28,29133344768
1517.57,29133754368
1517.86,29133754368
1518.14,29133754368
1518.43,29133754368
1518.72,29133754368
1519.01,29133754368
1519.30,29133754368
1519.59,29133754368
1519.89,29133754368
1520.18,29134163968
1520.48,29134163968
1520.77,29134163968
1521.07,29134163968
1521.36,29134163968
1521.65,29134163968
1521.94,29134163968
1522.22,29134163968
1522.51,29134163968
1522.81,29134163968
1523.10,29134163968
1523.39,29134163968
1523.68,29134163968
1523.97,29133369344
1524.26,29133369344
1524.55,29132730368
1524.84,29133549568
1525.13,29133549568
1525.43,29133549568
1525.72,29133549568
1526.01,29133549568
1526.30,29133549568
1526.59,29133549568
1526.88,29133549568
1527.16,29133549568
1527.45,29133549568
1527.74,29133549568
1528.03,29133549568
1528.32,29133549568
1528.60,29133549568
1528.89,29133549568
1529.19,29133549568
1529.48,29133549568
1529.78,29133549568
1530.07,29133549568
1530.36,29133549568
1530.65,29133549568
1530.94,29133549568
1531.23,29133549568
1531.52,29133549568
1531.81,29133549568
1532.10,29133549568
1532.38,29133549568
1532.67,29133549568
1532.96,29133549568
1533.25,29133549568
1533.53,29133549568
1533.82,29133549568
1534.12,29133037568
1534.41,29133447168
1534.70,29132808192
1534.99,29132808192
1535.29,29132808192
1535.58,29133217792
1535.87,29133217792
1536.16,29133217792
1536.45,29133217792
1536.74,29133217792
1537.04,29133217792
1537.32,29133217792
1537.61,29133217792
1537.90,29133217792
1538.19,29133217792
1538.48,29133627392
1538.76,29133627392
1539.05,29133627392
1539.33,29133627392
1539.63,29133627392
1539.91,29133627392
1540.20,29133627392
1540.49,29133627392
1540.77,29133627392
1541.06,29133627392
1541.35,29133627392
1541.64,29133627392
1541.93,29133627392
1542.21,29133627392
1542.50,29133627392
1542.80,29133627392
1543.09,29133627392
1543.38,29134036992
1543.67,29134036992
1543.96,29134036992
1544.25,29134036992
1544.54,29133254656
1544.83,29133254656
1545.11,29133254656
1545.41,29133254656
1545.70,29133254656
1545.99,29133254656
1546.28,29133254656
1546.57,29133254656
1546.85,29133254656
1547.14,29133254656
1547.43,29133664256
1547.71,29133664256
1548.00,29133664256
1548.29,29133664256
1548.58,29133664256
1548.87,29133664256
1549.15,29133664256
1549.44,29133664256
1549.73,29133664256
1550.02,29133664256
1550.31,29133664256
1550.60,29133664256
1550.89,29133664256
1551.19,29133664256
1551.48,29133664256
1551.77,29133664256
1552.05,29133664256
1552.35,29133664256
1552.64,29133664256
1552.93,29133664256
1553.22,29133664256
1553.51,29133664256
1553.80,29133664256
1554.09,29133664256
1554.38,29132767232
1554.67,29132767232
1554.95,29132767232
1555.25,29132767232
1555.54,29133176832
1555.83,29133176832
1556.12,29133176832
1556.40,29133176832
1556.69,29133176832
1556.98,29133176832
1557.28,29133176832
1557.57,29133176832
1557.87,29133176832
1558.16,29133176832
1558.45,29133176832
1558.74,29133176832
1559.03,29133176832
1559.32,29133176832
1559.60,29133176832
1559.90,29133176832
1560.18,29133176832
1560.47,29133176832
1560.76,29133176832
1561.05,29133176832
1561.34,29133176832
1561.63,29133176832
1561.92,29133176832
1562.20,29133176832
1562.49,29133176832
1562.78,29133176832
1563.07,29133176832
1563.36,29133176832
1563.65,29133176832
1563.93,29133176832
1564.22,29133176832
1564.51,29132832768
1564.79,29132832768
1565.08,29132349440
1565.37,29132349440
1565.65,29132349440
1565.94,29132349440
1566.22,29132349440
1566.51,29132759040
1566.81,29132759040
1567.10,29132759040
1567.38,29133578240
1567.67,29133578240
1567.95,29133578240
1568.24,29133578240
1568.53,29133578240
1568.82,29133578240
1569.10,29133578240
1569.39,29133578240
1569.68,29133578240
1569.96,29133578240
1570.26,29133578240
1570.54,29133578240
1570.83,29133578240
1571.12,29133578240
1571.40,29133578240
1571.70,29133578240
1571.98,29133578240
1572.27,29133578240
1572.56,29133578240
1572.84,29133578240
1573.13,29133578240
1573.42,29133578240
1573.71,29133578240
1573.99,29133578240
1574.28,29133578240
1574.57,29132939264
1574.86,29132939264
1575.15,29132320768
1575.44,29133139968
1575.73,29133139968
1576.02,29133139968
1576.30,29133139968
1576.59,29133139968
1576.89,29133139968
1577.18,29133139968
1577.47,29133549568
1577.76,29133549568
1578.05,29133549568
1578.34,29133549568
1578.63,29133549568
1578.92,29133549568
1579.21,29133549568
1579.50,29133549568
1579.79,29133549568
1580.08,29133549568
1580.38,29133549568
1580.67,29133549568
1580.95,29133549568
1581.24,29133549568
1581.53,29133549568
1581.82,29133549568
1582.10,29133549568
1582.39,29133549568
1582.68,29133549568
1582.96,29133549568
1583.24,29133549568
1583.53,29133549568
1583.82,29133549568
1584.10,29133549568
1584.38,29133549568
1584.67,29133025280
1584.96,29132300288
1585.25,29132300288
1585.54,29132300288
1585.83,29132300288
1586.12,29132300288
1586.41,29132709888
1586.70,29132709888
1586.99,29132709888
1587.28,29132709888
1587.57,29132709888
1587.85,29132709888
1588.14,29132709888
1588.43,29132709888
1588.72,29132709888
1589.01,29132709888
1589.30,29132709888
1589.59,29132709888
1589.88,29132709888
1590.17,29132709888
1590.45,29133119488
1590.75,29133119488
1591.03,29133119488
1591.32,29133119488
1591.61,29133119488
1591.89,29133119488
1592.18,29133119488
1592.47,29133119488
1592.76,29133119488
1593.06,29133119488
1593.35,29133119488
1593.64,29133529088
1593.92,29133529088
1594.21,29133529088
1594.51,29133791232
1594.80,29133791232
1595.09,29132832768
1595.38,29132832768
1595.68,29132832768
1595.97,29132832768
1596.27,29132832768
1596.55,29132832768
1596.84,29132832768
1597.13,29132832768
1597.42,29133242368
1597.71,29133242368
1598.01,29133242368
1598.30,29133242368
1598.58,29133651968
1598.87,29133651968
1599.16,29133651968
1599.44,29133651968
1599.73,29133651968
1600.02,29133651968
1600.31,29133651968
1600.60,29133651968
1600.88,29133651968
1601.17,29133651968
1601.46,29133651968
1601.74,29133651968
1602.03,29133651968
1602.32,29133651968
1602.61,29133651968
1602.90,29133651968
1603.20,29133651968
1603.49,29133651968
1603.78,29133651968
1604.08,29133651968
1604.36,29133651968
1604.63,29133012992
1604.92,29132193792
1605.21,29132603392
1605.50,29133012992
1605.78,29133012992
1606.07,29133012992
1606.36,29133012992
1606.65,29133012992
1606.94,29133012992
1607.24,29133012992
1607.53,29133012992
1607.81,29133012992
1608.10,29133012992
1608.39,29133012992
1608.69,29133012992
1608.98,29133012992
1609.27,29133012992
1609.56,29133012992
1609.84,29133012992
1610.13,29133012992
1610.42,29133012992
1610.71,29133012992
1610.99,29133012992
1611.28,29133012992
1611.57,29133012992
1611.85,29133012992
1612.14,29133012992
1612.43,29133422592
1612.71,29133422592
1613.01,29133422592
1613.30,29133422592
1613.59,29133422592
1613.88,29133422592
1614.17,29133422592
1614.46,29133193216
1614.76,29133602816
1615.05,29133185024
1615.34,29133185024
1615.63,29133185024
1615.92,29133185024
1616.21,29133185024
1616.50,29133594624
1616.79,29133594624
1617.09,29133594624
1617.38,29133594624
1617.66,29133594624
1617.95,29133594624
1618.24,29133594624
1618.52,29133594624
1618.82,29133594624
1619.10,29133594624
1619.38,29133594624
1619.67,29133594624
1619.95,29133594624
1620.23,29133594624
1620.52,29133594624
1620.81,29133594624
1621.09,29133594624
1621.38,29133594624
1621.67,29133594624
1621.96,29133594624
1622.24,29133594624
1622.52,29133594624
1622.80,29133594624
1623.10,29133594624
1623.39,29133594624
1623.68,29133594624
1623.96,29133594624
1624.25,29133594624
1624.55,29132955648
1624.84,29132955648
1625.13,29132955648
1625.42,29132423168
1625.70,29132423168
1625.99,29132423168
1626.27,29132423168
1626.56,29133242368
1626.84,29133242368
1627.12,29133242368
1627.41,29133242368
1627.69,29133242368
1627.97,29133242368
1628.26,29133242368
1628.54,29133242368
1628.82,29133242368
1629.11,29133242368
1629.39,29133242368
1629.68,29133242368
1629.96,29133242368
1630.24,29133242368
1630.53,29133651968
1630.81,29133651968
1631.09,29133651968
1631.38,29133651968
1631.67,29133651968
1631.95,29133651968
1632.25,29133651968
1632.52,29133651968
1632.80,29133651968
1633.10,29133651968
1633.39,29133651968
1633.67,29133651968
1633.96,29133651968
1634.25,29133651968
1634.53,29133012992
1634.82,29133012992
1635.11,29133012992
1635.40,29132570624
1635.69,29132980224
1635.99,29132980224
1636.28,29132980224
1636.57,29132980224
1636.87,29132980224
1637.15,29132980224
1637.44,29133799424
1637.73,29133799424
1638.02,29133799424
1638.31,29133799424
1638.60,29133799424
1638.89,29133799424
1639.18,29133799424
1639.46,29133799424
1639.76,29133799424
1640.05,29133799424
1640.34,29133799424
1640.63,29133799424
1640.92,29133799424
1641.21,29133799424
1641.50,29133799424
1641.78,29133799424
1642.08,29133799424
1642.37,29133799424
1642.66,29133799424
1642.94,29133799424
1643.23,29133799424
1643.52,29133799424
1643.80,29133799424
1644.09,29133799424
1644.37,29133799424
1644.66,29133275136
1644.94,29133275136
1645.23,29133275136
1645.52,29132562432
1645.81,29132972032
1646.10,29132972032
1646.38,29133381632
1646.66,29133381632
1646.94,29133381632
1647.22,29133381632
1647.51,29133381632
1647.80,29133381632
1648.09,29133381632
1648.37,29133381632
1648.66,29133381632
1648.94,29133381632
1649.23,29133381632
1649.52,29133381632
1649.81,29133381632
1650.09,29133381632
1650.38,29133381632
1650.67,29133381632
1650.96,29133381632
1651.25,29133381632
1651.54,29133381632
1651.84,29133381632
1652.13,29133381632
1652.42,29133791232
1652.71,29133791232
1653.00,29133791232
1653.29,29133791232
1653.58,29133791232
1653.87,29133791232
1654.15,29133791232
1654.43,29133561856
1654.72,29133561856
1655.01,29133561856
1655.30,29133561856
1655.59,29133561856
1655.87,29132705792
1656.17,29132705792
1656.46,29133524992
1656.75,29133524992
1657.04,29133524992
1657.33,29133524992
1657.62,29133524992
1657.90,29133524992
1658.20,29133524992
1658.49,29133524992
1658.78,29133524992
1659.07,29133524992
1659.37,29133524992
1659.65,29133524992
1659.95,29133524992
1660.24,29133524992
1660.53,29133934592
1660.82,29133934592
1661.10,29133934592
1661.39,29133934592
1661.68,29133934592
1661.97,29133934592
1662.25,29133934592
1662.54,29133934592
1662.83,29133934592
1663.12,29133934592
1663.40,29133934592
1663.70,29133934592
1663.98,29133934592
1664.28,29133934592
1664.56,29133295616
1664.85,29133295616
1665.14,29133295616
1665.42,29133295616
1665.72,29133295616
1666.01,29132468224
1666.30,29132468224
1666.59,29132468224
1666.88,29132468224
1667.17,29132468224
1667.46,29132877824
1667.75,29133697024
1668.04,29133697024
1668.33,29133697024
1668.62,29133697024
1668.91,29133697024
1669.20,29133697024
1669.49,29133697024
1669.78,29133697024
1670.07,29133697024
1670.36,29133697024
1670.65,29133697024
1670.94,29133697024
1671.22,29133697024
1671.52,29133697024
1671.81,29133697024
1672.10,29133697024
1672.39,29133697024
1672.68,29133697024
1672.97,29133697024
1673.26,29133697024
1673.55,29133697024
1673.84,29133697024
1674.14,29133697024
1674.43,29134106624
1674.71,29133467648
1675.00,29133467648
1675.29,29133877248
1675.59,29133877248
1675.88,29133877248
1676.16,29132931072
1676.45,29133340672
1676.75,29133340672
1677.04,29133340672
1677.34,29133340672
1677.63,29133340672
1677.91,29133340672
1678.21,29133340672
1678.50,29133750272
1678.79,29133750272
1679.08,29133750272
1679.37,29133750272
1679.66,29133750272
1679.94,29133750272
1680.23,29133750272
1680.52,29133750272
1680.81,29133750272
1681.09,29133750272
1681.38,29133750272
1681.67,29133750272
1681.96,29133750272
1682.25,29133750272
1682.54,29133750272
1682.83,29133750272
1683.12,29133750272
1683.41,29133750272
1683.70,29133750272
1684.00,29133750272
1684.29,29133750272
1684.58,29133082624
1684.87,29133082624
1685.16,29133082624
1685.46,29133082624
1685.75,29133082624
1686.04,29132312576
1686.33,29132312576
1686.62,29132722176
1686.91,29132722176
1687.21,29132722176
1687.50,29133131776
1687.79,29133131776
1688.09,29133131776
1688.37,29133131776
1688.66,29133131776
1688.95,29133131776
1689.25,29133131776
1689.53,29133131776
1689.83,29133131776
1690.12,29133131776
1690.41,29133131776
1690.70,29133131776
1690.99,29133131776
1691.29,29133131776
1691.58,29133131776
1691.87,29133131776
