timestamp_ms,instantaneous_rps
0.00,0.0
0.25,39648.0
0.50,55700.0
0.75,55912.0
1.00,54972.0
1.25,56876.0
1.50,55672.0
1.75,50920.3
2.00,48952.0
2.25,57684.0
2.50,53464.0
2.75,56740.0
3.00,57532.0
3.25,57608.0
3.50,56076.0
3.75,56424.0
4.00,57852.0
4.25,58008.0
4.50,56676.0
4.75,57452.0
5.00,56616.0
5.25,56976.0
5.50,59232.0
5.75,58792.0
6.00,57788.0
6.25,56496.0
6.50,57143.4
6.75,57292.0
7.00,57588.0
7.25,57068.0
7.50,56036.0
7.75,58960.0
8.00,56896.0
8.25,60176.0
8.51,58848.6
8.76,56848.0
9.01,58420.0
9.26,60472.0
9.51,57896.0
9.76,49580.0
10.01,47916.3
10.26,50056.0
10.51,49330.7
10.76,49908.0
11.01,51032.0
11.26,49980.0
11.51,51440.0
11.76,51664.0
12.01,51808.0
12.26,54693.2
12.51,51840.0
12.76,52080.0
13.01,57220.0
13.26,48176.0
13.51,57940.0
13.76,56251.0
14.01,54184.0
14.26,52476.0
14.51,59512.0
14.76,61488.0
15.01,61836.0
15.26,59248.0
15.51,62588.0
15.76,60537.9
16.01,63208.0
16.26,62196.0
16.51,62624.0
16.76,61264.0
17.01,62960.0
17.26,61168.0
17.51,43600.0
17.76,49204.0
18.01,53761.0
18.26,61136.0
18.51,61456.0
18.76,53592.0
19.01,53644.0
19.26,53936.3
19.51,53196.0
19.76,54012.0
20.01,55016.0
20.26,54932.0
20.51,53600.0
20.76,54484.0
21.01,63856.0
21.26,62064.0
21.51,63184.0
21.76,63120.0
22.01,66432.0
22.26,59292.0
22.51,63585.7
22.76,66924.0
23.01,67828.0
23.26,67768.0
23.51,59668.0
23.76,63784.0
24.01,64264.0
24.26,63741.0
24.51,64584.0
24.76,68480.0
25.01,65540.0
25.26,67216.0
25.51,68680.0
25.77,51944.2
26.02,64320.0
26.27,61864.0
26.52,63278.9
26.77,59296.0
27.02,63824.0
27.27,62656.0
27.52,68392.0
27.77,66096.0
28.02,73784.9
28.27,74984.0
28.52,80312.0
28.77,23211.2
29.02,0.0
29.27,0.0
29.52,0.0
29.77,12374.5
30.02,21768.0
30.27,19072.0
30.52,23617.5
30.77,24920.0
31.02,26028.0
31.27,26832.7
31.52,27072.0
31.77,28200.0
32.02,29035.9
32.27,29596.0
32.52,30004.0
32.77,28179.3
33.02,30656.0
33.27,31028.0
33.52,31344.0
33.77,31600.0
34.02,31512.0
34.28,31207.2
34.53,32420.0
34.78,32740.0
35.03,33000.0
35.28,31390.4
35.53,30924.0
35.78,33116.0
36.03,33486.1
36.28,33744.0
36.53,33480.0
36.78,33776.0
37.03,33928.3
37.28,34196.0
37.53,33976.0
37.78,34192.0
38.03,34648.0
38.28,34374.5
38.53,34760.0
38.78,34552.0
39.03,34840.0
39.28,34712.0
39.53,34900.0
39.78,34398.4
40.03,34660.0
40.28,34720.0
40.53,34936.0
40.78,34968.0
41.03,34956.2
41.28,35172.0
41.53,35364.0
41.78,35720.0
42.03,35508.0
42.28,35494.0
42.53,35396.0
42.78,35308.0
43.03,35528.0
43.28,34468.0
43.53,35836.0
43.78,35900.4
44.03,36000.0
44.28,36148.0
44.53,36196.0
44.78,35672.0
45.03,36040.0
45.28,36376.0
45.53,36784.0
45.78,36398.4
46.03,34468.0
46.29,36414.3
46.54,37116.0
46.79,36492.0
47.04,36976.0
47.29,36588.0
47.54,36788.0
47.79,36884.0
48.04,37059.8
48.29,37284.0
48.54,37388.0
48.79,36760.0
49.04,37388.0
49.29,37414.3
49.54,37616.0
49.79,37700.0
50.04,36368.0
50.29,37204.0
50.54,38136.0
50.79,36956.0
51.04,33776.0
51.29,33211.2
51.54,33716.0
51.79,37356.0
52.04,38596.0
52.29,38472.0
52.54,35709.2
52.79,36900.0
53.04,34112.0
53.29,33884.0
53.54,34180.0
53.79,29876.0
54.04,37464.0
54.29,38052.0
54.54,38416.0
54.79,38712.0
55.04,39131.5
55.29,35724.0
55.54,38912.0
55.79,39448.0
56.04,39597.6
56.29,39704.0
56.54,38904.4
56.79,39410.4
57.04,40172.0
57.29,40244.0
57.54,37840.0
57.80,38434.3
58.05,40492.0
58.30,39752.0
58.55,35240.0
58.80,37664.0
59.05,39924.0
59.30,39820.7
59.55,40628.0
59.80,38080.0
60.05,35248.0
60.30,37888.4
60.55,40124.0
60.80,40628.0
61.05,40716.0
61.30,40208.0
61.55,36836.0
61.80,39480.0
62.05,41128.0
62.30,40684.0
62.55,40872.5
62.80,41524.0
63.05,41852.0
63.30,41716.0
63.55,41996.0
63.80,42084.0
64.05,42144.0
64.30,41968.0
64.55,42200.0
64.80,38908.0
65.05,36752.0
65.30,36952.2
65.55,37048.0
65.80,40000.0
66.05,42568.0
66.30,41800.0
66.55,42721.1
66.80,42156.0
67.05,41416.0
67.30,41972.0
67.55,41540.0
67.80,43100.0
68.05,43248.0
68.30,43828.0
68.55,43020.0
68.80,43072.0
69.05,44020.0
69.30,42092.0
69.55,44292.0
69.80,43585.7
70.05,44292.0
70.30,44780.0
70.55,44632.0
70.80,45056.0
71.05,44581.7
71.30,45344.0
71.55,45080.0
71.80,44704.0
72.05,43512.0
72.30,44944.0
72.55,45472.0
72.80,45660.0
73.05,44992.0
73.31,45322.7
73.56,44016.0
73.81,44725.1
74.06,44832.0
74.31,45340.0
74.56,46076.0
74.81,45916.0
75.06,45908.0
75.31,45408.0
75.56,46352.0
75.81,46549.8
76.06,46564.0
76.31,46824.0
76.56,46900.0
76.81,45428.0
77.06,46780.0
77.31,46696.0
77.56,46624.0
77.81,46448.0
78.06,46490.0
78.31,47088.0
78.56,47112.0
78.81,47600.0
79.06,47440.0
79.31,47584.0
79.56,47772.0
79.81,47360.0
80.06,47424.0
80.31,46020.0
80.56,39589.6
80.81,48776.0
81.06,47780.0
81.31,48188.0
81.56,48556.0
81.81,49276.0
82.06,48848.0
82.31,49123.5
82.56,49116.0
82.81,48784.0
83.06,49040.0
83.31,49824.0
83.56,50540.0
83.81,49916.0
84.06,50496.0
84.31,48988.0
84.56,50346.6
84.81,48460.0
85.06,51172.0
85.31,51028.0
85.56,50908.0
85.81,50724.0
86.06,51016.0
86.31,50748.0
86.56,51824.0
86.81,51260.0
87.06,51348.0
87.31,50872.5
87.56,51616.0
87.81,51412.0
88.06,51832.0
88.31,52588.0
88.56,51332.0
88.81,50704.0
89.06,52352.0
89.31,52348.0
89.56,52512.0
89.81,52382.5
90.06,52864.0
90.31,51536.0
90.56,52892.0
90.81,52428.0
91.06,54008.0
91.31,50888.0
91.56,50912.4
91.81,53624.0
92.06,51656.0
92.31,53024.0
92.56,43808.0
92.81,44184.0
93.06,44304.0
93.31,44992.0
93.56,45255.0
93.81,44472.0
94.06,45076.0
94.31,41460.0
94.56,44320.0
94.82,44649.4
95.07,44808.0
95.32,44656.0
95.57,43604.0
95.82,45164.0
96.07,44480.0
96.32,44410.4
96.57,40352.0
96.82,52912.0
97.07,54160.0
97.32,53032.0
97.57,55304.0
97.82,53404.0
98.07,54004.0
98.32,55352.0
98.57,56203.2
98.82,56952.0
99.07,56264.0
99.32,55876.0
99.57,45040.0
99.82,52644.0
100.07,56220.0
100.32,55268.0
100.57,57312.0
100.82,56362.6
101.07,56972.0
101.32,56892.0
101.57,46004.0
101.82,56992.0
102.07,56912.0
102.32,55144.0
102.57,57272.0
102.82,56980.1
103.07,56180.0
103.32,55664.0
103.57,57564.0
103.82,58052.0
104.07,57976.0
104.32,57680.0
104.57,57904.0
104.82,57964.1
105.07,59168.0
105.32,52344.0
105.57,58712.0
105.82,58928.0
106.07,56804.0
106.32,54116.0
106.57,46956.0
106.82,48276.0
107.07,48108.0
107.32,48370.5
107.57,48660.0
107.82,48476.0
108.07,55316.0
108.32,56796.0
108.57,57640.0
108.82,48204.0
109.07,48384.0
109.32,49228.0
109.57,46908.4
109.82,48908.0
110.07,47832.0
110.32,46604.0
110.57,48988.0
110.82,49344.0
111.07,49552.0
111.32,49592.0
111.57,49588.0
111.82,48688.0
112.07,49256.0
112.32,49705.2
112.57,49356.0
112.82,49948.0
113.07,49652.0
113.32,49144.0
113.57,49680.0
113.82,48884.0
114.07,50120.0
114.32,50300.0
114.57,50124.0
114.82,49700.0
115.07,49916.0
115.32,50036.0
115.58,49892.4
115.83,47964.0
116.08,52816.0
116.33,60016.0
116.58,62232.0
116.83,62484.0
117.08,62844.0
117.33,61480.0
117.58,61648.0
117.83,62152.0
118.08,60664.0
118.33,61721.1
118.58,64420.0
118.83,53444.0
119.08,49116.0
119.33,53628.0
119.58,51400.0
119.83,45259.0
120.08,48464.0
120.33,50612.0
120.58,52364.0
120.83,51208.0
121.08,51364.0
121.33,51096.0
121.58,52152.0
121.83,52512.0
122.08,53040.0
122.33,52688.0
122.58,50255.0
122.83,52192.0
123.08,49896.0
123.33,48404.0
123.58,52700.0
123.83,58876.0
124.08,61992.0
124.33,62589.6
124.58,63400.0
124.83,60888.0
125.08,54280.0
125.33,53920.0
125.58,52064.0
125.83,63480.0
126.08,67260.0
126.33,67620.0
126.58,68488.0
126.83,57596.0
127.08,50119.5
127.33,43548.0
127.58,50820.0
127.83,43720.0
128.08,48116.0
128.33,47744.0
128.58,49292.0
128.83,51948.0
129.08,51412.0
129.33,49824.7
129.58,63664.0
129.83,65368.0
130.08,69176.0
130.33,68348.0
130.58,48428.0
130.83,62701.2
131.08,67948.0
131.33,64604.0
131.58,68776.0
131.83,67448.0
132.08,65280.0
132.33,66119.5
132.58,64452.0
132.83,61348.0
133.08,67336.0
133.33,70300.0
133.58,67588.0
133.83,62500.0
134.08,69200.0
134.33,70528.0
134.58,68952.0
134.83,69384.0
135.08,70464.0
135.33,68304.0
135.58,65588.0
135.83,46940.2
136.08,53900.0
136.33,55336.0
136.58,58216.0
136.83,57852.0
137.08,58120.0
137.33,64120.0
137.58,66844.0
137.83,64612.0
138.08,65228.0
138.34,67031.9
138.59,67136.0
138.84,64184.0
139.09,61588.0
139.34,65660.0
139.59,61660.0
139.84,67296.0
140.09,47446.2
140.34,56524.0
140.59,65148.0
140.84,65644.0
141.09,59470.1
141.34,59464.0
141.59,59388.0
141.84,69444.0
142.09,68152.0
142.34,79302.8
142.59,55284.0
142.84,59912.0
143.09,59596.0
143.34,67148.0
143.59,62540.0
143.84,57636.0
144.09,68344.0
144.34,74516.0
144.59,63920.3
144.84,73348.0
145.09,63330.7
145.34,66868.0
145.59,88064.0
145.84,91512.0
146.09,88500.0
146.34,84940.0
146.59,60188.0
146.84,87940.0
147.09,91300.0
147.34,65568.0
147.59,64772.9
147.84,65504.0
148.09,61072.0
148.34,65784.0
148.59,64712.0
148.84,64513.9
149.09,50404.0
149.34,59852.0
149.59,58840.0
149.84,46569.7
150.09,60836.0
150.34,65872.0
150.59,65544.0
150.84,65716.0
151.09,58056.0
151.34,72028.0
151.59,75370.5
151.84,60448.0
152.09,81648.0
152.34,70116.0
152.59,71306.8
152.84,77088.0
153.09,95136.0
153.34,78464.0
153.59,61648.0
153.84,68732.0
154.09,82688.0
154.34,91812.0
154.59,96176.0
154.84,79232.0
155.09,82632.0
155.34,94928.0
155.59,88040.0
155.84,94084.0
156.10,83609.6
156.35,92320.0
156.60,80892.0
156.85,76432.0
157.10,62668.0
157.35,58092.0
157.60,61932.0
157.85,55334.7
158.10,76988.0
158.35,73128.0
158.60,69576.0
158.85,79684.0
159.10,93456.0
159.35,89956.2
159.60,63312.0
159.85,59808.0
160.10,61720.0
160.35,62940.0
160.60,70832.7
160.85,61596.0
161.10,72152.0
161.35,83384.0
161.60,59204.0
161.85,59800.0
162.10,64216.0
162.35,78410.4
162.60,69552.0
162.85,63604.0
163.10,70548.0
163.35,72148.0
163.60,57328.0
163.85,57613.5
164.10,55856.0
164.35,54552.0
164.60,64828.0
164.85,63019.9
165.10,65216.0
165.35,65616.0
165.60,62428.0
165.85,51596.0
166.10,57020.0
166.35,60812.8
166.60,53912.0
166.85,55780.0
167.10,72124.0
167.35,89260.0
167.60,91584.0
167.85,90200.0
168.10,64368.0
168.35,85532.0
168.60,93248.0
168.85,87557.8
169.10,50028.0
169.35,50412.0
169.60,68948.0
169.85,30601.6
170.11,0.0
170.36,0.0
170.61,0.0
170.86,0.0
171.11,0.0
171.36,0.0
171.61,0.0
171.86,0.0
172.11,0.0
172.36,0.0
172.61,0.0
172.86,0.0
173.11,0.0
173.36,0.0
173.61,0.0
173.86,0.0
174.11,0.0
174.36,0.0
174.61,0.0
174.86,0.0
175.12,0.0
175.37,0.0
175.62,0.0
175.87,0.0
176.12,0.0
176.37,0.0
176.62,0.0
176.87,0.0
177.12,0.0
177.37,0.0
177.62,0.0
177.87,0.0
178.12,0.0
178.37,0.0
178.62,0.0
178.87,0.0
179.12,0.0
179.37,0.0
179.62,0.0
179.87,0.0
180.12,0.0
180.37,0.0
180.62,0.0
180.88,0.0
181.12,0.0
181.38,0.0
181.63,0.0
181.88,0.0
182.13,0.0
182.38,0.0
182.63,0.0
182.88,0.0
183.13,0.0
183.38,0.0
183.63,0.0
183.88,0.0
184.13,0.0
184.38,0.0
184.63,0.0
184.88,0.0
185.13,0.0
185.38,0.0
185.63,0.0
185.88,0.0
186.13,0.0
186.38,0.0
186.63,0.0
186.88,0.0
187.14,0.0
187.39,0.0
187.64,0.0
187.89,0.0
188.14,0.0
188.39,0.0
188.64,0.0
188.89,0.0
189.14,0.0
189.39,0.0
189.64,0.0
189.89,0.0
190.14,0.0
190.39,0.0
190.64,0.0
190.89,0.0
191.14,0.0
191.39,0.0
191.64,0.0
191.89,0.0
192.14,0.0
192.40,0.0
192.65,0.0
192.90,0.0
193.15,0.0
193.40,0.0
193.65,0.0
193.90,0.0
194.15,0.0
194.40,0.0
194.65,0.0
194.90,0.0
195.15,0.0
195.40,0.0
195.65,0.0
195.90,0.0
196.15,0.0
196.40,0.0
196.65,0.0
196.90,0.0
197.15,0.0
197.40,0.0
197.65,0.0
197.90,0.0
198.15,0.0
198.41,0.0
198.66,0.0
198.91,0.0
199.16,0.0
199.41,0.0
199.66,0.0
199.91,0.0
200.16,0.0
200.41,0.0
200.66,0.0
200.91,0.0
201.16,0.0
201.41,0.0
201.66,0.0
201.91,0.0
202.16,0.0
202.41,0.0
202.66,0.0
202.91,0.0
203.16,0.0
203.41,0.0
203.66,0.0
203.91,0.0
204.16,0.0
204.41,0.0
204.67,0.0
204.92,0.0
205.17,0.0
205.42,0.0
205.67,0.0
205.92,0.0
206.17,0.0
206.42,0.0
206.67,0.0
206.92,0.0
207.17,0.0
207.42,0.0
207.67,0.0
207.92,0.0
208.17,0.0
208.42,0.0
208.67,0.0
208.92,0.0
209.17,0.0
209.42,0.0
209.68,0.0
209.93,0.0
210.18,0.0
210.43,0.0
210.68,0.0
210.93,0.0
211.18,0.0
211.43,0.0
211.68,0.0
211.93,0.0
212.18,0.0
212.43,0.0
212.68,0.0
212.93,0.0
213.18,0.0
213.43,0.0
213.68,0.0
213.93,0.0
214.18,0.0
214.43,0.0
214.68,0.0
214.93,0.0
215.18,0.0
215.43,0.0
215.69,0.0
215.94,0.0
216.19,0.0
216.44,0.0
216.69,0.0
216.94,0.0
217.19,0.0
217.44,0.0
217.69,0.0
217.94,0.0
218.19,0.0
218.44,0.0
218.69,0.0
218.94,0.0
219.19,0.0
219.44,0.0
219.69,0.0
219.94,0.0
220.19,0.0
220.44,0.0
220.69,0.0
220.94,0.0
221.19,0.0
221.44,0.0
221.69,0.0
221.94,0.0
222.19,0.0
222.45,0.0
222.70,0.0
222.95,0.0
223.20,0.0
223.45,0.0
223.70,0.0
223.95,0.0
224.20,0.0
224.45,0.0
224.70,0.0
224.95,0.0
225.20,0.0
225.45,0.0
225.70,0.0
225.95,0.0
226.20,0.0
226.45,0.0
226.70,0.0
226.95,0.0
227.20,0.0
227.45,0.0
227.71,0.0
227.96,0.0
228.21,0.0
228.46,0.0
228.71,0.0
228.96,0.0
229.21,0.0
229.46,0.0
229.71,0.0
229.96,0.0
230.21,0.0
230.46,0.0
230.71,0.0
230.96,0.0
231.21,0.0
231.46,0.0
231.71,0.0
231.96,0.0
232.21,0.0
232.46,0.0
232.71,0.0
232.96,0.0
233.21,0.0
233.46,0.0
233.71,0.0
233.97,0.0
234.22,0.0
234.47,0.0
234.72,0.0
234.97,0.0
235.22,0.0
235.47,0.0
235.72,0.0
235.97,0.0
236.22,0.0
236.47,0.0
236.72,0.0
236.97,0.0
237.22,0.0
237.47,0.0
237.72,0.0
237.97,0.0
238.22,0.0
238.47,0.0
238.72,0.0
238.97,0.0
239.22,0.0
239.47,0.0
239.72,0.0
239.97,0.0
240.23,0.0
240.48,0.0
240.73,0.0
240.98,0.0
241.23,0.0
241.48,0.0
241.73,0.0
241.98,0.0
242.23,0.0
242.48,0.0
242.73,0.0
242.98,0.0
243.23,0.0
243.48,0.0
243.73,0.0
243.98,0.0
244.23,0.0
244.48,0.0
244.73,0.0
244.98,0.0
245.23,0.0
245.49,0.0
245.74,0.0
245.99,0.0
246.24,0.0
246.49,0.0
246.74,0.0
246.99,0.0
247.24,0.0
247.49,0.0
247.74,0.0
247.99,0.0
248.24,0.0
248.49,0.0
248.74,0.0
248.99,0.0
249.24,0.0
249.49,0.0
249.74,0.0
249.99,0.0
250.24,0.0
250.49,0.0
250.74,0.0
250.99,0.0
251.24,0.0
251.50,0.0
251.75,0.0
252.00,0.0
252.25,0.0
252.50,0.0
252.75,0.0
253.00,0.0
253.25,0.0
253.50,0.0
253.75,0.0
254.00,0.0
254.25,0.0
254.50,0.0
254.75,0.0
255.00,0.0
255.25,0.0
255.50,0.0
255.75,0.0
256.00,0.0
256.25,0.0
256.50,0.0
256.75,0.0
257.00,0.0
257.25,0.0
257.50,0.0
257.76,0.0
258.01,0.0
258.26,0.0
258.51,0.0
258.76,0.0
259.01,0.0
259.26,0.0
259.51,0.0
259.76,0.0
260.01,0.0
260.26,0.0
260.51,0.0
260.76,0.0
261.01,0.0
261.26,0.0
261.51,0.0
261.76,0.0
262.01,0.0
262.26,0.0
262.51,0.0
262.76,0.0
263.01,0.0
263.26,0.0
263.51,0.0
263.77,0.0
264.02,0.0
264.27,0.0
264.52,0.0
264.77,0.0
265.02,0.0
265.27,0.0
265.52,0.0
265.77,0.0
266.02,0.0
266.27,0.0
266.52,0.0
266.77,0.0
267.02,0.0
267.27,0.0
267.52,0.0
267.77,0.0
268.02,0.0
268.27,0.0
268.52,0.0
268.77,0.0
269.02,0.0
269.27,0.0
269.53,0.0
269.78,0.0
270.03,0.0
270.28,0.0
270.53,0.0
270.78,0.0
271.03,0.0
271.28,0.0
271.53,0.0
271.78,0.0
272.03,0.0
272.28,0.0
272.53,0.0
272.78,0.0
273.03,0.0
273.28,0.0
273.53,0.0
273.78,0.0
274.03,0.0
274.28,0.0
274.53,0.0
274.78,0.0
275.04,0.0
275.29,0.0
275.54,0.0
275.79,0.0
276.04,0.0
276.29,0.0
276.54,0.0
276.79,0.0
277.04,0.0
277.29,0.0
277.54,0.0
277.79,0.0
278.04,0.0
278.29,0.0
278.54,0.0
278.79,0.0
279.04,0.0
279.29,0.0
279.54,0.0
279.79,0.0
280.04,0.0
280.29,0.0
280.55,0.0
280.80,0.0
281.05,0.0
281.30,0.0
281.55,0.0
281.80,0.0
282.05,0.0
282.30,0.0
282.55,0.0
282.80,0.0
283.05,0.0
283.30,0.0
283.55,0.0
283.80,0.0
284.05,0.0
284.30,0.0
284.55,0.0
284.80,0.0
285.05,0.0
285.30,0.0
285.55,0.0
285.80,0.0
286.05,0.0
286.30,0.0
286.56,0.0
286.81,0.0
287.06,0.0
287.31,0.0
287.56,0.0
287.81,0.0
288.06,0.0
288.31,0.0
288.56,0.0
288.81,0.0
289.06,0.0
289.31,0.0
289.56,0.0
289.81,0.0
290.06,0.0
290.31,0.0
290.56,0.0
290.81,0.0
291.06,0.0
291.31,0.0
291.56,0.0
291.81,0.0
292.06,0.0
292.31,0.0
292.56,0.0
292.81,0.0
293.07,0.0
293.32,0.0
293.57,0.0
293.82,0.0
294.07,0.0
294.32,0.0
294.57,0.0
294.82,0.0
295.07,0.0
295.32,0.0
295.57,0.0
295.82,0.0
296.07,0.0
296.32,0.0
296.57,0.0
296.82,0.0
297.07,0.0
297.32,0.0
297.57,0.0
297.82,0.0
298.07,0.0
298.32,0.0
298.57,0.0
298.82,0.0
299.08,0.0
299.33,0.0
299.58,0.0
299.83,0.0
300.08,0.0
300.33,0.0
300.58,0.0
300.83,0.0
301.08,0.0
301.33,0.0
301.58,0.0
301.83,0.0
302.08,0.0
302.33,0.0
302.58,0.0
302.83,0.0
303.08,0.0
303.33,0.0
303.58,0.0
303.83,0.0
304.08,0.0
304.33,0.0
304.58,0.0
304.84,0.0
305.09,0.0
305.34,0.0
305.59,0.0
305.84,0.0
306.09,0.0
306.34,0.0
306.59,0.0
306.84,0.0
307.09,0.0
307.34,0.0
307.59,0.0
307.84,0.0
308.09,0.0
308.34,0.0
308.59,0.0
308.84,0.0
309.09,0.0
309.34,0.0
309.59,0.0
309.85,0.0
310.10,0.0
310.35,0.0
310.60,0.0
310.85,0.0
311.10,0.0
311.35,0.0
311.60,0.0
311.85,0.0
312.10,0.0
312.35,0.0
312.60,0.0
312.85,0.0
313.10,0.0
313.35,0.0
313.60,0.0
313.85,0.0
314.10,0.0
314.35,0.0
314.60,0.0
314.85,0.0
315.10,0.0
315.35,0.0
315.61,0.0
315.86,0.0
316.11,0.0
316.36,0.0
316.61,0.0
316.86,0.0
317.11,0.0
317.36,0.0
317.61,0.0
317.86,0.0
318.11,0.0
318.36,0.0
318.61,0.0
318.86,0.0
319.11,0.0
319.36,0.0
319.61,0.0
319.86,0.0
320.11,0.0
320.36,0.0
320.61,0.0
320.86,0.0
321.11,0.0
321.37,0.0
321.62,0.0
321.87,0.0
322.12,0.0
322.37,0.0
322.62,0.0
322.87,0.0
323.12,0.0
323.37,0.0
323.62,0.0
323.87,0.0
324.12,0.0
324.37,0.0
324.62,0.0
324.87,0.0
325.12,0.0
325.37,0.0
325.62,0.0
325.87,0.0
326.12,0.0
326.37,0.0
326.62,0.0
326.87,0.0
327.12,0.0
327.38,0.0
327.63,0.0
327.88,0.0
328.13,0.0
328.38,0.0
328.63,0.0
328.88,0.0
329.13,0.0
329.38,0.0
329.63,0.0
329.88,0.0
330.13,0.0
330.38,0.0
330.63,0.0
330.88,0.0
331.13,0.0
331.38,0.0
331.63,0.0
331.88,0.0
332.13,0.0
332.38,0.0
332.63,0.0
332.88,0.0
333.14,0.0
333.39,0.0
333.64,0.0
333.89,0.0
334.14,0.0
334.39,0.0
334.64,0.0
334.89,0.0
335.14,0.0
335.39,0.0
335.64,0.0
335.89,0.0
336.14,0.0
336.39,0.0
336.64,0.0
336.89,0.0
337.14,0.0
337.39,0.0
337.64,0.0
337.89,0.0
338.14,0.0
338.39,0.0
338.64,0.0
338.90,0.0
339.15,0.0
339.40,0.0
339.65,0.0
339.90,0.0
340.15,0.0
340.40,0.0
340.65,0.0
340.90,0.0
341.15,0.0
341.40,0.0
341.65,0.0
341.90,0.0
342.15,0.0
342.40,0.0
342.65,0.0
342.90,0.0
343.15,0.0
343.40,0.0
343.65,0.0
343.90,0.0
344.15,0.0
344.41,0.0
344.66,0.0
344.91,0.0
345.16,0.0
345.41,0.0
345.66,0.0
345.91,0.0
346.16,0.0
346.41,0.0
346.66,0.0
346.91,0.0
347.16,0.0
347.41,0.0
347.66,0.0
347.91,0.0
348.16,0.0
348.41,0.0
348.66,0.0
348.91,0.0
349.16,0.0
349.41,0.0
349.67,0.0
349.92,0.0
350.17,0.0
350.42,0.0
350.67,0.0
350.92,0.0
351.17,0.0
351.42,0.0
351.67,0.0
351.92,0.0
352.17,0.0
352.42,0.0
352.67,0.0
352.92,0.0
353.17,0.0
353.42,0.0
353.67,0.0
353.92,0.0
354.17,0.0
354.42,0.0
354.67,0.0
354.92,0.0
355.17,0.0
355.43,0.0
355.68,0.0
355.93,0.0
356.18,0.0
356.43,0.0
356.68,0.0
356.93,0.0
357.18,0.0
357.43,0.0
357.68,0.0
357.93,0.0
358.18,0.0
358.43,0.0
358.68,0.0
358.93,0.0
359.18,0.0
359.43,0.0
359.68,0.0
359.93,0.0
360.18,0.0
360.43,0.0
360.68,0.0
360.93,0.0
361.18,0.0
361.44,0.0
361.69,0.0
361.94,0.0
362.19,0.0
362.44,0.0
362.69,0.0
362.94,0.0
363.19,0.0
363.44,0.0
363.69,0.0
363.94,0.0
364.19,0.0
364.44,0.0
364.69,0.0
364.94,0.0
365.19,0.0
365.44,0.0
365.69,0.0
365.94,0.0
366.19,0.0
366.44,0.0
366.69,0.0
366.94,0.0
367.19,0.0
367.44,0.0
367.69,0.0
367.95,0.0
368.20,0.0
368.45,0.0
368.70,0.0
368.95,0.0
369.20,0.0
369.45,0.0
369.70,0.0
369.95,0.0
370.20,0.0
370.45,0.0
370.70,0.0
370.95,0.0
371.20,0.0
371.45,0.0
371.70,0.0
371.95,0.0
372.20,0.0
372.45,0.0
372.70,0.0
372.95,0.0
373.20,0.0
373.46,0.0
373.71,0.0
373.96,0.0
374.21,0.0
374.46,0.0
374.71,0.0
374.96,0.0
375.21,0.0
375.46,0.0
375.71,0.0
375.96,0.0
376.21,0.0
376.46,0.0
376.71,0.0
376.96,0.0
377.21,0.0
377.46,0.0
377.71,0.0
377.96,0.0
378.21,0.0
378.46,0.0
378.71,0.0
378.96,0.0
379.21,0.0
379.47,0.0
379.72,0.0
379.97,0.0
380.22,0.0
380.47,0.0
380.72,0.0
380.97,0.0
381.22,0.0
381.47,0.0
381.72,0.0
381.97,0.0
382.22,0.0
382.47,0.0
382.72,0.0
382.97,0.0
383.22,0.0
383.47,0.0
383.72,0.0
383.97,0.0
384.22,0.0
384.47,0.0
384.73,0.0
384.98,0.0
385.23,0.0
385.48,0.0
385.73,0.0
385.98,0.0
386.23,0.0
386.48,0.0
386.73,0.0
386.98,0.0
387.23,0.0
387.48,0.0
387.73,0.0
387.98,0.0
388.23,0.0
388.48,0.0
388.73,0.0
388.98,0.0
389.23,0.0
389.48,0.0
389.73,0.0
389.98,0.0
390.23,0.0
390.48,0.0
390.74,0.0
390.99,0.0
391.24,0.0
391.49,0.0
391.74,0.0
391.99,0.0
392.24,0.0
392.49,0.0
392.74,0.0
392.99,0.0
393.24,0.0
393.49,0.0
393.74,0.0
393.99,0.0
394.24,0.0
394.49,0.0
394.74,0.0
394.99,0.0
395.24,0.0
395.49,0.0
395.74,0.0
395.99,0.0
396.24,0.0
396.49,0.0
396.75,0.0
397.00,0.0
397.25,0.0
397.50,0.0
397.75,0.0
398.00,0.0
398.25,0.0
398.50,0.0
398.75,0.0
399.00,0.0
399.25,0.0
399.50,0.0
399.75,0.0
400.00,0.0
400.25,0.0
400.50,0.0
400.75,0.0
401.00,0.0
401.25,0.0
401.50,0.0
401.75,0.0
402.00,0.0
402.25,0.0
402.50,0.0
402.76,0.0
403.01,0.0
403.26,0.0
403.51,0.0
403.76,0.0
404.01,0.0
404.26,0.0
404.51,0.0
404.76,0.0
405.01,0.0
405.26,0.0
405.51,0.0
405.76,0.0
406.01,0.0
406.26,0.0
406.51,0.0
406.76,0.0
407.01,0.0
407.26,0.0
407.51,0.0
407.76,0.0
408.01,0.0
408.26,0.0
408.52,0.0
408.77,0.0
409.02,0.0
409.27,0.0
409.52,0.0
409.77,0.0
410.02,0.0
410.27,0.0
410.52,0.0
410.77,0.0
411.02,0.0
411.27,0.0
411.52,0.0
411.77,0.0
412.02,0.0
412.27,0.0
412.52,0.0
412.77,0.0
413.02,0.0
413.27,0.0
413.52,0.0
413.77,0.0
414.02,0.0
414.28,0.0
414.53,0.0
414.78,0.0
415.03,0.0
415.28,0.0
415.53,0.0
415.78,0.0
416.03,0.0
416.28,0.0
416.53,0.0
416.78,0.0
417.03,0.0
417.28,0.0
417.53,0.0
417.78,0.0
418.03,0.0
418.28,0.0
418.53,0.0
418.78,0.0
419.03,0.0
419.28,0.0
419.53,0.0
419.79,0.0
420.04,0.0
420.29,0.0
420.54,0.0
420.79,0.0
421.04,0.0
421.29,0.0
421.54,0.0
421.79,0.0
422.04,0.0
422.29,0.0
422.54,0.0
422.79,0.0
423.04,0.0
423.29,0.0
423.54,0.0
423.79,0.0
424.04,0.0
424.29,0.0
424.54,0.0
424.79,0.0
425.04,0.0
425.29,0.0
425.54,0.0
425.79,0.0
426.05,0.0
426.30,0.0
426.55,0.0
426.80,0.0
427.05,0.0
427.30,0.0
427.55,0.0
427.80,0.0
428.05,0.0
428.30,0.0
428.55,0.0
428.80,0.0
429.05,0.0
429.30,0.0
429.55,0.0
429.80,0.0
430.05,0.0
430.30,0.0
430.55,0.0
430.80,0.0
431.05,0.0
431.30,0.0
431.55,0.0
431.80,0.0
432.05,0.0
432.31,0.0
432.56,0.0
432.81,0.0
433.06,0.0
433.31,0.0
433.56,0.0
433.81,0.0
434.06,0.0
434.31,0.0
434.56,0.0
434.81,0.0
435.06,0.0
435.31,0.0
435.56,0.0
435.81,0.0
436.06,0.0
436.31,0.0
436.56,0.0
436.81,0.0
437.06,0.0
437.31,0.0
437.56,0.0
437.81,0.0
438.06,0.0
438.31,0.0
438.56,0.0
438.82,0.0
439.07,0.0
439.32,0.0
439.57,0.0
439.82,0.0
440.07,0.0
440.32,0.0
440.57,0.0
440.82,0.0
441.07,0.0
441.32,0.0
441.57,0.0
441.82,0.0
442.07,0.0
442.32,0.0
442.57,0.0
442.82,0.0
443.07,0.0
443.32,0.0
443.57,0.0
443.82,0.0
444.07,0.0
444.32,0.0
444.57,0.0
444.82,0.0
445.08,0.0
445.33,0.0
445.58,0.0
445.83,0.0
446.08,0.0
446.33,0.0
446.58,0.0
446.83,0.0
447.08,0.0
447.33,0.0
447.58,0.0
447.83,0.0
448.08,0.0
448.33,0.0
448.58,0.0
448.83,0.0
449.08,0.0
449.33,0.0
449.58,0.0
449.83,0.0
450.08,0.0
450.33,0.0
450.58,0.0
450.83,0.0
451.09,0.0
451.34,0.0
451.59,0.0
451.84,0.0
452.09,0.0
452.34,0.0
452.59,0.0
452.84,0.0
453.09,0.0
453.34,0.0
453.59,0.0
453.84,0.0
454.09,0.0
454.34,0.0
454.59,0.0
454.84,0.0
455.09,0.0
455.34,0.0
455.59,0.0
455.84,0.0
456.10,0.0
456.35,0.0
456.60,0.0
456.85,0.0
457.10,0.0
457.35,0.0
457.60,0.0
457.85,0.0
458.10,0.0
458.35,0.0
458.60,0.0
458.85,0.0
459.10,0.0
459.35,0.0
459.60,0.0
459.85,0.0
460.10,0.0
460.35,0.0
460.60,0.0
460.85,0.0
461.10,0.0
461.35,0.0
461.60,0.0
461.85,0.0
462.10,0.0
462.36,0.0
462.61,0.0
462.86,0.0
463.11,0.0
463.36,0.0
463.61,0.0
463.86,0.0
464.11,0.0
464.36,0.0
464.61,0.0
464.86,0.0
465.11,0.0
465.36,0.0
465.61,0.0
465.86,0.0
466.11,0.0
466.36,0.0
466.61,0.0
466.86,0.0
467.11,0.0
467.36,0.0
467.61,0.0
467.86,0.0
468.11,0.0
468.37,0.0
468.62,0.0
468.87,0.0
469.12,0.0
469.37,0.0
469.62,0.0
469.87,0.0
470.12,0.0
470.37,0.0
470.62,0.0
470.87,0.0
471.12,0.0
471.37,0.0
471.62,0.0
471.87,0.0
472.12,0.0
472.37,0.0
472.62,0.0
472.87,0.0
473.12,0.0
473.37,0.0
473.62,0.0
473.87,0.0
474.12,0.0
474.38,0.0
474.62,0.0
474.88,0.0
475.13,0.0
475.38,0.0
475.63,0.0
475.88,0.0
476.13,0.0
476.38,0.0
476.63,0.0
476.88,0.0
477.13,0.0
477.38,0.0
477.63,0.0
477.88,0.0
478.13,0.0
478.38,0.0
478.63,0.0
478.88,0.0
479.13,0.0
479.38,0.0
479.63,0.0
479.88,0.0
480.13,0.0
480.38,0.0
480.63,0.0
480.89,0.0
481.14,0.0
481.39,0.0
481.64,0.0
481.89,0.0
482.14,0.0
482.39,0.0
482.64,0.0
482.89,0.0
483.14,0.0
483.39,0.0
483.64,0.0
483.89,0.0
484.14,0.0
484.39,0.0
484.64,0.0
484.89,0.0
485.14,0.0
485.39,0.0
485.64,0.0
485.89,0.0
486.14,0.0
486.39,0.0
486.65,0.0
486.90,0.0
487.15,0.0
487.40,0.0
487.65,0.0
487.90,0.0
488.15,0.0
488.40,0.0
488.65,0.0
488.90,0.0
489.15,0.0
489.40,0.0
489.65,0.0
489.90,0.0
490.15,0.0
490.40,0.0
490.65,0.0
490.90,0.0
491.15,0.0
491.40,0.0
491.65,0.0
491.90,0.0
492.15,0.0
492.40,0.0
492.66,0.0
492.91,0.0
493.16,0.0
493.41,0.0
493.66,0.0
493.91,0.0
494.16,0.0
494.41,0.0
494.66,0.0
494.91,0.0
495.16,0.0
495.41,0.0
495.66,0.0
495.91,0.0
496.16,0.0
496.41,0.0
496.66,0.0
496.91,0.0
497.16,0.0
497.41,0.0
497.67,0.0
497.92,0.0
498.17,0.0
498.42,0.0
498.67,0.0
498.92,0.0
499.17,0.0
499.42,0.0
499.67,0.0
499.92,0.0
500.17,0.0
500.42,0.0
500.67,0.0
500.92,0.0
501.17,0.0
501.42,0.0
501.67,0.0
501.92,0.0
502.17,0.0
502.42,0.0
502.67,0.0
502.92,0.0
503.17,0.0
503.43,0.0
503.68,0.0
503.93,0.0
504.18,0.0
504.43,0.0
504.68,0.0
504.93,0.0
505.18,0.0
505.43,0.0
505.68,0.0
505.93,0.0
506.18,0.0
506.43,0.0
506.68,0.0
506.93,0.0
507.18,0.0
507.43,0.0
507.68,0.0
507.93,0.0
508.18,0.0
508.43,0.0
508.68,0.0
508.93,0.0
509.19,0.0
509.44,0.0
509.69,0.0
509.94,0.0
510.19,0.0
510.44,0.0
510.69,0.0
510.94,0.0
511.19,0.0
511.44,0.0
511.69,0.0
511.94,0.0
512.19,0.0
512.44,0.0
512.69,0.0
512.94,0.0
513.19,0.0
513.44,0.0
513.69,0.0
513.94,0.0
514.19,0.0
514.44,0.0
514.69,0.0
514.95,0.0
515.20,0.0
515.45,0.0
515.70,0.0
515.95,0.0
516.20,0.0
516.45,0.0
516.70,0.0
516.95,0.0
517.20,0.0
517.45,0.0
517.70,0.0
517.95,0.0
518.20,0.0
518.45,0.0
518.70,0.0
518.95,0.0
519.20,0.0
519.45,0.0
519.70,0.0
519.95,0.0
520.20,0.0
520.45,0.0
520.70,0.0
520.96,0.0
521.21,0.0
521.46,0.0
521.71,0.0
521.96,0.0
522.21,0.0
522.46,0.0
522.71,0.0
522.96,0.0
523.21,0.0
523.46,0.0
523.71,0.0
523.96,0.0
524.21,0.0
524.46,0.0
524.71,0.0
524.96,0.0
525.21,0.0
525.46,0.0
525.71,0.0
525.96,0.0
526.21,0.0
526.46,0.0
526.72,0.0
526.97,0.0
527.22,0.0
527.47,0.0
527.72,0.0
527.97,0.0
528.22,0.0
528.47,0.0
528.72,0.0
528.97,0.0
529.22,0.0
529.47,0.0
529.72,0.0
529.97,0.0
530.22,0.0
530.47,0.0
530.72,0.0
530.97,0.0
531.22,0.0
531.47,0.0
531.72,0.0
531.97,0.0
532.22,0.0
532.48,0.0
532.73,0.0
532.98,0.0
533.23,0.0
533.48,0.0
533.73,0.0
533.98,0.0
534.23,0.0
534.48,0.0
534.73,0.0
534.98,0.0
535.23,0.0
535.48,0.0
535.73,0.0
535.98,0.0
536.23,0.0
536.48,0.0
536.73,0.0
536.98,0.0
537.23,0.0
537.48,0.0
537.73,0.0
537.98,0.0
538.23,0.0
538.49,0.0
538.74,0.0
538.99,0.0
539.24,0.0
539.49,0.0
539.74,0.0
539.99,0.0
540.24,0.0
540.49,0.0
540.74,0.0
540.99,0.0
541.24,0.0
541.49,0.0
541.74,0.0
541.99,0.0
542.24,0.0
542.49,0.0
542.74,0.0
542.99,0.0
543.24,0.0
543.49,0.0
543.74,0.0
543.99,0.0
544.24,0.0
544.49,0.0
544.75,0.0
545.00,0.0
545.25,0.0
545.50,0.0
545.75,0.0
546.00,0.0
546.25,0.0
546.50,0.0
546.75,0.0
547.00,0.0
547.25,0.0
547.50,0.0
547.75,0.0
548.00,0.0
548.25,0.0
548.50,0.0
548.75,0.0
549.00,0.0
549.25,0.0
549.50,0.0
549.75,0.0
550.00,0.0
550.25,0.0
550.50,0.0
550.75,0.0
551.01,0.0
551.26,0.0
551.51,0.0
551.76,0.0
552.01,0.0
552.26,0.0
552.51,0.0
552.76,0.0
553.01,0.0
553.26,0.0
553.51,0.0
553.76,0.0
554.01,0.0
554.26,0.0
554.51,0.0
554.76,0.0
555.01,0.0
555.26,0.0
555.51,0.0
555.76,0.0
556.01,0.0
556.26,0.0
556.51,0.0
556.76,0.0
557.02,0.0
557.27,0.0
557.52,0.0
557.77,0.0
558.02,0.0
558.27,0.0
558.52,0.0
558.77,0.0
559.02,0.0
559.27,0.0
559.52,0.0
559.77,0.0
560.02,0.0
560.27,0.0
560.52,0.0
560.77,0.0
561.02,0.0
561.27,0.0
561.52,0.0
561.77,0.0
562.02,0.0
562.27,0.0
562.52,0.0
562.78,0.0
563.03,0.0
563.28,0.0
563.53,0.0
563.78,0.0
564.03,0.0
564.28,0.0
564.53,0.0
564.78,0.0
565.03,0.0
565.28,0.0
565.53,0.0
565.78,0.0
566.03,0.0
566.28,0.0
566.53,0.0
566.78,0.0
567.03,0.0
567.28,0.0
567.53,0.0
567.78,0.0
568.03,0.0
568.28,0.0
568.54,0.0
568.79,0.0
569.04,0.0
569.29,0.0
569.54,0.0
569.79,0.0
570.04,0.0
570.29,0.0
570.54,0.0
570.79,0.0
571.04,0.0
571.29,0.0
571.54,0.0
571.79,0.0
572.04,0.0
572.29,0.0
572.54,0.0
572.79,0.0
573.04,0.0
573.29,0.0
573.54,0.0
573.79,0.0
574.04,0.0
574.29,0.0
574.55,0.0
574.80,0.0
575.05,0.0
575.30,0.0
575.55,0.0
575.80,0.0
576.05,0.0
576.30,0.0
576.55,0.0
576.80,0.0
577.05,0.0
577.30,0.0
577.55,0.0
577.80,0.0
578.05,0.0
578.30,0.0
578.55,0.0
578.80,0.0
579.05,0.0
579.30,0.0
579.55,0.0
579.80,0.0
580.05,0.0
580.30,0.0
580.56,0.0
580.81,0.0
581.06,0.0
581.31,0.0
581.56,0.0
581.81,0.0
582.06,0.0
582.31,0.0
582.56,0.0
582.81,0.0
583.06,0.0
583.31,0.0
583.56,0.0
583.81,0.0
584.06,0.0
584.31,0.0
584.56,0.0
584.81,0.0
585.06,0.0
585.31,0.0
585.57,0.0
585.82,0.0
586.07,0.0
586.32,0.0
586.57,0.0
586.82,0.0
587.07,0.0
587.32,0.0
587.57,0.0
587.82,0.0
588.07,0.0
588.32,0.0
588.57,0.0
588.82,0.0
589.07,0.0
589.32,0.0
589.57,0.0
589.82,0.0
590.07,0.0
590.32,0.0
590.57,0.0
590.82,0.0
591.07,0.0
591.32,0.0
591.58,0.0
591.83,0.0
592.08,0.0
592.33,0.0
592.58,0.0
592.83,0.0
593.08,0.0
593.33,0.0
593.58,0.0
593.83,0.0
594.08,0.0
594.33,0.0
594.58,0.0
594.83,0.0
595.08,0.0
595.33,0.0
595.58,0.0
595.83,0.0
596.08,0.0
596.33,0.0
596.58,0.0
596.83,0.0
597.08,0.0
597.34,0.0
597.59,0.0
597.84,0.0
598.09,0.0
598.34,0.0
598.59,0.0
598.84,0.0
599.09,0.0
599.34,0.0
599.59,0.0
599.84,0.0
600.09,0.0
600.34,0.0
600.59,0.0
600.84,0.0
601.09,0.0
601.34,0.0
601.59,0.0
601.84,0.0
602.09,0.0
602.34,0.0
602.59,0.0
602.84,0.0
603.09,0.0
603.34,0.0
603.60,0.0
603.85,0.0
604.10,0.0
604.35,0.0
604.60,0.0
604.85,0.0
605.10,0.0
605.35,0.0
605.60,0.0
605.85,0.0
606.10,0.0
606.35,0.0
606.60,0.0
606.85,0.0
607.10,0.0
607.35,0.0
607.60,0.0
607.85,0.0
608.10,0.0
608.35,0.0
608.60,0.0
608.85,0.0
609.10,0.0
609.36,0.0
609.61,0.0
609.86,0.0
610.11,0.0
610.36,0.0
610.61,0.0
610.86,0.0
611.11,0.0
611.36,0.0
611.61,0.0
611.86,0.0
612.11,0.0
612.36,0.0
612.61,0.0
612.86,0.0
613.11,0.0
613.36,0.0
613.61,0.0
613.86,0.0
614.11,0.0
614.36,0.0
614.61,0.0
614.86,0.0
615.11,0.0
615.36,0.0
615.62,0.0
615.87,0.0
616.12,0.0
616.37,0.0
616.62,0.0
616.87,0.0
617.12,0.0
617.37,0.0
617.62,0.0
617.87,0.0
618.12,0.0
618.37,0.0
618.62,0.0
618.87,0.0
619.12,0.0
619.37,0.0
619.62,0.0
619.87,0.0
620.12,0.0
620.37,0.0
620.62,0.0
620.87,0.0
621.12,0.0
621.38,0.0
621.62,0.0
621.88,0.0
622.13,0.0
622.38,0.0
622.63,0.0
622.88,0.0
623.13,0.0
623.38,0.0
623.63,0.0
623.88,0.0
624.13,0.0
624.38,0.0
624.63,0.0
624.88,0.0
625.13,0.0
625.38,0.0
625.63,0.0
625.88,0.0
626.13,0.0
626.38,0.0
626.63,0.0
626.88,0.0
627.13,0.0
627.38,0.0
627.63,0.0
627.89,0.0
628.14,0.0
628.39,0.0
628.64,0.0
628.89,0.0
629.14,0.0
629.39,0.0
629.64,0.0
629.89,0.0
630.14,0.0
630.39,0.0
630.64,0.0
630.89,0.0
631.14,0.0
631.39,0.0
631.64,0.0
631.89,0.0
632.14,0.0
632.39,0.0
632.64,0.0
632.89,0.0
633.14,0.0
633.39,0.0
633.65,0.0
633.90,0.0
634.15,0.0
634.40,0.0
634.65,0.0
634.90,0.0
635.15,0.0
635.40,0.0
635.65,0.0
635.90,0.0
636.15,0.0
636.40,0.0
636.65,0.0
636.90,0.0
637.15,0.0
637.40,0.0
637.65,0.0
637.90,0.0
638.15,0.0
638.40,0.0
638.65,0.0
638.90,0.0
639.16,0.0
639.41,0.0
639.66,0.0
639.91,0.0
640.16,0.0
640.41,0.0
640.66,0.0
640.91,0.0
641.16,0.0
641.41,0.0
641.66,0.0
641.91,0.0
642.16,0.0
642.41,0.0
642.66,0.0
642.91,0.0
643.16,0.0
643.41,0.0
643.66,0.0
643.91,0.0
644.16,0.0
644.41,0.0
644.66,0.0
644.91,0.0
645.17,0.0
645.42,0.0
645.67,0.0
645.92,0.0
646.17,0.0
646.42,0.0
646.67,0.0
646.92,0.0
647.17,0.0
647.42,0.0
647.67,0.0
647.92,0.0
648.17,0.0
648.42,0.0
648.67,0.0
648.92,0.0
649.17,0.0
649.42,0.0
649.67,0.0
649.92,0.0
650.17,0.0
650.42,0.0
650.67,0.0
650.92,0.0
651.18,0.0
651.43,0.0
651.68,0.0
651.93,0.0
652.18,0.0
652.43,0.0
652.68,0.0
652.93,0.0
653.18,0.0
653.43,0.0
653.68,0.0
653.93,0.0
654.18,0.0
654.43,0.0
654.68,0.0
654.93,0.0
655.18,0.0
655.43,0.0
655.68,0.0
655.93,0.0
656.18,0.0
656.43,0.0
656.68,0.0
656.94,0.0
657.19,0.0
657.44,0.0
657.69,0.0
657.94,0.0
658.19,0.0
658.44,0.0
658.69,0.0
658.94,0.0
659.19,0.0
659.44,0.0
659.69,0.0
659.94,0.0
660.19,0.0
660.44,0.0
660.69,0.0
660.94,0.0
661.19,0.0
661.44,0.0
661.69,0.0
661.94,0.0
662.20,0.0
662.45,0.0
662.70,0.0
662.95,0.0
663.20,0.0
663.45,0.0
663.70,0.0
663.95,0.0
664.20,0.0
664.45,0.0
664.70,0.0
664.95,0.0
665.20,0.0
665.45,0.0
665.70,0.0
665.95,0.0
666.20,0.0
666.45,0.0
666.70,0.0
666.95,0.0
667.20,0.0
667.45,0.0
667.70,0.0
667.96,0.0
668.21,0.0
668.46,0.0
668.71,0.0
668.96,0.0
669.21,0.0
669.46,0.0
669.71,0.0
669.96,0.0
670.21,0.0
670.46,0.0
670.71,0.0
670.96,0.0
671.21,0.0
671.46,0.0
671.71,0.0
671.96,0.0
672.21,0.0
672.46,0.0
672.71,0.0
672.96,0.0
673.21,0.0
673.46,0.0
673.72,0.0
673.97,0.0
674.22,0.0
674.47,0.0
674.72,0.0
674.97,0.0
675.22,0.0
675.47,0.0
675.72,0.0
675.97,0.0
676.22,0.0
676.47,0.0
676.72,0.0
676.97,0.0
677.22,0.0
677.47,0.0
677.72,0.0
677.97,0.0
678.22,0.0
678.47,0.0
678.72,0.0
678.97,0.0
679.22,0.0
679.47,0.0
679.72,0.0
679.98,0.0
680.23,0.0
680.48,0.0
680.73,0.0
680.98,0.0
681.23,0.0
681.48,0.0
681.73,0.0
681.98,0.0
682.23,0.0
682.48,0.0
682.73,0.0
682.98,0.0
683.23,0.0
683.48,0.0
683.73,0.0
683.98,0.0
684.23,0.0
684.48,0.0
684.73,0.0
684.98,0.0
685.23,0.0
685.48,0.0
685.73,0.0
685.99,0.0
686.24,0.0
686.49,0.0
686.74,0.0
686.99,0.0
687.24,0.0
687.49,0.0
687.74,0.0
687.99,0.0
688.24,0.0
688.49,0.0
688.74,0.0
688.99,0.0
689.24,0.0
689.49,0.0
689.74,0.0
689.99,0.0
690.24,0.0
690.49,0.0
690.74,0.0
690.99,0.0
691.24,0.0
691.49,0.0
691.74,0.0
691.99,0.0
692.24,0.0
692.50,0.0
692.75,0.0
693.00,0.0
693.25,0.0
693.50,0.0
693.75,0.0
694.00,0.0
694.25,0.0
694.50,0.0
694.75,0.0
695.00,0.0
695.25,0.0
695.50,0.0
695.75,0.0
696.00,0.0
696.25,0.0
696.50,0.0
696.75,0.0
697.00,0.0
697.25,0.0
697.50,0.0
697.75,0.0
698.00,0.0
698.25,0.0
698.50,0.0
698.75,0.0
699.01,0.0
699.26,0.0
699.51,0.0
699.76,0.0
700.01,0.0
700.26,0.0
700.51,0.0
700.76,0.0
701.01,0.0
701.26,0.0
701.51,0.0
701.76,0.0
702.01,0.0
702.26,0.0
702.51,0.0
702.76,0.0
703.01,0.0
703.26,0.0
703.51,0.0
703.76,0.0
704.01,0.0
704.26,0.0
704.51,0.0
704.76,0.0
705.01,0.0
705.27,0.0
705.52,0.0
705.77,0.0
706.02,0.0
706.27,0.0
706.52,0.0
706.77,0.0
707.02,0.0
707.27,0.0
707.52,0.0
707.77,0.0
708.02,0.0
708.27,0.0
708.52,0.0
708.77,0.0
709.02,0.0
709.27,0.0
709.52,0.0
709.77,0.0
710.02,0.0
710.27,0.0
710.52,0.0
710.77,0.0
711.02,0.0
711.28,0.0
711.53,0.0
711.78,0.0
712.03,0.0
712.28,0.0
712.53,0.0
712.78,0.0
713.03,0.0
713.28,0.0
713.53,0.0
713.78,0.0
714.03,0.0
714.28,0.0
714.53,0.0
714.78,0.0
715.03,0.0
715.28,0.0
715.53,0.0
715.78,0.0
716.03,0.0
716.28,0.0
716.53,0.0
716.78,0.0
717.03,0.0
717.29,0.0
717.54,0.0
717.79,0.0
718.04,0.0
718.29,0.0
718.54,0.0
718.79,0.0
719.04,0.0
719.29,0.0
719.54,0.0
719.79,0.0
720.04,0.0
720.29,0.0
720.54,0.0
720.79,0.0
721.04,0.0
721.29,0.0
721.54,0.0
721.79,0.0
722.04,0.0
722.29,0.0
722.54,0.0
722.79,0.0
723.04,0.0
723.30,0.0
723.55,0.0
723.80,0.0
724.05,0.0
724.30,0.0
724.55,0.0
724.80,0.0
725.05,0.0
725.30,0.0
725.55,0.0
725.80,0.0
726.05,0.0
726.30,0.0
726.55,0.0
726.80,0.0
727.05,0.0
727.30,0.0
727.55,0.0
727.80,0.0
728.05,0.0
728.30,0.0
728.55,0.0
728.80,0.0
729.05,0.0
729.31,0.0
729.56,0.0
729.81,0.0
730.06,0.0
730.31,0.0
730.56,0.0
730.81,0.0
731.06,0.0
731.31,0.0
731.56,0.0
731.81,0.0
732.06,0.0
732.31,0.0
732.56,0.0
732.81,0.0
733.06,0.0
733.31,0.0
733.56,0.0
733.81,0.0
734.06,0.0
734.31,0.0
734.57,0.0
734.82,0.0
735.07,0.0
735.32,0.0
735.57,0.0
735.82,0.0
736.07,0.0
736.32,0.0
736.57,0.0
736.82,0.0
737.07,0.0
737.32,0.0
737.57,0.0
737.82,0.0
738.07,0.0
738.32,0.0
738.57,0.0
738.82,0.0
739.07,0.0
739.32,0.0
739.57,0.0
739.82,0.0
740.07,0.0
740.32,0.0
740.58,0.0
740.83,0.0
741.08,0.0
741.33,0.0
741.58,0.0
741.83,0.0
742.08,0.0
742.33,0.0
742.58,0.0
742.83,0.0
743.08,0.0
743.33,0.0
743.58,0.0
743.83,0.0
744.08,0.0
744.33,0.0
744.58,0.0
744.83,0.0
745.08,0.0
745.33,0.0
745.58,0.0
745.83,0.0
746.08,0.0
746.33,0.0
746.59,0.0
746.84,0.0
747.09,0.0
747.34,0.0
747.59,0.0
747.84,0.0
748.09,0.0
748.34,0.0
748.59,0.0
748.84,0.0
749.09,0.0
749.34,0.0
749.59,0.0
749.84,0.0
750.09,0.0
750.34,0.0
750.59,0.0
750.84,0.0
751.09,0.0
751.34,0.0
751.59,0.0
751.84,0.0
752.09,0.0
752.34,0.0
752.60,0.0
752.85,0.0
753.10,0.0
753.35,0.0
753.60,0.0
753.85,0.0
754.10,0.0
754.35,0.0
754.60,0.0
754.85,0.0
755.10,0.0
755.35,0.0
755.60,0.0
755.85,0.0
756.10,0.0
756.35,0.0
756.60,0.0
756.85,0.0
757.10,0.0
757.35,0.0
757.60,0.0
757.85,0.0
758.10,0.0
758.36,0.0
758.61,0.0
758.86,0.0
759.11,0.0
759.36,0.0
759.61,0.0
759.86,0.0
760.11,0.0
760.36,0.0
760.61,0.0
760.86,0.0
761.11,0.0
761.36,0.0
761.61,0.0
761.86,0.0
762.11,0.0
762.36,0.0
762.61,0.0
762.86,0.0
763.11,0.0
763.36,0.0
763.61,0.0
763.86,0.0
764.12,0.0
764.37,0.0
764.62,0.0
764.87,0.0
765.12,0.0
765.37,0.0
765.62,0.0
765.87,0.0
766.12,0.0
766.37,0.0
766.62,0.0
766.87,0.0
767.12,0.0
767.37,0.0
767.62,0.0
767.87,0.0
768.12,0.0
768.37,0.0
768.62,0.0
768.87,0.0
769.12,0.0
769.37,0.0
769.62,0.0
769.87,0.0
770.12,0.0
770.38,0.0
770.63,0.0
770.88,0.0
771.13,0.0
771.38,0.0
771.63,0.0
771.88,0.0
772.13,0.0
772.38,0.0
772.63,0.0
772.88,0.0
773.13,0.0
773.38,0.0
773.63,0.0
773.88,0.0
774.13,0.0
774.38,0.0
774.63,0.0
774.88,0.0
775.13,0.0
775.38,0.0
775.63,0.0
775.88,0.0
776.13,0.0
776.39,0.0
776.64,0.0
776.89,0.0
777.14,0.0
777.39,0.0
777.64,0.0
777.89,0.0
778.14,0.0
778.39,0.0
778.64,0.0
778.89,0.0
779.14,0.0
779.39,0.0
779.64,0.0
779.89,0.0
780.14,0.0
780.39,0.0
780.64,0.0
780.89,0.0
781.14,0.0
781.39,0.0
781.64,0.0
781.89,0.0
782.15,0.0
782.40,0.0
782.65,0.0
782.90,0.0
783.15,0.0
783.40,0.0
783.65,0.0
783.90,0.0
784.15,0.0
784.40,0.0
784.65,0.0
784.90,0.0
785.15,0.0
785.40,0.0
785.65,0.0
785.90,0.0
786.15,0.0
786.40,0.0
786.65,0.0
786.90,0.0
787.15,0.0
787.40,0.0
787.65,0.0
787.90,0.0
788.16,0.0
788.41,0.0
788.66,0.0
788.91,0.0
789.16,0.0
789.41,0.0
789.66,0.0
789.91,0.0
790.16,0.0
790.41,0.0
790.66,0.0
790.91,0.0
791.16,0.0
791.41,0.0
791.66,0.0
791.91,0.0
792.16,0.0
792.41,0.0
792.66,0.0
792.91,0.0
793.16,0.0
793.41,0.0
793.67,0.0
793.92,0.0
794.17,0.0
794.42,0.0
794.67,0.0
794.92,0.0
795.17,0.0
795.42,0.0
795.67,0.0
795.92,0.0
796.17,0.0
796.42,0.0
796.67,0.0
796.92,0.0
797.17,0.0
797.42,0.0
797.67,0.0
797.92,0.0
798.17,0.0
798.42,0.0
798.67,0.0
798.92,0.0
799.17,0.0
799.43,0.0
799.68,0.0
799.93,0.0
800.18,0.0
800.43,0.0
800.68,0.0
800.93,0.0
801.18,0.0
801.43,0.0
801.68,0.0
801.93,0.0
802.18,0.0
802.43,0.0
802.68,0.0
802.93,0.0
803.18,0.0
803.43,0.0
803.68,0.0
803.93,0.0
804.18,0.0
804.43,0.0
804.68,0.0
804.93,0.0
805.18,0.0
805.44,0.0
805.69,0.0
805.94,0.0
806.19,0.0
806.44,0.0
806.69,0.0
806.94,0.0
807.19,0.0
807.44,0.0
807.69,0.0
807.94,0.0
808.19,0.0
808.44,0.0
808.69,0.0
808.94,0.0
809.19,0.0
809.44,0.0
809.69,0.0
809.94,0.0
810.19,0.0
810.44,0.0
810.70,0.0
810.95,0.0
811.20,0.0
811.45,0.0
811.70,0.0
811.95,0.0
812.20,0.0
812.45,0.0
812.70,0.0
812.95,0.0
813.20,0.0
813.45,0.0
813.70,0.0
813.95,0.0
814.20,0.0
814.45,0.0
814.70,0.0
814.95,0.0
815.20,0.0
815.45,0.0
815.70,0.0
815.95,0.0
816.20,0.0
816.46,0.0
816.71,0.0
816.96,0.0
817.21,0.0
817.46,0.0
817.71,0.0
817.96,0.0
818.21,0.0
818.46,0.0
818.71,0.0
818.96,0.0
819.21,0.0
819.46,0.0
819.71,0.0
819.96,0.0
820.21,0.0
820.46,0.0
820.71,0.0
820.96,0.0
821.21,0.0
821.46,0.0
821.71,0.0
821.96,0.0
822.22,0.0
822.47,0.0
822.72,0.0
822.97,0.0
823.22,0.0
823.47,0.0
823.72,0.0
823.97,0.0
824.22,0.0
824.47,0.0
824.72,0.0
824.97,0.0
825.22,0.0
825.47,0.0
825.72,0.0
825.97,0.0
826.22,0.0
826.47,0.0
826.72,0.0
826.97,0.0
827.22,0.0
827.47,0.0
827.73,0.0
827.98,0.0
828.23,0.0
828.48,0.0
828.73,0.0
828.98,0.0
829.23,0.0
829.48,0.0
829.73,0.0
829.98,0.0
830.23,0.0
830.48,0.0
830.73,0.0
830.98,0.0
831.23,0.0
831.48,0.0
831.73,0.0
831.98,0.0
832.23,0.0
832.48,0.0
832.73,0.0
832.98,0.0
833.23,0.0
833.49,0.0
833.74,0.0
833.99,0.0
834.24,0.0
834.49,0.0
834.74,0.0
834.99,0.0
835.24,0.0
835.49,0.0
835.74,0.0
835.99,0.0
836.24,0.0
836.49,0.0
836.74,0.0
836.99,0.0
837.24,0.0
837.49,0.0
837.74,0.0
837.99,0.0
838.24,0.0
838.49,0.0
838.74,0.0
838.99,0.0
839.24,0.0
839.50,0.0
839.75,0.0
840.00,0.0
840.25,0.0
840.50,0.0
840.75,0.0
841.00,0.0
841.25,0.0
841.50,0.0
841.75,0.0
842.00,0.0
842.25,0.0
842.50,0.0
842.75,0.0
843.00,0.0
843.25,0.0
843.50,0.0
843.75,0.0
844.00,0.0
844.25,0.0
844.50,0.0
844.75,0.0
845.00,0.0
845.25,0.0
845.50,0.0
845.75,0.0
846.00,0.0
846.26,0.0
846.51,0.0
846.76,0.0
847.01,0.0
847.26,0.0
847.51,0.0
847.76,0.0
848.01,0.0
848.26,0.0
848.51,0.0
848.76,0.0
849.01,0.0
849.26,0.0
849.51,0.0
849.76,0.0
850.01,0.0
850.26,0.0
850.51,0.0
850.76,0.0
851.01,0.0
851.26,0.0
851.51,0.0
851.76,0.0
852.02,0.0
852.27,0.0
852.52,0.0
852.77,0.0
853.02,0.0
853.27,0.0
853.52,0.0
853.77,0.0
854.02,0.0
854.27,0.0
854.52,0.0
854.77,0.0
855.02,0.0
855.27,0.0
855.52,0.0
855.77,0.0
856.02,0.0
856.27,0.0
856.52,0.0
856.77,0.0
857.02,0.0
857.27,0.0
857.52,0.0
857.78,0.0
858.03,0.0
858.28,0.0
858.53,0.0
858.78,0.0
859.03,0.0
859.28,0.0
859.53,0.0
859.78,0.0
860.03,0.0
860.28,0.0
860.53,0.0
860.78,0.0
861.03,0.0
861.28,0.0
861.53,0.0
861.78,0.0
862.03,0.0
862.28,0.0
862.53,0.0
862.78,0.0
863.03,0.0
863.28,0.0
863.54,0.0
863.79,0.0
864.04,0.0
864.29,0.0
864.54,0.0
864.79,0.0
865.04,0.0
865.29,0.0
865.54,0.0
865.79,0.0
866.04,0.0
866.29,0.0
866.54,0.0
866.79,0.0
867.04,0.0
867.29,0.0
867.54,0.0
867.79,0.0
868.04,0.0
868.29,0.0
868.54,0.0
868.79,0.0
869.04,0.0
869.29,0.0
869.55,0.0
869.80,0.0
870.05,0.0
870.30,0.0
870.55,0.0
870.80,0.0
871.05,0.0
871.30,0.0
871.55,0.0
871.80,0.0
872.05,0.0
872.30,0.0
872.55,0.0
872.80,0.0
873.05,0.0
873.30,0.0
873.55,0.0
873.80,0.0
874.05,0.0
874.30,0.0
874.55,0.0
874.80,0.0
875.05,0.0
875.30,0.0
875.56,0.0
875.81,0.0
876.06,0.0
876.31,0.0
876.56,0.0
876.81,0.0
877.06,0.0
877.31,0.0
877.56,0.0
877.81,0.0
878.06,0.0
878.31,0.0
878.56,0.0
878.81,0.0
879.06,0.0
879.31,0.0
879.56,0.0
879.81,0.0
880.06,0.0
880.31,0.0
880.57,0.0
880.82,0.0
881.07,0.0
881.32,0.0
881.57,0.0
881.82,0.0
882.07,0.0
882.32,0.0
882.57,0.0
882.82,0.0
883.07,0.0
883.32,0.0
883.57,0.0
883.82,0.0
884.07,0.0
884.32,0.0
884.57,0.0
884.82,0.0
885.07,0.0
885.32,0.0
885.57,0.0
885.82,0.0
886.07,0.0
886.32,0.0
886.58,0.0
886.83,0.0
887.08,0.0
887.33,0.0
887.58,0.0
887.83,0.0
888.08,0.0
888.33,0.0
888.58,0.0
888.83,0.0
889.08,0.0
889.33,0.0
889.58,0.0
889.83,0.0
890.08,0.0
890.33,0.0
890.58,0.0
890.83,0.0
891.08,0.0
891.33,0.0
891.58,0.0
891.83,0.0
892.08,0.0
892.34,0.0
892.59,0.0
892.84,0.0
893.09,0.0
893.34,0.0
893.59,0.0
893.84,0.0
894.09,0.0
894.34,0.0
894.59,0.0
894.84,0.0
895.09,0.0
895.34,0.0
895.59,0.0
895.84,0.0
896.09,0.0
896.34,0.0
896.59,0.0
896.84,0.0
897.09,0.0
897.34,0.0
897.59,0.0
897.84,0.0
898.09,0.0
898.35,0.0
898.60,0.0
898.85,0.0
899.10,0.0
899.35,0.0
899.60,0.0
899.85,0.0
900.10,0.0
900.35,0.0
900.60,0.0
900.85,0.0
901.10,0.0
901.35,0.0
901.60,0.0
901.85,0.0
902.10,0.0
902.35,0.0
902.60,0.0
902.85,0.0
903.10,0.0
903.35,0.0
903.60,0.0
903.85,0.0
904.11,0.0
904.36,0.0
904.61,0.0
904.86,0.0
905.11,0.0
905.36,0.0
905.61,0.0
905.86,0.0
906.11,0.0
906.36,0.0
906.61,0.0
906.86,0.0
907.11,0.0
907.36,0.0
907.61,0.0
907.86,0.0
908.11,0.0
908.36,0.0
908.61,0.0
908.86,0.0
909.11,0.0
909.36,0.0
909.61,0.0
909.86,0.0
910.12,0.0
910.37,0.0
910.62,0.0
910.87,0.0
911.12,0.0
911.37,0.0
911.62,0.0
911.87,0.0
912.12,0.0
912.37,0.0
912.62,0.0
912.87,0.0
913.12,0.0
913.37,0.0
913.62,0.0
913.87,0.0
914.12,0.0
914.37,0.0
914.62,0.0
914.87,0.0
915.12,0.0
915.37,0.0
915.62,0.0
915.87,0.0
916.12,0.0
916.38,0.0
916.62,0.0
916.88,0.0
917.13,0.0
917.38,0.0
917.63,0.0
917.88,0.0
918.13,0.0
918.38,0.0
918.63,0.0
918.88,0.0
919.13,0.0
919.38,0.0
919.63,0.0
919.88,0.0
920.13,0.0
920.38,0.0
920.63,0.0
920.88,0.0
921.13,0.0
921.38,0.0
921.63,0.0
921.88,0.0
922.13,0.0
922.38,0.0
922.64,0.0
922.89,0.0
923.14,0.0
923.39,0.0
923.64,0.0
923.89,0.0
924.14,0.0
924.39,0.0
924.64,0.0
924.89,0.0
925.14,0.0
925.39,0.0
925.64,0.0
925.89,0.0
926.14,0.0
926.39,0.0
926.64,0.0
926.89,0.0
927.14,0.0
927.39,0.0
927.64,0.0
927.89,0.0
928.14,0.0
928.39,0.0
928.65,0.0
928.90,0.0
929.15,0.0
929.40,0.0
929.65,0.0
929.90,0.0
930.15,0.0
930.40,0.0
930.65,0.0
930.90,0.0
931.15,0.0
931.40,0.0
931.65,0.0
931.90,0.0
932.15,0.0
932.40,0.0
932.65,0.0
932.90,0.0
933.15,0.0
933.40,0.0
933.65,0.0
933.90,0.0
934.15,0.0
934.41,0.0
934.66,0.0
934.91,0.0
935.16,0.0
935.41,0.0
935.66,0.0
935.91,0.0
936.16,0.0
936.41,0.0
936.66,0.0
936.91,0.0
937.16,0.0
937.41,0.0
937.66,0.0
937.91,0.0
938.16,0.0
938.41,0.0
938.66,0.0
938.91,0.0
939.16,0.0
939.41,0.0
939.66,0.0
939.91,0.0
940.17,0.0
940.42,0.0
940.67,0.0
940.92,0.0
941.17,0.0
941.42,0.0
941.67,0.0
941.92,0.0
942.17,0.0
942.42,0.0
942.67,0.0
942.92,0.0
943.17,0.0
943.42,0.0
943.67,0.0
943.92,0.0
944.17,0.0
944.42,0.0
944.67,0.0
944.92,0.0
945.17,0.0
945.42,0.0
945.67,0.0
945.92,0.0
946.18,0.0
946.43,0.0
946.68,0.0
946.93,0.0
947.18,0.0
947.43,0.0
947.68,0.0
947.93,0.0
948.18,0.0
948.43,0.0
948.68,0.0
948.93,0.0
949.18,0.0
949.43,0.0
949.68,0.0
949.93,0.0
950.18,0.0
950.43,0.0
950.68,0.0
950.93,0.0
951.18,0.0
951.43,0.0
951.68,0.0
951.94,0.0
952.19,0.0
952.44,0.0
952.69,0.0
952.94,0.0
953.19,0.0
953.44,0.0
953.69,0.0
953.94,0.0
954.19,0.0
954.44,0.0
954.69,0.0
954.94,0.0
955.19,0.0
955.44,0.0
955.69,0.0
955.94,0.0
956.19,0.0
956.44,0.0
956.69,0.0
956.94,0.0
957.19,0.0
957.45,0.0
957.70,0.0
957.95,0.0
958.20,0.0
958.45,0.0
958.70,0.0
958.95,0.0
959.20,0.0
959.45,0.0
959.70,0.0
959.95,0.0
960.20,0.0
960.45,0.0
960.70,0.0
960.95,0.0
961.20,0.0
961.45,0.0
961.70,0.0
961.95,0.0
962.20,0.0
962.45,0.0
962.70,0.0
962.95,0.0
963.20,0.0
963.46,0.0
963.71,0.0
963.96,0.0
964.21,0.0
964.46,0.0
964.71,0.0
964.96,0.0
965.21,0.0
965.46,0.0
965.71,0.0
965.96,0.0
966.21,0.0
966.46,0.0
966.71,0.0
966.96,0.0
967.21,0.0
967.46,0.0
967.71,0.0
967.96,0.0
968.21,0.0
968.46,0.0
968.71,0.0
968.96,0.0
969.22,0.0
969.47,0.0
969.72,0.0
969.97,0.0
970.22,0.0
970.47,0.0
970.72,0.0
970.97,0.0
971.22,0.0
971.47,0.0
971.72,0.0
971.97,0.0
972.22,0.0
972.47,0.0
972.72,0.0
972.97,0.0
973.22,0.0
973.47,0.0
973.72,0.0
973.97,0.0
974.22,0.0
974.47,0.0
974.72,0.0
974.97,0.0
975.23,0.0
975.48,0.0
975.73,0.0
975.98,0.0
976.23,0.0
976.48,0.0
976.73,0.0
976.98,0.0
977.23,0.0
977.48,0.0
977.73,0.0
977.98,0.0
978.23,0.0
978.48,0.0
978.73,0.0
978.98,0.0
979.23,0.0
979.48,0.0
979.73,0.0
979.98,0.0
980.23,0.0
980.48,0.0
980.73,0.0
980.98,0.0
981.24,0.0
981.49,0.0
981.74,0.0
981.99,0.0
982.24,0.0
982.49,0.0
982.74,0.0
982.99,0.0
983.24,0.0
983.49,0.0
983.74,0.0
983.99,0.0
984.24,0.0
984.49,0.0
984.74,0.0
984.99,0.0
985.24,0.0
985.49,0.0
985.74,0.0
985.99,0.0
986.24,0.0
986.49,0.0
986.74,0.0
986.99,0.0
987.25,0.0
987.50,0.0
987.75,0.0
988.00,0.0
988.25,0.0
988.50,0.0
988.75,0.0
989.00,0.0
989.25,0.0
989.50,0.0
989.75,0.0
990.00,0.0
990.25,0.0
990.50,0.0
990.75,0.0
991.00,0.0
991.25,0.0
991.50,0.0
991.75,0.0
992.00,0.0
992.25,0.0
992.50,0.0
992.75,0.0
993.00,0.0
993.25,0.0
993.50,0.0
993.75,0.0
994.01,0.0
994.26,0.0
994.51,0.0
994.76,0.0
995.01,0.0
995.26,0.0
995.51,0.0
995.76,0.0
996.01,0.0
996.26,0.0
996.51,0.0
996.76,0.0
997.01,0.0
997.26,0.0
997.51,0.0
997.76,0.0
998.01,0.0
998.26,0.0
998.51,0.0
998.76,0.0
999.01,0.0
999.26,0.0
999.51,0.0
999.76,0.0
1000.02,0.0
1000.27,0.0
1000.52,0.0
1000.77,0.0
1001.02,0.0
1001.27,0.0
1001.52,0.0
1001.77,0.0
1002.02,0.0
1002.27,0.0
1002.52,0.0
1002.77,0.0
1003.02,0.0
1003.27,0.0
1003.52,0.0
1003.77,0.0
1004.02,0.0
1004.27,0.0
1004.52,0.0
1004.77,0.0
1005.02,0.0
1005.27,0.0
1005.52,0.0
1005.78,0.0
1006.03,0.0
1006.28,0.0
1006.53,0.0
1006.78,0.0
1007.03,0.0
1007.28,0.0
1007.53,0.0
1007.78,0.0
1008.03,0.0
1008.28,0.0
1008.53,0.0
1008.78,0.0
1009.03,0.0
1009.28,0.0
1009.53,0.0
1009.78,0.0
1010.03,0.0
1010.28,0.0
1010.53,0.0
1010.78,0.0
1011.03,0.0
1011.28,0.0
1011.53,0.0
1011.78,0.0
1012.04,0.0
1012.29,0.0
1012.54,0.0
1012.79,0.0
1013.04,0.0
1013.29,0.0
1013.54,0.0
1013.79,0.0
1014.04,0.0
1014.29,0.0
1014.54,0.0
1014.79,0.0
1015.04,0.0
1015.29,0.0
1015.54,0.0
1015.79,0.0
1016.04,0.0
1016.29,0.0
1016.54,0.0
1016.79,0.0
1017.04,0.0
1017.29,0.0
1017.54,0.0
1017.79,0.0
1018.05,0.0
1018.30,0.0
1018.55,0.0
1018.80,0.0
1019.05,0.0
1019.30,0.0
1019.55,0.0
1019.80,0.0
1020.05,0.0
1020.30,0.0
1020.55,0.0
1020.80,0.0
1021.05,0.0
1021.30,0.0
1021.55,0.0
1021.80,0.0
1022.05,0.0
1022.30,0.0
1022.55,0.0
1022.80,0.0
1023.05,0.0
1023.30,0.0
1023.55,0.0
1023.80,0.0
1024.06,0.0
1024.31,0.0
1024.56,0.0
1024.81,0.0
1025.06,0.0
1025.31,0.0
1025.56,0.0
1025.81,0.0
1026.06,0.0
1026.31,0.0
1026.56,0.0
1026.81,0.0
1027.06,0.0
1027.31,0.0
1027.56,0.0
1027.81,0.0
1028.06,0.0
1028.31,0.0
1028.56,0.0
1028.81,0.0
1029.06,0.0
1029.31,0.0
1029.56,0.0
1029.82,0.0
1030.07,0.0
1030.32,0.0
1030.57,0.0
1030.82,0.0
1031.07,0.0
1031.32,0.0
1031.57,0.0
1031.82,0.0
1032.07,0.0
1032.32,0.0
1032.57,0.0
1032.82,0.0
1033.07,0.0
1033.32,0.0
1033.57,0.0
1033.82,0.0
1034.07,0.0
1034.32,0.0
1034.57,0.0
1034.82,0.0
1035.07,0.0
1035.32,0.0
1035.58,0.0
1035.83,0.0
1036.08,0.0
1036.33,0.0
1036.58,0.0
1036.83,0.0
1037.08,0.0
1037.33,0.0
1037.58,0.0
1037.83,0.0
1038.08,0.0
1038.33,0.0
1038.58,0.0
1038.83,0.0
1039.08,0.0
1039.33,0.0
1039.58,0.0
1039.83,0.0
1040.08,0.0
1040.33,0.0
1040.58,0.0
1040.83,0.0
1041.08,0.0
1041.33,0.0
1041.59,0.0
1041.84,0.0
1042.09,0.0
1042.34,0.0
1042.59,0.0
1042.84,0.0
1043.09,0.0
1043.34,0.0
1043.59,0.0
1043.84,0.0
1044.09,0.0
1044.34,0.0
1044.59,0.0
1044.84,0.0
1045.09,0.0
1045.34,0.0
1045.59,0.0
1045.84,0.0
1046.09,0.0
1046.34,0.0
1046.59,0.0
1046.84,0.0
1047.09,0.0
1047.35,0.0
1047.60,0.0
1047.85,0.0
1048.10,0.0
1048.35,0.0
1048.60,0.0
1048.85,0.0
1049.10,0.0
1049.35,0.0
1049.60,0.0
1049.85,0.0
1050.10,0.0
1050.35,0.0
1050.60,0.0
1050.85,0.0
1051.10,0.0
1051.35,0.0
1051.60,0.0
1051.85,0.0
1052.10,0.0
1052.35,0.0
1052.60,0.0
1052.85,0.0
1053.11,0.0
1053.36,0.0
1053.61,0.0
1053.86,0.0
1054.11,0.0
1054.36,0.0
1054.61,0.0
1054.86,0.0
1055.11,0.0
1055.36,0.0
1055.61,0.0
1055.86,0.0
1056.11,0.0
1056.36,0.0
1056.61,0.0
1056.86,0.0
1057.11,0.0
1057.36,0.0
1057.61,0.0
1057.86,0.0
1058.11,0.0
1058.36,0.0
1058.61,0.0
1058.86,0.0
1059.11,0.0
1059.37,0.0
1059.62,0.0
1059.87,0.0
1060.12,0.0
1060.37,0.0
1060.62,0.0
1060.87,0.0
1061.12,0.0
1061.37,0.0
1061.62,0.0
1061.87,0.0
1062.12,0.0
1062.37,0.0
1062.62,0.0
1062.87,0.0
1063.12,0.0
1063.37,0.0
1063.62,0.0
1063.87,0.0
1064.12,0.0
1064.37,0.0
1064.62,0.0
1064.87,0.0
1065.12,0.0
1065.38,0.0
1065.63,0.0
1065.88,0.0
1066.13,0.0
1066.38,0.0
1066.63,0.0
1066.88,0.0
1067.13,0.0
1067.38,0.0
1067.63,0.0
1067.88,0.0
1068.13,0.0
1068.38,0.0
1068.63,0.0
1068.88,0.0
1069.13,0.0
1069.38,0.0
1069.63,0.0
1069.88,0.0
1070.13,0.0
1070.38,0.0
1070.63,0.0
1070.88,0.0
1071.13,0.0
1071.39,0.0
1071.64,0.0
1071.89,0.0
1072.14,0.0
1072.39,0.0
1072.64,0.0
1072.89,0.0
1073.14,0.0
1073.39,0.0
1073.64,0.0
1073.89,0.0
1074.14,0.0
1074.39,0.0
1074.64,0.0
1074.89,0.0
1075.14,0.0
1075.39,0.0
1075.64,0.0
1075.89,0.0
1076.14,0.0
1076.39,0.0
1076.64,0.0
1076.89,0.0
1077.15,0.0
1077.40,0.0
1077.65,0.0
1077.90,0.0
1078.15,0.0
1078.40,0.0
1078.65,0.0
1078.90,0.0
1079.15,0.0
1079.40,0.0
1079.65,0.0
1079.90,0.0
1080.15,0.0
1080.40,0.0
1080.65,0.0
1080.90,0.0
1081.15,0.0
1081.40,0.0
1081.65,0.0
1081.90,0.0
1082.15,0.0
1082.40,0.0
1082.65,0.0
1082.90,0.0
1083.16,0.0
1083.41,0.0
1083.66,0.0
1083.91,0.0
1084.16,0.0
1084.41,0.0
1084.66,0.0
1084.91,0.0
1085.16,0.0
1085.41,0.0
1085.66,0.0
1085.91,0.0
1086.16,0.0
1086.41,0.0
1086.66,0.0
1086.91,0.0
1087.16,0.0
1087.41,0.0
1087.66,0.0
1087.91,0.0
1088.16,0.0
1088.41,0.0
1088.66,0.0
1088.91,0.0
1089.16,0.0
1089.42,0.0
1089.67,0.0
1089.92,0.0
1090.17,0.0
1090.42,0.0
1090.67,0.0
1090.92,0.0
1091.17,0.0
1091.42,0.0
1091.67,0.0
1091.92,0.0
1092.17,0.0
1092.42,0.0
1092.67,0.0
1092.92,0.0
1093.17,0.0
1093.42,0.0
1093.67,0.0
1093.92,0.0
1094.17,0.0
1094.42,0.0
1094.67,0.0
1094.92,0.0
1095.17,0.0
1095.43,0.0
1095.68,0.0
1095.93,0.0
1096.18,0.0
1096.43,0.0
1096.68,0.0
1096.93,0.0
1097.18,0.0
1097.43,0.0
1097.68,0.0
1097.93,0.0
1098.18,0.0
1098.43,0.0
1098.68,0.0
1098.93,0.0
1099.18,0.0
1099.43,0.0
1099.68,0.0
1099.93,0.0
1100.18,0.0
1100.43,0.0
1100.68,0.0
1100.93,0.0
1101.18,0.0
1101.44,0.0
1101.69,0.0
1101.94,0.0
1102.19,0.0
1102.44,0.0
1102.69,0.0
1102.94,0.0
1103.19,0.0
1103.44,0.0
1103.69,0.0
1103.94,0.0
1104.19,0.0
1104.44,0.0
1104.69,0.0
1104.94,0.0
1105.19,0.0
1105.44,0.0
1105.69,0.0
1105.94,0.0
1106.19,0.0
1106.44,0.0
1106.69,0.0
1106.94,0.0
1107.20,0.0
1107.45,0.0
1107.70,0.0
1107.95,0.0
1108.20,0.0
1108.45,0.0
1108.70,0.0
1108.95,0.0
1109.20,0.0
1109.45,0.0
1109.70,0.0
1109.95,0.0
1110.20,0.0
1110.45,0.0
1110.70,0.0
1110.95,0.0
1111.20,0.0
1111.45,0.0
1111.70,0.0
1111.95,0.0
1112.20,0.0
1112.45,0.0
1112.70,0.0
1112.95,0.0
1113.21,0.0
1113.46,0.0
1113.71,0.0
1113.96,0.0
1114.21,0.0
1114.46,0.0
1114.71,0.0
1114.96,0.0
1115.21,0.0
1115.46,0.0
1115.71,0.0
1115.96,0.0
1116.21,0.0
1116.46,0.0
1116.71,0.0
1116.96,0.0
1117.21,0.0
1117.46,0.0
1117.71,0.0
1117.96,0.0
1118.21,0.0
1118.46,0.0
1118.71,0.0
1118.96,0.0
1119.21,0.0
1119.47,0.0
1119.72,0.0
1119.97,0.0
1120.22,0.0
1120.47,0.0
1120.72,0.0
1120.97,0.0
1121.22,0.0
1121.47,0.0
1121.72,0.0
1121.97,0.0
1122.22,0.0
1122.47,0.0
1122.72,0.0
1122.97,0.0
1123.22,0.0
1123.47,0.0
1123.72,0.0
1123.97,0.0
1124.22,0.0
1124.47,0.0
1124.72,0.0
1124.97,0.0
1125.22,0.0
1125.48,0.0
1125.73,0.0
1125.98,0.0
1126.23,0.0
1126.48,0.0
1126.73,0.0
1126.98,0.0
1127.23,0.0
1127.48,0.0
1127.73,0.0
1127.98,0.0
1128.23,0.0
1128.48,0.0
1128.73,0.0
1128.98,0.0
1129.23,0.0
1129.48,0.0
1129.73,0.0
1129.98,0.0
1130.23,0.0
1130.48,0.0
1130.73,0.0
1130.98,0.0
1131.24,0.0
1131.49,0.0
1131.74,0.0
1131.99,0.0
1132.24,0.0
1132.49,0.0
1132.74,0.0
1132.99,0.0
1133.24,0.0
1133.49,0.0
1133.74,0.0
1133.99,0.0
1134.24,0.0
1134.49,0.0
1134.74,0.0
1134.99,0.0
1135.24,0.0
1135.49,0.0
1135.74,0.0
1135.99,0.0
1136.24,0.0
1136.49,0.0
1136.74,0.0
1136.99,0.0
1137.25,0.0
1137.50,0.0
1137.75,0.0
1138.00,0.0
1138.25,0.0
1138.50,0.0
1138.75,0.0
1139.00,0.0
1139.25,0.0
1139.50,0.0
1139.75,0.0
1140.00,0.0
1140.25,0.0
1140.50,0.0
1140.75,0.0
1141.00,0.0
1141.25,0.0
1141.50,0.0
1141.75,0.0
1142.00,0.0
1142.25,0.0
1142.50,0.0
1142.76,0.0
1143.01,0.0
1143.26,0.0
1143.51,0.0
1143.76,0.0
1144.01,0.0
1144.26,0.0
1144.51,0.0
1144.76,0.0
1145.01,0.0
1145.26,0.0
1145.51,0.0
1145.76,0.0
1146.01,0.0
1146.26,0.0
1146.51,0.0
1146.76,0.0
1147.01,0.0
1147.26,0.0
1147.51,0.0
1147.76,0.0
1148.01,0.0
1148.26,0.0
1148.51,0.0
1148.77,0.0
1149.02,0.0
1149.27,0.0
1149.52,0.0
1149.77,0.0
1150.02,0.0
1150.27,0.0
1150.52,0.0
1150.77,0.0
1151.02,0.0
1151.27,0.0
1151.52,0.0
1151.77,0.0
1152.02,0.0
1152.27,0.0
1152.52,0.0
1152.77,0.0
1153.02,0.0
1153.27,0.0
1153.52,0.0
1153.77,0.0
1154.02,0.0
1154.27,0.0
1154.52,0.0
1154.78,0.0
1155.03,0.0
1155.28,0.0
1155.53,0.0
1155.78,0.0
1156.03,0.0
1156.28,0.0
1156.53,0.0
1156.78,0.0
1157.03,0.0
1157.28,0.0
1157.53,0.0
1157.78,0.0
1158.03,0.0
1158.28,0.0
1158.53,0.0
1158.78,0.0
1159.03,0.0
1159.28,0.0
1159.53,0.0
1159.78,0.0
1160.03,0.0
1160.28,0.0
1160.53,0.0
1160.79,0.0
1161.04,0.0
1161.29,0.0
1161.54,0.0
1161.79,0.0
1162.04,0.0
1162.29,0.0
1162.54,0.0
1162.79,0.0
1163.04,0.0
1163.29,0.0
1163.54,0.0
1163.79,0.0
1164.04,0.0
1164.29,0.0
1164.54,0.0
1164.79,0.0
1165.04,0.0
1165.29,0.0
1165.54,0.0
1165.79,0.0
1166.04,0.0
1166.29,0.0
1166.55,0.0
1166.80,0.0
1167.05,0.0
1167.30,0.0
1167.55,0.0
1167.80,0.0
1168.05,0.0
1168.30,0.0
1168.55,0.0
1168.80,0.0
1169.05,0.0
1169.30,0.0
1169.55,0.0
1169.80,0.0
1170.05,0.0
1170.30,0.0
1170.55,0.0
1170.80,0.0
1171.05,0.0
1171.30,0.0
1171.55,0.0
1171.80,0.0
1172.05,0.0
1172.30,0.0
1172.56,0.0
1172.81,0.0
1173.06,0.0
1173.31,0.0
1173.56,0.0
1173.81,0.0
1174.06,0.0
1174.31,0.0
1174.56,0.0
1174.81,0.0
1175.06,0.0
1175.31,0.0
1175.56,0.0
1175.81,0.0
1176.06,0.0
1176.31,0.0
1176.56,0.0
1176.81,0.0
1177.06,0.0
1177.31,0.0
1177.56,0.0
1177.81,0.0
1178.06,0.0
1178.31,0.0
1178.57,0.0
1178.82,0.0
1179.07,0.0
1179.32,0.0
1179.57,0.0
1179.82,0.0
1180.07,0.0
1180.32,0.0
1180.57,0.0
1180.82,0.0
1181.07,0.0
1181.32,0.0
1181.57,0.0
1181.82,0.0
1182.07,0.0
1182.32,0.0
1182.57,0.0
1182.82,0.0
1183.07,0.0
1183.32,0.0
1183.57,0.0
1183.82,0.0
1184.07,0.0
1184.32,0.0
1184.58,0.0
1184.83,0.0
1185.08,0.0
1185.33,0.0
1185.58,0.0
1185.83,0.0
1186.08,0.0
1186.33,0.0
1186.58,0.0
1186.83,0.0
1187.08,0.0
1187.33,0.0
1187.58,0.0
1187.83,0.0
1188.08,0.0
1188.33,0.0
1188.58,0.0
1188.83,0.0
1189.08,0.0
1189.33,0.0
1189.58,0.0
1189.83,0.0
1190.08,0.0
1190.34,0.0
1190.59,0.0
1190.84,0.0
1191.09,0.0
1191.34,0.0
1191.59,0.0
1191.84,0.0
1192.09,0.0
1192.34,0.0
1192.59,0.0
1192.84,0.0
1193.09,0.0
1193.34,0.0
1193.59,0.0
1193.84,0.0
1194.09,0.0
1194.34,0.0
1194.59,0.0
1194.84,0.0
1195.09,0.0
1195.34,0.0
1195.59,0.0
1195.84,0.0
1196.09,0.0
1196.34,0.0
1196.60,0.0
1196.85,0.0
1197.10,0.0
1197.35,0.0
1197.60,0.0
1197.85,0.0
1198.10,0.0
1198.35,0.0
1198.60,0.0
1198.85,0.0
1199.10,0.0
1199.35,0.0
1199.60,0.0
1199.85,0.0
1200.10,0.0
1200.35,0.0
1200.60,0.0
1200.85,0.0
1201.10,0.0
1201.35,0.0
1201.60,0.0
1201.85,0.0
1202.10,0.0
1202.35,0.0
1202.60,0.0
1202.86,0.0
1203.11,0.0
1203.36,0.0
1203.61,0.0
1203.86,0.0
1204.11,0.0
1204.36,0.0
1204.61,0.0
1204.86,0.0
1205.11,0.0
1205.36,0.0
1205.61,0.0
1205.86,0.0
1206.11,0.0
1206.36,0.0
1206.61,0.0
1206.86,0.0
1207.11,0.0
1207.36,0.0
1207.61,0.0
1207.86,0.0
1208.11,0.0
1208.36,0.0
1208.62,0.0
1208.87,0.0
1209.12,0.0
1209.37,0.0
1209.62,0.0
1209.87,0.0
1210.12,0.0
1210.37,0.0
1210.62,0.0
1210.87,0.0
1211.12,0.0
1211.37,0.0
1211.62,0.0
1211.87,0.0
1212.12,0.0
1212.37,0.0
1212.62,0.0
1212.87,0.0
1213.12,0.0
1213.37,0.0
1213.62,0.0
1213.87,0.0
1214.12,0.0
1214.37,0.0
1214.62,0.0
1214.88,0.0
1215.13,0.0
1215.38,0.0
1215.63,0.0
1215.88,0.0
1216.13,0.0
1216.38,0.0
1216.63,0.0
1216.88,0.0
1217.13,0.0
1217.38,0.0
1217.63,0.0
1217.88,0.0
1218.13,0.0
1218.38,0.0
1218.63,0.0
1218.88,0.0
1219.13,0.0
1219.38,0.0
1219.63,0.0
1219.88,0.0
1220.13,0.0
1220.38,0.0
1220.63,0.0
1220.89,0.0
1221.14,0.0
1221.39,0.0
1221.64,0.0
1221.89,0.0
1222.14,0.0
1222.39,0.0
1222.64,0.0
1222.89,0.0
1223.14,0.0
1223.39,0.0
1223.64,0.0
1223.89,0.0
1224.14,0.0
1224.39,0.0
1224.64,0.0
1224.89,0.0
1225.14,0.0
1225.39,0.0
1225.64,0.0
1225.89,0.0
1226.14,0.0
1226.39,0.0
1226.64,0.0
1226.89,0.0
1227.15,0.0
1227.40,0.0
1227.65,0.0
1227.90,0.0
1228.15,0.0
1228.40,0.0
1228.65,0.0
1228.90,0.0
1229.15,0.0
1229.40,0.0
1229.65,0.0
1229.90,0.0
1230.15,0.0
1230.40,0.0
1230.65,0.0
1230.90,0.0
1231.15,0.0
1231.40,0.0
1231.65,0.0
1231.90,0.0
1232.15,0.0
1232.40,0.0
1232.65,0.0
1232.91,0.0
1233.16,0.0
1233.41,0.0
1233.66,0.0
1233.91,0.0
1234.16,0.0
1234.41,0.0
1234.66,0.0
1234.91,0.0
1235.16,0.0
1235.41,0.0
1235.66,0.0
1235.91,0.0
1236.16,0.0
1236.41,0.0
1236.66,0.0
1236.91,0.0
1237.16,0.0
1237.41,0.0
1237.66,0.0
1237.91,0.0
1238.16,0.0
1238.41,0.0
1238.66,0.0
1238.91,0.0
1239.17,0.0
1239.42,0.0
1239.67,0.0
1239.92,0.0
1240.17,0.0
1240.42,0.0
1240.67,0.0
1240.92,0.0
1241.17,0.0
1241.42,0.0
1241.67,0.0
1241.92,0.0
1242.17,0.0
1242.42,0.0
1242.67,0.0
1242.92,0.0
1243.17,0.0
1243.42,0.0
1243.67,0.0
1243.92,0.0
1244.17,0.0
1244.42,0.0
1244.67,0.0
1244.92,0.0
1245.17,0.0
1245.43,0.0
1245.68,0.0
1245.93,0.0
1246.18,0.0
1246.43,0.0
1246.68,0.0
1246.93,0.0
1247.18,0.0
1247.43,0.0
1247.68,0.0
1247.93,0.0
1248.18,0.0
1248.43,0.0
1248.68,0.0
1248.93,0.0
1249.18,0.0
1249.43,0.0
1249.68,0.0
1249.93,0.0
1250.18,0.0
1250.43,0.0
1250.68,0.0
1250.93,0.0
1251.19,0.0
1251.44,0.0
1251.69,0.0
1251.94,0.0
1252.19,0.0
1252.44,0.0
1252.69,0.0
1252.94,0.0
1253.19,0.0
1253.44,0.0
1253.69,0.0
1253.94,0.0
1254.19,0.0
1254.44,0.0
1254.69,0.0
1254.94,0.0
1255.19,0.0
1255.44,0.0
1255.69,0.0
1255.94,0.0
1256.19,0.0
1256.44,0.0
1256.69,0.0
1256.94,0.0
1257.20,0.0
1257.45,0.0
1257.70,0.0
1257.95,0.0
1258.20,0.0
1258.45,0.0
1258.70,0.0
1258.95,0.0
1259.20,0.0
1259.45,0.0
1259.70,0.0
1259.95,0.0
1260.20,0.0
1260.45,0.0
1260.70,0.0
1260.95,0.0
1261.20,0.0
1261.45,0.0
1261.70,0.0
1261.95,0.0
1262.20,0.0
1262.45,0.0
1262.70,0.0
1262.95,0.0
1263.21,0.0
1263.46,0.0
1263.71,0.0
1263.96,0.0
1264.21,0.0
1264.46,0.0
1264.71,0.0
1264.96,0.0
1265.21,0.0
1265.46,0.0
1265.71,0.0
1265.96,0.0
1266.21,0.0
1266.46,0.0
1266.71,0.0
1266.96,0.0
1267.21,0.0
1267.46,0.0
1267.71,0.0
1267.96,0.0
1268.21,0.0
1268.46,0.0
1268.71,0.0
1268.96,0.0
1269.21,0.0
1269.47,0.0
1269.72,0.0
1269.97,0.0
1270.22,0.0
1270.47,0.0
1270.72,0.0
1270.97,0.0
1271.22,0.0
1271.47,0.0
1271.72,0.0
1271.97,0.0
1272.22,0.0
1272.47,0.0
1272.72,0.0
1272.97,0.0
1273.22,0.0
1273.47,0.0
1273.72,0.0
1273.97,0.0
1274.22,0.0
1274.47,0.0
1274.72,0.0
1274.97,0.0
1275.23,0.0
1275.48,0.0
1275.73,0.0
1275.98,0.0
1276.23,0.0
1276.48,0.0
1276.73,0.0
1276.98,0.0
1277.23,0.0
1277.48,0.0
1277.73,0.0
1277.98,0.0
1278.23,0.0
1278.48,0.0
1278.73,0.0
1278.98,0.0
1279.23,0.0
1279.48,0.0
1279.73,0.0
1279.98,0.0
1280.23,0.0
1280.48,0.0
1280.73,0.0
1280.98,0.0
1281.24,0.0
1281.49,0.0
1281.74,0.0
1281.99,0.0
1282.24,0.0
1282.49,0.0
1282.74,0.0
1282.99,0.0
1283.24,0.0
1283.49,0.0
1283.74,0.0
1283.99,0.0
1284.24,0.0
1284.49,0.0
1284.74,0.0
1284.99,0.0
1285.24,0.0
1285.49,0.0
1285.74,0.0
1285.99,0.0
1286.24,0.0
1286.49,0.0
1286.74,0.0
1286.99,0.0
1287.25,0.0
1287.50,0.0
1287.75,0.0
1288.00,0.0
1288.25,0.0
1288.50,0.0
1288.75,0.0
1289.00,0.0
1289.25,0.0
1289.50,0.0
1289.75,0.0
1290.00,0.0
1290.25,0.0
1290.50,0.0
1290.75,0.0
1291.00,0.0
1291.25,0.0
1291.50,0.0
1291.75,0.0
1292.00,0.0
1292.25,0.0
1292.50,0.0
1292.76,0.0
1293.01,0.0
1293.26,0.0
1293.51,0.0
1293.76,0.0
1294.01,0.0
1294.26,0.0
1294.51,0.0
1294.76,0.0
1295.01,0.0
1295.26,0.0
1295.51,0.0
1295.76,0.0
1296.01,0.0
1296.26,0.0
1296.51,0.0
1296.76,0.0
1297.01,0.0
1297.26,0.0
1297.51,0.0
1297.76,0.0
1298.01,0.0
1298.26,0.0
1298.52,0.0
1298.77,0.0
1299.02,0.0
1299.27,0.0
1299.52,0.0
1299.77,0.0
1300.02,0.0
1300.27,0.0
1300.52,0.0
1300.77,0.0
1301.02,0.0
1301.27,0.0
1301.52,0.0
1301.77,0.0
1302.02,0.0
1302.27,0.0
1302.52,0.0
1302.77,0.0
1303.02,0.0
1303.27,0.0
1303.52,0.0
1303.77,0.0
1304.02,0.0
1304.27,0.0
1304.53,0.0
1304.78,0.0
1305.03,0.0
1305.28,0.0
1305.53,0.0
1305.78,0.0
1306.03,0.0
1306.28,0.0
1306.53,0.0
1306.78,0.0
1307.03,0.0
1307.28,0.0
1307.53,0.0
1307.78,0.0
1308.03,0.0
1308.28,0.0
1308.53,0.0
1308.78,0.0
1309.03,0.0
1309.28,0.0
1309.53,0.0
1309.78,0.0
1310.03,0.0
1310.29,0.0
1310.54,0.0
1310.79,0.0
1311.04,0.0
1311.29,0.0
1311.54,0.0
1311.79,0.0
1312.04,0.0
1312.29,0.0
1312.54,0.0
1312.79,0.0
1313.04,0.0
1313.29,0.0
1313.54,0.0
1313.79,0.0
1314.04,0.0
1314.29,0.0
1314.54,0.0
1314.79,0.0
1315.04,0.0
1315.29,0.0
1315.54,0.0
1315.79,0.0
1316.04,0.0
1316.30,0.0
1316.55,0.0
1316.80,0.0
1317.05,0.0
1317.30,0.0
1317.55,0.0
1317.80,0.0
1318.05,0.0
1318.30,0.0
1318.55,0.0
1318.80,0.0
1319.05,0.0
1319.30,0.0
1319.55,0.0
1319.80,0.0
1320.05,0.0
1320.30,0.0
1320.55,0.0
1320.80,0.0
1321.05,0.0
1321.30,0.0
1321.55,0.0
1321.80,0.0
1322.06,0.0
1322.31,0.0
1322.56,0.0
1322.81,0.0
1323.06,0.0
1323.31,0.0
1323.56,0.0
1323.81,0.0
1324.06,0.0
1324.31,0.0
1324.56,0.0
1324.81,0.0
1325.06,0.0
1325.31,0.0
1325.56,0.0
1325.81,0.0
1326.06,0.0
1326.31,0.0
1326.56,0.0
1326.81,0.0
1327.06,0.0
1327.31,0.0
1327.56,0.0
1327.81,0.0
1328.07,0.0
1328.32,0.0
1328.57,0.0
1328.82,0.0
1329.07,0.0
1329.32,0.0
1329.57,0.0
1329.82,0.0
1330.07,0.0
1330.32,0.0
1330.57,0.0
1330.82,0.0
1331.07,0.0
1331.32,0.0
1331.57,0.0
1331.82,0.0
1332.07,0.0
1332.32,0.0
1332.57,0.0
1332.82,0.0
1333.07,0.0
1333.32,0.0
1333.57,0.0
1333.82,0.0
1334.07,0.0
1334.33,0.0
1334.58,0.0
1334.83,0.0
1335.08,0.0
1335.33,0.0
1335.58,0.0
1335.83,0.0
1336.08,0.0
1336.33,0.0
1336.58,0.0
1336.83,0.0
1337.08,0.0
1337.33,0.0
1337.58,0.0
1337.83,0.0
1338.08,0.0
1338.33,0.0
1338.58,0.0
1338.83,0.0
1339.08,0.0
1339.33,0.0
1339.58,0.0
1339.83,0.0
1340.09,0.0
1340.34,0.0
1340.59,0.0
1340.84,0.0
1341.09,0.0
1341.34,0.0
1341.59,0.0
1341.84,0.0
1342.09,0.0
1342.34,0.0
1342.59,0.0
1342.84,0.0
1343.09,0.0
1343.34,0.0
1343.59,0.0
1343.84,0.0
1344.09,0.0
1344.34,0.0
1344.59,0.0
1344.84,0.0
1345.09,0.0
1345.34,0.0
1345.59,0.0
1345.84,0.0
1346.10,0.0
1346.35,0.0
1346.60,0.0
1346.85,0.0
1347.10,0.0
1347.35,0.0
1347.60,0.0
1347.85,0.0
1348.10,0.0
1348.35,0.0
1348.60,0.0
1348.85,0.0
1349.10,0.0
1349.35,0.0
1349.60,0.0
1349.85,0.0
1350.10,0.0
1350.35,0.0
1350.60,0.0
1350.85,0.0
1351.10,0.0
1351.35,0.0
1351.60,0.0
1351.86,0.0
1352.11,0.0
1352.36,0.0
1352.61,0.0
1352.86,0.0
1353.11,0.0
1353.36,0.0
1353.61,0.0
1353.86,0.0
1354.11,0.0
1354.36,0.0
1354.61,0.0
1354.86,0.0
1355.11,0.0
1355.36,0.0
1355.61,0.0
1355.86,0.0
1356.11,0.0
1356.36,0.0
1356.61,0.0
1356.86,0.0
1357.11,0.0
1357.36,0.0
1357.61,0.0
1357.87,0.0
1358.12,0.0
1358.37,0.0
1358.62,0.0
1358.87,0.0
1359.12,0.0
1359.37,0.0
1359.62,0.0
1359.87,0.0
1360.12,0.0
1360.37,0.0
1360.62,0.0
1360.87,0.0
1361.12,0.0
1361.37,0.0
1361.62,0.0
1361.87,0.0
1362.12,0.0
1362.37,0.0
1362.62,0.0
1362.87,0.0
1363.12,0.0
1363.37,0.0
1363.62,0.0
1363.88,0.0
1364.12,0.0
1364.38,0.0
1364.63,0.0
1364.88,0.0
1365.13,0.0
1365.38,0.0
1365.63,0.0
1365.88,0.0
1366.13,0.0
1366.38,0.0
1366.63,0.0
1366.88,0.0
1367.13,0.0
1367.38,0.0
1367.63,0.0
1367.88,0.0
1368.13,0.0
1368.38,0.0
1368.63,0.0
1368.88,0.0
1369.13,0.0
1369.38,0.0
1369.63,0.0
1369.88,0.0
1370.14,0.0
1370.39,0.0
1370.64,0.0
1370.89,0.0
1371.14,0.0
1371.39,0.0
1371.64,0.0
1371.89,0.0
1372.14,0.0
1372.39,0.0
1372.64,0.0
1372.89,0.0
1373.14,0.0
1373.39,0.0
1373.64,0.0
1373.89,0.0
1374.14,0.0
1374.39,0.0
1374.64,0.0
1374.89,0.0
1375.14,0.0
1375.39,0.0
1375.64,0.0
1375.90,0.0
1376.15,0.0
1376.40,0.0
1376.65,0.0
1376.90,0.0
1377.15,0.0
1377.40,0.0
1377.65,0.0
1377.90,0.0
1378.15,0.0
1378.40,0.0
1378.65,0.0
1378.90,0.0
1379.15,0.0
1379.40,0.0
1379.65,0.0
1379.90,0.0
1380.15,0.0
1380.40,0.0
1380.65,0.0
1380.90,0.0
1381.15,0.0
1381.40,0.0
1381.65,0.0
1381.90,0.0
1382.16,0.0
1382.41,0.0
1382.66,0.0
1382.91,0.0
1383.16,0.0
1383.41,0.0
1383.66,0.0
1383.91,0.0
1384.16,0.0
1384.41,0.0
1384.66,0.0
1384.91,0.0
1385.16,0.0
1385.41,0.0
1385.66,0.0
1385.91,0.0
1386.16,0.0
1386.41,0.0
1386.66,0.0
1386.91,0.0
1387.16,0.0
1387.41,0.0
1387.67,0.0
1387.92,0.0
1388.17,0.0
1388.42,0.0
1388.67,0.0
1388.92,0.0
1389.17,0.0
1389.42,0.0
1389.67,0.0
1389.92,0.0
1390.17,0.0
1390.42,0.0
1390.67,0.0
1390.92,0.0
1391.17,0.0
1391.42,0.0
1391.67,0.0
1391.92,0.0
1392.17,0.0
1392.42,0.0
1392.67,0.0
1392.92,0.0
1393.17,0.0
1393.42,0.0
1393.68,0.0
1393.93,0.0
1394.18,0.0
1394.43,0.0
1394.68,0.0
1394.93,0.0
1395.18,0.0
1395.43,0.0
1395.68,0.0
1395.93,0.0
1396.18,0.0
1396.43,0.0
1396.68,0.0
1396.93,0.0
1397.18,0.0
1397.43,0.0
1397.68,0.0
1397.93,0.0
1398.18,0.0
1398.43,0.0
1398.68,0.0
1398.93,0.0
1399.19,0.0
1399.44,0.0
1399.69,0.0
1399.94,0.0
1400.19,0.0
1400.44,0.0
1400.69,0.0
1400.94,0.0
1401.19,0.0
1401.44,0.0
1401.69,0.0
1401.94,0.0
1402.19,0.0
1402.44,0.0
1402.69,0.0
1402.94,0.0
1403.19,0.0
1403.44,0.0
1403.69,0.0
1403.94,0.0
1404.19,0.0
1404.44,0.0
1404.69,0.0
1404.94,0.0
1405.20,0.0
1405.45,0.0
1405.70,0.0
1405.95,0.0
1406.20,0.0
1406.45,0.0
1406.70,0.0
1406.95,0.0
1407.20,0.0
1407.45,0.0
1407.70,0.0
1407.95,0.0
1408.20,0.0
1408.45,0.0
1408.70,0.0
1408.95,0.0
1409.20,0.0
1409.45,0.0
1409.70,0.0
1409.95,0.0
1410.20,0.0
1410.45,0.0
1410.70,0.0
1410.95,0.0
1411.21,0.0
1411.46,0.0
1411.71,0.0
1411.96,0.0
1412.21,0.0
1412.46,0.0
1412.71,0.0
1412.96,0.0
1413.21,0.0
1413.46,0.0
1413.71,0.0
1413.96,0.0
1414.21,0.0
1414.46,0.0
1414.71,0.0
1414.96,0.0
1415.21,0.0
1415.46,0.0
1415.71,0.0
1415.96,0.0
1416.21,0.0
1416.46,0.0
1416.71,0.0
1416.96,0.0
1417.22,0.0
1417.47,0.0
1417.72,0.0
1417.97,0.0
1418.22,0.0
1418.47,0.0
1418.72,0.0
1418.97,0.0
1419.22,0.0
1419.47,0.0
1419.72,0.0
1419.97,0.0
1420.22,0.0
1420.47,0.0
1420.72,0.0
1420.97,0.0
1421.22,0.0
1421.47,0.0
1421.72,0.0
1421.97,0.0
1422.22,0.0
1422.47,0.0
1422.72,0.0
1422.98,0.0
1423.23,0.0
1423.48,0.0
1423.73,0.0
1423.98,0.0
1424.23,0.0
1424.48,0.0
1424.73,0.0
1424.98,0.0
1425.23,0.0
1425.48,0.0
1425.73,0.0
1425.98,0.0
1426.23,0.0
1426.48,0.0
1426.73,0.0
1426.98,0.0
1427.23,0.0
1427.48,0.0
1427.73,0.0
1427.98,0.0
1428.23,0.0
1428.48,0.0
1428.73,0.0
1428.99,0.0
1429.24,0.0
1429.49,0.0
1429.74,0.0
1429.99,0.0
1430.24,0.0
1430.49,0.0
1430.74,0.0
1430.99,0.0
1431.24,0.0
1431.49,0.0
1431.74,0.0
1431.99,0.0
1432.24,0.0
1432.49,0.0
1432.74,0.0
1432.99,0.0
1433.24,0.0
1433.49,0.0
1433.74,0.0
1433.99,0.0
1434.24,0.0
1434.49,0.0
1434.74,0.0
1435.00,0.0
1435.25,0.0
1435.50,0.0
1435.75,0.0
1436.00,0.0
1436.25,0.0
1436.50,0.0
1436.75,0.0
1437.00,0.0
1437.25,0.0
1437.50,0.0
1437.75,0.0
1438.00,0.0
1438.25,0.0
1438.50,0.0
1438.75,0.0
1439.00,0.0
1439.25,0.0
1439.50,0.0
1439.75,0.0
1440.00,0.0
1440.26,0.0
1440.51,0.0
1440.76,0.0
1441.01,0.0
1441.26,0.0
1441.51,0.0
1441.76,0.0
1442.01,0.0
1442.26,0.0
1442.51,0.0
1442.76,0.0
1443.01,0.0
1443.26,0.0
1443.51,0.0
1443.76,0.0
1444.01,0.0
1444.26,0.0
1444.51,0.0
1444.76,0.0
1445.01,0.0
1445.26,0.0
1445.51,0.0
1445.76,0.0
1446.01,0.0
1446.27,0.0
1446.52,0.0
1446.77,0.0
1447.02,0.0
1447.27,0.0
1447.52,0.0
1447.77,0.0
1448.02,0.0
1448.27,0.0
1448.52,0.0
1448.77,0.0
1449.02,0.0
1449.27,0.0
1449.52,0.0
1449.77,0.0
1450.02,0.0
1450.27,0.0
1450.52,0.0
1450.77,0.0
1451.02,0.0
1451.27,0.0
1451.52,0.0
1451.77,0.0
1452.02,0.0
1452.27,0.0
1452.53,0.0
1452.78,0.0
1453.03,0.0
1453.28,0.0
1453.53,0.0
1453.78,0.0
1454.03,0.0
1454.28,0.0
1454.53,0.0
1454.78,0.0
1455.03,0.0
1455.28,0.0
1455.53,0.0
1455.78,0.0
1456.03,0.0
1456.28,0.0
1456.53,0.0
1456.78,0.0
1457.03,0.0
1457.28,0.0
1457.53,0.0
1457.78,0.0
1458.03,0.0
1458.28,0.0
1458.53,0.0
1458.79,0.0
1459.04,0.0
1459.29,0.0
1459.54,0.0
1459.79,0.0
1460.04,0.0
1460.29,0.0
1460.54,0.0
1460.79,0.0
1461.04,0.0
1461.29,0.0
1461.54,0.0
1461.79,0.0
1462.04,0.0
1462.29,0.0
1462.54,0.0
1462.79,0.0
1463.04,0.0
1463.29,0.0
1463.54,0.0
1463.79,0.0
1464.04,0.0
1464.29,0.0
1464.54,0.0
1464.80,0.0
1465.05,0.0
1465.30,0.0
1465.55,0.0
1465.80,0.0
1466.05,0.0
1466.30,0.0
1466.55,0.0
1466.80,0.0
1467.05,0.0
1467.30,0.0
1467.55,0.0
1467.80,0.0
1468.05,0.0
1468.30,0.0
1468.55,0.0
1468.80,0.0
1469.05,0.0
1469.30,0.0
1469.55,0.0
1469.80,0.0
1470.05,0.0
1470.30,0.0
1470.56,0.0
1470.81,0.0
1471.06,0.0
1471.31,0.0
1471.56,0.0
1471.81,0.0
1472.06,0.0
1472.31,0.0
1472.56,0.0
1472.81,0.0
1473.06,0.0
1473.31,0.0
1473.56,0.0
1473.81,0.0
1474.06,0.0
1474.31,0.0
1474.56,0.0
1474.81,0.0
1475.06,0.0
1475.31,0.0
1475.56,0.0
1475.81,0.0
1476.06,0.0
1476.31,0.0
1476.57,0.0
1476.82,0.0
1477.07,0.0
1477.32,0.0
1477.57,0.0
1477.82,0.0
1478.07,0.0
1478.32,0.0
1478.57,0.0
1478.82,0.0
1479.07,0.0
1479.32,0.0
1479.57,0.0
1479.82,0.0
1480.07,0.0
1480.32,0.0
1480.57,0.0
1480.82,0.0
1481.07,0.0
1481.32,0.0
1481.57,0.0
1481.82,0.0
1482.07,0.0
1482.32,0.0
1482.58,0.0
1482.83,0.0
1483.08,0.0
1483.33,0.0
1483.58,0.0
1483.83,0.0
1484.08,0.0
1484.33,0.0
1484.58,0.0
1484.83,0.0
1485.08,0.0
1485.33,0.0
1485.58,0.0
1485.83,0.0
1486.08,0.0
1486.33,0.0
1486.58,0.0
1486.83,0.0
1487.08,0.0
1487.33,0.0
1487.58,0.0
1487.83,0.0
1488.08,0.0
1488.34,0.0
1488.59,0.0
1488.84,0.0
1489.09,0.0
1489.34,0.0
1489.59,0.0
1489.84,0.0
1490.09,0.0
1490.34,0.0
1490.59,0.0
1490.84,0.0
1491.09,0.0
1491.34,0.0
1491.59,0.0
1491.84,0.0
1492.09,0.0
1492.34,0.0
1492.59,0.0
1492.84,0.0
1493.09,0.0
1493.34,0.0
1493.59,0.0
1493.85,0.0
1494.10,0.0
1494.35,0.0
1494.60,0.0
1494.85,0.0
1495.10,0.0
1495.35,0.0
1495.60,0.0
1495.85,0.0
1496.10,0.0
1496.35,0.0
1496.60,0.0
1496.85,0.0
1497.10,0.0
1497.35,0.0
1497.60,0.0
1497.85,0.0
1498.10,0.0
1498.35,0.0
1498.60,0.0
1498.85,0.0
1499.10,0.0
1499.35,0.0
1499.60,0.0
1499.86,0.0
1500.11,0.0
1500.36,0.0
1500.61,0.0
1500.86,0.0
1501.11,0.0
1501.36,0.0
1501.61,0.0
1501.86,0.0
1502.11,0.0
1502.36,0.0
1502.61,0.0
1502.86,0.0
1503.11,0.0
1503.36,0.0
1503.61,0.0
1503.86,0.0
1504.11,0.0
1504.36,0.0
1504.61,0.0
1504.86,0.0
1505.11,0.0
1505.36,0.0
1505.61,0.0
1505.87,0.0
1506.12,0.0
1506.37,0.0
1506.62,0.0
1506.87,0.0
1507.12,0.0
1507.37,0.0
1507.62,0.0
1507.87,0.0
1508.12,0.0
1508.37,0.0
1508.62,0.0
1508.87,0.0
1509.12,0.0
1509.37,0.0
1509.62,0.0
1509.87,0.0
1510.12,0.0
1510.37,0.0
1510.62,0.0
1510.87,0.0
1511.12,0.0
1511.37,0.0
1511.62,0.0
1511.88,0.0
1512.12,0.0
1512.38,0.0
1512.63,0.0
1512.88,0.0
1513.13,0.0
1513.38,0.0
1513.63,0.0
1513.88,0.0
1514.13,0.0
1514.38,0.0
1514.63,0.0
1514.88,0.0
1515.13,0.0
1515.38,0.0
1515.63,0.0
1515.88,0.0
1516.13,0.0
1516.38,0.0
1516.63,0.0
1516.88,0.0
1517.13,0.0
1517.38,0.0
1517.63,0.0
1517.88,0.0
1518.14,0.0
1518.39,0.0
1518.64,0.0
1518.89,0.0
1519.14,0.0
1519.39,0.0
1519.64,0.0
1519.89,0.0
1520.14,0.0
1520.39,0.0
1520.64,0.0
1520.89,0.0
1521.14,0.0
1521.39,0.0
1521.64,0.0
1521.89,0.0
1522.14,0.0
1522.39,0.0
1522.64,0.0
1522.89,0.0
1523.14,0.0
1523.39,0.0
1523.64,0.0
1523.89,0.0
1524.15,0.0
1524.40,0.0
1524.65,0.0
1524.90,0.0
1525.15,0.0
1525.40,0.0
1525.65,0.0
1525.90,0.0
1526.15,0.0
1526.40,0.0
1526.65,0.0
1526.90,0.0
1527.15,0.0
1527.40,0.0
1527.65,0.0
1527.90,0.0
1528.15,0.0
1528.40,0.0
1528.65,0.0
1528.90,0.0
1529.15,0.0
1529.40,0.0
1529.65,0.0
1529.90,0.0
1530.15,0.0
1530.41,0.0
1530.66,0.0
1530.91,0.0
1531.16,0.0
1531.41,0.0
1531.66,0.0
1531.91,0.0
1532.16,0.0
1532.41,0.0
1532.66,0.0
1532.91,0.0
1533.16,0.0
1533.41,0.0
1533.66,0.0
1533.91,0.0
1534.16,0.0
1534.41,0.0
1534.66,0.0
1534.91,0.0
1535.16,0.0
1535.41,0.0
1535.66,0.0
1535.91,0.0
1536.17,0.0
1536.42,0.0
1536.67,0.0
1536.92,0.0
1537.17,0.0
1537.42,0.0
1537.67,0.0
1537.92,0.0
1538.17,0.0
1538.42,0.0
1538.67,0.0
1538.92,0.0
1539.17,0.0
1539.42,0.0
1539.67,0.0
1539.92,0.0
1540.17,0.0
1540.42,0.0
1540.67,0.0
1540.92,0.0
1541.17,0.0
1541.42,0.0
1541.67,0.0
1541.92,0.0
1542.17,0.0
1542.43,0.0
1542.68,0.0
1542.93,0.0
1543.18,0.0
1543.43,0.0
1543.68,0.0
1543.93,0.0
1544.18,0.0
1544.43,0.0
1544.68,0.0
1544.93,0.0
1545.18,0.0
1545.43,0.0
1545.68,0.0
1545.93,0.0
1546.18,0.0
1546.43,0.0
1546.68,0.0
1546.93,0.0
1547.18,0.0
1547.43,0.0
1547.68,0.0
1547.93,0.0
1548.18,0.0
1548.43,0.0
1548.69,0.0
1548.94,0.0
1549.19,0.0
1549.44,0.0
1549.69,0.0
1549.94,0.0
1550.19,0.0
1550.44,0.0
1550.69,0.0
1550.94,0.0
1551.19,0.0
1551.44,0.0
1551.69,0.0
1551.94,0.0
1552.19,0.0
1552.44,0.0
1552.69,0.0
1552.94,0.0
1553.19,0.0
1553.44,0.0
1553.69,0.0
1553.94,0.0
1554.19,0.0
1554.45,0.0
1554.70,0.0
1554.95,0.0
1555.20,0.0
1555.45,0.0
1555.70,0.0
1555.95,0.0
1556.20,0.0
1556.45,0.0
1556.70,0.0
1556.95,0.0
1557.20,0.0
1557.45,0.0
1557.70,0.0
1557.95,0.0
1558.20,0.0
1558.45,0.0
1558.70,0.0
1558.95,0.0
1559.20,0.0
1559.45,0.0
1559.70,0.0
1559.95,0.0
1560.21,0.0
1560.46,0.0
1560.71,0.0
1560.96,0.0
1561.21,0.0
1561.46,0.0
1561.71,0.0
1561.96,0.0
1562.21,0.0
1562.46,0.0
1562.71,0.0
1562.96,0.0
1563.21,0.0
1563.46,0.0
1563.71,0.0
1563.96,0.0
1564.21,0.0
1564.46,0.0
1564.71,0.0
1564.96,0.0
1565.21,0.0
1565.46,0.0
1565.71,0.0
1565.96,0.0
1566.22,0.0
1566.47,0.0
1566.72,0.0
1566.97,0.0
1567.22,0.0
1567.47,0.0
1567.72,0.0
1567.97,0.0
1568.22,0.0
1568.47,0.0
1568.72,0.0
1568.97,0.0
1569.22,0.0
1569.47,0.0
1569.72,0.0
1569.97,0.0
1570.22,0.0
1570.47,0.0
1570.72,0.0
1570.97,0.0
1571.22,0.0
1571.47,0.0
1571.72,0.0
1571.97,0.0
1572.23,0.0
1572.48,0.0
1572.73,0.0
1572.98,0.0
1573.23,0.0
1573.48,0.0
1573.73,0.0
1573.98,0.0
1574.23,0.0
1574.48,0.0
1574.73,0.0
1574.98,0.0
1575.23,0.0
1575.48,0.0
1575.73,0.0
1575.98,0.0
1576.23,0.0
1576.48,0.0
1576.73,0.0
1576.98,0.0
1577.23,0.0
1577.48,0.0
1577.73,0.0
1577.99,0.0
1578.24,0.0
1578.49,0.0
1578.74,0.0
1578.99,0.0
1579.24,0.0
1579.49,0.0
1579.74,0.0
1579.99,0.0
1580.24,0.0
1580.49,0.0
1580.74,0.0
1580.99,0.0
1581.24,0.0
1581.49,0.0
1581.74,0.0
1581.99,0.0
1582.24,0.0
1582.49,0.0
1582.74,0.0
1582.99,0.0
1583.24,0.0
1583.49,0.0
1583.74,0.0
1584.00,0.0
1584.25,0.0
1584.50,0.0
1584.75,0.0
1585.00,0.0
1585.25,0.0
1585.50,0.0
1585.75,0.0
1586.00,0.0
1586.25,0.0
1586.50,0.0
1586.75,0.0
1587.00,0.0
1587.25,0.0
1587.50,0.0
1587.75,0.0
1588.00,0.0
1588.25,0.0
1588.50,0.0
1588.75,0.0
1589.00,0.0
1589.25,0.0
1589.51,0.0
1589.76,0.0
1590.01,0.0
1590.26,0.0
1590.51,0.0
1590.76,0.0
1591.01,0.0
1591.26,0.0
1591.51,0.0
1591.76,0.0
1592.01,0.0
1592.26,0.0
1592.51,0.0
1592.76,0.0
1593.01,0.0
1593.26,0.0
1593.51,0.0
1593.76,0.0
1594.01,0.0
1594.26,0.0
1594.51,0.0
1594.76,0.0
1595.01,0.0
1595.27,0.0
1595.52,0.0
1595.77,0.0
1596.02,0.0
1596.27,0.0
1596.52,0.0
1596.77,0.0
1597.02,0.0
1597.27,0.0
1597.52,0.0
1597.77,0.0
1598.02,0.0
1598.27,0.0
1598.52,0.0
1598.77,0.0
1599.02,0.0
1599.27,0.0
1599.52,0.0
1599.77,0.0
1600.02,0.0
1600.27,0.0
1600.52,0.0
1600.77,0.0
1601.02,0.0
1601.28,0.0
1601.53,0.0
1601.78,0.0
1602.03,0.0
1602.28,0.0
1602.53,0.0
1602.78,0.0
1603.03,0.0
1603.28,0.0
1603.53,0.0
1603.78,0.0
1604.03,0.0
1604.28,0.0
1604.53,0.0
1604.78,0.0
1605.03,0.0
1605.28,0.0
1605.53,0.0
1605.78,0.0
1606.03,0.0
1606.28,0.0
1606.53,0.0
1606.78,0.0
1607.04,0.0
1607.29,0.0
1607.54,0.0
1607.79,0.0
1608.04,0.0
1608.29,0.0
1608.54,0.0
1608.79,0.0
1609.04,0.0
1609.29,0.0
1609.54,0.0
1609.79,0.0
1610.04,0.0
1610.29,0.0
1610.54,0.0
1610.79,0.0
1611.04,0.0
1611.29,0.0
1611.54,0.0
1611.79,0.0
1612.04,0.0
1612.29,0.0
1612.54,0.0
1612.80,0.0
1613.05,0.0
1613.30,0.0
1613.55,0.0
1613.80,0.0
1614.05,0.0
1614.30,0.0
1614.55,0.0
1614.80,0.0
1615.05,0.0
1615.30,0.0
1615.55,0.0
1615.80,0.0
1616.05,0.0
1616.30,0.0
1616.55,0.0
1616.80,0.0
1617.05,0.0
1617.30,0.0
1617.55,0.0
1617.80,0.0
1618.05,0.0
1618.30,0.0
1618.56,0.0
1618.81,0.0
1619.06,0.0
1619.31,0.0
1619.56,0.0
1619.81,0.0
1620.06,0.0
1620.31,0.0
1620.56,0.0
1620.81,0.0
1621.06,0.0
1621.31,0.0
1621.56,0.0
1621.81,0.0
1622.06,0.0
1622.31,0.0
1622.56,0.0
1622.81,0.0
1623.06,0.0
1623.31,0.0
1623.56,0.0
1623.81,0.0
1624.06,0.0
1624.31,0.0
1624.57,0.0
1624.82,0.0
1625.07,0.0
1625.32,0.0
1625.57,0.0
1625.82,0.0
1626.07,0.0
1626.32,0.0
1626.57,0.0
1626.82,0.0
1627.07,0.0
1627.32,0.0
1627.57,0.0
1627.82,0.0
1628.07,0.0
1628.32,0.0
1628.57,0.0
1628.82,0.0
1629.07,0.0
1629.32,0.0
1629.57,0.0
1629.82,0.0
1630.07,0.0
1630.33,0.0
1630.58,0.0
1630.83,0.0
1631.08,0.0
1631.33,0.0
1631.58,0.0
1631.83,0.0
1632.08,0.0
1632.33,0.0
1632.58,0.0
1632.83,0.0
1633.08,0.0
1633.33,0.0
1633.58,0.0
1633.83,0.0
1634.08,0.0
1634.33,0.0
1634.58,0.0
1634.83,0.0
1635.08,0.0
1635.33,0.0
1635.58,0.0
1635.83,0.0
1636.08,0.0
1636.34,0.0
1636.59,0.0
1636.84,0.0
1637.09,0.0
1637.34,0.0
1637.59,0.0
1637.84,0.0
1638.09,0.0
1638.34,0.0
1638.59,0.0
1638.84,0.0
1639.09,0.0
1639.34,0.0
1639.59,0.0
1639.84,0.0
1640.09,0.0
1640.34,0.0
1640.59,0.0
1640.84,0.0
1641.09,0.0
1641.34,0.0
1641.59,0.0
1641.84,0.0
1642.09,0.0
1642.35,0.0
1642.60,0.0
1642.85,0.0
1643.10,0.0
1643.35,0.0
1643.60,0.0
1643.85,0.0
1644.10,0.0
1644.35,0.0
1644.60,0.0
1644.85,0.0
1645.10,0.0
1645.35,0.0
1645.60,0.0
1645.85,0.0
1646.10,0.0
1646.35,0.0
1646.60,0.0
1646.85,0.0
1647.10,0.0
1647.35,0.0
1647.60,0.0
1647.85,0.0
1648.10,0.0
1648.36,0.0
1648.61,0.0
1648.86,0.0
1649.11,0.0
1649.36,0.0
1649.61,0.0
1649.86,0.0
1650.11,0.0
1650.36,0.0
1650.61,0.0
1650.86,0.0
1651.11,0.0
1651.36,0.0
1651.61,0.0
1651.86,0.0
1652.11,0.0
1652.36,0.0
1652.61,0.0
1652.86,0.0
1653.11,0.0
1653.36,0.0
1653.61,0.0
1653.87,0.0
1654.12,0.0
1654.37,0.0
1654.62,0.0
1654.87,0.0
1655.12,0.0
1655.37,0.0
1655.62,0.0
1655.87,0.0
1656.12,0.0
1656.37,0.0
1656.62,0.0
1656.87,0.0
1657.12,0.0
1657.37,0.0
1657.62,0.0
1657.87,0.0
1658.12,0.0
1658.37,0.0
1658.62,0.0
1658.87,0.0
1659.12,0.0
1659.37,0.0
1659.62,0.0
1659.87,0.0
1660.12,0.0
1660.38,0.0
1660.63,0.0
1660.88,0.0
1661.13,0.0
1661.38,0.0
1661.63,0.0
1661.88,0.0
1662.13,0.0
1662.38,0.0
1662.63,0.0
1662.88,0.0
1663.13,0.0
1663.38,0.0
1663.63,0.0
1663.88,0.0
1664.13,0.0
1664.38,0.0
1664.63,0.0
1664.88,0.0
1665.13,0.0
1665.38,0.0
1665.63,0.0
1665.88,0.0
1666.13,0.0
1666.38,0.0
1666.64,0.0
1666.89,0.0
1667.14,0.0
1667.39,0.0
1667.64,0.0
1667.89,0.0
1668.14,0.0
1668.39,0.0
1668.64,0.0
1668.89,0.0
1669.14,0.0
1669.39,0.0
1669.64,0.0
1669.89,0.0
1670.14,0.0
1670.39,0.0
1670.64,0.0
1670.89,0.0
1671.14,0.0
1671.39,0.0
1671.64,0.0
1671.89,0.0
1672.14,0.0
1672.40,0.0
1672.65,0.0
1672.90,0.0
1673.15,0.0
1673.40,0.0
1673.65,0.0
1673.90,0.0
1674.15,0.0
1674.40,0.0
1674.65,0.0
1674.90,0.0
1675.15,0.0
1675.40,0.0
1675.65,0.0
1675.90,0.0
1676.15,0.0
1676.40,0.0
1676.65,0.0
1676.90,0.0
1677.15,0.0
1677.40,0.0
1677.65,0.0
1677.91,0.0
1678.16,0.0
1678.41,0.0
1678.66,0.0
1678.91,0.0
1679.16,0.0
1679.41,0.0
1679.66,0.0
1679.91,0.0
1680.16,0.0
1680.41,0.0
1680.66,0.0
1680.91,0.0
1681.16,0.0
1681.41,0.0
1681.66,0.0
1681.91,0.0
1682.16,0.0
1682.41,0.0
1682.66,0.0
1682.91,0.0
1683.16,0.0
1683.41,0.0
1683.67,0.0
1683.92,0.0
1684.17,0.0
1684.42,0.0
1684.67,0.0
1684.92,0.0
1685.17,0.0
1685.42,0.0
1685.67,0.0
1685.92,0.0
1686.17,0.0
1686.42,0.0
1686.67,0.0
1686.92,0.0
1687.17,0.0
1687.42,0.0
1687.67,0.0
1687.92,0.0
1688.17,0.0
1688.42,0.0
1688.67,0.0
1688.92,0.0
1689.17,0.0
1689.42,0.0
1689.68,0.0
1689.93,0.0
1690.18,0.0
1690.43,0.0
1690.68,0.0
1690.93,0.0
1691.18,0.0
1691.43,0.0
1691.68,0.0
1691.93,0.0
1692.18,0.0
1692.43,0.0
1692.68,0.0
1692.93,0.0
1693.18,0.0
1693.43,0.0
1693.68,0.0
1693.93,0.0
1694.18,0.0
1694.43,0.0
1694.68,0.0
1694.93,0.0
1695.18,0.0
1695.44,0.0
1695.69,0.0
1695.94,0.0
1696.19,0.0
1696.44,0.0
1696.69,0.0
1696.94,0.0
1697.19,0.0
1697.44,0.0
1697.69,0.0
1697.94,0.0
1698.19,0.0
1698.44,0.0
1698.69,0.0
1698.94,0.0
1699.19,0.0
1699.44,0.0
1699.69,0.0
1699.94,0.0
1700.19,0.0
1700.44,0.0
1700.69,0.0
1700.94,0.0
1701.20,0.0
1701.45,0.0
1701.70,0.0
1701.95,0.0
1702.20,0.0
1702.45,0.0
1702.70,0.0
1702.95,0.0
1703.20,0.0
1703.45,0.0
1703.70,0.0
1703.95,0.0
1704.20,0.0
1704.45,0.0
1704.70,0.0
1704.95,0.0
1705.20,0.0
1705.45,0.0
1705.70,0.0
1705.95,0.0
1706.20,0.0
1706.45,0.0
1706.71,0.0
1706.96,0.0
1707.21,0.0
1707.46,0.0
1707.71,0.0
1707.96,0.0
1708.21,0.0
1708.46,0.0
1708.71,0.0
1708.96,0.0
1709.21,0.0
1709.46,0.0
1709.71,0.0
1709.96,0.0
1710.21,0.0
1710.46,0.0
1710.71,0.0
1710.96,0.0
1711.21,0.0
1711.46,0.0
1711.71,0.0
1711.96,0.0
1712.21,0.0
1712.46,0.0
1712.71,0.0
1712.97,0.0
1713.22,0.0
1713.47,0.0
1713.72,0.0
1713.97,0.0
1714.22,0.0
1714.47,0.0
1714.72,0.0
1714.97,0.0
1715.22,0.0
1715.47,0.0
1715.72,0.0
1715.97,0.0
1716.22,0.0
1716.47,0.0
1716.72,0.0
1716.97,0.0
1717.22,0.0
1717.47,0.0
1717.72,0.0
1717.97,0.0
1718.22,0.0
1718.48,0.0
1718.73,0.0
1718.98,0.0
1719.23,0.0
1719.48,0.0
1719.73,0.0
1719.98,0.0
1720.23,0.0
1720.48,0.0
1720.73,0.0
1720.98,0.0
1721.23,0.0
1721.48,0.0
1721.73,0.0
1721.98,0.0
1722.23,0.0
1722.48,0.0
1722.73,0.0
1722.98,0.0
1723.23,0.0
1723.48,0.0
1723.73,0.0
1723.98,0.0
1724.23,0.0
1724.49,0.0
1724.74,0.0
1724.99,0.0
1725.24,0.0
1725.49,0.0
1725.74,0.0
1725.99,0.0
1726.24,0.0
1726.49,0.0
1726.74,0.0
1726.99,0.0
1727.24,0.0
1727.49,0.0
1727.74,0.0
1727.99,0.0
1728.24,0.0
1728.49,0.0
1728.74,0.0
1728.99,0.0
1729.24,0.0
1729.49,0.0
1729.74,0.0
1729.99,0.0
1730.25,0.0
1730.50,0.0
1730.75,0.0
1731.00,0.0
1731.25,0.0
1731.50,0.0
1731.75,0.0
1732.00,0.0
1732.25,0.0
1732.50,0.0
1732.75,0.0
1733.00,0.0
1733.25,0.0
1733.50,0.0
1733.75,0.0
1734.00,0.0
1734.25,0.0
1734.50,0.0
1734.75,0.0
1735.00,0.0
1735.25,0.0
1735.51,0.0
1735.76,0.0
1736.01,0.0
1736.26,0.0
1736.51,0.0
1736.76,0.0
1737.01,0.0
1737.26,0.0
1737.51,0.0
1737.76,0.0
1738.01,0.0
1738.26,0.0
1738.51,0.0
1738.76,0.0
1739.01,0.0
1739.26,0.0
1739.51,0.0
1739.76,0.0
1740.01,0.0
1740.26,0.0
1740.51,0.0
1740.76,0.0
1741.02,0.0
1741.27,0.0
1741.52,0.0
1741.77,0.0
1742.02,0.0
1742.27,0.0
1742.52,0.0
1742.77,0.0
1743.02,0.0
1743.27,0.0
1743.52,0.0
1743.77,0.0
1744.02,0.0
1744.27,0.0
1744.52,0.0
1744.77,0.0
1745.02,0.0
1745.27,0.0
1745.52,0.0
1745.77,0.0
1746.02,0.0
1746.27,0.0
1746.52,0.0
1746.77,0.0
1747.02,0.0
1747.28,0.0
1747.53,0.0
1747.78,0.0
1748.03,0.0
1748.28,0.0
1748.53,0.0
1748.78,0.0
1749.03,0.0
1749.28,0.0
1749.53,0.0
1749.78,0.0
1750.03,0.0
1750.28,0.0
1750.53,0.0
1750.78,0.0
1751.03,0.0
1751.28,0.0
1751.53,0.0
1751.78,0.0
1752.03,0.0
1752.28,0.0
1752.53,0.0
1752.78,0.0
1753.03,0.0
1753.28,0.0
1753.54,0.0
1753.79,0.0
1754.04,0.0
1754.29,0.0
1754.54,0.0
1754.79,0.0
1755.04,0.0
1755.29,0.0
1755.54,0.0
1755.79,0.0
1756.04,0.0
1756.29,0.0
1756.54,0.0
1756.79,0.0
1757.04,0.0
1757.29,0.0
1757.54,0.0
1757.79,0.0
1758.04,0.0
1758.29,0.0
1758.54,0.0
1758.79,0.0
1759.04,0.0
1759.29,0.0
1759.55,0.0
1759.80,0.0
1760.05,0.0
1760.30,0.0
1760.55,0.0
1760.80,0.0
1761.05,0.0
1761.30,0.0
1761.55,0.0
1761.80,0.0
1762.05,0.0
1762.30,0.0
1762.55,0.0
1762.80,0.0
1763.05,0.0
1763.30,0.0
1763.55,0.0
1763.80,0.0
1764.05,0.0
1764.30,0.0
1764.55,0.0
1764.80,0.0
1765.05,0.0
1765.30,0.0
1765.56,0.0
1765.81,0.0
1766.06,0.0
1766.31,0.0
1766.56,0.0
1766.81,0.0
1767.06,0.0
1767.31,0.0
1767.56,0.0
1767.81,0.0
1768.06,0.0
1768.31,0.0
1768.56,0.0
1768.81,0.0
1769.06,0.0
1769.31,0.0
1769.56,0.0
1769.81,0.0
1770.06,0.0
1770.31,0.0
1770.56,0.0
1770.81,0.0
1771.06,0.0
1771.31,0.0
1771.57,0.0
1771.82,0.0
1772.07,0.0
1772.32,0.0
1772.57,0.0
1772.82,0.0
1773.07,0.0
1773.32,0.0
1773.57,0.0
1773.82,0.0
1774.07,0.0
1774.32,0.0
1774.57,0.0
1774.82,0.0
1775.07,0.0
1775.32,0.0
1775.57,0.0
1775.82,0.0
1776.07,0.0
1776.32,0.0
1776.57,0.0
1776.82,0.0
1777.07,0.0
1777.32,0.0
1777.58,0.0
1777.83,0.0
1778.08,0.0
1778.33,0.0
1778.58,0.0
1778.83,0.0
1779.08,0.0
1779.33,0.0
1779.58,0.0
1779.83,0.0
1780.08,0.0
1780.33,0.0
1780.58,0.0
1780.83,0.0
1781.08,0.0
1781.33,0.0
1781.58,0.0
1781.83,0.0
1782.08,0.0
1782.33,0.0
1782.58,0.0
1782.83,0.0
1783.08,0.0
1783.34,0.0
1783.59,0.0
1783.84,0.0
1784.09,0.0
1784.34,0.0
1784.59,0.0
1784.84,0.0
1785.09,0.0
1785.34,0.0
1785.59,0.0
1785.84,0.0
1786.09,0.0
1786.34,0.0
1786.59,0.0
1786.84,0.0
1787.09,0.0
1787.34,0.0
1787.59,0.0
1787.84,0.0
1788.09,0.0
1788.34,0.0
1788.59,0.0
1788.84,0.0
1789.09,0.0
1789.34,0.0
1789.60,0.0
1789.85,0.0
1790.10,0.0
1790.35,0.0
1790.60,0.0
1790.85,0.0
1791.10,0.0
1791.35,0.0
1791.60,0.0
1791.85,0.0
1792.10,0.0
1792.35,0.0
1792.60,0.0
1792.85,0.0
1793.10,0.0
1793.35,0.0
1793.60,0.0
1793.85,0.0
1794.10,0.0
1794.35,0.0
1794.60,0.0
1794.85,0.0
1795.10,0.0
1795.35,0.0
1795.60,0.0
1795.86,0.0
1796.11,0.0
1796.36,0.0
1796.61,0.0
1796.86,0.0
1797.11,0.0
1797.36,0.0
1797.61,0.0
1797.86,0.0
1798.11,0.0
1798.36,0.0
1798.61,0.0
1798.86,0.0
1799.11,0.0
1799.36,0.0
1799.61,0.0
1799.86,0.0
1800.11,0.0
1800.36,0.0
1800.61,0.0
1800.86,0.0
1801.11,0.0
1801.36,0.0
1801.61,0.0
1801.86,0.0
1802.12,0.0
1802.37,0.0
1802.62,0.0
1802.87,0.0
1803.12,0.0
1803.37,0.0
1803.62,0.0
1803.87,0.0
1804.12,0.0
1804.37,0.0
1804.62,0.0
1804.87,0.0
1805.12,0.0
1805.37,0.0
1805.62,0.0
1805.87,0.0
1806.12,0.0
1806.37,0.0
1806.62,0.0
1806.87,0.0
1807.12,0.0
1807.37,0.0
1807.62,0.0
1807.87,0.0
1808.12,0.0
1808.38,0.0
1808.62,0.0
1808.88,0.0
1809.13,0.0
1809.38,0.0
1809.63,0.0
1809.88,0.0
1810.13,0.0
1810.38,0.0
1810.63,0.0
1810.88,0.0
1811.13,0.0
1811.38,0.0
1811.63,0.0
1811.88,0.0
1812.13,0.0
1812.38,0.0
1812.63,0.0
1812.88,0.0
1813.13,0.0
1813.38,0.0
1813.63,0.0
1813.88,0.0
1814.13,0.0
1814.38,0.0
1814.63,0.0
1814.88,0.0
1815.13,0.0
1815.39,0.0
1815.64,0.0
1815.89,0.0
1816.14,0.0
1816.39,0.0
1816.64,0.0
1816.89,0.0
1817.14,0.0
1817.39,0.0
1817.64,0.0
1817.89,0.0
1818.14,0.0
1818.39,0.0
1818.64,0.0
1818.89,0.0
1819.14,0.0
1819.39,0.0
1819.64,0.0
1819.89,0.0
1820.14,0.0
1820.39,0.0
1820.64,0.0
1820.89,0.0
1821.14,0.0
1821.39,0.0
1821.64,0.0
1821.89,0.0
1822.15,0.0
1822.40,0.0
1822.65,0.0
1822.90,0.0
1823.15,0.0
1823.40,0.0
1823.65,0.0
1823.90,0.0
1824.15,0.0
1824.40,0.0
1824.65,0.0
1824.90,0.0
1825.15,0.0
1825.40,0.0
1825.65,0.0
1825.90,0.0
1826.15,0.0
1826.40,0.0
1826.65,0.0
1826.90,0.0
1827.15,0.0
1827.40,0.0
1827.65,0.0
1827.90,0.0
1828.15,0.0
1828.41,0.0
1828.66,0.0
1828.91,0.0
1829.16,0.0
1829.41,0.0
1829.66,0.0
1829.91,0.0
1830.16,0.0
1830.41,0.0
1830.66,0.0
1830.91,0.0
1831.16,0.0
1831.41,0.0
1831.66,0.0
1831.91,0.0
1832.16,0.0
1832.41,0.0
1832.66,0.0
1832.91,0.0
1833.16,0.0
1833.41,0.0
1833.66,0.0
1833.91,0.0
1834.17,0.0
1834.42,0.0
1834.67,0.0
1834.92,0.0
1835.17,0.0
1835.42,0.0
1835.67,0.0
1835.92,0.0
1836.17,0.0
1836.42,0.0
1836.67,0.0
1836.92,0.0
1837.17,0.0
1837.42,0.0
1837.67,0.0
1837.92,0.0
1838.17,0.0
1838.42,0.0
1838.67,0.0
1838.92,0.0
1839.17,0.0
1839.42,0.0
1839.67,0.0
1839.93,0.0
1840.18,0.0
1840.43,0.0
1840.68,0.0
1840.93,0.0
1841.18,0.0
1841.43,0.0
1841.68,0.0
1841.93,0.0
1842.18,0.0
1842.43,0.0
1842.68,0.0
1842.93,0.0
1843.18,0.0
1843.43,0.0
1843.68,0.0
1843.93,0.0
1844.18,0.0
1844.43,0.0
1844.68,0.0
1844.93,0.0
1845.18,0.0
1845.43,0.0
1845.68,0.0
1845.94,0.0
1846.19,0.0
1846.44,0.0
1846.69,0.0
1846.94,0.0
1847.19,0.0
1847.44,0.0
1847.69,0.0
1847.94,0.0
1848.19,0.0
1848.44,0.0
1848.69,0.0
1848.94,0.0
1849.19,0.0
1849.44,0.0
1849.69,0.0
1849.94,0.0
1850.19,0.0
1850.44,0.0
1850.69,0.0
1850.94,0.0
1851.19,0.0
1851.44,0.0
1851.69,0.0
1851.95,0.0
1852.20,0.0
1852.45,0.0
1852.70,0.0
1852.95,0.0
1853.20,0.0
1853.45,0.0
1853.70,0.0
1853.95,0.0
1854.20,0.0
1854.45,0.0
1854.70,0.0
1854.95,0.0
1855.20,0.0
1855.45,0.0
1855.70,0.0
1855.95,0.0
1856.20,0.0
1856.45,0.0
1856.70,0.0
1856.95,0.0
1857.20,0.0
1857.45,0.0
1857.71,0.0
1857.96,0.0
1858.21,0.0
1858.46,0.0
1858.71,0.0
1858.96,0.0
1859.21,0.0
1859.46,0.0
1859.71,0.0
1859.96,0.0
1860.21,0.0
1860.46,0.0
1860.71,0.0
1860.96,0.0
1861.21,0.0
1861.46,0.0
1861.71,0.0
1861.96,0.0
1862.21,0.0
1862.46,0.0
1862.71,0.0
1862.96,0.0
1863.21,0.0
1863.46,0.0
1863.72,0.0
1863.97,0.0
1864.22,0.0
1864.47,0.0
1864.72,0.0
1864.97,0.0
1865.22,0.0
1865.47,0.0
1865.72,0.0
1865.97,0.0
1866.22,0.0
1866.47,0.0
1866.72,0.0
1866.97,0.0
1867.22,0.0
1867.47,0.0
1867.72,0.0
1867.97,0.0
1868.22,0.0
1868.47,0.0
1868.72,0.0
1868.97,0.0
1869.22,0.0
1869.47,0.0
1869.73,0.0
1869.98,0.0
1870.23,0.0
1870.48,0.0
1870.73,0.0
1870.98,0.0
1871.23,0.0
1871.48,0.0
1871.73,0.0
1871.98,0.0
1872.23,0.0
1872.48,0.0
1872.73,0.0
1872.98,0.0
1873.23,0.0
1873.48,0.0
1873.73,0.0
1873.98,0.0
1874.23,0.0
1874.48,0.0
1874.73,0.0
1874.98,0.0
1875.23,0.0
1875.49,0.0
1875.74,0.0
1875.99,0.0
1876.24,0.0
1876.49,0.0
1876.74,0.0
1876.99,0.0
1877.24,0.0
1877.49,0.0
1877.74,0.0
1877.99,0.0
1878.24,0.0
1878.49,0.0
1878.74,0.0
1878.99,0.0
1879.24,0.0
1879.49,0.0
1879.74,0.0
1879.99,0.0
1880.24,0.0
1880.49,0.0
1880.74,0.0
1880.99,0.0
1881.24,0.0
1881.50,0.0
1881.75,0.0
1882.00,0.0
1882.25,0.0
1882.50,0.0
1882.75,0.0
1883.00,0.0
1883.25,0.0
1883.50,0.0
1883.75,0.0
1884.00,0.0
1884.25,0.0
1884.50,0.0
1884.75,0.0
1885.00,0.0
1885.25,0.0
1885.50,0.0
1885.75,0.0
1886.00,0.0
1886.25,0.0
1886.50,0.0
1886.76,0.0
1887.01,0.0
1887.26,0.0
1887.51,0.0
1887.76,0.0
1888.01,0.0
1888.26,0.0
1888.51,0.0
1888.76,0.0
1889.01,0.0
1889.26,0.0
1889.51,0.0
1889.76,0.0
1890.01,0.0
1890.26,0.0
1890.51,0.0
1890.76,0.0
1891.01,0.0
1891.26,0.0
1891.51,0.0
1891.76,0.0
1892.01,0.0
1892.26,0.0
1892.51,0.0
1892.77,0.0
1893.02,0.0
1893.27,0.0
1893.52,0.0
1893.77,0.0
1894.02,0.0
1894.27,0.0
1894.52,0.0
1894.77,0.0
1895.02,0.0
1895.27,0.0
1895.52,0.0
1895.77,0.0
1896.02,0.0
1896.27,0.0
1896.52,0.0
1896.77,0.0
1897.02,0.0
1897.27,0.0
1897.52,0.0
1897.77,0.0
1898.02,0.0
1898.27,0.0
1898.52,0.0
1898.78,0.0
1899.03,0.0
1899.28,0.0
1899.53,0.0
1899.78,0.0
1900.03,0.0
1900.28,0.0
1900.53,0.0
1900.78,0.0
1901.03,0.0
1901.28,0.0
1901.53,0.0
1901.78,0.0
1902.03,0.0
1902.28,0.0
1902.53,0.0
1902.78,0.0
1903.03,0.0
1903.28,0.0
1903.53,0.0
1903.78,0.0
1904.03,0.0
1904.28,0.0
1904.54,0.0
1904.79,0.0
1905.04,0.0
1905.29,0.0
1905.54,0.0
1905.79,0.0
1906.04,0.0
1906.29,0.0
1906.54,0.0
1906.79,0.0
1907.04,0.0
1907.29,0.0
1907.54,0.0
1907.79,0.0
1908.04,0.0
1908.29,0.0
1908.54,0.0
1908.79,0.0
1909.04,0.0
1909.29,0.0
1909.54,0.0
1909.79,0.0
1910.04,0.0
1910.30,0.0
1910.55,0.0
1910.80,0.0
1911.05,0.0
1911.30,0.0
1911.55,0.0
1911.80,0.0
1912.05,0.0
1912.30,0.0
1912.55,0.0
1912.80,0.0
1913.05,0.0
1913.30,0.0
1913.55,0.0
1913.80,0.0
1914.05,0.0
1914.30,0.0
1914.55,0.0
1914.80,0.0
1915.05,0.0
1915.30,0.0
1915.55,0.0
1915.80,0.0
1916.05,0.0
1916.31,0.0
1916.56,0.0
1916.81,0.0
1917.06,0.0
1917.31,0.0
1917.56,0.0
1917.81,0.0
1918.06,0.0
1918.31,0.0
1918.56,0.0
1918.81,0.0
1919.06,0.0
1919.31,0.0
1919.56,0.0
1919.81,0.0
1920.06,0.0
1920.31,0.0
1920.56,0.0
1920.81,0.0
1921.06,0.0
1921.31,0.0
1921.56,0.0
1921.81,0.0
1922.07,0.0
1922.32,0.0
1922.57,0.0
1922.82,0.0
1923.07,0.0
1923.32,0.0
1923.57,0.0
1923.82,0.0
1924.07,0.0
1924.32,0.0
1924.57,0.0
1924.82,0.0
1925.07,0.0
1925.32,0.0
1925.57,0.0
1925.82,0.0
1926.07,0.0
1926.32,0.0
1926.57,0.0
1926.82,0.0
1927.07,0.0
1927.32,0.0
1927.57,0.0
1927.83,0.0
1928.08,0.0
1928.33,0.0
1928.58,0.0
1928.83,0.0
1929.08,0.0
1929.33,0.0
1929.58,0.0
1929.83,0.0
1930.08,0.0
1930.33,0.0
1930.58,0.0
1930.83,0.0
1931.08,0.0
1931.33,0.0
1931.58,0.0
1931.83,0.0
1932.08,0.0
1932.33,0.0
1932.58,0.0
1932.83,0.0
1933.08,0.0
1933.33,0.0
1933.59,0.0
1933.84,0.0
1934.09,0.0
1934.34,0.0
1934.59,0.0
1934.84,0.0
1935.09,0.0
1935.34,0.0
1935.59,0.0
1935.84,0.0
1936.09,0.0
1936.34,0.0
1936.59,0.0
1936.84,0.0
1937.09,0.0
1937.34,0.0
1937.59,0.0
1937.84,0.0
1938.09,0.0
1938.34,0.0
1938.59,0.0
1938.84,0.0
1939.09,0.0
1939.34,0.0
1939.60,0.0
1939.85,0.0
1940.10,0.0
1940.35,0.0
1940.60,0.0
1940.85,0.0
1941.10,0.0
1941.35,0.0
1941.60,0.0
1941.85,0.0
1942.10,0.0
1942.35,0.0
1942.60,0.0
1942.85,0.0
1943.10,0.0
1943.35,0.0
1943.60,0.0
1943.85,0.0
1944.10,0.0
1944.35,0.0
1944.60,0.0
1944.85,0.0
1945.10,0.0
1945.35,0.0
1945.61,0.0
1945.86,0.0
1946.11,0.0
1946.36,0.0
1946.61,0.0
1946.86,0.0
1947.11,0.0
1947.36,0.0
1947.61,0.0
1947.86,0.0
1948.11,0.0
1948.36,0.0
1948.61,0.0
1948.86,0.0
1949.11,0.0
1949.36,0.0
1949.61,0.0
1949.86,0.0
1950.11,0.0
1950.36,0.0
1950.61,0.0
1950.86,0.0
1951.11,0.0
1951.37,0.0
1951.62,0.0
1951.87,0.0
1952.12,0.0
1952.37,0.0
1952.62,0.0
1952.87,0.0
1953.12,0.0
1953.37,0.0
1953.62,0.0
1953.87,0.0
1954.12,0.0
1954.37,0.0
1954.62,0.0
1954.87,0.0
1955.12,0.0
1955.37,0.0
1955.62,0.0
1955.87,0.0
1956.12,0.0
1956.37,0.0
1956.62,0.0
1956.87,0.0
1957.12,0.0
1957.37,0.0
1957.62,0.0
1957.88,0.0
1958.13,0.0
1958.38,0.0
1958.63,0.0
1958.88,0.0
1959.13,0.0
1959.38,0.0
1959.63,0.0
1959.88,0.0
1960.13,0.0
1960.38,0.0
1960.63,0.0
1960.88,0.0
1961.13,0.0
1961.38,0.0
1961.63,0.0
1961.88,0.0
1962.13,0.0
1962.38,0.0
1962.63,0.0
1962.88,0.0
1963.13,0.0
1963.38,0.0
1963.63,0.0
1963.88,0.0
1964.14,0.0
1964.39,0.0
1964.64,0.0
1964.89,0.0
1965.14,0.0
1965.39,0.0
1965.64,0.0
1965.89,0.0
1966.14,0.0
1966.39,0.0
1966.64,0.0
1966.89,0.0
1967.14,0.0
1967.39,0.0
1967.64,0.0
1967.89,0.0
1968.14,0.0
1968.39,0.0
1968.64,0.0
1968.89,0.0
1969.14,0.0
1969.39,0.0
1969.64,0.0
1969.89,0.0
1970.15,0.0
1970.40,0.0
1970.65,0.0
1970.90,0.0
1971.15,0.0
1971.40,0.0
1971.65,0.0
1971.90,0.0
1972.15,0.0
1972.40,0.0
1972.65,0.0
1972.90,0.0
1973.15,0.0
1973.40,0.0
1973.65,0.0
1973.90,0.0
1974.15,0.0
1974.40,0.0
1974.65,0.0
1974.90,0.0
1975.15,0.0
1975.40,0.0
1975.65,0.0
1975.90,0.0
1976.16,0.0
1976.41,0.0
1976.66,0.0
1976.91,0.0
1977.16,0.0
1977.41,0.0
1977.66,0.0
1977.91,0.0
1978.16,0.0
1978.41,0.0
1978.66,0.0
1978.91,0.0
1979.16,0.0
1979.41,0.0
1979.66,0.0
1979.91,0.0
1980.16,0.0
1980.41,0.0
1980.66,0.0
1980.91,0.0
1981.16,0.0
1981.41,0.0
1981.66,0.0
1981.91,0.0
1982.16,0.0
1982.42,0.0
1982.67,0.0
1982.92,0.0
1983.17,0.0
1983.42,0.0
1983.67,0.0
1983.92,0.0
1984.17,0.0
1984.42,0.0
1984.67,0.0
1984.92,0.0
1985.17,0.0
1985.42,0.0
1985.67,0.0
1985.92,0.0
1986.17,0.0
1986.42,0.0
1986.67,0.0
1986.92,0.0
1987.17,0.0
1987.42,0.0
1987.67,0.0
1987.92,0.0
1988.17,0.0
1988.43,0.0
1988.68,0.0
1988.93,0.0
1989.18,0.0
1989.43,0.0
1989.68,0.0
1989.93,0.0
1990.18,0.0
1990.43,0.0
1990.68,0.0
1990.93,0.0
1991.18,0.0
1991.43,0.0
1991.68,0.0
1991.93,0.0
1992.18,0.0
1992.43,0.0
1992.68,0.0
1992.93,0.0
1993.18,0.0
1993.43,0.0
1993.68,0.0
1993.93,0.0
1994.19,0.0
1994.44,0.0
1994.69,0.0
1994.94,0.0
1995.19,0.0
1995.44,0.0
1995.69,0.0
1995.94,0.0
1996.19,0.0
1996.44,0.0
1996.69,0.0
1996.94,0.0
1997.19,0.0
1997.44,0.0
1997.69,0.0
1997.94,0.0
1998.19,0.0
1998.44,0.0
1998.69,0.0
1998.94,0.0
1999.19,0.0
1999.44,0.0
1999.69,0.0
1999.95,0.0
2000.20,0.0
2000.45,0.0
2000.70,0.0
2000.95,0.0
2001.20,0.0
2001.45,0.0
2001.70,0.0
2001.95,0.0
2002.20,0.0
2002.45,0.0
2002.70,0.0
2002.95,0.0
2003.20,0.0
2003.45,0.0
2003.70,0.0
2003.95,0.0
2004.20,0.0
2004.45,0.0
2004.70,0.0
2004.95,0.0
2005.20,0.0
2005.45,0.0
2005.71,0.0
2005.96,0.0
2006.21,0.0
2006.46,0.0
2006.71,0.0
2006.96,0.0
2007.21,0.0
2007.46,0.0
2007.71,0.0
2007.96,0.0
2008.21,0.0
2008.46,0.0
2008.71,0.0
2008.96,0.0
2009.21,0.0
2009.46,0.0
2009.71,0.0
2009.96,0.0
2010.21,0.0
2010.46,0.0
2010.71,0.0
2010.96,0.0
2011.21,0.0
2011.46,0.0
2011.71,0.0
2011.97,0.0
2012.22,0.0
2012.47,0.0
2012.72,0.0
2012.97,0.0
2013.22,0.0
2013.47,0.0
2013.72,0.0
2013.97,0.0
2014.22,0.0
2014.47,0.0
2014.72,0.0
2014.97,0.0
2015.22,0.0
2015.47,0.0
2015.72,0.0
2015.97,0.0
2016.22,0.0
2016.47,0.0
2016.72,0.0
2016.97,0.0
2017.22,0.0
2017.47,0.0
2017.72,0.0
2017.97,0.0
2018.23,0.0
2018.48,0.0
2018.73,0.0
2018.98,0.0
2019.23,0.0
2019.48,0.0
2019.73,0.0
2019.98,0.0
2020.23,0.0
2020.48,0.0
2020.73,0.0
2020.98,0.0
2021.23,0.0
2021.48,0.0
2021.73,0.0
2021.98,0.0
2022.23,0.0
2022.48,0.0
2022.73,0.0
2022.98,0.0
2023.23,0.0
2023.48,0.0
2023.73,0.0
2023.99,0.0
2024.24,0.0
2024.49,0.0
2024.74,0.0
2024.99,0.0
2025.24,0.0
2025.49,0.0
2025.74,0.0
2025.99,0.0
2026.24,0.0
2026.49,0.0
2026.74,0.0
2026.99,0.0
2027.24,0.0
2027.49,0.0
2027.74,0.0
2027.99,0.0
2028.24,0.0
2028.49,0.0
2028.74,0.0
2028.99,0.0
2029.24,0.0
2029.49,0.0
2029.75,0.0
2030.00,0.0
2030.25,0.0
2030.50,0.0
2030.75,0.0
2031.00,0.0
2031.25,0.0
2031.50,0.0
2031.75,0.0
2032.00,0.0
2032.25,0.0
2032.50,0.0
2032.75,0.0
2033.00,0.0
2033.25,0.0
2033.50,0.0
2033.75,0.0
2034.00,0.0
2034.25,0.0
2034.50,0.0
2034.75,0.0
2035.00,0.0
2035.26,0.0
2035.51,0.0
2035.76,0.0
2036.01,0.0
2036.26,0.0
2036.51,0.0
2036.76,0.0
2037.01,0.0
2037.26,0.0
2037.51,0.0
2037.76,0.0
2038.01,0.0
2038.26,0.0
2038.51,0.0
2038.76,0.0
2039.01,0.0
2039.26,0.0
2039.51,0.0
2039.76,0.0
2040.01,0.0
2040.26,0.0
2040.51,0.0
2040.76,0.0
2041.02,0.0
2041.27,0.0
2041.52,0.0
2041.77,0.0
2042.02,0.0
2042.27,0.0
2042.52,0.0
2042.77,0.0
2043.02,0.0
2043.27,0.0
2043.52,0.0
2043.77,0.0
2044.02,0.0
2044.27,0.0
2044.52,0.0
2044.77,0.0
2045.02,0.0
2045.27,0.0
2045.52,0.0
2045.77,0.0
2046.02,0.0
2046.27,0.0
2046.52,0.0
2046.77,0.0
2047.03,0.0
2047.28,0.0
2047.53,0.0
2047.78,0.0
2048.03,0.0
2048.28,0.0
2048.53,0.0
2048.78,0.0
2049.03,0.0
2049.28,0.0
2049.53,0.0
2049.78,0.0
2050.03,0.0
2050.28,0.0
2050.53,0.0
2050.78,0.0
2051.03,0.0
2051.28,0.0
2051.53,0.0
2051.78,0.0
2052.03,0.0
2052.28,0.0
2052.53,0.0
2052.78,0.0
2053.03,0.0
2053.29,0.0
2053.54,0.0
2053.79,0.0
2054.04,0.0
2054.29,0.0
2054.54,0.0
2054.79,0.0
2055.04,0.0
2055.29,0.0
2055.54,0.0
2055.79,0.0
2056.04,0.0
2056.29,0.0
2056.54,0.0
2056.79,0.0
2057.04,0.0
2057.29,0.0
2057.54,0.0
2057.79,0.0
2058.04,0.0
2058.30,0.0
2058.55,0.0
2058.80,0.0
2059.05,0.0
2059.30,0.0
2059.55,0.0
2059.80,0.0
2060.05,0.0
2060.30,0.0
2060.55,0.0
2060.80,0.0
2061.05,0.0
2061.30,0.0
2061.55,0.0
2061.80,0.0
2062.05,0.0
2062.30,0.0
2062.55,0.0
2062.80,0.0
2063.05,0.0
2063.30,0.0
2063.55,0.0
2063.80,0.0
2064.05,0.0
2064.30,0.0
2064.55,0.0
2064.81,0.0
2065.06,0.0
2065.31,0.0
2065.56,0.0
2065.81,0.0
2066.06,0.0
2066.31,0.0
2066.56,0.0
2066.81,0.0
2067.06,0.0
2067.31,0.0
2067.56,0.0
2067.81,0.0
2068.06,0.0
2068.31,0.0
2068.56,0.0
2068.81,0.0
2069.06,0.0
2069.31,0.0
2069.56,0.0
2069.81,0.0
2070.07,0.0
2070.32,0.0
2070.57,0.0
2070.82,0.0
2071.07,0.0
2071.32,0.0
2071.57,0.0
2071.82,0.0
2072.07,0.0
2072.32,0.0
2072.57,0.0
2072.82,0.0
2073.07,0.0
2073.32,0.0
2073.57,0.0
2073.82,0.0
2074.07,0.0
2074.32,0.0
2074.57,0.0
2074.82,0.0
2075.07,0.0
2075.32,0.0
2075.57,0.0
2075.82,0.0
2076.07,0.0
2076.32,0.0
2076.57,0.0
2076.83,0.0
2077.08,0.0
2077.33,0.0
2077.58,0.0
2077.83,0.0
2078.08,0.0
2078.33,0.0
2078.58,0.0
2078.83,0.0
2079.08,0.0
2079.33,0.0
2079.58,0.0
2079.83,0.0
2080.08,0.0
2080.33,0.0
2080.58,0.0
2080.83,0.0
2081.08,0.0
2081.33,0.0
2081.58,0.0
2081.83,0.0
2082.09,0.0
2082.34,0.0
2082.59,0.0
2082.84,0.0
2083.09,0.0
2083.34,0.0
2083.59,0.0
2083.84,0.0
2084.09,0.0
2084.34,0.0
2084.59,0.0
2084.84,0.0
2085.09,0.0
2085.34,0.0
2085.59,0.0
2085.84,0.0
2086.09,0.0
2086.34,0.0
2086.59,0.0
2086.84,0.0
2087.09,0.0
2087.34,0.0
2087.59,0.0
2087.84,0.0
2088.09,0.0
2088.35,0.0
2088.60,0.0
2088.85,0.0
2089.10,0.0
2089.35,0.0
2089.60,0.0
2089.85,0.0
2090.10,0.0
2090.35,0.0
2090.60,0.0
2090.85,0.0
2091.10,0.0
2091.35,0.0
2091.60,0.0
2091.85,0.0
2092.10,0.0
2092.35,0.0
2092.60,0.0
2092.85,0.0
2093.10,0.0
2093.35,0.0
2093.60,0.0
2093.86,0.0
2094.11,0.0
2094.36,0.0
2094.61,0.0
2094.86,0.0
2095.11,0.0
2095.36,0.0
2095.61,0.0
2095.86,0.0
2096.11,0.0
2096.36,0.0
2096.61,0.0
2096.86,0.0
2097.11,0.0
2097.36,0.0
2097.61,0.0
2097.86,0.0
2098.11,0.0
2098.36,0.0
2098.61,0.0
2098.86,0.0
2099.11,0.0
2099.36,0.0
2099.61,0.0
2099.86,0.0
2100.11,0.0
2100.37,0.0
2100.62,0.0
2100.87,0.0
2101.12,0.0
2101.37,0.0
2101.62,0.0
2101.87,0.0
2102.12,0.0
2102.37,0.0
2102.62,0.0
2102.87,0.0
2103.12,0.0
2103.37,0.0
2103.62,0.0
2103.87,0.0
2104.12,0.0
2104.37,0.0
2104.62,0.0
2104.87,0.0
2105.12,0.0
2105.37,0.0
2105.62,0.0
2105.88,0.0
2106.12,0.0
2106.38,0.0
2106.63,0.0
2106.88,0.0
2107.13,0.0
2107.38,0.0
2107.63,0.0
2107.88,0.0
2108.13,0.0
2108.38,0.0
2108.63,0.0
2108.88,0.0
2109.13,0.0
2109.38,0.0
2109.63,0.0
2109.88,0.0
2110.13,0.0
2110.38,0.0
2110.63,0.0
2110.88,0.0
2111.13,0.0
2111.38,0.0
2111.63,0.0
2111.89,0.0
2112.14,0.0
2112.39,0.0
2112.64,0.0
2112.89,0.0
2113.14,0.0
2113.39,0.0
2113.64,0.0
2113.89,0.0
2114.14,0.0
2114.39,0.0
2114.64,0.0
2114.89,0.0
2115.14,0.0
2115.39,0.0
2115.64,0.0
2115.89,0.0
2116.14,0.0
2116.39,0.0
2116.64,0.0
2116.89,0.0
2117.14,0.0
2117.39,0.0
2117.64,0.0
2117.89,0.0
2118.14,0.0
2118.40,0.0
2118.65,0.0
2118.90,0.0
2119.15,0.0
2119.40,0.0
2119.65,0.0
2119.90,0.0
2120.15,0.0
2120.40,0.0
2120.65,0.0
2120.90,0.0
2121.15,0.0
2121.40,0.0
2121.65,0.0
2121.90,0.0
2122.15,0.0
2122.40,0.0
2122.65,0.0
2122.90,0.0
2123.15,0.0
2123.40,0.0
2123.65,0.0
2123.91,0.0
2124.16,0.0
2124.41,0.0
2124.66,0.0
2124.91,0.0
2125.16,0.0
2125.41,0.0
2125.66,0.0
2125.91,0.0
2126.16,0.0
2126.41,0.0
2126.66,0.0
2126.91,0.0
2127.16,0.0
2127.41,0.0
2127.66,0.0
2127.91,0.0
2128.16,0.0
2128.41,0.0
2128.66,0.0
2128.91,0.0
2129.16,0.0
2129.41,0.0
2129.66,0.0
2129.91,0.0
2130.17,0.0
2130.42,0.0
2130.67,0.0
2130.92,0.0
2131.17,0.0
2131.42,0.0
2131.67,0.0
2131.92,0.0
2132.17,0.0
2132.42,0.0
2132.67,0.0
2132.92,0.0
2133.17,0.0
2133.42,0.0
2133.67,0.0
2133.92,0.0
2134.17,0.0
2134.42,0.0
2134.67,0.0
2134.92,0.0
2135.17,0.0
2135.42,0.0
2135.67,0.0
2135.93,0.0
2136.18,0.0
2136.43,0.0
2136.68,0.0
2136.93,0.0
2137.18,0.0
2137.43,0.0
2137.68,0.0
2137.93,0.0
2138.18,0.0
2138.43,0.0
2138.68,0.0
2138.93,0.0
2139.18,0.0
2139.43,0.0
2139.68,0.0
2139.93,0.0
2140.18,0.0
2140.43,0.0
2140.68,0.0
2140.93,0.0
2141.18,0.0
2141.43,0.0
2141.68,0.0
2141.93,0.0
2142.18,0.0
2142.44,0.0
2142.69,0.0
2142.94,0.0
2143.19,0.0
2143.44,0.0
2143.69,0.0
2143.94,0.0
2144.19,0.0
2144.44,0.0
2144.69,0.0
2144.94,0.0
2145.19,0.0
2145.44,0.0
2145.69,0.0
2145.94,0.0
2146.19,0.0
2146.44,0.0
2146.69,0.0
2146.94,0.0
2147.19,0.0
2147.44,0.0
2147.70,0.0
2147.95,0.0
2148.20,0.0
2148.45,0.0
2148.70,0.0
2148.95,0.0
2149.20,0.0
2149.45,0.0
2149.70,0.0
2149.95,0.0
2150.20,0.0
2150.45,0.0
2150.70,0.0
2150.95,0.0
2151.20,0.0
2151.45,0.0
2151.70,0.0
2151.95,0.0
2152.20,0.0
2152.45,0.0
2152.70,0.0
2152.95,0.0
2153.20,0.0
2153.45,0.0
2153.70,0.0
2153.95,0.0
2154.21,0.0
2154.46,0.0
2154.71,0.0
2154.96,0.0
2155.21,0.0
2155.46,0.0
2155.71,0.0
2155.96,0.0
2156.21,0.0
2156.46,0.0
2156.71,0.0
2156.96,0.0
2157.21,0.0
2157.46,0.0
2157.71,0.0
2157.96,0.0
2158.21,0.0
2158.46,0.0
2158.71,0.0
2158.96,0.0
2159.21,0.0
2159.47,0.0
2159.72,0.0
2159.97,0.0
2160.22,0.0
2160.47,0.0
2160.72,0.0
2160.97,0.0
2161.22,0.0
2161.47,0.0
2161.72,0.0
2161.97,0.0
2162.22,0.0
2162.47,0.0
2162.72,0.0
2162.97,0.0
2163.22,0.0
2163.47,0.0
2163.72,0.0
2163.97,0.0
2164.22,0.0
2164.47,0.0
2164.72,0.0
2164.97,0.0
2165.22,0.0
2165.47,0.0
2165.73,0.0
2165.98,0.0
2166.23,0.0
2166.48,0.0
2166.73,0.0
2166.98,0.0
2167.23,0.0
2167.48,0.0
2167.73,0.0
2167.98,0.0
2168.23,0.0
2168.48,0.0
2168.73,0.0
2168.98,0.0
2169.23,0.0
2169.48,0.0
2169.73,0.0
2169.98,0.0
2170.23,0.0
2170.48,0.0
2170.73,0.0
2170.98,0.0
2171.23,0.0
2171.49,0.0
2171.74,0.0
2171.99,0.0
2172.24,0.0
2172.49,0.0
2172.74,0.0
2172.99,0.0
2173.24,0.0
2173.49,0.0
2173.74,0.0
2173.99,0.0
2174.24,0.0
2174.49,0.0
2174.74,0.0
2174.99,0.0
2175.24,0.0
2175.49,0.0
2175.74,0.0
2175.99,0.0
2176.24,0.0
2176.49,0.0
2176.74,0.0
2176.99,0.0
2177.24,0.0
2177.49,0.0
2177.75,0.0
2178.00,0.0
2178.25,0.0
2178.50,0.0
2178.75,0.0
2179.00,0.0
2179.25,0.0
2179.50,0.0
2179.75,0.0
2180.00,0.0
2180.25,0.0
2180.50,0.0
2180.75,0.0
2181.00,0.0
2181.25,0.0
2181.50,0.0
2181.75,0.0
2182.00,0.0
2182.25,0.0
2182.50,0.0
2182.75,0.0
2183.01,0.0
2183.26,0.0
2183.51,0.0
2183.76,0.0
2184.01,0.0
2184.26,0.0
2184.51,0.0
2184.76,0.0
2185.01,0.0
2185.26,0.0
2185.51,0.0
2185.76,0.0
2186.01,0.0
2186.26,0.0
2186.51,0.0
2186.76,0.0
2187.01,0.0
2187.26,0.0
2187.51,0.0
2187.76,0.0
2188.01,0.0
2188.26,0.0
2188.51,0.0
2188.76,0.0
2189.01,0.0
2189.26,0.0
2189.51,0.0
2189.77,0.0
2190.02,0.0
2190.27,0.0
2190.52,0.0
2190.77,0.0
2191.02,0.0
2191.27,0.0
2191.52,0.0
2191.77,0.0
2192.02,0.0
2192.27,0.0
2192.52,0.0
2192.77,0.0
2193.02,0.0
2193.27,0.0
2193.52,0.0
2193.77,0.0
2194.02,0.0
2194.27,0.0
2194.52,0.0
2194.77,0.0
2195.02,0.0
2195.27,0.0
2195.53,0.0
2195.78,0.0
2196.03,0.0
2196.28,0.0
2196.53,0.0
2196.78,0.0
2197.03,0.0
2197.28,0.0
2197.53,0.0
2197.78,0.0
2198.03,0.0
2198.28,0.0
2198.53,0.0
2198.78,0.0
2199.03,0.0
2199.28,0.0
2199.53,0.0
2199.78,0.0
2200.03,0.0
2200.28,0.0
2200.53,0.0
2200.78,0.0
2201.03,0.0
2201.28,0.0
2201.53,0.0
2201.78,0.0
2202.04,0.0
2202.29,0.0
2202.54,0.0
2202.79,0.0
2203.04,0.0
2203.29,0.0
2203.54,0.0
2203.79,0.0
2204.04,0.0
2204.29,0.0
2204.54,0.0
2204.79,0.0
2205.04,0.0
2205.29,0.0
2205.54,0.0
2205.79,0.0
2206.04,0.0
2206.29,0.0
2206.54,0.0
2206.79,0.0
2207.04,0.0
2207.30,0.0
2207.55,0.0
2207.80,0.0
2208.05,0.0
2208.30,0.0
2208.55,0.0
2208.80,0.0
2209.05,0.0
2209.30,0.0
2209.55,0.0
2209.80,0.0
2210.05,0.0
2210.30,0.0
2210.55,0.0
2210.80,0.0
2211.05,0.0
2211.30,0.0
2211.55,0.0
2211.80,0.0
2212.05,0.0
2212.30,0.0
2212.55,0.0
2212.80,0.0
2213.05,0.0
2213.30,0.0
2213.56,0.0
2213.81,0.0
2214.06,0.0
2214.31,0.0
2214.56,0.0
2214.81,0.0
2215.06,0.0
2215.31,0.0
2215.56,0.0
2215.81,0.0
2216.06,0.0
2216.31,0.0
2216.56,0.0
2216.81,0.0
2217.06,0.0
2217.31,0.0
2217.56,0.0
2217.81,0.0
2218.06,0.0
2218.31,0.0
2218.56,0.0
2218.82,0.0
2219.07,0.0
2219.32,0.0
2219.57,0.0
2219.82,0.0
2220.07,0.0
2220.32,0.0
2220.57,0.0
2220.82,0.0
2221.07,0.0
2221.32,0.0
2221.57,0.0
2221.82,0.0
2222.07,0.0
2222.32,0.0
2222.57,0.0
2222.82,0.0
2223.07,0.0
2223.32,0.0
2223.57,0.0
2223.82,0.0
2224.07,0.0
2224.32,0.0
2224.57,0.0
2224.82,0.0
2225.07,0.0
2225.33,0.0
2225.58,0.0
2225.83,0.0
2226.08,0.0
2226.33,0.0
2226.58,0.0
2226.83,0.0
2227.08,0.0
2227.33,0.0
2227.58,0.0
2227.83,0.0
2228.08,0.0
2228.33,0.0
2228.58,0.0
2228.83,0.0
2229.08,0.0
2229.33,0.0
2229.58,0.0
2229.83,0.0
2230.08,0.0
2230.33,0.0
2230.59,0.0
2230.84,0.0
2231.09,0.0
2231.34,0.0
2231.59,0.0
2231.84,0.0
2232.09,0.0
2232.34,0.0
2232.59,0.0
2232.84,0.0
2233.09,0.0
2233.34,0.0
2233.59,0.0
2233.84,0.0
2234.09,0.0
2234.34,0.0
2234.59,0.0
2234.84,0.0
2235.09,0.0
2235.34,0.0
2235.59,0.0
2235.84,0.0
2236.09,0.0
2236.34,0.0
2236.59,0.0
2236.85,0.0
2237.10,0.0
2237.35,0.0
2237.60,0.0
2237.85,0.0
2238.10,0.0
2238.35,0.0
2238.60,0.0
2238.85,0.0
2239.10,0.0
2239.35,0.0
2239.60,0.0
2239.85,0.0
2240.10,0.0
2240.35,0.0
2240.60,0.0
2240.85,0.0
2241.10,0.0
2241.35,0.0
2241.60,0.0
2241.85,0.0
2242.11,0.0
2242.36,0.0
2242.61,0.0
2242.86,0.0
2243.11,0.0
2243.36,0.0
2243.61,0.0
2243.86,0.0
2244.11,0.0
2244.36,0.0
2244.61,0.0
2244.86,0.0
2245.11,0.0
2245.36,0.0
2245.61,0.0
2245.86,0.0
2246.11,0.0
2246.36,0.0
2246.61,0.0
2246.86,0.0
2247.11,0.0
2247.36,0.0
2247.61,0.0
2247.86,0.0
2248.11,0.0
2248.36,0.0
2248.62,0.0
2248.87,0.0
2249.12,0.0
2249.37,0.0
2249.62,0.0
2249.87,0.0
2250.12,0.0
2250.37,0.0
2250.62,0.0
2250.87,0.0
2251.12,0.0
2251.37,0.0
2251.62,0.0
2251.87,0.0
2252.12,0.0
2252.37,0.0
2252.62,0.0
2252.87,0.0
2253.12,0.0
2253.37,0.0
2253.62,0.0
2253.87,0.0
2254.12,0.0
2254.38,0.0
2254.63,0.0
2254.88,0.0
2255.13,0.0
2255.38,0.0
2255.63,0.0
2255.88,0.0
2256.13,0.0
2256.38,0.0
2256.63,0.0
2256.88,0.0
2257.13,0.0
2257.38,0.0
2257.63,0.0
2257.88,0.0
2258.13,0.0
2258.38,0.0
2258.63,0.0
2258.88,0.0
2259.13,0.0
2259.38,0.0
2259.63,0.0
2259.89,0.0
2260.14,0.0
2260.39,0.0
2260.64,0.0
2260.89,0.0
2261.14,0.0
2261.39,0.0
2261.64,0.0
2261.89,0.0
2262.14,0.0
2262.39,0.0
2262.64,0.0
2262.89,0.0
2263.14,0.0
2263.39,0.0
2263.64,0.0
2263.89,0.0
2264.14,0.0
2264.39,0.0
2264.64,0.0
2264.89,0.0
2265.14,0.0
2265.39,0.0
2265.64,0.0
2265.89,0.0
2266.15,0.0
2266.40,0.0
2266.65,0.0
2266.90,0.0
2267.15,0.0
2267.40,0.0
2267.65,0.0
2267.90,0.0
2268.15,0.0
2268.40,0.0
2268.65,0.0
2268.90,0.0
2269.15,0.0
2269.40,0.0
2269.65,0.0
2269.90,0.0
2270.15,0.0
2270.40,0.0
2270.65,0.0
2270.90,0.0
2271.15,0.0
2271.41,0.0
2271.66,0.0
2271.91,0.0
2272.16,0.0
2272.41,0.0
2272.66,0.0
2272.91,0.0
2273.16,0.0
2273.41,0.0
2273.66,0.0
2273.91,0.0
2274.16,0.0
2274.41,0.0
2274.66,0.0
2274.91,0.0
2275.16,0.0
2275.41,0.0
2275.66,0.0
2275.91,0.0
2276.16,0.0
2276.41,0.0
2276.66,0.0
2276.91,0.0
2277.16,0.0
2277.41,0.0
2277.67,0.0
2277.92,0.0
2278.17,0.0
2278.42,0.0
2278.67,0.0
2278.92,0.0
2279.17,0.0
2279.42,0.0
2279.67,0.0
2279.92,0.0
2280.17,0.0
2280.42,0.0
2280.67,0.0
2280.92,0.0
2281.17,0.0
2281.42,0.0
2281.67,0.0
2281.92,0.0
2282.17,0.0
2282.42,0.0
2282.67,0.0
2282.92,0.0
2283.18,0.0
2283.43,0.0
2283.68,0.0
2283.93,0.0
2284.18,0.0
2284.43,0.0
2284.68,0.0
2284.93,0.0
2285.18,0.0
2285.43,0.0
2285.68,0.0
2285.93,0.0
2286.18,0.0
2286.43,0.0
2286.68,0.0
2286.93,0.0
2287.18,0.0
2287.43,0.0
2287.68,0.0
2287.93,0.0
2288.18,0.0
2288.43,0.0
2288.68,0.0
2288.93,0.0
2289.18,0.0
2289.44,0.0
2289.69,0.0
2289.94,0.0
2290.19,0.0
2290.44,0.0
2290.69,0.0
2290.94,0.0
2291.19,0.0
2291.44,0.0
2291.69,0.0
2291.94,0.0
2292.19,0.0
2292.44,0.0
2292.69,0.0
2292.94,0.0
2293.19,0.0
2293.44,0.0
2293.69,0.0
2293.94,0.0
2294.19,0.0
2294.44,0.0
2294.69,0.0
2294.95,0.0
2295.20,0.0
2295.45,0.0
2295.70,0.0
2295.95,0.0
2296.20,0.0
2296.45,0.0
2296.70,0.0
2296.95,0.0
2297.20,0.0
2297.45,0.0
2297.70,0.0
2297.95,0.0
2298.20,0.0
2298.45,0.0
2298.70,0.0
2298.95,0.0
2299.20,0.0
2299.45,0.0
2299.70,0.0
2299.95,0.0
2300.20,0.0
2300.45,0.0
2300.70,0.0
2300.95,0.0
2301.21,0.0
2301.46,0.0
2301.71,0.0
2301.96,0.0
2302.21,0.0
2302.46,0.0
2302.71,0.0
2302.96,0.0
2303.21,0.0
2303.46,0.0
2303.71,0.0
2303.96,0.0
2304.21,0.0
2304.46,0.0
2304.71,0.0
2304.96,0.0
2305.21,0.0
2305.46,0.0
2305.71,0.0
2305.96,0.0
2306.21,0.0
2306.46,0.0
2306.72,0.0
2306.97,0.0
2307.22,0.0
2307.47,0.0
2307.72,0.0
2307.97,0.0
2308.22,0.0
2308.47,0.0
2308.72,0.0
2308.97,0.0
2309.22,0.0
2309.47,0.0
2309.72,0.0
2309.97,0.0
2310.22,0.0
2310.47,0.0
2310.72,0.0
2310.97,0.0
2311.22,0.0
2311.47,0.0
2311.72,0.0
2311.97,0.0
2312.22,0.0
2312.47,0.0
2312.72,0.0
2312.97,0.0
2313.23,0.0
2313.48,0.0
2313.73,0.0
2313.98,0.0
2314.23,0.0
2314.48,0.0
2314.73,0.0
2314.98,0.0
2315.23,0.0
2315.48,0.0
2315.73,0.0
2315.98,0.0
2316.23,0.0
2316.48,0.0
2316.73,0.0
2316.98,0.0
2317.23,0.0
2317.48,0.0
2317.73,0.0
2317.98,0.0
2318.23,0.0
2318.49,0.0
2318.74,0.0
2318.99,0.0
2319.24,0.0
2319.49,0.0
2319.74,0.0
2319.99,0.0
2320.24,0.0
2320.49,0.0
2320.74,0.0
2320.99,0.0
2321.24,0.0
2321.49,0.0
2321.74,0.0
2321.99,0.0
2322.24,0.0
2322.49,0.0
2322.74,0.0
2322.99,0.0
2323.24,0.0
2323.49,0.0
2323.74,0.0
2323.99,0.0
2324.24,0.0
2324.49,0.0
2324.75,0.0
2325.00,0.0
2325.25,0.0
2325.50,0.0
2325.75,0.0
2326.00,0.0
2326.25,0.0
2326.50,0.0
2326.75,0.0
2327.00,0.0
2327.25,0.0
2327.50,0.0
2327.75,0.0
2328.00,0.0
2328.25,0.0
2328.50,0.0
2328.75,0.0
2329.00,0.0
2329.25,0.0
2329.50,0.0
2329.75,0.0
2330.00,0.0
2330.26,0.0
2330.51,0.0
2330.76,0.0
2331.01,0.0
2331.26,0.0
2331.51,0.0
2331.76,0.0
2332.01,0.0
2332.26,0.0
2332.51,0.0
2332.76,0.0
2333.01,0.0
2333.26,0.0
2333.51,0.0
2333.76,0.0
2334.01,0.0
2334.26,0.0
2334.51,0.0
2334.76,0.0
2335.01,0.0
2335.26,0.0
2335.51,0.0
2335.76,0.0
2336.01,0.0
2336.26,0.0
2336.51,0.0
2336.77,0.0
2337.02,0.0
2337.27,0.0
2337.52,0.0
2337.77,0.0
2338.02,0.0
2338.27,0.0
2338.52,0.0
2338.77,0.0
2339.02,0.0
2339.27,0.0
2339.52,0.0
2339.77,0.0
2340.02,0.0
2340.27,0.0
2340.52,0.0
2340.77,0.0
2341.02,0.0
2341.27,0.0
2341.52,0.0
2341.77,0.0
2342.03,0.0
2342.28,0.0
2342.53,0.0
2342.78,0.0
2343.03,0.0
2343.28,0.0
2343.53,0.0
2343.78,0.0
2344.03,0.0
2344.28,0.0
2344.53,0.0
2344.78,0.0
2345.03,0.0
2345.28,0.0
2345.53,0.0
2345.78,0.0
2346.03,0.0
2346.28,0.0
2346.53,0.0
2346.78,0.0
2347.03,0.0
2347.28,0.0
2347.53,0.0
2347.78,0.0
2348.03,0.0
2348.29,0.0
2348.54,0.0
2348.79,0.0
2349.04,0.0
2349.29,0.0
2349.54,0.0
2349.79,0.0
2350.04,0.0
2350.29,0.0
2350.54,0.0
2350.79,0.0
2351.04,0.0
2351.29,0.0
2351.54,0.0
2351.79,0.0
2352.04,0.0
2352.29,0.0
2352.54,0.0
2352.79,0.0
2353.04,0.0
2353.29,0.0
2353.55,0.0
2353.80,0.0
2354.05,0.0
2354.30,0.0
2354.55,0.0
2354.80,0.0
2355.05,0.0
2355.30,0.0
2355.55,0.0
2355.80,0.0
2356.05,0.0
2356.30,0.0
2356.55,0.0
2356.80,0.0
2357.05,0.0
2357.30,0.0
2357.55,0.0
2357.80,0.0
2358.05,0.0
2358.30,0.0
2358.55,0.0
2358.80,0.0
2359.05,0.0
2359.30,0.0
2359.55,0.0
2359.80,0.0
2360.06,0.0
2360.31,0.0
2360.56,0.0
2360.81,0.0
2361.06,0.0
2361.31,0.0
2361.56,0.0
2361.81,0.0
2362.06,0.0
2362.31,0.0
2362.56,0.0
2362.81,0.0
2363.06,0.0
2363.31,0.0
2363.56,0.0
2363.81,0.0
2364.06,0.0
2364.31,0.0
2364.56,0.0
2364.81,0.0
2365.06,0.0
2365.31,0.0
2365.57,0.0
2365.82,0.0
2366.07,0.0
2366.32,0.0
2366.57,0.0
2366.82,0.0
2367.07,0.0
2367.32,0.0
2367.57,0.0
2367.82,0.0
2368.07,0.0
2368.32,0.0
2368.57,0.0
2368.82,0.0
2369.07,0.0
2369.32,0.0
2369.57,0.0
2369.82,0.0
2370.07,0.0
2370.32,0.0
2370.57,0.0
2370.82,0.0
2371.07,0.0
2371.32,0.0
2371.57,0.0
2371.82,0.0
2372.08,0.0
2372.33,0.0
2372.58,0.0
2372.83,0.0
2373.08,0.0
2373.33,0.0
2373.58,0.0
2373.83,0.0
2374.08,0.0
2374.33,0.0
2374.58,0.0
2374.83,0.0
2375.08,0.0
2375.33,0.0
2375.58,0.0
2375.83,0.0
2376.08,0.0
2376.33,0.0
2376.58,0.0
2376.83,0.0
2377.08,0.0
2377.33,0.0
2377.59,0.0
2377.84,0.0
2378.09,0.0
2378.34,0.0
2378.59,0.0
2378.84,0.0
2379.09,0.0
2379.34,0.0
2379.59,0.0
2379.84,0.0
2380.09,0.0
2380.34,0.0
2380.59,0.0
2380.84,0.0
2381.09,0.0
2381.34,0.0
2381.59,0.0
2381.84,0.0
2382.09,0.0
2382.34,0.0
2382.59,0.0
2382.84,0.0
2383.09,0.0
2383.34,0.0
2383.59,0.0
2383.85,0.0
2384.10,0.0
2384.35,0.0
2384.60,0.0
2384.85,0.0
2385.10,0.0
2385.35,0.0
2385.60,0.0
2385.85,0.0
2386.10,0.0
2386.35,0.0
2386.60,0.0
2386.85,0.0
2387.10,0.0
2387.35,0.0
2387.60,0.0
2387.85,0.0
2388.10,0.0
2388.35,0.0
2388.60,0.0
2388.85,0.0
2389.11,0.0
2389.36,0.0
2389.61,0.0
2389.86,0.0
2390.11,0.0
2390.36,0.0
2390.61,0.0
2390.86,0.0
2391.11,0.0
2391.36,0.0
2391.61,0.0
2391.86,0.0
2392.11,0.0
2392.36,0.0
2392.61,0.0
2392.86,0.0
2393.11,0.0
2393.36,0.0
2393.61,0.0
2393.86,0.0
2394.11,0.0
2394.36,0.0
2394.61,0.0
2394.86,0.0
2395.11,0.0
2395.36,0.0
2395.62,0.0
2395.87,0.0
2396.12,0.0
2396.37,0.0
2396.62,0.0
2396.87,0.0
2397.12,0.0
2397.37,0.0
2397.62,0.0
2397.87,0.0
2398.12,0.0
2398.37,0.0
2398.62,0.0
2398.87,0.0
2399.12,0.0
2399.37,0.0
2399.62,0.0
2399.87,0.0
2400.12,0.0
2400.37,0.0
2400.62,0.0
2400.88,0.0
2401.12,0.0
2401.38,0.0
2401.63,0.0
2401.88,0.0
2402.13,0.0
2402.38,0.0
2402.63,0.0
2402.88,0.0
2403.13,0.0
2403.38,0.0
2403.63,0.0
2403.88,0.0
2404.13,0.0
2404.38,0.0
2404.63,0.0
2404.88,0.0
2405.13,0.0
2405.38,0.0
2405.63,0.0
2405.88,0.0
2406.13,0.0
2406.38,0.0
2406.63,0.0
2406.89,0.0
2407.14,0.0
2407.39,0.0
2407.64,0.0
2407.89,0.0
2408.14,0.0
2408.39,0.0
2408.64,0.0
2408.89,0.0
2409.14,0.0
2409.39,0.0
2409.64,0.0
2409.89,0.0
2410.14,0.0
2410.39,0.0
2410.64,0.0
2410.89,0.0
2411.14,0.0
2411.39,0.0
2411.64,0.0
2411.89,0.0
2412.14,0.0
2412.39,0.0
2412.64,0.0
2412.89,0.0
2413.14,0.0
2413.40,0.0
2413.65,0.0
2413.90,0.0
2414.15,0.0
2414.40,0.0
2414.65,0.0
2414.90,0.0
2415.15,0.0
2415.40,0.0
2415.65,0.0
2415.90,0.0
2416.15,0.0
2416.40,0.0
2416.65,0.0
2416.90,0.0
2417.15,0.0
2417.40,0.0
2417.65,0.0
2417.90,0.0
2418.15,0.0
2418.40,0.0
2418.66,0.0
2418.91,0.0
2419.16,0.0
2419.41,0.0
2419.66,0.0
2419.91,0.0
2420.16,0.0
2420.41,0.0
2420.66,0.0
2420.91,0.0
2421.16,0.0
2421.41,0.0
2421.66,0.0
2421.91,0.0
2422.16,0.0
2422.41,0.0
2422.66,0.0
2422.91,0.0
2423.16,0.0
2423.41,0.0
2423.66,0.0
2423.91,0.0
2424.16,0.0
2424.41,0.0
2424.66,0.0
2424.91,0.0
2425.17,0.0
2425.42,0.0
2425.67,0.0
2425.92,0.0
2426.17,0.0
2426.42,0.0
2426.67,0.0
2426.92,0.0
2427.17,0.0
2427.42,0.0
2427.67,0.0
2427.92,0.0
2428.17,0.0
2428.42,0.0
2428.67,0.0
2428.92,0.0
2429.17,0.0
2429.42,0.0
2429.67,0.0
2429.92,0.0
2430.17,0.0
2430.43,0.0
2430.68,0.0
2430.93,0.0
2431.18,0.0
2431.43,0.0
2431.68,0.0
2431.93,0.0
2432.18,0.0
2432.43,0.0
2432.68,0.0
2432.93,0.0
2433.18,0.0
2433.43,0.0
2433.68,0.0
2433.93,0.0
2434.18,0.0
2434.43,0.0
2434.68,0.0
2434.93,0.0
2435.18,0.0
2435.43,0.0
2435.68,0.0
2435.93,0.0
2436.18,0.0
2436.43,0.0
2436.68,0.0
2436.94,0.0
2437.19,0.0
2437.44,0.0
2437.69,0.0
2437.94,0.0
2438.19,0.0
2438.44,0.0
2438.69,0.0
2438.94,0.0
2439.19,0.0
2439.44,0.0
2439.69,0.0
2439.94,0.0
2440.19,0.0
2440.44,0.0
2440.69,0.0
2440.94,0.0
2441.19,0.0
2441.44,0.0
2441.69,0.0
2441.94,0.0
2442.19,0.0
2442.44,0.0
2442.70,0.0
2442.95,0.0
2443.20,0.0
2443.45,0.0
2443.70,0.0
2443.95,0.0
2444.20,0.0
2444.45,0.0
2444.70,0.0
2444.95,0.0
2445.20,0.0
2445.45,0.0
2445.70,0.0
2445.95,0.0
2446.20,0.0
2446.45,0.0
2446.70,0.0
2446.95,0.0
2447.20,0.0
2447.45,0.0
2447.70,0.0
2447.95,0.0
2448.20,0.0
2448.45,0.0
2448.70,0.0
2448.96,0.0
2449.21,0.0
2449.46,0.0
2449.71,0.0
2449.96,0.0
2450.21,0.0
2450.46,0.0
2450.71,0.0
2450.96,0.0
2451.21,0.0
2451.46,0.0
2451.71,0.0
2451.96,0.0
2452.21,0.0
2452.46,0.0
2452.71,0.0
2452.96,0.0
2453.21,0.0
2453.46,0.0
2453.71,0.0
2453.96,0.0
2454.21,0.0
2454.47,0.0
2454.72,0.0
2454.97,0.0
2455.22,0.0
2455.47,0.0
2455.72,0.0
2455.97,0.0
2456.22,0.0
2456.47,0.0
2456.72,0.0
2456.97,0.0
2457.22,0.0
2457.47,0.0
2457.72,0.0
2457.97,0.0
2458.22,0.0
2458.47,0.0
2458.72,0.0
2458.97,0.0
2459.22,0.0
2459.47,0.0
2459.72,0.0
2459.97,0.0
2460.22,0.0
2460.47,0.0
2460.73,0.0
2460.98,0.0
2461.23,0.0
2461.48,0.0
2461.73,0.0
2461.98,0.0
2462.23,0.0
2462.48,0.0
2462.73,0.0
2462.98,0.0
2463.23,0.0
2463.48,0.0
2463.73,0.0
2463.98,0.0
2464.23,0.0
2464.48,0.0
2464.73,0.0
2464.98,0.0
2465.23,0.0
2465.48,0.0
2465.73,0.0
2465.99,0.0
2466.24,0.0
2466.49,0.0
2466.74,0.0
2466.99,0.0
2467.24,0.0
2467.49,0.0
2467.74,0.0
2467.99,0.0
2468.24,0.0
2468.49,0.0
2468.74,0.0
2468.99,0.0
2469.24,0.0
2469.49,0.0
2469.74,0.0
2469.99,0.0
2470.24,0.0
2470.49,0.0
2470.74,0.0
2470.99,0.0
2471.24,0.0
2471.49,0.0
2471.74,0.0
2471.99,0.0
2472.25,0.0
2472.50,0.0
2472.75,0.0
2473.00,0.0
2473.25,0.0
2473.50,0.0
2473.75,0.0
2474.00,0.0
2474.25,0.0
2474.50,0.0
2474.75,0.0
2475.00,0.0
2475.25,0.0
2475.50,0.0
2475.75,0.0
2476.00,0.0
2476.25,0.0
2476.50,0.0
2476.75,0.0
2477.00,0.0
2477.25,0.0
2477.51,0.0
2477.76,0.0
2478.01,0.0
2478.26,0.0
2478.51,0.0
2478.76,0.0
2479.01,0.0
2479.26,0.0
2479.51,0.0
2479.76,0.0
2480.01,0.0
2480.26,0.0
2480.51,0.0
2480.76,0.0
2481.01,0.0
2481.26,0.0
2481.51,0.0
2481.76,0.0
2482.01,0.0
2482.26,0.0
2482.51,0.0
2482.76,0.0
2483.01,0.0
2483.26,0.0
2483.51,0.0
2483.76,0.0
2484.02,0.0
2484.27,0.0
2484.52,0.0
2484.77,0.0
2485.02,0.0
2485.27,0.0
2485.52,0.0
2485.77,0.0
2486.02,0.0
2486.27,0.0
2486.52,0.0
2486.77,0.0
2487.02,0.0
2487.27,0.0
2487.52,0.0
2487.77,0.0
2488.02,0.0
2488.27,0.0
2488.52,0.0
2488.77,0.0
2489.02,0.0
2489.28,0.0
2489.53,0.0
2489.78,0.0
2490.03,0.0
2490.28,0.0
2490.53,0.0
2490.78,0.0
2491.03,0.0
2491.28,0.0
2491.53,0.0
2491.78,0.0
2492.03,0.0
2492.28,0.0
2492.53,0.0
2492.78,0.0
2493.03,0.0
2493.28,0.0
2493.53,0.0
2493.78,0.0
2494.03,0.0
2494.28,0.0
2494.53,0.0
2494.78,0.0
2495.03,0.0
2495.28,0.0
2495.53,0.0
2495.79,0.0
2496.04,0.0
2496.29,0.0
2496.54,0.0
2496.79,0.0
2497.04,0.0
2497.29,0.0
2497.54,0.0
2497.79,0.0
2498.04,0.0
2498.29,0.0
2498.54,0.0
2498.79,0.0
2499.04,0.0
2499.29,0.0
2499.54,0.0
2499.79,0.0
2500.04,0.0
2500.29,0.0
2500.54,0.0
2500.80,0.0
2501.05,0.0
2501.30,0.0
2501.55,0.0
2501.80,0.0
2502.05,0.0
2502.30,0.0
2502.55,0.0
2502.80,0.0
2503.05,0.0
2503.30,0.0
2503.55,0.0
2503.80,0.0
2504.05,0.0
2504.30,0.0
2504.55,0.0
2504.80,0.0
2505.05,0.0
2505.30,0.0
2505.55,0.0
2505.80,0.0
2506.05,0.0
2506.30,0.0
2506.55,0.0
2506.80,0.0
2507.05,0.0
2507.30,0.0
2507.56,0.0
2507.81,0.0
2508.06,0.0
2508.31,0.0
2508.56,0.0
2508.81,0.0
2509.06,0.0
2509.31,0.0
2509.56,0.0
2509.81,0.0
2510.06,0.0
2510.31,0.0
2510.56,0.0
2510.81,0.0
2511.06,0.0
2511.31,0.0
2511.56,0.0
2511.81,0.0
2512.06,0.0
2512.31,0.0
2512.56,0.0
2512.82,0.0
2513.07,0.0
2513.32,0.0
2513.57,0.0
2513.82,0.0
2514.07,0.0
2514.32,0.0
2514.57,0.0
2514.82,0.0
2515.07,0.0
2515.32,0.0
2515.57,0.0
2515.82,0.0
2516.07,0.0
2516.32,0.0
2516.57,0.0
2516.82,0.0
2517.07,0.0
2517.32,0.0
2517.57,0.0
2517.82,0.0
2518.07,0.0
2518.32,0.0
2518.57,0.0
2518.82,0.0
2519.07,0.0
2519.33,0.0
2519.58,0.0
2519.83,0.0
2520.08,0.0
2520.33,0.0
2520.58,0.0
2520.83,0.0
2521.08,0.0
2521.33,0.0
2521.58,0.0
2521.83,0.0
2522.08,0.0
2522.33,0.0
2522.58,0.0
2522.83,0.0
2523.08,0.0
2523.33,0.0
2523.58,0.0
2523.83,0.0
2524.08,0.0
2524.33,0.0
2524.59,0.0
2524.84,0.0
2525.09,0.0
2525.34,0.0
2525.59,0.0
2525.84,0.0
2526.09,0.0
2526.34,0.0
2526.59,0.0
2526.84,0.0
2527.09,0.0
2527.34,0.0
2527.59,0.0
2527.84,0.0
2528.09,0.0
2528.34,0.0
2528.59,0.0
2528.84,0.0
2529.09,0.0
2529.34,0.0
2529.59,0.0
2529.84,0.0
2530.09,0.0
2530.34,0.0
2530.59,0.0
2530.84,0.0
2531.10,0.0
2531.35,0.0
2531.60,0.0
2531.85,0.0
2532.10,0.0
2532.35,0.0
2532.60,0.0
2532.85,0.0
2533.10,0.0
2533.35,0.0
2533.60,0.0
2533.85,0.0
2534.10,0.0
2534.35,0.0
2534.60,0.0
2534.85,0.0
2535.10,0.0
2535.35,0.0
2535.60,0.0
2535.85,0.0
2536.10,0.0
2536.35,0.0
2536.61,0.0
2536.86,0.0
2537.11,0.0
2537.36,0.0
2537.61,0.0
2537.86,0.0
2538.11,0.0
2538.36,0.0
2538.61,0.0
2538.86,0.0
2539.11,0.0
2539.36,0.0
2539.61,0.0
2539.86,0.0
2540.11,0.0
2540.36,0.0
2540.61,0.0
2540.86,0.0
2541.11,0.0
2541.36,0.0
2541.61,0.0
2541.86,0.0
2542.11,0.0
2542.36,0.0
2542.61,0.0
2542.86,0.0
2543.11,0.0
2543.37,0.0
2543.62,0.0
2543.87,0.0
2544.12,0.0
2544.37,0.0
2544.62,0.0
2544.87,0.0
2545.12,0.0
2545.37,0.0
2545.62,0.0
2545.87,0.0
2546.12,0.0
2546.37,0.0
2546.62,0.0
2546.87,0.0
2547.12,0.0
2547.37,0.0
2547.62,0.0
2547.87,0.0
2548.12,0.0
2548.37,0.0
2548.62,0.0
2548.88,0.0
2549.12,0.0
2549.38,0.0
2549.63,0.0
2549.88,0.0
2550.13,0.0
2550.38,0.0
2550.63,0.0
2550.88,0.0
2551.13,0.0
2551.38,0.0
2551.63,0.0
2551.88,0.0
2552.13,0.0
2552.38,0.0
2552.63,0.0
2552.88,0.0
2553.13,0.0
2553.38,0.0
2553.63,0.0
2553.88,0.0
2554.13,0.0
2554.38,0.0
2554.63,0.0
2554.89,0.0
2555.14,0.0
2555.39,0.0
2555.64,0.0
2555.89,0.0
2556.14,0.0
2556.39,0.0
2556.64,0.0
2556.89,0.0
2557.14,0.0
2557.39,0.0
2557.64,0.0
2557.89,0.0
2558.14,0.0
2558.39,0.0
2558.64,0.0
2558.89,0.0
2559.14,0.0
2559.39,0.0
2559.64,0.0
2559.89,0.0
2560.14,0.0
2560.39,0.0
2560.64,0.0
2560.89,0.0
2561.14,0.0
2561.40,0.0
2561.65,0.0
2561.90,0.0
2562.15,0.0
2562.40,0.0
2562.65,0.0
2562.90,0.0
2563.15,0.0
2563.40,0.0
2563.65,0.0
2563.90,0.0
2564.15,0.0
2564.40,0.0
2564.65,0.0
2564.90,0.0
2565.15,0.0
2565.40,0.0
2565.65,0.0
2565.90,0.0
2566.15,0.0
2566.40,0.0
2566.65,0.0
2566.91,0.0
2567.16,0.0
2567.41,0.0
2567.66,0.0
2567.91,0.0
2568.16,0.0
2568.41,0.0
2568.66,0.0
2568.91,0.0
2569.16,0.0
2569.41,0.0
2569.66,0.0
2569.91,0.0
2570.16,0.0
2570.41,0.0
2570.66,0.0
2570.91,0.0
2571.16,0.0
2571.41,0.0
2571.66,0.0
2571.91,0.0
2572.16,0.0
2572.41,0.0
2572.66,0.0
2572.91,0.0
2573.16,0.0
2573.41,0.0
2573.67,0.0
2573.92,0.0
2574.17,0.0
2574.42,0.0
2574.67,0.0
2574.92,0.0
2575.17,0.0
2575.42,0.0
2575.67,0.0
2575.92,0.0
2576.17,0.0
2576.42,0.0
2576.67,0.0
2576.92,0.0
2577.17,0.0
2577.42,0.0
2577.67,0.0
2577.92,0.0
2578.17,0.0
2578.42,0.0
2578.67,0.0
2578.93,0.0
2579.18,0.0
2579.43,0.0
2579.68,0.0
2579.93,0.0
2580.18,0.0
2580.43,0.0
2580.68,0.0
2580.93,0.0
2581.18,0.0
2581.43,0.0
2581.68,0.0
2581.93,0.0
2582.18,0.0
2582.43,0.0
2582.68,0.0
2582.93,0.0
2583.18,0.0
2583.43,0.0
2583.68,0.0
2583.93,0.0
2584.18,0.0
2584.43,0.0
2584.68,0.0
2584.93,0.0
2585.18,0.0
2585.44,0.0
2585.69,0.0
2585.94,0.0
2586.19,0.0
2586.44,0.0
2586.69,0.0
2586.94,0.0
2587.19,0.0
2587.44,0.0
2587.69,0.0
2587.94,0.0
2588.19,0.0
2588.44,0.0
2588.69,0.0
2588.94,0.0
2589.19,0.0
2589.44,0.0
2589.69,0.0
2589.94,0.0
2590.19,0.0
2590.44,0.0
2590.70,0.0
2590.95,0.0
2591.20,0.0
2591.45,0.0
2591.70,0.0
2591.95,0.0
2592.20,0.0
2592.45,0.0
2592.70,0.0
2592.95,0.0
2593.20,0.0
2593.45,0.0
2593.70,0.0
2593.95,0.0
2594.20,0.0
2594.45,0.0
2594.70,0.0
2594.95,0.0
2595.20,0.0
2595.45,0.0
2595.70,0.0
2595.95,0.0
2596.20,0.0
2596.45,0.0
2596.70,0.0
2596.96,0.0
2597.21,0.0
2597.46,0.0
2597.71,0.0
2597.96,0.0
2598.21,0.0
2598.46,0.0
2598.71,0.0
2598.96,0.0
2599.21,0.0
2599.46,0.0
2599.71,0.0
2599.96,0.0
2600.21,0.0
2600.46,0.0
2600.71,0.0
2600.96,0.0
2601.21,0.0
2601.46,0.0
2601.71,0.0
2601.96,0.0
2602.22,0.0
2602.47,0.0
2602.72,0.0
2602.97,0.0
2603.22,0.0
2603.47,0.0
2603.72,0.0
2603.97,0.0
2604.22,0.0
2604.47,0.0
2604.72,0.0
2604.97,0.0
2605.22,0.0
2605.47,0.0
2605.72,0.0
2605.97,0.0
2606.22,0.0
2606.47,0.0
2606.72,0.0
2606.97,0.0
2607.22,0.0
2607.47,0.0
2607.72,0.0
2607.97,0.0
2608.22,0.0
2608.47,0.0
2608.73,0.0
2608.98,0.0
2609.23,0.0
2609.48,0.0
2609.73,0.0
2609.98,0.0
2610.23,0.0
2610.48,0.0
2610.73,0.0
2610.98,0.0
2611.23,0.0
2611.48,0.0
2611.73,0.0
2611.98,0.0
2612.23,0.0
2612.48,0.0
2612.73,0.0
2612.98,0.0
2613.23,0.0
2613.48,0.0
2613.73,0.0
2613.98,0.0
2614.24,0.0
2614.49,0.0
2614.74,0.0
2614.99,0.0
2615.24,0.0
2615.49,0.0
2615.74,0.0
2615.99,0.0
2616.24,0.0
2616.49,0.0
2616.74,0.0
2616.99,0.0
2617.24,0.0
2617.49,0.0
2617.74,0.0
2617.99,0.0
2618.24,0.0
2618.49,0.0
2618.74,0.0
2618.99,0.0
2619.24,0.0
2619.49,0.0
2619.74,0.0
2619.99,0.0
2620.24,0.0
2620.49,0.0
2620.74,0.0
2621.00,0.0
2621.25,0.0
2621.50,0.0
2621.75,0.0
2622.00,0.0
2622.25,0.0
2622.50,0.0
2622.75,0.0
2623.00,0.0
2623.25,0.0
2623.50,0.0
2623.75,0.0
2624.00,0.0
2624.25,0.0
2624.50,0.0
2624.75,0.0
2625.00,0.0
2625.25,0.0
2625.50,0.0
2625.75,0.0
2626.01,0.0
2626.26,0.0
2626.51,0.0
2626.76,0.0
2627.01,0.0
2627.26,0.0
2627.51,0.0
2627.76,0.0
2628.01,0.0
2628.26,0.0
2628.51,0.0
2628.76,0.0
2629.01,0.0
2629.26,0.0
2629.51,0.0
2629.76,0.0
2630.01,0.0
2630.26,0.0
2630.51,0.0
2630.76,0.0
2631.01,0.0
2631.26,0.0
2631.51,0.0
2631.76,0.0
2632.01,0.0
2632.26,0.0
2632.52,0.0
2632.77,0.0
2633.02,0.0
2633.27,0.0
2633.52,0.0
2633.77,0.0
2634.02,0.0
2634.27,0.0
2634.52,0.0
2634.77,0.0
2635.02,0.0
2635.27,0.0
2635.52,0.0
2635.77,0.0
2636.02,0.0
2636.27,0.0
2636.52,0.0
2636.77,0.0
2637.02,0.0
2637.27,0.0
2637.52,0.0
2637.78,0.0
2638.03,0.0
2638.28,0.0
2638.53,0.0
2638.78,0.0
2639.03,0.0
2639.28,0.0
2639.53,0.0
2639.78,0.0
2640.03,0.0
2640.28,0.0
2640.53,0.0
2640.78,0.0
2641.03,0.0
2641.28,0.0
2641.53,0.0
2641.78,0.0
2642.03,0.0
2642.28,0.0
2642.53,0.0
2642.78,0.0
2643.03,0.0
2643.28,0.0
2643.53,0.0
2643.78,0.0
2644.04,0.0
2644.29,0.0
2644.54,0.0
2644.79,0.0
2645.04,0.0
2645.29,0.0
2645.54,0.0
2645.79,0.0
2646.04,0.0
2646.29,0.0
2646.54,0.0
2646.79,0.0
2647.04,0.0
2647.29,0.0
2647.54,0.0
2647.79,0.0
2648.04,0.0
2648.29,0.0
2648.54,0.0
2648.79,0.0
2649.04,0.0
2649.29,0.0
2649.55,0.0
2649.80,0.0
2650.05,0.0
2650.30,0.0
2650.55,0.0
2650.80,0.0
2651.05,0.0
2651.30,0.0
2651.55,0.0
2651.80,0.0
2652.05,0.0
2652.30,0.0
2652.55,0.0
2652.80,0.0
2653.05,0.0
2653.30,0.0
2653.55,0.0
2653.80,0.0
2654.05,0.0
2654.30,0.0
2654.55,0.0
2654.80,0.0
2655.05,0.0
2655.30,0.0
2655.55,0.0
2655.80,0.0
2656.06,0.0
2656.31,0.0
2656.56,0.0
2656.81,0.0
2657.06,0.0
2657.31,0.0
2657.56,0.0
2657.81,0.0
2658.06,0.0
2658.31,0.0
2658.56,0.0
2658.81,0.0
2659.06,0.0
2659.31,0.0
2659.56,0.0
2659.81,0.0
2660.06,0.0
2660.31,0.0
2660.56,0.0
2660.81,0.0
2661.06,0.0
2661.32,0.0
2661.57,0.0
2661.82,0.0
2662.07,0.0
2662.32,0.0
2662.57,0.0
2662.82,0.0
2663.07,0.0
2663.32,0.0
2663.57,0.0
2663.82,0.0
2664.07,0.0
2664.32,0.0
2664.57,0.0
2664.82,0.0
2665.07,0.0
2665.32,0.0
2665.57,0.0
2665.82,0.0
2666.07,0.0
2666.32,0.0
2666.57,0.0
2666.82,0.0
2667.07,0.0
2667.32,0.0
2667.58,0.0
2667.83,0.0
2668.08,0.0
2668.33,0.0
2668.58,0.0
2668.83,0.0
2669.08,0.0
2669.33,0.0
2669.58,0.0
2669.83,0.0
2670.08,0.0
2670.33,0.0
2670.58,0.0
2670.83,0.0
2671.08,0.0
2671.33,0.0
2671.58,0.0
2671.83,0.0
2672.08,0.0
2672.33,0.0
2672.58,0.0
2672.83,0.0
2673.08,0.0
2673.34,0.0
2673.59,0.0
2673.84,0.0
2674.09,0.0
2674.34,0.0
2674.59,0.0
2674.84,0.0
2675.09,0.0
2675.34,0.0
2675.59,0.0
2675.84,0.0
2676.09,0.0
2676.34,0.0
2676.59,0.0
2676.84,0.0
2677.09,0.0
2677.34,0.0
2677.59,0.0
2677.84,0.0
2678.09,0.0
2678.34,0.0
2678.59,0.0
2678.84,0.0
2679.09,0.0
2679.34,0.0
2679.60,0.0
2679.85,0.0
2680.10,0.0
2680.35,0.0
2680.60,0.0
2680.85,0.0
2681.10,0.0
2681.35,0.0
2681.60,0.0
2681.85,0.0
2682.10,0.0
2682.35,0.0
2682.60,0.0
2682.85,0.0
2683.10,0.0
2683.35,0.0
2683.60,0.0
2683.85,0.0
2684.10,0.0
2684.35,0.0
2684.61,0.0
2684.86,0.0
2685.11,0.0
2685.36,0.0
2685.61,0.0
2685.86,0.0
2686.11,0.0
2686.36,0.0
2686.61,0.0
2686.86,0.0
2687.11,0.0
2687.36,0.0
2687.61,0.0
2687.86,0.0
2688.11,0.0
2688.36,0.0
2688.61,0.0
2688.86,0.0
2689.11,0.0
2689.36,0.0
2689.61,0.0
2689.86,0.0
2690.11,0.0
2690.36,0.0
2690.61,0.0
2690.86,0.0
2691.12,0.0
2691.37,0.0
2691.62,0.0
2691.87,0.0
2692.12,0.0
2692.37,0.0
2692.62,0.0
2692.87,0.0
2693.12,0.0
2693.37,0.0
2693.62,0.0
2693.87,0.0
2694.12,0.0
2694.37,0.0
2694.62,0.0
2694.87,0.0
2695.12,0.0
2695.37,0.0
2695.62,0.0
2695.87,0.0
2696.12,0.0
2696.38,0.0
2696.62,0.0
2696.88,0.0
2697.13,0.0
2697.38,0.0
2697.63,0.0
2697.88,0.0
2698.13,0.0
2698.38,0.0
2698.63,0.0
2698.88,0.0
2699.13,0.0
2699.38,0.0
2699.63,0.0
2699.88,0.0
2700.13,0.0
2700.38,0.0
2700.63,0.0
2700.88,0.0
2701.13,0.0
2701.38,0.0
2701.63,0.0
2701.88,0.0
2702.14,0.0
2702.39,0.0
2702.64,0.0
2702.89,0.0
2703.14,0.0
2703.39,0.0
2703.64,0.0
2703.89,0.0
2704.14,0.0
2704.39,0.0
2704.64,0.0
2704.89,0.0
2705.14,0.0
2705.39,0.0
2705.64,0.0
2705.89,0.0
2706.14,0.0
2706.39,0.0
2706.64,0.0
2706.89,0.0
2707.14,0.0
2707.39,0.0
2707.64,0.0
2707.89,0.0
2708.14,0.0
2708.40,0.0
2708.65,0.0
2708.90,0.0
2709.15,0.0
2709.40,0.0
2709.65,0.0
2709.90,0.0
2710.15,0.0
2710.40,0.0
2710.65,0.0
2710.90,0.0
2711.15,0.0
2711.40,0.0
2711.65,0.0
2711.90,0.0
2712.15,0.0
2712.40,0.0
2712.65,0.0
2712.90,0.0
2713.15,0.0
2713.40,0.0
2713.65,0.0
2713.91,0.0
2714.16,0.0
2714.41,0.0
2714.66,0.0
2714.91,0.0
2715.16,0.0
2715.41,0.0
2715.66,0.0
2715.91,0.0
2716.16,0.0
2716.41,0.0
2716.66,0.0
2716.91,0.0
2717.16,0.0
2717.41,0.0
2717.66,0.0
2717.91,0.0
2718.16,0.0
2718.41,0.0
2718.66,0.0
2718.91,0.0
2719.16,0.0
2719.41,0.0
2719.66,0.0
2719.91,0.0
2720.16,0.0
2720.42,0.0
2720.67,0.0
2720.92,0.0
2721.17,0.0
2721.42,0.0
2721.67,0.0
2721.92,0.0
2722.17,0.0
2722.42,0.0
2722.67,0.0
2722.92,0.0
2723.17,0.0
2723.42,0.0
2723.67,0.0
2723.92,0.0
2724.17,0.0
2724.42,0.0
2724.67,0.0
2724.92,0.0
2725.17,0.0
2725.42,0.0
2725.68,0.0
2725.93,0.0
2726.18,0.0
2726.43,0.0
2726.68,0.0
2726.93,0.0
2727.18,0.0
2727.43,0.0
2727.68,0.0
2727.93,0.0
2728.18,0.0
2728.43,0.0
2728.68,0.0
2728.93,0.0
2729.18,0.0
2729.43,0.0
2729.68,0.0
2729.93,0.0
2730.18,0.0
2730.43,0.0
2730.68,0.0
2730.93,0.0
2731.18,0.0
2731.43,0.0
2731.68,0.0
2731.93,0.0
2732.18,0.0
2732.44,0.0
2732.69,0.0
2732.94,0.0
2733.19,0.0
2733.44,0.0
2733.69,0.0
2733.94,0.0
2734.19,0.0
2734.44,0.0
2734.69,0.0
2734.94,0.0
2735.19,0.0
2735.44,0.0
2735.69,0.0
2735.94,0.0
2736.19,0.0
2736.44,0.0
2736.69,0.0
2736.94,0.0
2737.19,0.0
2737.44,0.0
2737.70,0.0
2737.95,0.0
2738.20,0.0
2738.45,0.0
2738.70,0.0
2738.95,0.0
2739.20,0.0
2739.45,0.0
2739.70,0.0
2739.95,0.0
2740.20,0.0
2740.45,0.0
2740.70,0.0
2740.95,0.0
2741.20,0.0
2741.45,0.0
2741.70,0.0
2741.95,0.0
2742.20,0.0
2742.45,0.0
2742.70,0.0
2742.95,0.0
2743.20,0.0
2743.45,0.0
2743.70,0.0
2743.95,0.0
2744.20,0.0
2744.46,0.0
2744.71,0.0
2744.96,0.0
2745.21,0.0
2745.46,0.0
2745.71,0.0
2745.96,0.0
2746.21,0.0
2746.46,0.0
2746.71,0.0
2746.96,0.0
2747.21,0.0
2747.46,0.0
2747.71,0.0
2747.96,0.0
2748.21,0.0
2748.46,0.0
2748.71,0.0
2748.96,0.0
2749.21,0.0
2749.46,0.0
2749.72,0.0
2749.97,0.0
2750.22,0.0
2750.47,0.0
2750.72,0.0
2750.97,0.0
2751.22,0.0
2751.47,0.0
2751.72,0.0
2751.97,0.0
2752.22,0.0
2752.47,0.0
2752.72,0.0
2752.97,0.0
2753.22,0.0
2753.47,0.0
2753.72,0.0
2753.97,0.0
2754.22,0.0
2754.47,0.0
2754.72,0.0
2754.97,0.0
2755.22,0.0
2755.47,0.0
2755.72,0.0
2755.97,0.0
2756.23,0.0
2756.48,0.0
2756.73,0.0
2756.98,0.0
2757.23,0.0
2757.48,0.0
2757.73,0.0
2757.98,0.0
2758.23,0.0
2758.48,0.0
2758.73,0.0
2758.98,0.0
2759.23,0.0
2759.48,0.0
2759.73,0.0
2759.98,0.0
2760.23,0.0
2760.48,0.0
2760.73,0.0
2760.98,0.0
2761.23,0.0
2761.49,0.0
2761.74,0.0
2761.99,0.0
2762.24,0.0
2762.49,0.0
2762.74,0.0
2762.99,0.0
2763.24,0.0
2763.49,0.0
2763.74,0.0
2763.99,0.0
2764.24,0.0
2764.49,0.0
2764.74,0.0
2764.99,0.0
2765.24,0.0
2765.49,0.0
2765.74,0.0
2765.99,0.0
2766.24,0.0
2766.49,0.0
2766.74,0.0
2766.99,0.0
2767.24,0.0
2767.49,0.0
2767.74,0.0
2768.00,0.0
2768.25,0.0
2768.50,0.0
2768.75,0.0
2769.00,0.0
2769.25,0.0
2769.50,0.0
2769.75,0.0
2770.00,0.0
2770.25,0.0
2770.50,0.0
2770.75,0.0
2771.00,0.0
2771.25,0.0
2771.50,0.0
2771.75,0.0
2772.00,0.0
2772.25,0.0
2772.50,0.0
2772.75,0.0
2773.00,0.0
2773.26,0.0
2773.51,0.0
2773.76,0.0
2774.01,0.0
2774.26,0.0
2774.51,0.0
2774.76,0.0
2775.01,0.0
2775.26,0.0
2775.51,0.0
2775.76,0.0
2776.01,0.0
2776.26,0.0
2776.51,0.0
2776.76,0.0
2777.01,0.0
2777.26,0.0
2777.51,0.0
2777.76,0.0
2778.01,0.0
2778.26,0.0
2778.51,0.0
2778.76,0.0
2779.01,0.0
2779.26,0.0
2779.51,0.0
2779.77,0.0
2780.02,0.0
2780.27,0.0
2780.52,0.0
2780.77,0.0
2781.02,0.0
2781.27,0.0
2781.52,0.0
2781.77,0.0
2782.02,0.0
2782.27,0.0
2782.52,0.0
2782.77,0.0
2783.02,0.0
2783.27,0.0
2783.52,0.0
2783.77,0.0
2784.02,0.0
2784.27,0.0
2784.52,0.0
2784.77,0.0
2785.03,0.0
2785.28,0.0
2785.53,0.0
2785.78,0.0
2786.03,0.0
2786.28,0.0
2786.53,0.0
2786.78,0.0
2787.03,0.0
2787.28,0.0
2787.53,0.0
2787.78,0.0
2788.03,0.0
2788.28,0.0
2788.53,0.0
2788.78,0.0
2789.03,0.0
2789.28,0.0
2789.53,0.0
2789.78,0.0
2790.03,0.0
2790.28,0.0
2790.53,0.0
2790.78,0.0
2791.03,0.0
2791.29,0.0
2791.54,0.0
2791.79,0.0
2792.04,0.0
2792.29,0.0
2792.54,0.0
2792.79,0.0
2793.04,0.0
2793.29,0.0
2793.54,0.0
2793.79,0.0
2794.04,0.0
2794.29,0.0
2794.54,0.0
2794.79,0.0
2795.04,0.0
2795.29,0.0
2795.54,0.0
2795.79,0.0
2796.04,0.0
2796.30,0.0
2796.55,0.0
2796.80,0.0
2797.05,0.0
2797.30,0.0
2797.55,0.0
2797.80,0.0
2798.05,0.0
2798.30,0.0
2798.55,0.0
2798.80,0.0
2799.05,0.0
2799.30,0.0
2799.55,0.0
2799.80,0.0
2800.05,0.0
2800.30,0.0
2800.55,0.0
2800.80,0.0
2801.05,0.0
2801.30,0.0
2801.55,0.0
2801.80,0.0
2802.05,0.0
2802.30,0.0
2802.55,0.0
2802.81,0.0
2803.06,0.0
2803.31,0.0
2803.56,0.0
2803.81,0.0
2804.06,0.0
2804.31,0.0
2804.56,0.0
2804.81,0.0
2805.06,0.0
2805.31,0.0
2805.56,0.0
2805.81,0.0
2806.06,0.0
2806.31,0.0
2806.56,0.0
2806.81,0.0
2807.06,0.0
2807.31,0.0
2807.56,0.0
2807.81,0.0
2808.06,0.0
2808.32,0.0
2808.57,0.0
2808.82,0.0
2809.07,0.0
2809.32,0.0
2809.57,0.0
2809.82,0.0
2810.07,0.0
2810.32,0.0
2810.57,0.0
2810.82,0.0
2811.07,0.0
2811.32,0.0
2811.57,0.0
2811.82,0.0
2812.07,0.0
2812.32,0.0
2812.57,0.0
2812.82,0.0
2813.07,0.0
2813.32,0.0
2813.57,0.0
2813.82,0.0
2814.07,0.0
2814.32,0.0
2814.58,0.0
2814.83,0.0
2815.08,0.0
2815.33,0.0
2815.58,0.0
2815.83,0.0
2816.08,0.0
2816.33,0.0
2816.58,0.0
2816.83,0.0
2817.08,0.0
2817.33,0.0
2817.58,0.0
2817.83,0.0
2818.08,0.0
2818.33,0.0
2818.58,0.0
2818.83,0.0
2819.08,0.0
2819.33,0.0
2819.58,0.0
2819.84,0.0
2820.09,0.0
2820.34,0.0
2820.59,0.0
2820.84,0.0
2821.09,0.0
2821.34,0.0
2821.59,0.0
2821.84,0.0
2822.09,0.0
2822.34,0.0
2822.59,0.0
2822.84,0.0
2823.09,0.0
2823.34,0.0
2823.59,0.0
2823.84,0.0
2824.09,0.0
2824.34,0.0
2824.59,0.0
2824.84,0.0
2825.09,0.0
2825.34,0.0
2825.59,0.0
2825.84,0.0
2826.09,0.0
2826.35,0.0
2826.60,0.0
2826.85,0.0
2827.10,0.0
2827.35,0.0
2827.60,0.0
2827.85,0.0
2828.10,0.0
2828.35,0.0
2828.60,0.0
2828.85,0.0
2829.10,0.0
2829.35,0.0
2829.60,0.0
2829.85,0.0
2830.10,0.0
2830.35,0.0
2830.60,0.0
2830.85,0.0
2831.10,0.0
2831.36,0.0
2831.61,0.0
2831.86,0.0
2832.11,0.0
2832.36,0.0
2832.61,0.0
2832.86,0.0
2833.11,0.0
2833.36,0.0
2833.61,0.0
2833.86,0.0
2834.11,0.0
2834.36,0.0
2834.61,0.0
2834.86,0.0
2835.11,0.0
2835.36,0.0
2835.61,0.0
2835.86,0.0
2836.11,0.0
2836.36,0.0
2836.61,0.0
2836.86,0.0
2837.11,0.0
2837.36,0.0
2837.61,0.0
2837.87,0.0
2838.12,0.0
2838.37,0.0
2838.62,0.0
2838.87,0.0
2839.12,0.0
2839.37,0.0
2839.62,0.0
2839.87,0.0
2840.12,0.0
2840.37,0.0
2840.62,0.0
2840.87,0.0
2841.12,0.0
2841.37,0.0
2841.62,0.0
2841.87,0.0
2842.12,0.0
2842.37,0.0
2842.62,0.0
2842.87,0.0
2843.12,0.0
2843.38,0.0
2843.63,0.0
2843.88,0.0
2844.13,0.0
2844.38,0.0
2844.63,0.0
2844.88,0.0
2845.13,0.0
2845.38,0.0
2845.63,0.0
2845.88,0.0
2846.13,0.0
2846.38,0.0
2846.63,0.0
2846.88,0.0
2847.13,0.0
2847.38,0.0
2847.63,0.0
2847.88,0.0
2848.13,0.0
2848.38,0.0
2848.63,0.0
2848.88,0.0
2849.14,0.0
2849.39,0.0
2849.64,0.0
2849.89,0.0
2850.14,0.0
2850.39,0.0
2850.64,0.0
2850.89,0.0
2851.14,0.0
2851.39,0.0
2851.64,0.0
2851.89,0.0
2852.14,0.0
2852.39,0.0
2852.64,0.0
2852.89,0.0
2853.14,0.0
2853.39,0.0
2853.64,0.0
2853.89,0.0
2854.14,0.0
2854.39,0.0
2854.64,0.0
2854.89,0.0
2855.14,0.0
2855.39,0.0
2855.64,0.0
2855.89,0.0
2856.15,0.0
2856.40,0.0
2856.65,0.0
2856.90,0.0
2857.15,0.0
2857.40,0.0
2857.65,0.0
2857.90,0.0
2858.15,0.0
2858.40,0.0
2858.65,0.0
2858.90,0.0
2859.15,0.0
2859.40,0.0
2859.65,0.0
2859.90,0.0
2860.15,0.0
2860.40,0.0
2860.65,0.0
2860.90,0.0
2861.15,0.0
2861.40,0.0
2861.65,0.0
2861.91,0.0
2862.16,0.0
2862.41,0.0
2862.66,0.0
2862.91,0.0
2863.16,0.0
2863.41,0.0
2863.66,0.0
2863.91,0.0
2864.16,0.0
2864.41,0.0
2864.66,0.0
2864.91,0.0
2865.16,0.0
2865.41,0.0
2865.66,0.0
2865.91,0.0
2866.16,0.0
2866.41,0.0
2866.66,0.0
2866.91,0.0
2867.16,0.0
2867.41,0.0
2867.66,0.0
2867.91,0.0
2868.16,0.0
2868.42,0.0
2868.67,0.0
2868.92,0.0
2869.17,0.0
2869.42,0.0
2869.67,0.0
2869.92,0.0
2870.17,0.0
2870.42,0.0
2870.67,0.0
2870.92,0.0
2871.17,0.0
2871.42,0.0
2871.67,0.0
2871.92,0.0
2872.17,0.0
2872.42,0.0
2872.67,0.0
2872.92,0.0
2873.17,0.0
2873.42,0.0
2873.68,0.0
2873.93,0.0
2874.18,0.0
2874.43,0.0
2874.68,0.0
2874.93,0.0
2875.18,0.0
2875.43,0.0
2875.68,0.0
2875.93,0.0
2876.18,0.0
2876.43,0.0
2876.68,0.0
2876.93,0.0
2877.18,0.0
2877.43,0.0
2877.68,0.0
2877.93,0.0
2878.18,0.0
2878.43,0.0
2878.68,0.0
2878.93,0.0
2879.18,0.0
2879.43,0.0
2879.68,0.0
2879.93,0.0
2880.19,0.0
2880.44,0.0
2880.69,0.0
2880.94,0.0
2881.19,0.0
2881.44,0.0
2881.69,0.0
2881.94,0.0
2882.19,0.0
2882.44,0.0
2882.69,0.0
2882.94,0.0
2883.19,0.0
2883.44,0.0
2883.69,0.0
2883.94,0.0
2884.19,0.0
2884.44,0.0
2884.69,0.0
2884.94,0.0
2885.19,0.0
2885.44,0.0
2885.70,0.0
2885.95,0.0
2886.20,0.0
2886.45,0.0
2886.70,0.0
2886.95,0.0
2887.20,0.0
2887.45,0.0
2887.70,0.0
2887.95,0.0
2888.20,0.0
2888.45,0.0
2888.70,0.0
2888.95,0.0
2889.20,0.0
2889.45,0.0
2889.70,0.0
2889.95,0.0
2890.20,0.0
2890.45,0.0
2890.70,0.0
2890.95,0.0
2891.20,0.0
2891.45,0.0
2891.70,0.0
2891.95,0.0
2892.21,0.0
2892.46,0.0
2892.71,0.0
2892.96,0.0
2893.21,0.0
2893.46,0.0
2893.71,0.0
2893.96,0.0
2894.21,0.0
2894.46,0.0
2894.71,0.0
2894.96,0.0
2895.21,0.0
2895.46,0.0
2895.71,0.0
2895.96,0.0
2896.21,0.0
2896.46,0.0
2896.71,0.0
2896.96,0.0
2897.21,0.0
2897.46,0.0
2897.72,0.0
2897.97,0.0
2898.22,0.0
2898.47,0.0
2898.72,0.0
2898.97,0.0
2899.22,0.0
2899.47,0.0
2899.72,0.0
2899.97,0.0
2900.22,0.0
2900.47,0.0
2900.72,0.0
2900.97,0.0
2901.22,0.0
2901.47,0.0
2901.72,0.0
2901.97,0.0
2902.22,0.0
2902.47,0.0
2902.72,0.0
2902.97,0.0
2903.22,0.0
2903.47,0.0
2903.72,0.0
2903.97,0.0
2904.23,0.0
2904.48,0.0
2904.73,0.0
2904.98,0.0
2905.23,0.0
2905.48,0.0
2905.73,0.0
2905.98,0.0
2906.23,0.0
2906.48,0.0
2906.73,0.0
2906.98,0.0
2907.23,0.0
2907.48,0.0
2907.73,0.0
2907.98,0.0
2908.23,0.0
2908.48,0.0
2908.73,0.0
2908.98,0.0
2909.23,0.0
2909.48,0.0
2909.74,0.0
2909.99,0.0
2910.24,0.0
2910.49,0.0
2910.74,0.0
2910.99,0.0
2911.24,0.0
2911.49,0.0
2911.74,0.0
2911.99,0.0
2912.24,0.0
2912.49,0.0
2912.74,0.0
2912.99,0.0
2913.24,0.0
2913.49,0.0
2913.74,0.0
2913.99,0.0
2914.24,0.0
2914.49,0.0
2914.74,0.0
2914.99,0.0
2915.24,0.0
2915.49,0.0
2915.75,0.0
2916.00,0.0
2916.25,0.0
2916.50,0.0
2916.75,0.0
2917.00,0.0
2917.25,0.0
2917.50,0.0
2917.75,0.0
2918.00,0.0
2918.25,0.0
2918.50,0.0
2918.75,0.0
2919.00,0.0
2919.25,0.0
2919.50,0.0
2919.75,0.0
2920.00,0.0
2920.25,0.0
2920.50,0.0
2920.75,0.0
2921.00,0.0
2921.26,0.0
2921.51,0.0
2921.76,0.0
2922.01,0.0
2922.26,0.0
2922.51,0.0
2922.76,0.0
2923.01,0.0
2923.26,0.0
2923.51,0.0
2923.76,0.0
2924.01,0.0
2924.26,0.0
2924.51,0.0
2924.76,0.0
2925.01,0.0
2925.26,0.0
2925.51,0.0
2925.76,0.0
2926.01,0.0
2926.26,0.0
2926.51,0.0
2926.76,0.0
2927.01,0.0
2927.26,0.0
2927.51,0.0
2927.77,0.0
2928.02,0.0
2928.27,0.0
2928.52,0.0
2928.77,0.0
2929.02,0.0
2929.27,0.0
2929.52,0.0
2929.77,0.0
2930.02,0.0
2930.27,0.0
2930.52,0.0
2930.77,0.0
2931.02,0.0
2931.27,0.0
2931.52,0.0
2931.77,0.0
2932.02,0.0
2932.27,0.0
2932.52,0.0
2932.77,0.0
2933.03,0.0
2933.28,0.0
2933.53,0.0
2933.78,0.0
2934.03,0.0
2934.28,0.0
2934.53,0.0
2934.78,0.0
2935.03,0.0
2935.28,0.0
2935.53,0.0
2935.78,0.0
2936.03,0.0
2936.28,0.0
2936.53,0.0
2936.78,0.0
2937.03,0.0
2937.28,0.0
2937.53,0.0
2937.78,0.0
2938.03,0.0
2938.28,0.0
2938.53,0.0
2938.78,0.0
2939.03,0.0
2939.28,0.0
2939.53,0.0
2939.79,0.0
2940.04,0.0
2940.29,0.0
2940.54,0.0
2940.79,0.0
2941.04,0.0
2941.29,0.0
2941.54,0.0
2941.79,0.0
2942.04,0.0
2942.29,0.0
2942.54,0.0
2942.79,0.0
2943.04,0.0
2943.29,0.0
2943.54,0.0
2943.79,0.0
2944.04,0.0
2944.29,0.0
2944.54,0.0
2944.79,0.0
2945.05,0.0
2945.30,0.0
2945.55,0.0
2945.80,0.0
2946.05,0.0
2946.30,0.0
2946.55,0.0
2946.80,0.0
2947.05,0.0
2947.30,0.0
2947.55,0.0
2947.80,0.0
2948.05,0.0
2948.30,0.0
2948.55,0.0
2948.80,0.0
2949.05,0.0
2949.30,0.0
2949.55,0.0
2949.80,0.0
2950.05,0.0
2950.30,0.0
2950.55,0.0
2950.80,0.0
2951.05,0.0
2951.30,0.0
2951.56,0.0
2951.81,0.0
2952.06,0.0
2952.31,0.0
2952.56,0.0
2952.81,0.0
2953.06,0.0
2953.31,0.0
2953.56,0.0
2953.81,0.0
2954.06,0.0
2954.31,0.0
2954.56,0.0
2954.81,0.0
2955.06,0.0
2955.31,0.0
2955.56,0.0
2955.81,0.0
2956.06,0.0
2956.31,0.0
2956.56,0.0
2956.81,0.0
2957.07,0.0
2957.32,0.0
2957.57,0.0
2957.82,0.0
2958.07,0.0
2958.32,0.0
2958.57,0.0
2958.82,0.0
2959.07,0.0
2959.32,0.0
2959.57,0.0
2959.82,0.0
2960.07,0.0
2960.32,0.0
2960.57,0.0
2960.82,0.0
2961.07,0.0
2961.32,0.0
2961.57,0.0
2961.82,0.0
2962.07,0.0
2962.32,0.0
2962.57,0.0
2962.82,0.0
2963.07,0.0
2963.32,0.0
2963.58,0.0
2963.83,0.0
2964.08,0.0
2964.33,0.0
2964.58,0.0
2964.83,0.0
2965.08,0.0
2965.33,0.0
2965.58,0.0
2965.83,0.0
2966.08,0.0
2966.33,0.0
2966.58,0.0
2966.83,0.0
2967.08,0.0
2967.33,0.0
2967.58,0.0
2967.83,0.0
2968.08,0.0
2968.33,0.0
2968.58,0.0
2968.83,0.0
2969.09,0.0
2969.34,0.0
2969.59,0.0
2969.84,0.0
2970.09,0.0
2970.34,0.0
2970.59,0.0
2970.84,0.0
2971.09,0.0
2971.34,0.0
2971.59,0.0
2971.84,0.0
2972.09,0.0
2972.34,0.0
2972.59,0.0
2972.84,0.0
2973.09,0.0
2973.34,0.0
2973.59,0.0
2973.84,0.0
2974.09,0.0
2974.34,0.0
2974.59,0.0
2974.84,0.0
2975.09,0.0
2975.35,0.0
2975.60,0.0
2975.85,0.0
2976.10,0.0
2976.35,0.0
2976.60,0.0
2976.85,0.0
2977.10,0.0
2977.35,0.0
2977.60,0.0
2977.85,0.0
2978.10,0.0
2978.35,0.0
2978.60,0.0
2978.85,0.0
2979.10,0.0
2979.35,0.0
2979.60,0.0
2979.85,0.0
2980.10,0.0
2980.35,0.0
2980.61,0.0
2980.86,0.0
2981.11,0.0
2981.36,0.0
2981.61,0.0
2981.86,0.0
2982.11,0.0
2982.36,0.0
2982.61,0.0
2982.86,0.0
2983.11,0.0
2983.36,0.0
2983.61,0.0
2983.86,0.0
2984.11,0.0
2984.36,0.0
2984.61,0.0
2984.86,0.0
2985.11,0.0
2985.36,0.0
2985.61,0.0
2985.86,0.0
2986.11,0.0
2986.36,0.0
2986.61,0.0
2986.87,0.0
2987.12,0.0
2987.37,0.0
2987.62,0.0
2987.87,0.0
2988.12,0.0
2988.37,0.0
2988.62,0.0
2988.87,0.0
2989.12,0.0
2989.37,0.0
2989.62,0.0
2989.87,0.0
2990.12,0.0
2990.37,0.0
2990.62,0.0
2990.87,0.0
2991.12,0.0
2991.37,0.0
2991.62,0.0
2991.87,0.0
2992.12,0.0
2992.38,0.0
2992.62,0.0
2992.88,0.0
2993.13,0.0
2993.38,0.0
2993.63,0.0
2993.88,0.0
2994.13,0.0
2994.38,0.0
2994.63,0.0
2994.88,0.0
2995.13,0.0
2995.38,0.0
2995.63,0.0
2995.88,0.0
2996.13,0.0
2996.38,0.0
2996.63,0.0
2996.88,0.0
2997.13,0.0
2997.38,0.0
2997.63,0.0
2997.88,0.0
2998.13,0.0
2998.39,0.0
2998.64,0.0
2998.89,0.0
2999.14,0.0
2999.39,0.0
2999.64,0.0
2999.89,0.0
3000.14,0.0
3000.39,0.0
3000.64,0.0
3000.89,0.0
3001.14,0.0
3001.39,0.0
3001.64,0.0
3001.89,0.0
3002.14,0.0
3002.39,0.0
3002.64,0.0
3002.89,0.0
3003.14,0.0
3003.39,0.0
3003.64,0.0
3003.89,0.0
3004.14,0.0
3004.39,0.0
3004.65,0.0
3004.90,0.0
3005.15,0.0
3005.40,0.0
3005.65,0.0
3005.90,0.0
3006.15,0.0
3006.40,0.0
3006.65,0.0
3006.90,0.0
3007.15,0.0
3007.40,0.0
3007.65,0.0
3007.90,0.0
3008.15,0.0
3008.40,0.0
3008.65,0.0
3008.90,0.0
3009.15,0.0
3009.40,0.0
3009.65,0.0
3009.91,0.0
3010.16,0.0
3010.41,0.0
3010.66,0.0
3010.91,0.0
3011.16,0.0
3011.41,0.0
3011.66,0.0
3011.91,0.0
3012.16,0.0
3012.41,0.0
3012.66,0.0
3012.91,0.0
3013.16,0.0
3013.41,0.0
3013.66,0.0
3013.91,0.0
3014.16,0.0
3014.41,0.0
3014.66,0.0
3014.91,0.0
3015.16,0.0
3015.41,0.0
3015.66,0.0
3015.91,0.0
3016.17,0.0
3016.42,0.0
3016.67,0.0
3016.92,0.0
3017.17,0.0
3017.42,0.0
3017.67,0.0
3017.92,0.0
3018.17,0.0
3018.42,0.0
3018.67,0.0
3018.92,0.0
3019.17,0.0
3019.42,0.0
3019.67,0.0
3019.92,0.0
3020.17,0.0
3020.42,0.0
3020.67,0.0
3020.92,0.0
3021.18,0.0
3021.43,0.0
3021.68,0.0
3021.93,0.0
3022.18,0.0
3022.43,0.0
3022.68,0.0
3022.93,0.0
3023.18,0.0
3023.43,0.0
3023.68,0.0
3023.93,0.0
3024.18,0.0
3024.43,0.0
3024.68,0.0
3024.93,0.0
3025.18,0.0
3025.43,0.0
3025.68,0.0
3025.93,0.0
3026.18,0.0
3026.43,0.0
3026.68,0.0
3026.93,0.0
3027.18,0.0
3027.44,0.0
3027.69,0.0
3027.94,0.0
3028.19,0.0
3028.44,0.0
3028.69,0.0
3028.94,0.0
3029.19,0.0
3029.44,0.0
3029.69,0.0
3029.94,0.0
3030.19,0.0
3030.44,0.0
3030.69,0.0
3030.94,0.0
3031.19,0.0
3031.44,0.0
3031.69,0.0
3031.94,0.0
3032.19,0.0
3032.44,0.0
3032.70,0.0
3032.95,0.0
3033.20,0.0
3033.45,0.0
3033.70,0.0
3033.95,0.0
3034.20,0.0
3034.45,0.0
3034.70,0.0
3034.95,0.0
3035.20,0.0
3035.45,0.0
3035.70,0.0
3035.95,0.0
3036.20,0.0
3036.45,0.0
3036.70,0.0
3036.95,0.0
3037.20,0.0
3037.45,0.0
3037.70,0.0
3037.95,0.0
3038.20,0.0
3038.45,0.0
3038.70,0.0
3038.95,0.0
3039.21,0.0
3039.46,0.0
3039.71,0.0
3039.96,0.0
3040.21,0.0
3040.46,0.0
3040.71,0.0
3040.96,0.0
3041.21,0.0
3041.46,0.0
3041.71,0.0
3041.96,0.0
3042.21,0.0
3042.46,0.0
3042.71,0.0
3042.96,0.0
3043.21,0.0
3043.46,0.0
3043.71,0.0
3043.96,0.0
3044.21,0.0
3044.46,0.0
3044.72,0.0
3044.97,0.0
3045.22,0.0
3045.47,0.0
3045.72,0.0
3045.97,0.0
3046.22,0.0
3046.47,0.0
3046.72,0.0
3046.97,0.0
3047.22,0.0
3047.47,0.0
3047.72,0.0
3047.97,0.0
3048.22,0.0
3048.47,0.0
3048.72,0.0
3048.97,0.0
3049.22,0.0
3049.47,0.0
3049.72,0.0
3049.97,0.0
3050.22,0.0
3050.47,0.0
3050.72,0.0
3050.98,0.0
3051.23,0.0
3051.48,0.0
3051.73,0.0
3051.98,0.0
3052.23,0.0
3052.48,0.0
3052.73,0.0
3052.98,0.0
3053.23,0.0
3053.48,0.0
3053.73,0.0
3053.98,0.0
3054.23,0.0
3054.48,0.0
3054.73,0.0
3054.98,0.0
3055.23,0.0
3055.48,0.0
3055.73,0.0
3055.98,0.0
3056.23,0.0
3056.49,0.0
3056.74,0.0
3056.99,0.0
3057.24,0.0
3057.49,0.0
3057.74,0.0
3057.99,0.0
3058.24,0.0
3058.49,0.0
3058.74,0.0
3058.99,0.0
3059.24,0.0
3059.49,0.0
3059.74,0.0
3059.99,0.0
3060.24,0.0
3060.49,0.0
3060.74,0.0
3060.99,0.0
3061.24,0.0
3061.49,0.0
3061.74,0.0
3061.99,0.0
3062.24,0.0
3062.49,0.0
3062.75,0.0
3063.00,0.0
3063.25,0.0
3063.50,0.0
3063.75,0.0
3064.00,0.0
3064.25,0.0
3064.50,0.0
3064.75,0.0
3065.00,0.0
3065.25,0.0
3065.50,0.0
3065.75,0.0
3066.00,0.0
3066.25,0.0
3066.50,0.0
3066.75,0.0
3067.00,0.0
3067.25,0.0
3067.50,0.0
3067.76,0.0
3068.01,0.0
3068.26,0.0
3068.51,0.0
3068.76,0.0
3069.01,0.0
3069.26,0.0
3069.51,0.0
3069.76,0.0
3070.01,0.0
3070.26,0.0
3070.51,0.0
3070.76,0.0
3071.01,0.0
3071.26,0.0
3071.51,0.0
3071.76,0.0
3072.01,0.0
3072.26,0.0
3072.51,0.0
3072.76,0.0
3073.01,0.0
3073.26,0.0
3073.51,0.0
3073.76,0.0
3074.01,0.0
3074.27,0.0
3074.52,0.0
3074.77,0.0
3075.02,0.0
3075.27,0.0
3075.52,0.0
3075.77,0.0
3076.02,0.0
3076.27,0.0
3076.52,0.0
3076.77,0.0
3077.02,0.0
3077.27,0.0
3077.52,0.0
3077.77,0.0
3078.02,0.0
3078.27,0.0
3078.52,0.0
3078.77,0.0
3079.02,0.0
3079.27,0.0
3079.52,0.0
3079.78,0.0
3080.03,0.0
3080.28,0.0
3080.53,0.0
3080.78,0.0
3081.03,0.0
3081.28,0.0
3081.53,0.0
3081.78,0.0
3082.03,0.0
3082.28,0.0
3082.53,0.0
3082.78,0.0
3083.03,0.0
3083.28,0.0
3083.53,0.0
3083.78,0.0
3084.03,0.0
3084.28,0.0
3084.53,0.0
3084.78,0.0
3085.03,0.0
3085.28,0.0
3085.53,0.0
3085.78,0.0
3086.03,0.0
3086.29,0.0
3086.54,0.0
3086.79,0.0
3087.04,0.0
3087.29,0.0
3087.54,0.0
3087.79,0.0
3088.04,0.0
3088.29,0.0
3088.54,0.0
3088.79,0.0
3089.04,0.0
3089.29,0.0
3089.54,0.0
3089.79,0.0
3090.04,0.0
3090.29,0.0
3090.54,0.0
3090.79,0.0
3091.04,0.0
3091.29,0.0
3091.55,0.0
3091.80,0.0
3092.05,0.0
3092.30,0.0
3092.55,0.0
3092.80,0.0
3093.05,0.0
3093.30,0.0
3093.55,0.0
3093.80,0.0
3094.05,0.0
3094.30,0.0
3094.55,0.0
3094.80,0.0
3095.05,0.0
3095.30,0.0
3095.55,0.0
3095.80,0.0
3096.05,0.0
3096.30,0.0
3096.55,0.0
3096.80,0.0
3097.05,0.0
3097.30,0.0
3097.55,0.0
3097.80,0.0
3098.06,0.0
3098.31,0.0
3098.56,0.0
3098.81,0.0
3099.06,0.0
3099.31,0.0
3099.56,0.0
3099.81,0.0
3100.06,0.0
3100.31,0.0
3100.56,0.0
3100.81,0.0
3101.06,0.0
3101.31,0.0
3101.56,0.0
3101.81,0.0
3102.06,0.0
3102.31,0.0
3102.56,0.0
3102.81,0.0
3103.06,0.0
3103.32,0.0
3103.57,0.0
3103.82,0.0
3104.07,0.0
3104.32,0.0
3104.57,0.0
3104.82,0.0
3105.07,0.0
3105.32,0.0
3105.57,0.0
3105.82,0.0
3106.07,0.0
3106.32,0.0
3106.57,0.0
3106.82,0.0
3107.07,0.0
3107.32,0.0
3107.57,0.0
3107.82,0.0
3108.07,0.0
3108.32,0.0
3108.57,0.0
3108.82,0.0
3109.07,0.0
3109.32,0.0
3109.58,0.0
3109.83,0.0
3110.08,0.0
3110.33,0.0
3110.58,0.0
3110.83,0.0
3111.08,0.0
3111.33,0.0
3111.58,0.0
3111.83,0.0
3112.08,0.0
3112.33,0.0
3112.58,0.0
3112.83,0.0
3113.08,0.0
3113.33,0.0
3113.58,0.0
3113.83,0.0
3114.08,0.0
3114.33,0.0
3114.58,0.0
3114.83,0.0
3115.09,0.0
3115.34,0.0
3115.59,0.0
3115.84,0.0
3116.09,0.0
3116.34,0.0
3116.59,0.0
3116.84,0.0
3117.09,0.0
3117.34,0.0
3117.59,0.0
3117.84,0.0
3118.09,0.0
3118.34,0.0
3118.59,0.0
3118.84,0.0
3119.09,0.0
3119.34,0.0
3119.59,0.0
3119.84,0.0
3120.09,0.0
3120.34,0.0
3120.59,0.0
3120.84,0.0
3121.09,0.0
3121.34,0.0
3121.60,0.0
3121.85,0.0
3122.10,0.0
3122.35,0.0
3122.60,0.0
3122.85,0.0
3123.10,0.0
3123.35,0.0
3123.60,0.0
3123.85,0.0
3124.10,0.0
3124.35,0.0
3124.60,0.0
3124.85,0.0
3125.10,0.0
3125.35,0.0
3125.60,0.0
3125.85,0.0
3126.10,0.0
3126.35,0.0
3126.60,0.0
3126.85,0.0
3127.11,0.0
3127.36,0.0
3127.61,0.0
3127.86,0.0
3128.11,0.0
3128.36,0.0
3128.61,0.0
3128.86,0.0
3129.11,0.0
3129.36,0.0
3129.61,0.0
3129.86,0.0
3130.11,0.0
3130.36,0.0
3130.61,0.0
3130.86,0.0
3131.11,0.0
3131.36,0.0
3131.61,0.0
3131.86,0.0
3132.11,0.0
3132.36,0.0
3132.61,0.0
3132.86,0.0
3133.11,0.0
3133.36,0.0
3133.62,0.0
3133.87,0.0
3134.12,0.0
3134.37,0.0
3134.62,0.0
3134.87,0.0
3135.12,0.0
3135.37,0.0
3135.62,0.0
3135.87,0.0
3136.12,0.0
3136.37,0.0
3136.62,0.0
3136.87,0.0
3137.12,0.0
3137.37,0.0
3137.62,0.0
3137.87,0.0
3138.12,0.0
3138.37,0.0
3138.62,0.0
3138.88,0.0
3139.13,0.0
3139.38,0.0
3139.63,0.0
3139.88,0.0
3140.13,0.0
3140.38,0.0
3140.63,0.0
3140.88,0.0
3141.13,0.0
3141.38,0.0
3141.63,0.0
3141.88,0.0
3142.13,0.0
3142.38,0.0
3142.63,0.0
3142.88,0.0
3143.13,0.0
3143.38,0.0
3143.63,0.0
3143.88,0.0
3144.13,0.0
3144.38,0.0
3144.64,0.0
3144.89,0.0
3145.14,0.0
3145.39,0.0
3145.64,0.0
3145.89,0.0
3146.14,0.0
3146.39,0.0
3146.64,0.0
3146.89,0.0
3147.14,0.0
3147.39,0.0
3147.64,0.0
3147.89,0.0
3148.14,0.0
3148.39,0.0
3148.64,0.0
3148.89,0.0
3149.14,0.0
3149.39,0.0
3149.64,0.0
3149.89,0.0
3150.14,0.0
3150.39,0.0
3150.64,0.0
3150.89,0.0
3151.15,0.0
3151.40,0.0
3151.65,0.0
3151.90,0.0
3152.15,0.0
3152.40,0.0
3152.65,0.0
3152.90,0.0
3153.15,0.0
3153.40,0.0
3153.65,0.0
3153.90,0.0
3154.15,0.0
3154.40,0.0
3154.65,0.0
3154.90,0.0
3155.15,0.0
3155.40,0.0
3155.65,0.0
3155.90,0.0
3156.15,0.0
3156.40,0.0
3156.66,0.0
3156.91,0.0
3157.16,0.0
3157.41,0.0
3157.66,0.0
3157.91,0.0
3158.16,0.0
3158.41,0.0
3158.66,0.0
3158.91,0.0
3159.16,0.0
3159.41,0.0
3159.66,0.0
3159.91,0.0
3160.16,0.0
3160.41,0.0
3160.66,0.0
3160.91,0.0
3161.16,0.0
3161.41,0.0
3161.66,0.0
3161.91,0.0
3162.16,0.0
3162.41,0.0
3162.66,0.0
3162.91,0.0
3163.16,0.0
3163.42,0.0
3163.67,0.0
3163.92,0.0
3164.17,0.0
3164.42,0.0
3164.67,0.0
3164.92,0.0
3165.17,0.0
3165.42,0.0
3165.67,0.0
3165.92,0.0
3166.17,0.0
3166.42,0.0
3166.67,0.0
3166.92,0.0
3167.17,0.0
3167.42,0.0
3167.67,0.0
3167.92,0.0
3168.17,0.0
3168.42,0.0
3168.67,0.0
3168.93,0.0
3169.18,0.0
3169.43,0.0
3169.68,0.0
3169.93,0.0
3170.18,0.0
3170.43,0.0
3170.68,0.0
3170.93,0.0
3171.18,0.0
3171.43,0.0
3171.68,0.0
3171.93,0.0
3172.18,0.0
3172.43,0.0
3172.68,0.0
3172.93,0.0
3173.18,0.0
3173.43,0.0
3173.68,0.0
3173.93,0.0
3174.18,0.0
3174.43,0.0
3174.68,0.0
3174.93,0.0
3175.18,0.0
3175.44,0.0
3175.69,0.0
3175.94,0.0
3176.19,0.0
3176.44,0.0
3176.69,0.0
3176.94,0.0
3177.19,0.0
3177.44,0.0
3177.69,0.0
3177.94,0.0
3178.19,0.0
3178.44,0.0
3178.69,0.0
3178.94,0.0
3179.19,0.0
3179.44,0.0
3179.69,0.0
3179.94,0.0
3180.19,0.0
3180.44,0.0
3180.69,0.0
3180.95,0.0
3181.20,0.0
3181.45,0.0
3181.70,0.0
3181.95,0.0
3182.20,0.0
3182.45,0.0
3182.70,0.0
3182.95,0.0
3183.20,0.0
3183.45,0.0
3183.70,0.0
3183.95,0.0
3184.20,0.0
3184.45,0.0
3184.70,0.0
3184.95,0.0
3185.20,0.0
3185.45,0.0
3185.70,0.0
3185.95,0.0
3186.20,0.0
3186.45,0.0
3186.70,0.0
3186.95,0.0
3187.20,0.0
3187.45,0.0
3187.70,0.0
3187.96,0.0
3188.21,0.0
3188.46,0.0
3188.71,0.0
3188.96,0.0
3189.21,0.0
3189.46,0.0
3189.71,0.0
3189.96,0.0
3190.21,0.0
3190.46,0.0
3190.71,0.0
3190.96,0.0
3191.21,0.0
3191.46,0.0
3191.71,0.0
3191.96,0.0
3192.21,0.0
3192.46,0.0
3192.71,0.0
3192.96,0.0
3193.21,0.0
3193.47,0.0
3193.72,0.0
3193.97,0.0
3194.22,0.0
3194.47,0.0
3194.72,0.0
3194.97,0.0
3195.22,0.0
3195.47,0.0
3195.72,0.0
3195.97,0.0
3196.22,0.0
3196.47,0.0
3196.72,0.0
3196.97,0.0
3197.22,0.0
3197.47,0.0
3197.72,0.0
3197.97,0.0
3198.22,0.0
3198.47,0.0
3198.72,0.0
3198.97,0.0
3199.22,0.0
3199.47,0.0
3199.73,0.0
3199.98,0.0
3200.23,0.0
3200.48,0.0
3200.73,0.0
3200.98,0.0
3201.23,0.0
3201.48,0.0
3201.73,0.0
3201.98,0.0
3202.23,0.0
3202.48,0.0
3202.73,0.0
3202.98,0.0
3203.23,0.0
3203.48,0.0
3203.73,0.0
3203.98,0.0
3204.23,0.0
3204.48,0.0
3204.73,0.0
3204.99,0.0
3205.24,0.0
3205.49,0.0
3205.74,0.0
3205.99,0.0
3206.24,0.0
3206.49,0.0
3206.74,0.0
3206.99,0.0
3207.24,0.0
3207.49,0.0
3207.74,0.0
3207.99,0.0
3208.24,0.0
3208.49,0.0
3208.74,0.0
3208.99,0.0
3209.24,0.0
3209.49,0.0
3209.74,0.0
3209.99,0.0
3210.24,0.0
3210.49,0.0
3210.74,0.0
3210.99,0.0
3211.24,0.0
3211.50,0.0
3211.75,0.0
3212.00,0.0
3212.25,0.0
3212.50,0.0
3212.75,0.0
3213.00,0.0
3213.25,0.0
3213.50,0.0
3213.75,0.0
3214.00,0.0
3214.25,0.0
3214.50,0.0
3214.75,0.0
3215.00,0.0
3215.25,0.0
3215.50,0.0
3215.75,0.0
3216.00,0.0
3216.25,0.0
3216.50,0.0
3216.76,0.0
3217.01,0.0
3217.26,0.0
3217.51,0.0
3217.76,0.0
3218.01,0.0
3218.26,0.0
3218.51,0.0
3218.76,0.0
3219.01,0.0
3219.26,0.0
3219.51,0.0
3219.76,0.0
3220.01,0.0
3220.26,0.0
3220.51,0.0
3220.76,0.0
3221.01,0.0
3221.26,0.0
3221.51,0.0
3221.76,0.0
3222.01,0.0
3222.26,0.0
3222.51,0.0
3222.76,0.0
3223.02,0.0
3223.27,0.0
3223.52,0.0
3223.77,0.0
3224.02,0.0
3224.27,0.0
3224.52,0.0
3224.77,0.0
3225.02,0.0
3225.27,0.0
3225.52,0.0
3225.77,0.0
3226.02,0.0
3226.27,0.0
3226.52,0.0
3226.77,0.0
3227.02,0.0
3227.27,0.0
3227.52,0.0
3227.77,0.0
3228.02,0.0
3228.28,0.0
3228.53,0.0
3228.78,0.0
3229.03,0.0
3229.28,0.0
3229.53,0.0
3229.78,0.0
3230.03,0.0
3230.28,0.0
3230.53,0.0
3230.78,0.0
3231.03,0.0
3231.28,0.0
3231.53,0.0
3231.78,0.0
3232.03,0.0
3232.28,0.0
3232.53,0.0
3232.78,0.0
3233.03,0.0
3233.28,0.0
3233.53,0.0
3233.78,0.0
3234.03,0.0
3234.28,0.0
3234.53,0.0
3234.78,0.0
3235.04,0.0
3235.29,0.0
3235.54,0.0
3235.79,0.0
3236.04,0.0
3236.29,0.0
3236.54,0.0
3236.79,0.0
3237.04,0.0
3237.29,0.0
3237.54,0.0
3237.79,0.0
3238.04,0.0
3238.29,0.0
3238.54,0.0
3238.79,0.0
3239.04,0.0
3239.29,0.0
3239.54,0.0
3239.79,0.0
3240.04,0.0
3240.29,0.0
3240.55,0.0
3240.80,0.0
3241.05,0.0
3241.30,0.0
3241.55,0.0
3241.80,0.0
3242.05,0.0
3242.30,0.0
3242.55,0.0
3242.80,0.0
3243.05,0.0
3243.30,0.0
3243.55,0.0
3243.80,0.0
3244.05,0.0
3244.30,0.0
3244.55,0.0
3244.80,0.0
3245.05,0.0
3245.30,0.0
3245.55,0.0
3245.80,0.0
3246.05,0.0
3246.30,0.0
3246.55,0.0
3246.80,0.0
3247.05,0.0
3247.31,0.0
3247.56,0.0
3247.81,0.0
3248.06,0.0
3248.31,0.0
3248.56,0.0
3248.81,0.0
3249.06,0.0
3249.31,0.0
3249.56,0.0
3249.81,0.0
3250.06,0.0
3250.31,0.0
3250.56,0.0
3250.81,0.0
3251.06,0.0
3251.31,0.0
3251.56,0.0
3251.81,0.0
3252.06,0.0
3252.31,0.0
3252.56,0.0
3252.82,0.0
3253.07,0.0
3253.32,0.0
3253.57,0.0
3253.82,0.0
3254.07,0.0
3254.32,0.0
3254.57,0.0
3254.82,0.0
3255.07,0.0
3255.32,0.0
3255.57,0.0
3255.82,0.0
3256.07,0.0
3256.32,0.0
3256.57,0.0
3256.82,0.0
3257.07,0.0
3257.32,0.0
3257.57,0.0
3257.82,0.0
3258.07,0.0
3258.32,0.0
3258.57,0.0
3258.82,0.0
3259.07,0.0
3259.32,0.0
3259.58,0.0
3259.83,0.0
3260.08,0.0
3260.33,0.0
3260.58,0.0
3260.83,0.0
3261.08,0.0
3261.33,0.0
3261.58,0.0
3261.83,0.0
3262.08,0.0
3262.33,0.0
3262.58,0.0
3262.83,0.0
3263.08,0.0
3263.33,0.0
3263.58,0.0
3263.83,0.0
3264.08,0.0
3264.33,0.0
3264.58,0.0
3264.83,0.0
3265.08,0.0
3265.34,0.0
3265.59,0.0
3265.84,0.0
3266.09,0.0
3266.34,0.0
3266.59,0.0
3266.84,0.0
3267.09,0.0
3267.34,0.0
3267.59,0.0
3267.84,0.0
3268.09,0.0
3268.34,0.0
3268.59,0.0
3268.84,0.0
3269.09,0.0
3269.34,0.0
3269.59,0.0
3269.84,0.0
3270.09,0.0
3270.34,0.0
3270.59,0.0
3270.84,0.0
3271.09,0.0
3271.34,0.0
3271.59,0.0
3271.85,0.0
3272.10,0.0
3272.35,0.0
3272.60,0.0
3272.85,0.0
3273.10,0.0
3273.35,0.0
3273.60,0.0
3273.85,0.0
3274.10,0.0
3274.35,0.0
3274.60,0.0
3274.85,0.0
3275.10,0.0
3275.35,0.0
3275.60,0.0
3275.85,0.0
3276.10,0.0
3276.35,0.0
3276.60,0.0
3276.85,0.0
3277.10,0.0
3277.35,0.0
3277.61,0.0
3277.86,0.0
3278.11,0.0
3278.36,0.0
3278.61,0.0
3278.86,0.0
3279.11,0.0
3279.36,0.0
3279.61,0.0
3279.86,0.0
3280.11,0.0
3280.36,0.0
3280.61,0.0
3280.86,0.0
3281.11,0.0
3281.36,0.0
3281.61,0.0
3281.86,0.0
3282.11,0.0
3282.36,0.0
3282.61,0.0
3282.86,0.0
3283.11,0.0
3283.36,0.0
3283.61,0.0
3283.86,0.0
3284.11,0.0
3284.37,0.0
3284.62,0.0
3284.87,0.0
3285.12,0.0
3285.37,0.0
3285.62,0.0
3285.87,0.0
3286.12,0.0
3286.37,0.0
3286.62,0.0
3286.87,0.0
3287.12,0.0
3287.37,0.0
3287.62,0.0
3287.87,0.0
3288.12,0.0
3288.37,0.0
3288.62,0.0
3288.87,0.0
3289.12,0.0
3289.37,0.0
3289.62,0.0
3289.88,0.0
3290.12,0.0
3290.38,0.0
3290.63,0.0
3290.88,0.0
3291.13,0.0
3291.38,0.0
3291.63,0.0
3291.88,0.0
3292.13,0.0
3292.38,0.0
3292.63,0.0
3292.88,0.0
3293.13,0.0
3293.38,0.0
3293.63,0.0
3293.88,0.0
3294.13,0.0
3294.38,0.0
3294.63,0.0
3294.88,0.0
3295.13,0.0
3295.38,0.0
3295.64,0.0
3295.89,0.0
3296.14,0.0
3296.39,0.0
3296.64,0.0
3296.89,0.0
3297.14,0.0
3297.39,0.0
3297.64,0.0
3297.89,0.0
3298.14,0.0
3298.39,0.0
3298.64,0.0
3298.89,0.0
3299.14,0.0
3299.39,0.0
3299.64,0.0
3299.89,0.0
3300.14,0.0
3300.39,0.0
3300.64,0.0
3300.89,0.0
3301.14,0.0
3301.39,0.0
3301.64,0.0
3301.89,0.0
3302.15,0.0
3302.40,0.0
3302.65,0.0
3302.90,0.0
3303.15,0.0
3303.40,0.0
3303.65,0.0
3303.90,0.0
3304.15,0.0
3304.40,0.0
3304.65,0.0
3304.90,0.0
3305.15,0.0
3305.40,0.0
3305.65,0.0
3305.90,0.0
3306.15,0.0
3306.40,0.0
3306.65,0.0
3306.90,0.0
3307.15,0.0
3307.40,0.0
3307.66,0.0
3307.91,0.0
3308.16,0.0
3308.41,0.0
3308.66,0.0
3308.91,0.0
3309.16,0.0
3309.41,0.0
3309.66,0.0
3309.91,0.0
3310.16,0.0
3310.41,0.0
3310.66,0.0
3310.91,0.0
3311.16,0.0
3311.41,0.0
3311.66,0.0
3311.91,0.0
3312.16,0.0
3312.41,0.0
3312.66,0.0
3312.91,0.0
3313.16,0.0
3313.41,0.0
3313.66,0.0
3313.91,0.0
3314.16,0.0
3314.42,0.0
3314.67,0.0
3314.92,0.0
3315.17,0.0
3315.42,0.0
3315.67,0.0
3315.92,0.0
3316.17,0.0
3316.42,0.0
3316.67,0.0
3316.92,0.0
3317.17,0.0
3317.42,0.0
3317.67,0.0
3317.92,0.0
3318.17,0.0
3318.42,0.0
3318.67,0.0
3318.92,0.0
3319.17,0.0
3319.42,0.0
3319.68,0.0
3319.93,0.0
3320.18,0.0
3320.43,0.0
3320.68,0.0
3320.93,0.0
3321.18,0.0
3321.43,0.0
3321.68,0.0
3321.93,0.0
3322.18,0.0
3322.43,0.0
3322.68,0.0
3322.93,0.0
3323.18,0.0
3323.43,0.0
3323.68,0.0
3323.93,0.0
3324.18,0.0
3324.43,0.0
3324.68,0.0
3324.93,0.0
3325.18,0.0
3325.43,0.0
3325.68,0.0
3325.93,0.0
3326.19,0.0
3326.44,0.0
3326.69,0.0
3326.94,0.0
3327.19,0.0
3327.44,0.0
3327.69,0.0
3327.94,0.0
3328.19,0.0
3328.44,0.0
3328.69,0.0
3328.94,0.0
3329.19,0.0
3329.44,0.0
3329.69,0.0
3329.94,0.0
3330.19,0.0
3330.44,0.0
3330.69,0.0
3330.94,0.0
3331.19,0.0
3331.44,0.0
3331.70,0.0
3331.95,0.0
3332.20,0.0
3332.45,0.0
3332.70,0.0
3332.95,0.0
3333.20,0.0
3333.45,0.0
3333.70,0.0
3333.95,0.0
3334.20,0.0
3334.45,0.0
3334.70,0.0
3334.95,0.0
3335.20,0.0
3335.45,0.0
3335.70,0.0
3335.95,0.0
3336.20,0.0
3336.45,0.0
3336.70,0.0
3336.95,0.0
3337.20,0.0
3337.45,0.0
3337.70,0.0
3337.95,0.0
3338.20,0.0
3338.46,0.0
3338.71,0.0
3338.96,0.0
3339.21,0.0
3339.46,0.0
3339.71,0.0
3339.96,0.0
3340.21,0.0
3340.46,0.0
3340.71,0.0
3340.96,0.0
3341.21,0.0
3341.46,0.0
3341.71,0.0
3341.96,0.0
3342.21,0.0
3342.46,0.0
3342.71,0.0
3342.96,0.0
3343.21,0.0
3343.47,0.0
3343.72,0.0
3343.97,0.0
3344.22,0.0
3344.47,0.0
3344.72,0.0
3344.97,0.0
3345.22,0.0
3345.47,0.0
3345.72,0.0
3345.97,0.0
3346.22,0.0
3346.47,0.0
3346.72,0.0
3346.97,0.0
3347.22,0.0
3347.47,0.0
3347.72,0.0
3347.97,0.0
3348.22,0.0
3348.47,0.0
3348.72,0.0
3348.97,0.0
3349.22,0.0
3349.47,0.0
3349.72,0.0
3349.98,0.0
3350.23,0.0
3350.48,0.0
3350.73,0.0
3350.98,0.0
3351.23,0.0
3351.48,0.0
3351.73,0.0
3351.98,0.0
3352.23,0.0
3352.48,0.0
3352.73,0.0
3352.98,0.0
3353.23,0.0
3353.48,0.0
3353.73,0.0
3353.98,0.0
3354.23,0.0
3354.48,0.0
3354.73,0.0
3354.98,0.0
3355.23,0.0
3355.49,0.0
3355.74,0.0
3355.99,0.0
3356.24,0.0
3356.49,0.0
3356.74,0.0
3356.99,0.0
3357.24,0.0
3357.49,0.0
3357.74,0.0
3357.99,0.0
3358.24,0.0
3358.49,0.0
3358.74,0.0
3358.99,0.0
3359.24,0.0
3359.49,0.0
3359.74,0.0
3359.99,0.0
3360.24,0.0
3360.49,0.0
3360.74,0.0
3360.99,0.0
3361.24,0.0
3361.49,0.0
3361.74,0.0
3362.00,0.0
3362.25,0.0
3362.50,0.0
3362.75,0.0
3363.00,0.0
3363.25,0.0
3363.50,0.0
3363.75,0.0
3364.00,0.0
3364.25,0.0
3364.50,0.0
3364.75,0.0
3365.00,0.0
3365.25,0.0
3365.50,0.0
3365.75,0.0
3366.00,0.0
3366.25,0.0
3366.50,0.0
3366.75,0.0
3367.00,0.0
3367.25,0.0
3367.51,0.0
3367.76,0.0
3368.01,0.0
3368.26,0.0
3368.51,0.0
3368.76,0.0
3369.01,0.0
3369.26,0.0
3369.51,0.0
3369.76,0.0
3370.01,0.0
3370.26,0.0
3370.51,0.0
3370.76,0.0
3371.01,0.0
3371.26,0.0
3371.51,0.0
3371.76,0.0
3372.01,0.0
3372.26,0.0
3372.51,0.0
3372.76,0.0
3373.01,0.0
3373.26,0.0
3373.51,0.0
3373.77,0.0
3374.02,0.0
3374.27,0.0
3374.52,0.0
3374.77,0.0
3375.02,0.0
3375.27,0.0
3375.52,0.0
3375.77,0.0
3376.02,0.0
3376.27,0.0
3376.52,0.0
3376.77,0.0
3377.02,0.0
3377.27,0.0
3377.52,0.0
3377.77,0.0
3378.02,0.0
3378.27,0.0
3378.52,0.0
3378.77,0.0
3379.03,0.0
3379.28,0.0
3379.53,0.0
3379.78,0.0
3380.03,0.0
3380.28,0.0
3380.53,0.0
3380.78,0.0
3381.03,0.0
3381.28,0.0
3381.53,0.0
3381.78,0.0
3382.03,0.0
3382.28,0.0
3382.53,0.0
3382.78,0.0
3383.03,0.0
3383.28,0.0
3383.53,0.0
3383.78,0.0
3384.03,0.0
3384.28,0.0
3384.53,0.0
3384.78,0.0
3385.03,0.0
3385.28,0.0
3385.53,0.0
3385.79,0.0
3386.04,0.0
3386.29,0.0
3386.54,0.0
3386.79,0.0
3387.04,0.0
3387.29,0.0
3387.54,0.0
3387.79,0.0
3388.04,0.0
3388.29,0.0
3388.54,0.0
3388.79,0.0
3389.04,0.0
3389.29,0.0
3389.54,0.0
3389.79,0.0
3390.04,0.0
3390.29,0.0
3390.54,0.0
3390.79,0.0
3391.04,0.0
3391.30,0.0
3391.55,0.0
3391.80,0.0
3392.05,0.0
3392.30,0.0
3392.55,0.0
3392.80,0.0
3393.05,0.0
3393.30,0.0
3393.55,0.0
3393.80,0.0
3394.05,0.0
3394.30,0.0
3394.55,0.0
3394.80,0.0
3395.05,0.0
3395.30,0.0
3395.55,0.0
3395.80,0.0
3396.05,0.0
3396.30,0.0
3396.55,0.0
3396.80,0.0
3397.05,0.0
3397.30,0.0
3397.55,0.0
3397.81,0.0
3398.06,0.0
3398.31,0.0
3398.56,0.0
3398.81,0.0
3399.06,0.0
3399.31,0.0
3399.56,0.0
3399.81,0.0
3400.06,0.0
3400.31,0.0
3400.56,0.0
3400.81,0.0
3401.06,0.0
3401.31,0.0
3401.56,0.0
3401.81,0.0
3402.06,0.0
3402.31,0.0
3402.56,0.0
3402.81,0.0
3403.06,0.0
3403.32,0.0
3403.57,0.0
3403.82,0.0
3404.07,0.0
3404.32,0.0
3404.57,0.0
3404.82,0.0
3405.07,0.0
3405.32,0.0
3405.57,0.0
3405.82,0.0
3406.07,0.0
3406.32,0.0
3406.57,0.0
3406.82,0.0
3407.07,0.0
3407.32,0.0
3407.57,0.0
3407.82,0.0
3408.07,0.0
3408.32,0.0
3408.57,0.0
3408.82,0.0
3409.07,0.0
3409.32,0.0
3409.58,0.0
3409.83,0.0
3410.08,0.0
3410.33,0.0
3410.58,0.0
3410.83,0.0
3411.08,0.0
3411.33,0.0
3411.58,0.0
3411.83,0.0
3412.08,0.0
3412.33,0.0
3412.58,0.0
3412.83,0.0
3413.08,0.0
3413.33,0.0
3413.58,0.0
3413.83,0.0
3414.08,0.0
3414.33,0.0
3414.58,0.0
3414.83,0.0
3415.09,0.0
3415.34,0.0
3415.59,0.0
3415.84,0.0
3416.09,0.0
3416.34,0.0
3416.59,0.0
3416.84,0.0
3417.09,0.0
3417.34,0.0
3417.59,0.0
3417.84,0.0
3418.09,0.0
3418.34,0.0
3418.59,0.0
3418.84,0.0
3419.09,0.0
3419.34,0.0
3419.59,0.0
3419.84,0.0
3420.09,0.0
3420.34,0.0
3420.59,0.0
3420.84,0.0
3421.09,0.0
3421.35,0.0
3421.60,0.0
3421.85,0.0
3422.10,0.0
3422.35,0.0
3422.60,0.0
3422.85,0.0
3423.10,0.0
3423.35,0.0
3423.60,0.0
3423.85,0.0
3424.10,0.0
3424.35,0.0
3424.60,0.0
3424.85,0.0
3425.10,0.0
3425.35,0.0
3425.60,0.0
3425.85,0.0
3426.10,0.0
3426.35,0.0
3426.60,0.0
3426.86,0.0
3427.11,0.0
3427.36,0.0
3427.61,0.0
3427.86,0.0
3428.11,0.0
3428.36,0.0
3428.61,0.0
3428.86,0.0
3429.11,0.0
3429.36,0.0
3429.61,0.0
3429.86,0.0
3430.11,0.0
3430.36,0.0
3430.61,0.0
3430.86,0.0
3431.11,0.0
3431.36,0.0
3431.61,0.0
3431.86,0.0
3432.11,0.0
3432.36,0.0
3432.61,0.0
3432.86,0.0
3433.12,0.0
3433.37,0.0
3433.62,0.0
3433.87,0.0
3434.12,0.0
3434.37,0.0
3434.62,0.0
3434.87,0.0
3435.12,0.0
3435.37,0.0
3435.62,0.0
3435.87,0.0
3436.12,0.0
3436.37,0.0
3436.62,0.0
3436.87,0.0
3437.12,0.0
3437.37,0.0
3437.62,0.0
3437.87,0.0
3438.12,0.0
3438.37,0.0
3438.62,0.0
3438.88,0.0
3439.13,0.0
3439.38,0.0
3439.63,0.0
3439.88,0.0
3440.13,0.0
3440.38,0.0
3440.63,0.0
3440.88,0.0
3441.13,0.0
3441.38,0.0
3441.63,0.0
3441.88,0.0
3442.13,0.0
3442.38,0.0
3442.63,0.0
3442.88,0.0
3443.13,0.0
3443.38,0.0
3443.63,0.0
3443.88,0.0
3444.13,0.0
3444.39,0.0
3444.64,0.0
3444.89,0.0
3445.14,0.0
3445.39,0.0
3445.64,0.0
3445.89,0.0
3446.14,0.0
3446.39,0.0
3446.64,0.0
3446.89,0.0
3447.14,0.0
3447.39,0.0
3447.64,0.0
3447.89,0.0
3448.14,0.0
3448.39,0.0
3448.64,0.0
3448.89,0.0
3449.14,0.0
3449.39,0.0
3449.64,0.0
3449.89,0.0
3450.14,0.0
3450.39,0.0
3450.65,0.0
3450.90,0.0
3451.15,0.0
3451.40,0.0
3451.65,0.0
3451.90,0.0
3452.15,0.0
3452.40,0.0
3452.65,0.0
3452.90,0.0
3453.15,0.0
3453.40,0.0
3453.65,0.0
3453.90,0.0
3454.15,0.0
3454.40,0.0
3454.65,0.0
3454.90,0.0
3455.15,0.0
3455.40,0.0
3455.65,0.0
3455.91,0.0
3456.16,0.0
3456.41,0.0
3456.66,0.0
3456.91,0.0
3457.16,0.0
3457.41,0.0
3457.66,0.0
3457.91,0.0
3458.16,0.0
3458.41,0.0
3458.66,0.0
3458.91,0.0
3459.16,0.0
3459.41,0.0
3459.66,0.0
3459.91,0.0
3460.16,0.0
3460.41,0.0
3460.66,0.0
3460.91,0.0
3461.16,0.0
3461.41,0.0
3461.66,0.0
3461.91,0.0
3462.16,0.0
3462.41,0.0
3462.66,0.0
3462.92,0.0
3463.17,0.0
3463.42,0.0
3463.67,0.0
3463.92,0.0
3464.17,0.0
3464.42,0.0
3464.67,0.0
3464.92,0.0
3465.17,0.0
3465.42,0.0
3465.67,0.0
3465.92,0.0
3466.17,0.0
3466.42,0.0
3466.67,0.0
3466.92,0.0
3467.17,0.0
3467.42,0.0
3467.67,0.0
3467.92,0.0
3468.17,0.0
3468.43,0.0
3468.68,0.0
3468.93,0.0
3469.18,0.0
3469.43,0.0
3469.68,0.0
3469.93,0.0
3470.18,0.0
3470.43,0.0
3470.68,0.0
3470.93,0.0
3471.18,0.0
3471.43,0.0
3471.68,0.0
3471.93,0.0
3472.18,0.0
3472.43,0.0
3472.68,0.0
3472.93,0.0
3473.18,0.0
3473.43,0.0
3473.68,0.0
3473.93,0.0
3474.18,0.0
3474.43,0.0
3474.68,0.0
3474.94,0.0
3475.19,0.0
3475.44,0.0
3475.69,0.0
3475.94,0.0
3476.19,0.0
3476.44,0.0
3476.69,0.0
3476.94,0.0
3477.19,0.0
3477.44,0.0
3477.69,0.0
3477.94,0.0
3478.19,0.0
3478.44,0.0
3478.69,0.0
3478.94,0.0
3479.19,0.0
3479.44,0.0
3479.69,0.0
3479.94,0.0
3480.19,0.0
3480.45,0.0
3480.70,0.0
3480.95,0.0
3481.20,0.0
3481.45,0.0
3481.70,0.0
3481.95,0.0
3482.20,0.0
3482.45,0.0
3482.70,0.0
3482.95,0.0
3483.20,0.0
3483.45,0.0
3483.70,0.0
3483.95,0.0
3484.20,0.0
3484.45,0.0
3484.70,0.0
3484.95,0.0
3485.20,0.0
3485.45,0.0
3485.70,0.0
3485.95,0.0
3486.20,0.0
3486.45,0.0
3486.70,0.0
3486.95,0.0
3487.21,0.0
3487.46,0.0
3487.71,0.0
3487.96,0.0
3488.21,0.0
3488.46,0.0
3488.71,0.0
3488.96,0.0
3489.21,0.0
3489.46,0.0
3489.71,0.0
3489.96,0.0
3490.21,0.0
3490.46,0.0
3490.71,0.0
3490.96,0.0
3491.21,0.0
3491.46,0.0
3491.71,0.0
3491.96,0.0
3492.21,0.0
3492.47,0.0
3492.72,0.0
3492.97,0.0
3493.22,0.0
3493.47,0.0
3493.72,0.0
3493.97,0.0
3494.22,0.0
3494.47,0.0
3494.72,0.0
3494.97,0.0
3495.22,0.0
3495.47,0.0
3495.72,0.0
3495.97,0.0
3496.22,0.0
3496.47,0.0
3496.72,0.0
3496.97,0.0
3497.22,0.0
3497.47,0.0
3497.72,0.0
3497.97,0.0
3498.22,0.0
3498.47,0.0
3498.72,0.0
3498.97,0.0
3499.23,0.0
3499.48,0.0
3499.73,0.0
3499.98,0.0
3500.23,0.0
3500.48,0.0
3500.73,0.0
3500.98,0.0
3501.23,0.0
3501.48,0.0
3501.73,0.0
3501.98,0.0
3502.23,0.0
3502.48,0.0
3502.73,0.0
3502.98,0.0
3503.23,0.0
3503.48,0.0
3503.73,0.0
3503.98,0.0
3504.24,0.0
3504.49,0.0
3504.74,0.0
3504.99,0.0
3505.24,0.0
3505.49,0.0
3505.74,0.0
3505.99,0.0
3506.24,0.0
3506.49,0.0
3506.74,0.0
3506.99,0.0
3507.24,0.0
3507.49,0.0
3507.74,0.0
3507.99,0.0
3508.24,0.0
3508.49,0.0
3508.74,0.0
3508.99,0.0
3509.24,0.0
3509.49,0.0
3509.74,0.0
3509.99,0.0
3510.24,0.0
3510.49,0.0
3510.74,0.0
3511.00,0.0
3511.25,0.0
3511.50,0.0
3511.75,0.0
3512.00,0.0
3512.25,0.0
3512.50,0.0
3512.75,0.0
3513.00,0.0
3513.25,0.0
3513.50,0.0
3513.75,0.0
3514.00,0.0
3514.25,0.0
3514.50,0.0
3514.75,0.0
3515.00,0.0
3515.25,0.0
3515.50,0.0
3515.75,0.0
3516.00,0.0
3516.26,0.0
3516.51,0.0
3516.76,0.0
3517.01,0.0
3517.26,0.0
3517.51,0.0
3517.76,0.0
3518.01,0.0
3518.26,0.0
3518.51,0.0
3518.76,0.0
3519.01,0.0
3519.26,0.0
3519.51,0.0
3519.76,0.0
3520.01,0.0
3520.26,0.0
3520.51,0.0
3520.76,0.0
3521.01,0.0
3521.26,0.0
3521.51,0.0
3521.76,0.0
3522.01,0.0
3522.26,0.0
3522.51,0.0
3522.76,0.0
3523.02,0.0
3523.27,0.0
3523.52,0.0
3523.77,0.0
3524.02,0.0
3524.27,0.0
3524.52,0.0
3524.77,0.0
3525.02,0.0
3525.27,0.0
3525.52,0.0
3525.77,0.0
3526.02,0.0
3526.27,0.0
3526.52,0.0
3526.77,0.0
3527.02,0.0
3527.27,0.0
3527.52,0.0
3527.77,0.0
3528.02,0.0
3528.27,0.0
3528.53,0.0
3528.78,0.0
3529.03,0.0
3529.28,0.0
3529.53,0.0
3529.78,0.0
3530.03,0.0
3530.28,0.0
3530.53,0.0
3530.78,0.0
3531.03,0.0
3531.28,0.0
3531.53,0.0
3531.78,0.0
3532.03,0.0
3532.28,0.0
3532.53,0.0
3532.78,0.0
3533.03,0.0
3533.28,0.0
3533.53,0.0
3533.78,0.0
3534.03,0.0
3534.28,0.0
3534.53,0.0
3534.78,0.0
3535.03,0.0
3535.29,0.0
3535.54,0.0
3535.79,0.0
3536.04,0.0
3536.29,0.0
3536.54,0.0
3536.79,0.0
3537.04,0.0
3537.29,0.0
3537.54,0.0
3537.79,0.0
3538.04,0.0
3538.29,0.0
3538.54,0.0
3538.79,0.0
3539.04,0.0
3539.29,0.0
3539.54,0.0
3539.79,0.0
3540.04,0.0
3540.29,0.0
3540.54,0.0
3540.80,0.0
3541.05,0.0
3541.30,0.0
3541.55,0.0
3541.80,0.0
3542.05,0.0
3542.30,0.0
3542.55,0.0
3542.80,0.0
3543.05,0.0
3543.30,0.0
3543.55,0.0
3543.80,0.0
3544.05,0.0
3544.30,0.0
3544.55,0.0
3544.80,0.0
3545.05,0.0
3545.30,0.0
3545.55,0.0
3545.80,0.0
3546.05,0.0
3546.30,0.0
3546.55,0.0
3546.80,0.0
3547.05,0.0
3547.30,0.0
3547.56,0.0
3547.81,0.0
3548.06,0.0
3548.31,0.0
3548.56,0.0
3548.81,0.0
3549.06,0.0
3549.31,0.0
3549.56,0.0
3549.81,0.0
3550.06,0.0
3550.31,0.0
3550.56,0.0
3550.81,0.0
3551.06,0.0
3551.31,0.0
3551.56,0.0
3551.81,0.0
3552.06,0.0
3552.31,0.0
3552.56,0.0
3552.81,0.0
3553.07,0.0
3553.32,0.0
3553.57,0.0
3553.82,0.0
3554.07,0.0
3554.32,0.0
3554.57,0.0
3554.82,0.0
3555.07,0.0
3555.32,0.0
3555.57,0.0
3555.82,0.0
3556.07,0.0
3556.32,0.0
3556.57,0.0
3556.82,0.0
3557.07,0.0
3557.32,0.0
3557.57,0.0
3557.82,0.0
3558.07,0.0
3558.32,0.0
3558.57,0.0
3558.82,0.0
3559.07,0.0
3559.33,0.0
3559.58,0.0
3559.83,0.0
3560.08,0.0
3560.33,0.0
3560.58,0.0
3560.83,0.0
3561.08,0.0
3561.33,0.0
3561.58,0.0
3561.83,0.0
3562.08,0.0
3562.33,0.0
3562.58,0.0
3562.83,0.0
3563.08,0.0
3563.33,0.0
3563.58,0.0
3563.83,0.0
3564.08,0.0
3564.33,0.0
3564.58,0.0
3564.83,0.0
3565.09,0.0
3565.34,0.0
3565.59,0.0
3565.84,0.0
3566.09,0.0
3566.34,0.0
3566.59,0.0
3566.84,0.0
3567.09,0.0
3567.34,0.0
3567.59,0.0
3567.84,0.0
3568.09,0.0
3568.34,0.0
3568.59,0.0
3568.84,0.0
3569.09,0.0
3569.34,0.0
3569.59,0.0
3569.84,0.0
3570.09,0.0
3570.34,0.0
3570.59,0.0
3570.84,0.0
3571.09,0.0
3571.34,0.0
3571.60,0.0
3571.85,0.0
3572.10,0.0
3572.35,0.0
3572.60,0.0
3572.85,0.0
3573.10,0.0
3573.35,0.0
3573.60,0.0
3573.85,0.0
3574.10,0.0
3574.35,0.0
3574.60,0.0
3574.85,0.0
3575.10,0.0
3575.35,0.0
3575.60,0.0
3575.85,0.0
3576.10,0.0
3576.35,0.0
3576.60,0.0
3576.86,0.0
3577.11,0.0
3577.36,0.0
3577.61,0.0
3577.86,0.0
3578.11,0.0
3578.36,0.0
3578.61,0.0
3578.86,0.0
3579.11,0.0
3579.36,0.0
3579.61,0.0
3579.86,0.0
3580.11,0.0
3580.36,0.0
3580.61,0.0
3580.86,0.0
3581.11,0.0
3581.36,0.0
3581.61,0.0
3581.86,0.0
3582.11,0.0
3582.36,0.0
3582.61,0.0
3582.86,0.0
3583.11,0.0
3583.37,0.0
3583.62,0.0
3583.87,0.0
3584.12,0.0
3584.37,0.0
3584.62,0.0
3584.87,0.0
3585.12,0.0
3585.37,0.0
3585.62,0.0
3585.87,0.0
3586.12,0.0
3586.37,0.0
3586.62,0.0
3586.87,0.0
3587.12,0.0
3587.37,0.0
3587.62,0.0
3587.87,0.0
3588.12,0.0
3588.37,0.0
3588.62,0.0
3588.88,0.0
3589.12,0.0
3589.38,0.0
3589.63,0.0
3589.88,0.0
3590.13,0.0
3590.38,0.0
3590.63,0.0
3590.88,0.0
3591.13,0.0
3591.38,0.0
3591.63,0.0
3591.88,0.0
3592.13,0.0
3592.38,0.0
3592.63,0.0
3592.88,0.0
3593.13,0.0
3593.38,0.0
3593.63,0.0
3593.88,0.0
3594.13,0.0
3594.38,0.0
3594.64,0.0
3594.89,0.0
3595.14,0.0
3595.39,0.0
3595.64,0.0
3595.89,0.0
3596.14,0.0
3596.39,0.0
3596.64,0.0
3596.89,0.0
3597.14,0.0
3597.39,0.0
3597.64,0.0
3597.89,0.0
3598.14,0.0
3598.39,0.0
3598.64,0.0
3598.89,0.0
3599.14,0.0
3599.39,0.0
3599.64,0.0
3599.89,0.0
3600.14,0.0
3600.39,0.0
3600.64,0.0
3600.89,0.0
3601.14,0.0
3601.40,0.0
3601.65,0.0
3601.90,0.0
3602.15,0.0
3602.40,0.0
3602.65,0.0
3602.90,0.0
3603.15,0.0
3603.40,0.0
3603.65,0.0
3603.90,0.0
3604.15,0.0
3604.40,0.0
3604.65,0.0
3604.90,0.0
3605.15,0.0
3605.40,0.0
3605.65,0.0
3605.90,0.0
3606.15,0.0
3606.40,0.0
3606.66,0.0
3606.91,0.0
3607.16,0.0
3607.41,0.0
3607.66,0.0
3607.91,0.0
3608.16,0.0
3608.41,0.0
3608.66,0.0
3608.91,0.0
3609.16,0.0
3609.41,0.0
3609.66,0.0
3609.91,0.0
3610.16,0.0
3610.41,0.0
3610.66,0.0
3610.91,0.0
3611.16,0.0
3611.41,0.0
3611.66,0.0
3611.91,0.0
3612.16,0.0
3612.41,0.0
3612.66,0.0
3612.92,0.0
3613.17,0.0
3613.42,0.0
3613.67,0.0
3613.92,0.0
3614.17,0.0
3614.42,0.0
3614.67,0.0
3614.92,0.0
3615.17,0.0
3615.42,0.0
3615.67,0.0
3615.92,0.0
3616.17,0.0
3616.42,0.0
3616.67,0.0
3616.92,0.0
3617.17,0.0
3617.42,0.0
3617.67,0.0
3617.92,0.0
3618.17,0.0
3618.43,0.0
3618.68,0.0
3618.93,0.0
3619.18,0.0
3619.43,0.0
3619.68,0.0
3619.93,0.0
3620.18,0.0
3620.43,0.0
3620.68,0.0
3620.93,0.0
3621.18,0.0
3621.43,0.0
3621.68,0.0
3621.93,0.0
3622.18,0.0
3622.43,0.0
3622.68,0.0
3622.93,0.0
3623.18,0.0
3623.43,0.0
3623.68,0.0
3623.93,0.0
3624.18,0.0
3624.43,0.0
3624.69,0.0
3624.94,0.0
3625.19,0.0
3625.44,0.0
3625.69,0.0
3625.94,0.0
3626.19,0.0
3626.44,0.0
3626.69,0.0
3626.94,0.0
3627.19,0.0
3627.44,0.0
3627.69,0.0
3627.94,0.0
3628.19,0.0
3628.44,0.0
3628.69,0.0
3628.94,0.0
3629.19,0.0
3629.44,0.0
3629.69,0.0
3629.95,0.0
3630.20,0.0
3630.45,0.0
3630.70,0.0
3630.95,0.0
3631.20,0.0
3631.45,0.0
3631.70,0.0
3631.95,0.0
3632.20,0.0
3632.45,0.0
3632.70,0.0
3632.95,0.0
3633.20,0.0
3633.45,0.0
3633.70,0.0
3633.95,0.0
3634.20,0.0
3634.45,0.0
3634.70,0.0
3634.95,0.0
3635.20,0.0
3635.45,0.0
3635.70,0.0
3635.95,0.0
3636.20,0.0
3636.45,0.0
3636.71,0.0
3636.96,0.0
3637.21,0.0
3637.46,0.0
3637.71,0.0
3637.96,0.0
3638.21,0.0
3638.46,0.0
3638.71,0.0
3638.96,0.0
3639.21,0.0
3639.46,0.0
3639.71,0.0
3639.96,0.0
3640.21,0.0
3640.46,0.0
3640.71,0.0
3640.96,0.0
3641.21,0.0
3641.46,0.0
3641.71,0.0
3641.97,0.0
3642.22,0.0
3642.47,0.0
3642.72,0.0
3642.97,0.0
3643.22,0.0
3643.47,0.0
3643.72,0.0
3643.97,0.0
3644.22,0.0
3644.47,0.0
3644.72,0.0
3644.97,0.0
3645.22,0.0
3645.47,0.0
3645.72,0.0
3645.97,0.0
3646.22,0.0
3646.47,0.0
3646.72,0.0
3646.97,0.0
3647.22,0.0
3647.47,0.0
3647.72,0.0
3647.97,0.0
3648.23,0.0
3648.48,0.0
3648.73,0.0
3648.98,0.0
3649.23,0.0
3649.48,0.0
3649.73,0.0
3649.98,0.0
3650.23,0.0
3650.48,0.0
3650.73,0.0
3650.98,0.0
3651.23,0.0
3651.48,0.0
3651.73,0.0
3651.98,0.0
3652.23,0.0
3652.48,0.0
3652.73,0.0
3652.98,0.0
3653.23,0.0
3653.49,0.0
3653.74,0.0
3653.99,0.0
3654.24,0.0
3654.49,0.0
3654.74,0.0
3654.99,0.0
3655.24,0.0
3655.49,0.0
3655.74,0.0
3655.99,0.0
3656.24,0.0
3656.49,0.0
3656.74,0.0
3656.99,0.0
3657.24,0.0
3657.49,0.0
3657.74,0.0
3657.99,0.0
3658.24,0.0
3658.49,0.0
3658.74,0.0
3658.99,0.0
3659.24,0.0
3659.49,0.0
3659.74,0.0
3659.99,0.0
3660.25,0.0
3660.50,0.0
3660.75,0.0
3661.00,0.0
3661.25,0.0
3661.50,0.0
3661.75,0.0
3662.00,0.0
3662.25,0.0
3662.50,0.0
3662.75,0.0
3663.00,0.0
3663.25,0.0
3663.50,0.0
3663.75,0.0
3664.00,0.0
3664.25,0.0
3664.50,0.0
3664.75,0.0
3665.00,0.0
3665.25,0.0
3665.51,0.0
3665.76,0.0
3666.01,0.0
3666.26,0.0
3666.51,0.0
3666.76,0.0
3667.01,0.0
3667.26,0.0
3667.51,0.0
3667.76,0.0
3668.01,0.0
3668.26,0.0
3668.51,0.0
3668.76,0.0
3669.01,0.0
3669.26,0.0
3669.51,0.0
3669.76,0.0
3670.01,0.0
3670.26,0.0
3670.51,0.0
3670.76,0.0
3671.01,0.0
3671.26,0.0
3671.51,0.0
3671.76,0.0
3672.02,0.0
3672.27,0.0
3672.52,0.0
3672.77,0.0
3673.02,0.0
3673.27,0.0
3673.52,0.0
3673.77,0.0
3674.02,0.0
3674.27,0.0
3674.52,0.0
3674.77,0.0
3675.02,0.0
3675.27,0.0
3675.52,0.0
3675.77,0.0
3676.02,0.0
3676.27,0.0
3676.52,0.0
3676.77,0.0
3677.02,0.0
3677.28,0.0
3677.53,0.0
3677.78,0.0
3678.03,0.0
3678.28,0.0
3678.53,0.0
3678.78,0.0
3679.03,0.0
3679.28,0.0
3679.53,0.0
3679.78,0.0
3680.03,0.0
3680.28,0.0
3680.53,0.0
3680.78,0.0
3681.03,0.0
3681.28,0.0
3681.53,0.0
3681.78,0.0
3682.03,0.0
3682.28,0.0
3682.53,0.0
3682.78,0.0
3683.03,0.0
3683.28,0.0
3683.54,0.0
3683.79,0.0
3684.04,0.0
3684.29,0.0
3684.54,0.0
3684.79,0.0
3685.04,0.0
3685.29,0.0
3685.54,0.0
3685.79,0.0
3686.04,0.0
3686.29,0.0
3686.54,0.0
3686.79,0.0
3687.04,0.0
3687.29,0.0
3687.54,0.0
3687.79,0.0
3688.04,0.0
3688.29,0.0
3688.55,0.0
3688.80,0.0
3689.05,0.0
3689.30,0.0
3689.55,0.0
3689.80,0.0
3690.05,0.0
3690.30,0.0
3690.55,0.0
3690.80,0.0
3691.05,0.0
3691.30,0.0
3691.55,0.0
3691.80,0.0
3692.05,0.0
3692.30,0.0
3692.55,0.0
3692.80,0.0
3693.05,0.0
3693.30,0.0
3693.55,0.0
3693.80,0.0
3694.05,0.0
3694.30,0.0
3694.55,0.0
3694.80,0.0
3695.06,0.0
3695.31,0.0
3695.56,0.0
3695.81,0.0
3696.06,0.0
3696.31,0.0
3696.56,0.0
3696.81,0.0
3697.06,0.0
3697.31,0.0
3697.56,0.0
3697.81,0.0
3698.06,0.0
3698.31,0.0
3698.56,0.0
3698.81,0.0
3699.06,0.0
3699.31,0.0
3699.56,0.0
3699.81,0.0
3700.06,0.0
3700.32,0.0
3700.57,0.0
3700.82,0.0
3701.07,0.0
3701.32,0.0
3701.57,0.0
3701.82,0.0
3702.07,0.0
3702.32,0.0
3702.57,0.0
3702.82,0.0
3703.07,0.0
3703.32,0.0
3703.57,0.0
3703.82,0.0
3704.07,0.0
3704.32,0.0
3704.57,0.0
3704.82,0.0
3705.07,0.0
3705.32,0.0
3705.57,0.0
3705.82,0.0
3706.07,0.0
3706.32,0.0
3706.57,0.0
3706.83,0.0
3707.08,0.0
3707.33,0.0
3707.58,0.0
3707.83,0.0
3708.08,0.0
3708.33,0.0
3708.58,0.0
3708.83,0.0
3709.08,0.0
3709.33,0.0
3709.58,0.0
3709.83,0.0
3710.08,0.0
3710.33,0.0
3710.58,0.0
3710.83,0.0
3711.08,0.0
3711.33,0.0
3711.58,0.0
3711.83,0.0
3712.09,0.0
3712.34,0.0
3712.59,0.0
3712.84,0.0
3713.09,0.0
3713.34,0.0
3713.59,0.0
3713.84,0.0
3714.09,0.0
3714.34,0.0
3714.59,0.0
3714.84,0.0
3715.09,0.0
3715.34,0.0
3715.59,0.0
3715.84,0.0
3716.09,0.0
3716.34,0.0
3716.59,0.0
3716.84,0.0
3717.09,0.0
3717.34,0.0
3717.59,0.0
3717.84,0.0
3718.09,0.0
3718.34,0.0
3718.60,0.0
3718.85,0.0
3719.10,0.0
3719.35,0.0
3719.60,0.0
3719.85,0.0
3720.10,0.0
3720.35,0.0
3720.60,0.0
3720.85,0.0
3721.10,0.0
3721.35,0.0
3721.60,0.0
3721.85,0.0
3722.10,0.0
3722.35,0.0
3722.60,0.0
3722.85,0.0
3723.10,0.0
3723.35,0.0
3723.60,0.0
3723.86,0.0
3724.11,0.0
3724.36,0.0
3724.61,0.0
3724.86,0.0
3725.11,0.0
3725.36,0.0
3725.61,0.0
3725.86,0.0
3726.11,0.0
3726.36,0.0
3726.61,0.0
3726.86,0.0
3727.11,0.0
3727.36,0.0
3727.61,0.0
3727.86,0.0
3728.11,0.0
3728.36,0.0
3728.61,0.0
3728.86,0.0
3729.11,0.0
3729.36,0.0
3729.61,0.0
3729.86,0.0
3730.12,0.0
3730.37,0.0
3730.62,0.0
3730.87,0.0
3731.12,0.0
3731.37,0.0
3731.62,0.0
3731.87,0.0
3732.12,0.0
3732.37,0.0
3732.62,0.0
3732.87,0.0
3733.12,0.0
3733.37,0.0
3733.62,0.0
3733.87,0.0
3734.12,0.0
3734.37,0.0
3734.62,0.0
3734.87,0.0
3735.12,0.0
3735.38,0.0
3735.62,0.0
3735.88,0.0
3736.13,0.0
3736.38,0.0
3736.63,0.0
3736.88,0.0
3737.13,0.0
3737.38,0.0
3737.63,0.0
3737.88,0.0
3738.13,0.0
3738.38,0.0
3738.63,0.0
3738.88,0.0
3739.13,0.0
3739.38,0.0
3739.63,0.0
3739.88,0.0
3740.13,0.0
3740.38,0.0
3740.63,0.0
3740.88,0.0
3741.14,0.0
3741.39,0.0
3741.64,0.0
3741.89,0.0
3742.14,0.0
3742.39,0.0
3742.64,0.0
3742.89,0.0
3743.14,0.0
3743.39,0.0
3743.64,0.0
3743.89,0.0
3744.14,0.0
3744.39,0.0
3744.64,0.0
3744.89,0.0
3745.14,0.0
3745.39,0.0
3745.64,0.0
3745.89,0.0
3746.14,0.0
3746.39,0.0
3746.64,0.0
3746.89,0.0
3747.14,0.0
3747.40,0.0
3747.65,0.0
3747.90,0.0
3748.15,0.0
3748.40,0.0
3748.65,0.0
3748.90,0.0
3749.15,0.0
3749.40,0.0
3749.65,0.0
3749.90,0.0
3750.15,0.0
3750.40,0.0
3750.65,0.0
3750.90,0.0
3751.15,0.0
3751.40,0.0
3751.65,0.0
3751.90,0.0
3752.15,0.0
3752.40,0.0
3752.66,0.0
3752.91,0.0
3753.16,0.0
3753.41,0.0
3753.66,0.0
3753.91,0.0
3754.16,0.0
3754.41,0.0
3754.66,0.0
3754.91,0.0
3755.16,0.0
3755.41,0.0
3755.66,0.0
3755.91,0.0
3756.16,0.0
3756.41,0.0
3756.66,0.0
3756.91,0.0
3757.16,0.0
3757.41,0.0
3757.66,0.0
3757.91,0.0
3758.16,0.0
3758.41,0.0
3758.66,0.0
3758.91,0.0
3759.16,0.0
3759.42,0.0
3759.67,0.0
3759.92,0.0
3760.17,0.0
3760.42,0.0
3760.67,0.0
3760.92,0.0
3761.17,0.0
3761.42,0.0
3761.67,0.0
3761.92,0.0
3762.17,0.0
3762.42,0.0
3762.67,0.0
3762.92,0.0
3763.17,0.0
3763.42,0.0
3763.67,0.0
3763.92,0.0
3764.17,0.0
3764.42,0.0
3764.68,0.0
3764.93,0.0
3765.18,0.0
3765.43,0.0
3765.68,0.0
3765.93,0.0
3766.18,0.0
3766.43,0.0
3766.68,0.0
3766.93,0.0
3767.18,0.0
3767.43,0.0
3767.68,0.0
3767.93,0.0
3768.18,0.0
3768.43,0.0
3768.68,0.0
3768.93,0.0
3769.18,0.0
3769.43,0.0
3769.68,0.0
3769.93,0.0
3770.18,0.0
3770.43,0.0
3770.68,0.0
3770.93,0.0
3771.19,0.0
3771.44,0.0
3771.69,0.0
3771.94,0.0
3772.19,0.0
3772.44,0.0
3772.69,0.0
3772.94,0.0
3773.19,0.0
3773.44,0.0
3773.69,0.0
3773.94,0.0
3774.19,0.0
3774.44,0.0
3774.69,0.0
3774.94,0.0
3775.19,0.0
3775.44,0.0
3775.69,0.0
3775.94,0.0
3776.19,0.0
3776.45,0.0
3776.70,0.0
3776.95,0.0
3777.20,0.0
3777.45,0.0
3777.70,0.0
3777.95,0.0
3778.20,0.0
3778.45,0.0
3778.70,0.0
3778.95,0.0
3779.20,0.0
3779.45,0.0
3779.70,0.0
3779.95,0.0
3780.20,0.0
3780.45,0.0
3780.70,0.0
3780.95,0.0
3781.20,0.0
3781.45,0.0
3781.70,0.0
3781.95,0.0
3782.20,0.0
3782.45,0.0
3782.70,0.0
3782.95,0.0
3783.20,0.0
3783.45,0.0
3783.70,0.0
3783.95,0.0
3784.20,0.0
3784.46,0.0
3784.71,0.0
3784.96,0.0
3785.21,0.0
3785.46,0.0
3785.71,0.0
3785.96,0.0
3786.21,0.0
3786.46,0.0
3786.71,0.0
3786.96,0.0
3787.21,0.0
3787.46,0.0
3787.71,0.0
3787.96,0.0
3788.21,0.0
3788.46,0.0
3788.71,0.0
3788.96,0.0
3789.21,0.0
3789.46,0.0
3789.71,0.0
3789.96,0.0
3790.22,0.0
3790.47,0.0
3790.72,0.0
3790.97,0.0
3791.22,0.0
3791.47,0.0
3791.72,0.0
3791.97,0.0
3792.22,0.0
3792.47,0.0
3792.72,0.0
3792.97,0.0
3793.22,0.0
3793.47,0.0
3793.72,0.0
3793.97,0.0
3794.22,0.0
3794.47,0.0
3794.72,0.0
3794.97,0.0
3795.22,0.0
3795.47,0.0
3795.72,0.0
3795.97,0.0
3796.22,0.0
3796.48,0.0
3796.73,0.0
3796.98,0.0
3797.23,0.0
3797.48,0.0
3797.73,0.0
3797.98,0.0
3798.23,0.0
3798.48,0.0
3798.73,0.0
3798.98,0.0
3799.23,0.0
3799.48,0.0
3799.73,0.0
3799.98,0.0
3800.23,0.0
3800.48,0.0
3800.73,0.0
3800.98,0.0
3801.23,0.0
3801.49,0.0
3801.74,0.0
3801.99,0.0
3802.24,0.0
3802.49,0.0
3802.74,0.0
3802.99,0.0
3803.24,0.0
3803.49,0.0
3803.74,0.0
3803.99,0.0
3804.24,0.0
3804.49,0.0
3804.74,0.0
3804.99,0.0
3805.24,0.0
3805.49,0.0
3805.74,0.0
3805.99,0.0
3806.24,0.0
3806.49,0.0
3806.74,0.0
3806.99,0.0
3807.24,0.0
3807.49,0.0
3807.74,0.0
3807.99,0.0
3808.24,0.0
3808.49,0.0
3808.75,0.0
3809.00,0.0
3809.25,0.0
3809.50,0.0
3809.75,0.0
3810.00,0.0
3810.25,0.0
3810.50,0.0
3810.75,0.0
3811.00,0.0
3811.25,0.0
3811.50,0.0
3811.75,0.0
3812.00,0.0
3812.25,0.0
3812.50,0.0
3812.75,0.0
3813.00,0.0
3813.25,0.0
3813.50,0.0
3813.76,0.0
3814.01,0.0
3814.26,0.0
3814.51,0.0
3814.76,0.0
3815.01,0.0
3815.26,0.0
3815.51,0.0
3815.76,0.0
3816.01,0.0
3816.26,0.0
3816.51,0.0
3816.76,0.0
3817.01,0.0
3817.26,0.0
3817.51,0.0
3817.76,0.0
3818.01,0.0
3818.26,0.0
3818.51,0.0
3818.76,0.0
3819.01,0.0
3819.26,0.0
3819.51,0.0
3819.76,0.0
3820.01,0.0
3820.27,0.0
3820.52,0.0
3820.77,0.0
3821.02,0.0
3821.27,0.0
3821.52,0.0
3821.77,0.0
3822.02,0.0
3822.27,0.0
3822.52,0.0
3822.77,0.0
3823.02,0.0
3823.27,0.0
3823.52,0.0
3823.77,0.0
3824.02,0.0
3824.27,0.0
3824.52,0.0
3824.78,0.0
3825.03,0.0
3825.28,0.0
3825.53,0.0
3825.78,0.0
3826.03,0.0
3826.28,0.0
3826.53,0.0
3826.78,0.0
3827.03,0.0
3827.28,0.0
3827.53,0.0
3827.78,0.0
3828.03,0.0
3828.28,0.0
3828.53,0.0
3828.78,0.0
3829.03,0.0
3829.28,0.0
3829.53,0.0
3829.78,0.0
3830.03,0.0
3830.28,0.0
3830.53,0.0
3830.78,0.0
3831.03,0.0
3831.28,0.0
3831.54,0.0
3831.79,0.0
3832.04,0.0
3832.29,0.0
3832.54,0.0
3832.79,0.0
3833.04,0.0
3833.29,0.0
3833.54,0.0
3833.79,0.0
3834.04,0.0
3834.29,0.0
3834.54,0.0
3834.79,0.0
3835.04,0.0
3835.29,0.0
3835.54,0.0
3835.79,0.0
3836.04,0.0
3836.29,0.0
3836.54,0.0
3836.79,0.0
3837.05,0.0
3837.30,0.0
3837.55,0.0
3837.80,0.0
3838.05,0.0
3838.30,0.0
3838.55,0.0
3838.80,0.0
3839.05,0.0
3839.30,0.0
3839.55,0.0
3839.80,0.0
3840.05,0.0
3840.30,0.0
3840.55,0.0
3840.80,0.0
3841.05,0.0
3841.30,0.0
3841.55,0.0
3841.80,0.0
3842.05,0.0
3842.30,0.0
3842.55,0.0
3842.80,0.0
3843.05,0.0
3843.31,0.0
3843.56,0.0
3843.81,0.0
3844.06,0.0
3844.31,0.0
3844.56,0.0
3844.81,0.0
3845.06,0.0
3845.31,0.0
3845.56,0.0
3845.81,0.0
3846.06,0.0
3846.31,0.0
3846.56,0.0
3846.81,0.0
3847.06,0.0
3847.31,0.0
3847.56,0.0
3847.81,0.0
3848.06,0.0
3848.31,0.0
3848.56,0.0
3848.82,0.0
3849.07,0.0
3849.32,0.0
3849.57,0.0
3849.82,0.0
3850.07,0.0
3850.32,0.0
3850.57,0.0
3850.82,0.0
3851.07,0.0
3851.32,0.0
3851.57,0.0
3851.82,0.0
3852.07,0.0
3852.32,0.0
3852.57,0.0
3852.82,0.0
3853.07,0.0
3853.32,0.0
3853.57,0.0
3853.82,0.0
3854.07,0.0
3854.32,0.0
3854.57,0.0
3854.82,0.0
3855.07,0.0
3855.33,0.0
3855.58,0.0
3855.83,0.0
3856.08,0.0
3856.33,0.0
3856.58,0.0
3856.83,0.0
3857.08,0.0
3857.33,0.0
3857.58,0.0
3857.83,0.0
3858.08,0.0
3858.33,0.0
3858.58,0.0
3858.83,0.0
3859.08,0.0
3859.33,0.0
3859.58,0.0
3859.83,0.0
3860.08,0.0
3860.33,0.0
3860.59,0.0
3860.84,0.0
3861.09,0.0
3861.34,0.0
3861.59,0.0
3861.84,0.0
3862.09,0.0
3862.34,0.0
3862.59,0.0
3862.84,0.0
3863.09,0.0
3863.34,0.0
3863.59,0.0
3863.84,0.0
3864.09,0.0
3864.34,0.0
3864.59,0.0
3864.84,0.0
3865.09,0.0
3865.34,0.0
3865.59,0.0
3865.84,0.0
3866.09,0.0
3866.34,0.0
3866.59,0.0
3866.84,0.0
3867.10,0.0
3867.35,0.0
3867.60,0.0
3867.85,0.0
3868.10,0.0
3868.35,0.0
3868.60,0.0
3868.85,0.0
3869.10,0.0
3869.35,0.0
3869.60,0.0
3869.85,0.0
3870.10,0.0
3870.35,0.0
3870.60,0.0
3870.85,0.0
3871.10,0.0
3871.35,0.0
3871.60,0.0
3871.85,0.0
3872.10,0.0
3872.36,0.0
3872.61,0.0
3872.86,0.0
3873.11,0.0
3873.36,0.0
3873.61,0.0
3873.86,0.0
3874.11,0.0
3874.36,0.0
3874.61,0.0
3874.86,0.0
3875.11,0.0
3875.36,0.0
3875.61,0.0
3875.86,0.0
3876.11,0.0
3876.36,0.0
3876.61,0.0
3876.86,0.0
3877.11,0.0
3877.36,0.0
3877.61,0.0
3877.86,0.0
3878.11,0.0
3878.36,0.0
3878.62,0.0
3878.87,0.0
3879.12,0.0
3879.37,0.0
3879.62,0.0
3879.87,0.0
3880.12,0.0
3880.37,0.0
3880.62,0.0
3880.87,0.0
3881.12,0.0
3881.37,0.0
3881.62,0.0
3881.87,0.0
3882.12,0.0
3882.37,0.0
3882.62,0.0
3882.87,0.0
3883.12,0.0
3883.37,0.0
3883.62,0.0
3883.88,0.0
3884.12,0.0
3884.38,0.0
3884.63,0.0
3884.88,0.0
3885.13,0.0
3885.38,0.0
3885.63,0.0
3885.88,0.0
3886.13,0.0
3886.38,0.0
3886.63,0.0
3886.88,0.0
3887.13,0.0
3887.38,0.0
3887.63,0.0
3887.88,0.0
3888.13,0.0
3888.38,0.0
3888.63,0.0
3888.88,0.0
3889.13,0.0
3889.38,0.0
3889.63,0.0
3889.89,0.0
3890.14,0.0
3890.39,0.0
3890.64,0.0
3890.89,0.0
3891.14,0.0
3891.39,0.0
3891.64,0.0
3891.89,0.0
3892.14,0.0
3892.39,0.0
3892.64,0.0
3892.89,0.0
3893.14,0.0
3893.39,0.0
3893.64,0.0
3893.89,0.0
3894.14,0.0
3894.39,0.0
3894.64,0.0
3894.89,0.0
3895.14,0.0
3895.39,0.0
3895.64,0.0
3895.89,0.0
3896.14,0.0
3896.40,0.0
3896.65,0.0
3896.90,0.0
3897.15,0.0
3897.40,0.0
3897.65,0.0
3897.90,0.0
3898.15,0.0
3898.40,0.0
3898.65,0.0
3898.90,0.0
3899.15,0.0
3899.40,0.0
3899.65,0.0
3899.90,0.0
3900.15,0.0
3900.40,0.0
3900.65,0.0
3900.90,0.0
3901.15,0.0
3901.40,0.0
3901.65,0.0
3901.91,0.0
3902.16,0.0
3902.41,0.0
3902.66,0.0
3902.91,0.0
3903.16,0.0
3903.41,0.0
3903.66,0.0
3903.91,0.0
3904.16,0.0
3904.41,0.0
3904.66,0.0
3904.91,0.0
3905.16,0.0
3905.41,0.0
3905.66,0.0
3905.91,0.0
3906.16,0.0
3906.41,0.0
3906.66,0.0
3906.91,0.0
3907.16,0.0
3907.41,0.0
3907.66,0.0
3907.91,0.0
3908.16,0.0
3908.41,0.0
3908.67,0.0
3908.92,0.0
3909.17,0.0
3909.42,0.0
3909.67,0.0
3909.92,0.0
3910.17,0.0
3910.42,0.0
3910.67,0.0
3910.92,0.0
3911.17,0.0
3911.42,0.0
3911.67,0.0
3911.92,0.0
3912.17,0.0
3912.42,0.0
3912.67,0.0
3912.92,0.0
3913.17,0.0
3913.42,0.0
3913.67,0.0
3913.93,0.0
3914.18,0.0
3914.43,0.0
3914.68,0.0
3914.93,0.0
3915.18,0.0
3915.43,0.0
3915.68,0.0
3915.93,0.0
3916.18,0.0
3916.43,0.0
3916.68,0.0
3916.93,0.0
3917.18,0.0
3917.43,0.0
3917.68,0.0
3917.93,0.0
3918.18,0.0
3918.43,0.0
3918.68,0.0
3918.93,0.0
3919.18,0.0
3919.43,0.0
3919.68,0.0
3919.93,0.0
3920.19,0.0
3920.44,0.0
3920.69,0.0
3920.94,0.0
3921.19,0.0
3921.44,0.0
3921.69,0.0
3921.94,0.0
3922.19,0.0
3922.44,0.0
3922.69,0.0
3922.94,0.0
3923.19,0.0
3923.44,0.0
3923.69,0.0
3923.94,0.0
3924.19,0.0
3924.44,0.0
3924.69,0.0
3924.94,0.0
3925.19,0.0
3925.45,0.0
3925.70,0.0
3925.95,0.0
3926.20,0.0
3926.45,0.0
3926.70,0.0
3926.95,0.0
3927.20,0.0
3927.45,0.0
3927.70,0.0
3927.95,0.0
3928.20,0.0
3928.45,0.0
3928.70,0.0
3928.95,0.0
3929.20,0.0
3929.45,0.0
3929.70,0.0
3929.95,0.0
3930.20,0.0
3930.45,0.0
3930.70,0.0
3930.95,0.0
3931.20,0.0
3931.45,0.0
3931.70,0.0
3931.96,0.0
3932.21,0.0
3932.46,0.0
3932.71,0.0
3932.96,0.0
3933.21,0.0
3933.46,0.0
3933.71,0.0
3933.96,0.0
3934.21,0.0
3934.46,0.0
3934.71,0.0
3934.96,0.0
3935.21,0.0
3935.46,0.0
3935.71,0.0
3935.96,0.0
3936.21,0.0
3936.46,0.0
3936.71,0.0
3936.96,0.0
3937.22,0.0
3937.47,0.0
3937.72,0.0
3937.97,0.0
3938.22,0.0
3938.47,0.0
3938.72,0.0
3938.97,0.0
3939.22,0.0
3939.47,0.0
3939.72,0.0
3939.97,0.0
3940.22,0.0
3940.47,0.0
3940.72,0.0
3940.97,0.0
3941.22,0.0
3941.47,0.0
3941.72,0.0
3941.97,0.0
3942.22,0.0
3942.47,0.0
3942.72,0.0
3942.97,0.0
3943.22,0.0
3943.48,0.0
3943.73,0.0
3943.98,0.0
3944.23,0.0
3944.48,0.0
3944.73,0.0
3944.98,0.0
3945.23,0.0
3945.48,0.0
3945.73,0.0
3945.98,0.0
3946.23,0.0
3946.48,0.0
3946.73,0.0
3946.98,0.0
3947.23,0.0
3947.48,0.0
3947.73,0.0
3947.98,0.0
3948.23,0.0
3948.48,0.0
3948.74,0.0
3948.99,0.0
3949.24,0.0
3949.49,0.0
3949.74,0.0
3949.99,0.0
3950.24,0.0
3950.49,0.0
3950.74,0.0
3950.99,0.0
3951.24,0.0
3951.49,0.0
3951.74,0.0
3951.99,0.0
3952.24,0.0
3952.49,0.0
3952.74,0.0
3952.99,0.0
3953.24,0.0
3953.49,0.0
3953.74,0.0
3953.99,0.0
3954.24,0.0
3954.49,0.0
3954.74,0.0
3954.99,0.0
3955.25,0.0
3955.50,0.0
3955.75,0.0
3956.00,0.0
3956.25,0.0
3956.50,0.0
3956.75,0.0
3957.00,0.0
3957.25,0.0
3957.50,0.0
3957.75,0.0
3958.00,0.0
3958.25,0.0
3958.50,0.0
3958.75,0.0
3959.00,0.0
3959.25,0.0
3959.50,0.0
3959.75,0.0
3960.00,0.0
3960.25,0.0
3960.50,0.0
3960.76,0.0
3961.01,0.0
3961.26,0.0
3961.51,0.0
3961.76,0.0
3962.01,0.0
3962.26,0.0
3962.51,0.0
3962.76,0.0
3963.01,0.0
3963.26,0.0
3963.51,0.0
3963.76,0.0
3964.01,0.0
3964.26,0.0
3964.51,0.0
3964.76,0.0
3965.01,0.0
3965.26,0.0
3965.51,0.0
3965.76,0.0
3966.01,0.0
3966.26,0.0
3966.51,0.0
3966.76,0.0
3967.01,0.0
3967.27,0.0
3967.52,0.0
3967.77,0.0
3968.02,0.0
3968.27,0.0
3968.52,0.0
3968.77,0.0
3969.02,0.0
3969.27,0.0
3969.52,0.0
3969.77,0.0
3970.02,0.0
3970.27,0.0
3970.52,0.0
3970.77,0.0
3971.02,0.0
3971.27,0.0
3971.52,0.0
3971.77,0.0
3972.02,0.0
3972.27,0.0
3972.53,0.0
3972.78,0.0
3973.03,0.0
3973.28,0.0
3973.53,0.0
3973.78,0.0
3974.03,0.0
3974.28,0.0
3974.53,0.0
3974.78,0.0
3975.03,0.0
3975.28,0.0
3975.53,0.0
3975.78,0.0
3976.03,0.0
3976.28,0.0
3976.53,0.0
3976.78,0.0
3977.03,0.0
3977.28,0.0
3977.53,0.0
3977.78,0.0
3978.03,0.0
3978.28,0.0
3978.53,0.0
3978.78,0.0
3979.04,0.0
3979.29,0.0
3979.54,0.0
3979.79,0.0
3980.04,0.0
3980.29,0.0
3980.54,0.0
3980.79,0.0
3981.04,0.0
3981.29,0.0
3981.54,0.0
3981.79,0.0
3982.04,0.0
3982.29,0.0
3982.54,0.0
3982.79,0.0
3983.04,0.0
3983.29,0.0
3983.54,0.0
3983.79,0.0
3984.04,0.0
3984.30,0.0
3984.55,0.0
3984.80,0.0
3985.05,0.0
3985.30,0.0
3985.55,0.0
3985.80,0.0
3986.05,0.0
3986.30,0.0
3986.55,0.0
3986.80,0.0
3987.05,0.0
3987.30,0.0
3987.55,0.0
3987.80,0.0
3988.05,0.0
3988.30,0.0
3988.55,0.0
3988.80,0.0
3989.05,0.0
3989.30,0.0
3989.55,0.0
3989.80,0.0
3990.05,0.0
3990.30,0.0
3990.55,0.0
3990.81,0.0
3991.06,0.0
3991.31,0.0
3991.56,0.0
3991.81,0.0
3992.06,0.0
3992.31,0.0
3992.56,0.0
3992.81,0.0
3993.06,0.0
3993.31,0.0
3993.56,0.0
3993.81,0.0
3994.06,0.0
3994.31,0.0
3994.56,0.0
3994.81,0.0
3995.06,0.0
3995.31,0.0
3995.56,0.0
3995.81,0.0
3996.06,0.0
3996.31,0.0
3996.57,0.0
3996.82,0.0
3997.07,0.0
3997.32,0.0
3997.57,0.0
3997.82,0.0
3998.07,0.0
3998.32,0.0
3998.57,0.0
3998.82,0.0
3999.07,0.0
3999.32,0.0
3999.57,0.0
3999.82,0.0
4000.07,0.0
4000.32,0.0
4000.57,0.0
4000.82,0.0
4001.07,0.0
4001.32,0.0
4001.57,0.0
4001.82,0.0
4002.07,0.0
4002.32,0.0
4002.57,0.0
4002.82,0.0
4003.08,0.0
4003.33,0.0
4003.58,0.0
4003.83,0.0
4004.08,0.0
4004.33,0.0
4004.58,0.0
4004.83,0.0
4005.08,0.0
4005.33,0.0
4005.58,0.0
4005.83,0.0
4006.08,0.0
4006.33,0.0
4006.58,0.0
4006.83,0.0
4007.08,0.0
4007.33,0.0
4007.58,0.0
4007.83,0.0
4008.08,0.0
4008.33,0.0
4008.59,0.0
4008.84,0.0
4009.09,0.0
4009.34,0.0
4009.59,0.0
4009.84,0.0
4010.09,0.0
4010.34,0.0
4010.59,0.0
4010.84,0.0
4011.09,0.0
4011.34,0.0
4011.59,0.0
4011.84,0.0
4012.09,0.0
4012.34,0.0
4012.59,0.0
4012.84,0.0
4013.09,0.0
4013.34,0.0
4013.59,0.0
4013.84,0.0
4014.09,0.0
4014.34,0.0
4014.60,0.0
4014.85,0.0
4015.10,0.0
4015.35,0.0
4015.60,0.0
4015.85,0.0
4016.10,0.0
4016.35,0.0
4016.60,0.0
4016.85,0.0
4017.10,0.0
4017.35,0.0
4017.60,0.0
4017.85,0.0
4018.10,0.0
4018.35,0.0
4018.60,0.0
4018.85,0.0
4019.10,0.0
4019.35,0.0
4019.60,0.0
4019.86,0.0
4020.11,0.0
4020.36,0.0
4020.61,0.0
4020.86,0.0
4021.11,0.0
4021.36,0.0
4021.61,0.0
4021.86,0.0
4022.11,0.0
4022.36,0.0
4022.61,0.0
4022.86,0.0
4023.11,0.0
4023.36,0.0
4023.61,0.0
4023.86,0.0
4024.11,0.0
4024.36,0.0
4024.61,0.0
4024.86,0.0
4025.11,0.0
4025.36,0.0
4025.61,0.0
4025.86,0.0
4026.11,0.0
4026.37,0.0
4026.62,0.0
4026.87,0.0
4027.12,0.0
4027.37,0.0
4027.62,0.0
4027.87,0.0
4028.12,0.0
4028.37,0.0
4028.62,0.0
4028.87,0.0
4029.12,0.0
4029.37,0.0
4029.62,0.0
4029.87,0.0
4030.12,0.0
4030.37,0.0
4030.62,0.0
4030.87,0.0
4031.12,0.0
4031.37,0.0
4031.62,0.0
4031.88,0.0
4032.12,0.0
4032.38,0.0
4032.63,0.0
4032.88,0.0
4033.13,0.0
4033.38,0.0
4033.63,0.0
4033.88,0.0
4034.13,0.0
4034.38,0.0
4034.63,0.0
4034.88,0.0
4035.13,0.0
4035.38,0.0
4035.63,0.0
4035.88,0.0
4036.13,0.0
4036.38,0.0
4036.63,0.0
4036.88,0.0
4037.13,0.0
4037.39,0.0
4037.64,0.0
4037.89,0.0
4038.14,0.0
4038.39,0.0
4038.64,0.0
4038.89,0.0
4039.14,0.0
4039.39,0.0
4039.64,0.0
4039.89,0.0
4040.14,0.0
4040.39,0.0
4040.64,0.0
4040.89,0.0
4041.14,0.0
4041.39,0.0
4041.64,0.0
4041.89,0.0
4042.14,0.0
4042.39,0.0
4042.64,0.0
4042.89,0.0
4043.14,0.0
4043.39,0.0
4043.64,0.0
4043.89,0.0
4044.15,0.0
4044.40,0.0
4044.65,0.0
4044.90,0.0
4045.15,0.0
4045.40,0.0
4045.65,0.0
4045.90,0.0
4046.15,0.0
4046.40,0.0
4046.65,0.0
4046.90,0.0
4047.15,0.0
4047.40,0.0
4047.65,0.0
4047.90,0.0
4048.15,0.0
4048.40,0.0
4048.65,0.0
4048.90,0.0
4049.15,0.0
4049.41,0.0
4049.66,0.0
4049.91,0.0
4050.16,0.0
4050.41,0.0
4050.66,0.0
4050.91,0.0
4051.16,0.0
4051.41,0.0
4051.66,0.0
4051.91,0.0
4052.16,0.0
4052.41,0.0
4052.66,0.0
4052.91,0.0
4053.16,0.0
4053.41,0.0
4053.66,0.0
4053.91,0.0
4054.16,0.0
4054.41,0.0
4054.66,0.0
4054.91,0.0
4055.16,0.0
4055.41,0.0
4055.67,0.0
4055.92,0.0
4056.17,0.0
4056.42,0.0
4056.67,0.0
4056.92,0.0
4057.17,0.0
4057.42,0.0
4057.67,0.0
4057.92,0.0
4058.17,0.0
4058.42,0.0
4058.67,0.0
4058.92,0.0
4059.17,0.0
4059.42,0.0
4059.67,0.0
4059.92,0.0
4060.17,0.0
4060.42,0.0
4060.67,0.0
4060.92,0.0
4061.18,0.0
4061.43,0.0
4061.68,0.0
4061.93,0.0
4062.18,0.0
4062.43,0.0
4062.68,0.0
4062.93,0.0
4063.18,0.0
4063.43,0.0
4063.68,0.0
4063.93,0.0
4064.18,0.0
4064.43,0.0
4064.68,0.0
4064.93,0.0
4065.18,0.0
4065.43,0.0
4065.68,0.0
4065.93,0.0
4066.18,0.0
4066.43,0.0
4066.68,0.0
4066.93,0.0
4067.19,0.0
4067.44,0.0
4067.69,0.0
4067.94,0.0
4068.19,0.0
4068.44,0.0
4068.69,0.0
4068.94,0.0
4069.19,0.0
4069.44,0.0
4069.69,0.0
4069.94,0.0
4070.19,0.0
4070.44,0.0
4070.69,0.0
4070.94,0.0
4071.19,0.0
4071.44,0.0
4071.69,0.0
4071.94,0.0
4072.19,0.0
4072.45,0.0
4072.70,0.0
4072.95,0.0
4073.20,0.0
4073.45,0.0
4073.70,0.0
4073.95,0.0
4074.20,0.0
4074.45,0.0
4074.70,0.0
4074.95,0.0
4075.20,0.0
4075.45,0.0
4075.70,0.0
4075.95,0.0
4076.20,0.0
4076.45,0.0
4076.70,0.0
4076.95,0.0
4077.20,0.0
4077.45,0.0
4077.70,0.0
4077.95,0.0
4078.20,0.0
4078.45,0.0
4078.70,0.0
4078.95,0.0
4079.21,0.0
4079.46,0.0
4079.71,0.0
4079.96,0.0
4080.21,0.0
4080.46,0.0
4080.71,0.0
4080.96,0.0
4081.21,0.0
4081.46,0.0
4081.71,0.0
4081.96,0.0
4082.21,0.0
4082.46,0.0
4082.71,0.0
4082.96,0.0
4083.21,0.0
4083.46,0.0
4083.71,0.0
4083.96,0.0
4084.21,0.0
4084.47,0.0
4084.72,0.0
4084.97,0.0
4085.22,0.0
4085.47,0.0
4085.72,0.0
4085.97,0.0
4086.22,0.0
4086.47,0.0
4086.72,0.0
4086.97,0.0
4087.22,0.0
4087.47,0.0
4087.72,0.0
4087.97,0.0
4088.22,0.0
4088.47,0.0
4088.72,0.0
4088.97,0.0
4089.22,0.0
4089.47,0.0
4089.72,0.0
4089.97,0.0
4090.22,0.0
4090.47,0.0
4090.72,0.0
4090.97,0.0
4091.23,0.0
4091.48,0.0
4091.73,0.0
4091.98,0.0
4092.23,0.0
4092.48,0.0
4092.73,0.0
4092.98,0.0
4093.23,0.0
4093.48,0.0
4093.73,0.0
4093.98,0.0
4094.23,0.0
4094.48,0.0
4094.73,0.0
4094.98,0.0
4095.23,0.0
4095.48,0.0
4095.73,0.0
4095.98,0.0
4096.23,0.0
4096.48,0.0
4096.73,0.0
4096.98,0.0
4097.24,0.0
4097.49,0.0
4097.74,0.0
4097.99,0.0
4098.24,0.0
4098.49,0.0
4098.74,0.0
4098.99,0.0
4099.24,0.0
4099.49,0.0
4099.74,0.0
4099.99,0.0
4100.24,0.0
4100.49,0.0
4100.74,0.0
4100.99,0.0
4101.24,0.0
4101.49,0.0
4101.74,0.0
4101.99,0.0
4102.24,0.0
4102.49,0.0
4102.74,0.0
4103.00,0.0
4103.25,0.0
4103.50,0.0
4103.75,0.0
4104.00,0.0
4104.25,0.0
4104.50,0.0
4104.75,0.0
4105.00,0.0
4105.25,0.0
4105.50,0.0
4105.75,0.0
4106.00,0.0
4106.25,0.0
4106.50,0.0
4106.75,0.0
4107.00,0.0
4107.25,0.0
4107.50,0.0
4107.75,0.0
4108.00,0.0
4108.26,0.0
4108.51,0.0
4108.76,0.0
4109.01,0.0
4109.26,0.0
4109.51,0.0
4109.76,0.0
4110.01,0.0
4110.26,0.0
4110.51,0.0
4110.76,0.0
4111.01,0.0
4111.26,0.0
4111.51,0.0
4111.76,0.0
4112.01,0.0
4112.26,0.0
4112.51,0.0
4112.76,0.0
4113.01,0.0
4113.26,0.0
4113.51,0.0
4113.76,0.0
4114.01,0.0
4114.27,0.0
4114.52,0.0
4114.77,0.0
4115.02,0.0
4115.27,0.0
4115.52,0.0
4115.77,0.0
4116.02,0.0
4116.27,0.0
4116.52,0.0
4116.77,0.0
4117.02,0.0
4117.27,0.0
4117.52,0.0
4117.77,0.0
4118.02,0.0
4118.27,0.0
4118.52,0.0
4118.77,0.0
4119.02,0.0
4119.27,0.0
4119.52,0.0
4119.77,0.0
4120.02,0.0
4120.27,0.0
4120.52,0.0
4120.78,0.0
4121.03,0.0
4121.28,0.0
4121.53,0.0
4121.78,0.0
4122.03,0.0
4122.28,0.0
4122.53,0.0
4122.78,0.0
4123.03,0.0
4123.28,0.0
4123.53,0.0
4123.78,0.0
4124.03,0.0
4124.28,0.0
4124.53,0.0
4124.78,0.0
4125.03,0.0
4125.28,0.0
4125.53,0.0
4125.78,0.0
4126.03,0.0
4126.28,0.0
4126.53,0.0
4126.79,0.0
4127.04,0.0
4127.29,0.0
4127.54,0.0
4127.79,0.0
4128.04,0.0
4128.29,0.0
4128.54,0.0
4128.79,0.0
4129.04,0.0
4129.29,0.0
4129.54,0.0
4129.79,0.0
4130.04,0.0
4130.29,0.0
4130.54,0.0
4130.79,0.0
4131.04,0.0
4131.29,0.0
4131.54,0.0
4131.79,0.0
4132.05,0.0
4132.30,0.0
4132.55,0.0
4132.80,0.0
4133.05,0.0
4133.30,0.0
4133.55,0.0
4133.80,0.0
4134.05,0.0
4134.30,0.0
4134.55,0.0
4134.80,0.0
4135.05,0.0
4135.30,0.0
4135.55,0.0
4135.80,0.0
4136.05,0.0
4136.30,0.0
4136.55,0.0
4136.80,0.0
4137.05,0.0
4137.30,0.0
4137.55,0.0
4137.80,0.0
4138.06,0.0
4138.31,0.0
4138.56,0.0
4138.81,0.0
4139.06,0.0
4139.31,0.0
4139.56,0.0
4139.81,0.0
4140.06,0.0
4140.31,0.0
4140.56,0.0
4140.81,0.0
4141.06,0.0
4141.31,0.0
4141.56,0.0
4141.81,0.0
4142.06,0.0
4142.31,0.0
4142.56,0.0
4142.81,0.0
4143.06,0.0
4143.31,0.0
4143.56,0.0
4143.81,0.0
4144.07,0.0
4144.32,0.0
4144.57,0.0
4144.82,0.0
4145.07,0.0
4145.32,0.0
4145.57,0.0
4145.82,0.0
4146.07,0.0
4146.32,0.0
4146.57,0.0
4146.82,0.0
4147.07,0.0
4147.32,0.0
4147.57,0.0
4147.82,0.0
4148.07,0.0
4148.32,0.0
4148.57,0.0
4148.82,0.0
4149.07,0.0
4149.32,0.0
4149.57,0.0
4149.83,0.0
4150.08,0.0
4150.33,0.0
4150.58,0.0
4150.83,0.0
4151.08,0.0
4151.33,0.0
4151.58,0.0
4151.83,0.0
4152.08,0.0
4152.33,0.0
4152.58,0.0
4152.83,0.0
4153.08,0.0
4153.33,0.0
4153.58,0.0
4153.83,0.0
4154.08,0.0
4154.33,0.0
4154.58,0.0
4154.84,0.0
4155.09,0.0
4155.34,0.0
4155.59,0.0
4155.84,0.0
4156.09,0.0
4156.34,0.0
4156.59,0.0
4156.84,0.0
4157.09,0.0
4157.34,0.0
4157.59,0.0
4157.84,0.0
4158.09,0.0
4158.34,0.0
4158.59,0.0
4158.84,0.0
4159.09,0.0
4159.34,0.0
4159.59,0.0
4159.84,0.0
4160.09,0.0
4160.34,0.0
4160.60,0.0
4160.85,0.0
4161.10,0.0
4161.35,0.0
4161.60,0.0
4161.85,0.0
4162.10,0.0
4162.35,0.0
4162.60,0.0
4162.85,0.0
4163.10,0.0
4163.35,0.0
4163.60,0.0
4163.85,0.0
4164.10,0.0
4164.35,0.0
4164.60,0.0
4164.85,0.0
4165.10,0.0
4165.35,0.0
4165.60,0.0
4165.85,0.0
4166.10,0.0
4166.35,0.0
4166.60,0.0
4166.85,0.0
4167.11,0.0
4167.36,0.0
4167.61,0.0
4167.86,0.0
4168.11,0.0
4168.36,0.0
4168.61,0.0
4168.86,0.0
4169.11,0.0
4169.36,0.0
4169.61,0.0
4169.86,0.0
4170.11,0.0
4170.36,0.0
4170.61,0.0
4170.86,0.0
4171.11,0.0
4171.36,0.0
4171.61,0.0
4171.86,0.0
4172.11,0.0
4172.36,0.0
4172.61,0.0
4172.87,0.0
4173.12,0.0
4173.37,0.0
4173.62,0.0
4173.87,0.0
4174.12,0.0
4174.37,0.0
4174.62,0.0
4174.87,0.0
4175.12,0.0
4175.37,0.0
4175.62,0.0
4175.87,0.0
4176.12,0.0
4176.37,0.0
4176.62,0.0
4176.87,0.0
4177.12,0.0
4177.37,0.0
4177.62,0.0
4177.87,0.0
4178.12,0.0
4178.38,0.0
4178.63,0.0
4178.88,0.0
4179.13,0.0
4179.38,0.0
4179.63,0.0
4179.88,0.0
4180.13,0.0
4180.38,0.0
4180.63,0.0
4180.88,0.0
4181.13,0.0
4181.38,0.0
4181.63,0.0
4181.88,0.0
4182.13,0.0
4182.38,0.0
4182.63,0.0
4182.88,0.0
4183.13,0.0
4183.38,0.0
4183.64,0.0
4183.89,0.0
4184.14,0.0
4184.39,0.0
4184.64,0.0
4184.89,0.0
4185.14,0.0
4185.39,0.0
4185.64,0.0
4185.89,0.0
4186.14,0.0
4186.39,0.0
4186.64,0.0
4186.89,0.0
4187.14,0.0
4187.39,0.0
4187.64,0.0
4187.89,0.0
4188.14,0.0
4188.39,0.0
4188.64,0.0
4188.89,0.0
4189.14,0.0
4189.39,0.0
4189.65,0.0
4189.90,0.0
4190.15,0.0
4190.40,0.0
4190.65,0.0
4190.90,0.0
4191.15,0.0
4191.40,0.0
4191.65,0.0
4191.90,0.0
4192.15,0.0
4192.40,0.0
4192.65,0.0
4192.90,0.0
4193.15,0.0
4193.40,0.0
4193.65,0.0
4193.90,0.0
4194.15,0.0
4194.40,0.0
4194.65,0.0
4194.90,0.0
4195.15,0.0
4195.40,0.0
4195.65,0.0
4195.91,0.0
4196.16,0.0
4196.41,0.0
4196.66,0.0
4196.91,0.0
4197.16,0.0
4197.41,0.0
4197.66,0.0
4197.91,0.0
4198.16,0.0
4198.41,0.0
4198.66,0.0
4198.91,0.0
4199.16,0.0
4199.41,0.0
4199.66,0.0
4199.91,0.0
4200.16,0.0
4200.41,0.0
4200.66,0.0
4200.91,0.0
4201.16,0.0
4201.41,0.0
4201.66,0.0
4201.91,0.0
4202.17,0.0
4202.42,0.0
4202.67,0.0
4202.92,0.0
4203.17,0.0
4203.42,0.0
4203.67,0.0
4203.92,0.0
4204.17,0.0
4204.42,0.0
4204.67,0.0
4204.92,0.0
4205.17,0.0
4205.42,0.0
4205.67,0.0
4205.92,0.0
4206.17,0.0
4206.42,0.0
4206.67,0.0
4206.92,0.0
4207.17,0.0
4207.43,0.0
4207.68,0.0
4207.93,0.0
4208.18,0.0
4208.43,0.0
4208.68,0.0
4208.93,0.0
4209.18,0.0
4209.43,0.0
4209.68,0.0
4209.93,0.0
4210.18,0.0
4210.43,0.0
4210.68,0.0
4210.93,0.0
4211.18,0.0
4211.43,0.0
4211.68,0.0
4211.93,0.0
4212.18,0.0
4212.43,0.0
4212.68,0.0
4212.93,0.0
4213.19,0.0
4213.44,0.0
4213.69,0.0
4213.94,0.0
4214.19,0.0
4214.44,0.0
4214.69,0.0
4214.94,0.0
4215.19,0.0
4215.44,0.0
4215.69,0.0
4215.94,0.0
4216.19,0.0
4216.44,0.0
4216.69,0.0
4216.94,0.0
4217.19,0.0
4217.44,0.0
4217.69,0.0
4217.94,0.0
4218.19,0.0
4218.44,0.0
4218.69,0.0
4218.94,0.0
4219.19,0.0
4219.45,0.0
4219.70,0.0
4219.95,0.0
4220.20,0.0
4220.45,0.0
4220.70,0.0
4220.95,0.0
4221.20,0.0
4221.45,0.0
4221.70,0.0
4221.95,0.0
4222.20,0.0
4222.45,0.0
4222.70,0.0
4222.95,0.0
4223.20,0.0
4223.45,0.0
4223.70,0.0
4223.95,0.0
4224.20,0.0
4224.45,0.0
4224.70,0.0
4224.95,0.0
4225.20,0.0
4225.46,0.0
4225.71,0.0
4225.96,0.0
4226.21,0.0
4226.46,0.0
4226.71,0.0
4226.96,0.0
4227.21,0.0
4227.46,0.0
4227.71,0.0
4227.96,0.0
4228.21,0.0
4228.46,0.0
4228.71,0.0
4228.96,0.0
4229.21,0.0
4229.46,0.0
4229.71,0.0
4229.96,0.0
4230.21,0.0
4230.46,0.0
4230.72,0.0
4230.97,0.0
4231.22,0.0
4231.47,0.0
4231.72,0.0
4231.97,0.0
4232.22,0.0
4232.47,0.0
4232.72,0.0
4232.97,0.0
4233.22,0.0
4233.47,0.0
4233.72,0.0
4233.97,0.0
4234.22,0.0
4234.47,0.0
4234.72,0.0
4234.97,0.0
4235.22,0.0
4235.47,0.0
4235.72,0.0
4235.97,0.0
4236.22,0.0
4236.47,0.0
4236.72,0.0
4236.98,0.0
4237.23,0.0
4237.48,0.0
4237.73,0.0
4237.98,0.0
4238.23,0.0
4238.48,0.0
4238.73,0.0
4238.98,0.0
4239.23,0.0
4239.48,0.0
4239.73,0.0
4239.98,0.0
4240.23,0.0
4240.48,0.0
4240.73,0.0
4240.98,0.0
4241.23,0.0
4241.48,0.0
4241.73,0.0
4241.98,0.0
4242.23,0.0
4242.48,0.0
4242.73,0.0
4242.98,0.0
4243.23,0.0
4243.48,0.0
4243.74,0.0
4243.99,0.0
4244.24,0.0
4244.49,0.0
4244.74,0.0
4244.99,0.0
4245.24,0.0
4245.49,0.0
4245.74,0.0
4245.99,0.0
4246.24,0.0
4246.49,0.0
4246.74,0.0
4246.99,0.0
4247.24,0.0
4247.49,0.0
4247.74,0.0
4247.99,0.0
4248.24,0.0
4248.49,0.0
4248.74,0.0
4248.99,0.0
4249.24,0.0
4249.50,0.0
4249.75,0.0
4250.00,0.0
4250.25,0.0
4250.50,0.0
4250.75,0.0
4251.00,0.0
4251.25,0.0
4251.50,0.0
4251.75,0.0
4252.00,0.0
4252.25,0.0
4252.50,0.0
4252.75,0.0
4253.00,0.0
4253.25,0.0
4253.50,0.0
4253.75,0.0
4254.00,0.0
4254.25,0.0
4254.51,0.0
4254.76,0.0
4255.01,0.0
4255.26,0.0
4255.51,0.0
4255.76,0.0
4256.01,0.0
4256.26,0.0
4256.51,0.0
4256.76,0.0
4257.01,0.0
4257.26,0.0
4257.51,0.0
4257.76,0.0
4258.01,0.0
4258.26,0.0
4258.51,0.0
4258.76,0.0
4259.01,0.0
4259.26,0.0
4259.51,0.0
4259.76,0.0
4260.01,0.0
4260.27,0.0
4260.52,0.0
4260.77,0.0
4261.02,0.0
4261.27,0.0
4261.52,0.0
4261.77,0.0
4262.02,0.0
4262.27,0.0
4262.52,0.0
4262.77,0.0
4263.02,0.0
4263.27,0.0
4263.52,0.0
4263.77,0.0
4264.02,0.0
4264.27,0.0
4264.52,0.0
4264.77,0.0
4265.02,0.0
4265.27,0.0
4265.52,0.0
4265.77,0.0
4266.02,0.0
4266.27,0.0
4266.52,0.0
4266.78,0.0
4267.03,0.0
4267.28,0.0
4267.53,0.0
4267.78,0.0
4268.03,0.0
4268.28,0.0
4268.53,0.0
4268.78,0.0
4269.03,0.0
4269.28,0.0
4269.53,0.0
4269.78,0.0
4270.03,0.0
4270.28,0.0
4270.53,0.0
4270.78,0.0
4271.03,0.0
4271.28,0.0
4271.53,0.0
4271.78,0.0
4272.03,0.0
4272.28,0.0
4272.53,0.0
4272.79,0.0
4273.04,0.0
4273.29,0.0
4273.54,0.0
4273.79,0.0
4274.04,0.0
4274.29,0.0
4274.54,0.0
4274.79,0.0
4275.04,0.0
4275.29,0.0
4275.54,0.0
4275.79,0.0
4276.04,0.0
4276.29,0.0
4276.54,0.0
4276.79,0.0
4277.04,0.0
4277.29,0.0
4277.54,0.0
4277.79,0.0
4278.05,0.0
4278.30,0.0
4278.55,0.0
4278.80,0.0
4279.05,0.0
4279.30,0.0
4279.55,0.0
4279.80,0.0
4280.05,0.0
4280.30,0.0
4280.55,0.0
4280.80,0.0
4281.05,0.0
4281.30,0.0
4281.55,0.0
4281.80,0.0
4282.05,0.0
4282.30,0.0
4282.55,0.0
4282.80,0.0
4283.05,0.0
4283.30,0.0
4283.55,0.0
4283.80,0.0
4284.06,0.0
4284.31,0.0
4284.56,0.0
4284.81,0.0
4285.06,0.0
4285.31,0.0
4285.56,0.0
4285.81,0.0
4286.06,0.0
4286.31,0.0
4286.56,0.0
4286.81,0.0
4287.06,0.0
4287.31,0.0
4287.56,0.0
4287.81,0.0
4288.06,0.0
4288.31,0.0
4288.56,0.0
4288.81,0.0
4289.06,0.0
4289.31,0.0
4289.56,0.0
4289.81,0.0
4290.07,0.0
4290.32,0.0
4290.57,0.0
4290.82,0.0
4291.07,0.0
4291.32,0.0
4291.57,0.0
4291.82,0.0
4292.07,0.0
4292.32,0.0
4292.57,0.0
4292.82,0.0
4293.07,0.0
4293.32,0.0
4293.57,0.0
4293.82,0.0
4294.07,0.0
4294.32,0.0
4294.57,0.0
4294.82,0.0
4295.07,0.0
4295.32,0.0
4295.57,0.0
4295.82,0.0
4296.08,0.0
4296.33,0.0
4296.58,0.0
4296.83,0.0
4297.08,0.0
4297.33,0.0
4297.58,0.0
4297.83,0.0
4298.08,0.0
4298.33,0.0
4298.58,0.0
4298.83,0.0
4299.08,0.0
4299.33,0.0
4299.58,0.0
4299.83,0.0
4300.08,0.0
4300.33,0.0
4300.58,0.0
4300.83,0.0
4301.08,0.0
4301.34,0.0
4301.59,0.0
4301.84,0.0
4302.09,0.0
4302.34,0.0
4302.59,0.0
4302.84,0.0
4303.09,0.0
4303.34,0.0
4303.59,0.0
4303.84,0.0
4304.09,0.0
4304.34,0.0
4304.59,0.0
4304.84,0.0
4305.09,0.0
4305.34,0.0
4305.59,0.0
4305.84,0.0
4306.09,0.0
4306.34,0.0
4306.59,0.0
4306.84,0.0
4307.10,0.0
4307.35,0.0
4307.60,0.0
4307.85,0.0
4308.10,0.0
4308.35,0.0
4308.60,0.0
4308.85,0.0
4309.10,0.0
4309.35,0.0
4309.60,0.0
4309.85,0.0
4310.10,0.0
4310.35,0.0
4310.60,0.0
4310.85,0.0
4311.10,0.0
4311.35,0.0
4311.60,0.0
4311.85,0.0
4312.10,0.0
4312.35,0.0
4312.60,0.0
4312.85,0.0
4313.10,0.0
4313.36,0.0
4313.61,0.0
4313.86,0.0
4314.11,0.0
4314.36,0.0
4314.61,0.0
4314.86,0.0
4315.11,0.0
4315.36,0.0
4315.61,0.0
4315.86,0.0
4316.11,0.0
4316.36,0.0
4316.61,0.0
4316.86,0.0
4317.11,0.0
4317.36,0.0
4317.61,0.0
4317.86,0.0
4318.11,0.0
4318.36,0.0
4318.61,0.0
4318.87,0.0
4319.12,0.0
4319.37,0.0
4319.62,0.0
4319.87,0.0
4320.12,0.0
4320.37,0.0
4320.62,0.0
4320.87,0.0
4321.12,0.0
4321.37,0.0
4321.62,0.0
4321.87,0.0
4322.12,0.0
4322.37,0.0
4322.62,0.0
4322.87,0.0
4323.12,0.0
4323.37,0.0
4323.62,0.0
4323.87,0.0
4324.12,0.0
4324.38,0.0
4324.63,0.0
4324.88,0.0
4325.13,0.0
4325.38,0.0
4325.63,0.0
4325.88,0.0
4326.13,0.0
4326.38,0.0
4326.63,0.0
4326.88,0.0
4327.13,0.0
4327.38,0.0
4327.63,0.0
4327.88,0.0
4328.13,0.0
4328.38,0.0
4328.63,0.0
4328.88,0.0
4329.13,0.0
4329.38,0.0
4329.63,0.0
4329.88,0.0
4330.14,0.0
4330.39,0.0
4330.64,0.0
4330.89,0.0
4331.14,0.0
4331.39,0.0
4331.64,0.0
4331.89,0.0
4332.14,0.0
4332.39,0.0
4332.64,0.0
4332.89,0.0
4333.14,0.0
4333.39,0.0
4333.64,0.0
4333.89,0.0
4334.14,0.0
4334.39,0.0
4334.64,0.0
4334.89,0.0
4335.14,0.0
4335.39,0.0
4335.64,0.0
4335.90,0.0
4336.15,0.0
4336.40,0.0
4336.65,0.0
4336.90,0.0
4337.15,0.0
4337.40,0.0
4337.65,0.0
4337.90,0.0
4338.15,0.0
4338.40,0.0
4338.65,0.0
4338.90,0.0
4339.15,0.0
4339.40,0.0
4339.65,0.0
4339.90,0.0
4340.15,0.0
4340.40,0.0
4340.65,0.0
4340.90,0.0
4341.15,0.0
4341.40,0.0
4341.65,0.0
4341.90,0.0
4342.15,0.0
4342.41,0.0
4342.66,0.0
4342.91,0.0
4343.16,0.0
4343.41,0.0
4343.66,0.0
4343.91,0.0
4344.16,0.0
4344.41,0.0
4344.66,0.0
4344.91,0.0
4345.16,0.0
4345.41,0.0
4345.66,0.0
4345.91,0.0
4346.16,0.0
4346.41,0.0
4346.66,0.0
4346.91,0.0
4347.16,0.0
4347.41,0.0
4347.66,0.0
4347.91,0.0
4348.16,0.0
4348.42,0.0
4348.67,0.0
4348.92,0.0
4349.17,0.0
4349.42,0.0
4349.67,0.0
4349.92,0.0
4350.17,0.0
4350.42,0.0
4350.67,0.0
4350.92,0.0
4351.17,0.0
4351.42,0.0
4351.67,0.0
4351.92,0.0
4352.17,0.0
4352.42,0.0
4352.67,0.0
4352.92,0.0
4353.17,0.0
4353.42,0.0
4353.68,0.0
4353.93,0.0
4354.18,0.0
4354.43,0.0
4354.68,0.0
4354.93,0.0
4355.18,0.0
4355.43,0.0
4355.68,0.0
4355.93,0.0
4356.18,0.0
4356.43,0.0
4356.68,0.0
4356.93,0.0
4357.18,0.0
4357.43,0.0
4357.68,0.0
4357.93,0.0
4358.18,0.0
4358.43,0.0
4358.68,0.0
4358.93,0.0
4359.18,0.0
4359.43,0.0
4359.69,0.0
4359.94,0.0
4360.19,0.0
4360.44,0.0
4360.69,0.0
4360.94,0.0
4361.19,0.0
4361.44,0.0
4361.69,0.0
4361.94,0.0
4362.19,0.0
4362.44,0.0
4362.69,0.0
4362.94,0.0
4363.19,0.0
4363.44,0.0
4363.69,0.0
4363.94,0.0
4364.19,0.0
4364.44,0.0
4364.69,0.0
4364.94,0.0
4365.19,0.0
4365.44,0.0
4365.69,0.0
4365.94,0.0
4366.20,0.0
4366.45,0.0
4366.70,0.0
4366.95,0.0
4367.20,0.0
4367.45,0.0
4367.70,0.0
4367.95,0.0
4368.20,0.0
4368.45,0.0
4368.70,0.0
4368.95,0.0
4369.20,0.0
4369.45,0.0
4369.70,0.0
4369.95,0.0
4370.20,0.0
4370.45,0.0
4370.70,0.0
4370.95,0.0
4371.20,0.0
4371.45,0.0
4371.70,0.0
4371.96,0.0
4372.21,0.0
4372.46,0.0
4372.71,0.0
4372.96,0.0
4373.21,0.0
4373.46,0.0
4373.71,0.0
4373.96,0.0
4374.21,0.0
4374.46,0.0
4374.71,0.0
4374.96,0.0
4375.21,0.0
4375.46,0.0
4375.71,0.0
4375.96,0.0
4376.21,0.0
4376.46,0.0
4376.71,0.0
4376.96,0.0
4377.22,0.0
4377.47,0.0
4377.72,0.0
4377.97,0.0
4378.22,0.0
4378.47,0.0
4378.72,0.0
4378.97,0.0
4379.22,0.0
4379.47,0.0
4379.72,0.0
4379.97,0.0
4380.22,0.0
4380.47,0.0
4380.72,0.0
4380.97,0.0
4381.22,0.0
4381.47,0.0
4381.72,0.0
4381.97,0.0
4382.22,0.0
4382.47,0.0
4382.72,0.0
4382.98,0.0
4383.23,0.0
4383.48,0.0
4383.73,0.0
4383.98,0.0
4384.23,0.0
4384.48,0.0
4384.73,0.0
4384.98,0.0
4385.23,0.0
4385.48,0.0
4385.73,0.0
4385.98,0.0
4386.23,0.0
4386.48,0.0
4386.73,0.0
4386.98,0.0
4387.23,0.0
4387.48,0.0
4387.73,0.0
4387.98,0.0
4388.23,0.0
4388.48,0.0
4388.73,0.0
4388.98,0.0
4389.24,0.0
4389.49,0.0
4389.74,0.0
4389.99,0.0
4390.24,0.0
4390.49,0.0
4390.74,0.0
4390.99,0.0
4391.24,0.0
4391.49,0.0
4391.74,0.0
4391.99,0.0
4392.24,0.0
4392.49,0.0
4392.74,0.0
4392.99,0.0
4393.24,0.0
4393.49,0.0
4393.74,0.0
4393.99,0.0
4394.24,0.0
4394.49,0.0
4394.74,0.0
4395.00,0.0
4395.25,0.0
4395.50,0.0
4395.75,0.0
4396.00,0.0
4396.25,0.0
4396.50,0.0
4396.75,0.0
4397.00,0.0
4397.25,0.0
4397.50,0.0
4397.75,0.0
4398.00,0.0
4398.25,0.0
4398.50,0.0
4398.75,0.0
4399.00,0.0
4399.25,0.0
4399.50,0.0
4399.75,0.0
4400.01,0.0
4400.26,0.0
4400.51,0.0
4400.76,0.0
4401.01,0.0
4401.26,0.0
4401.51,0.0
4401.76,0.0
4402.01,0.0
4402.26,0.0
4402.51,0.0
4402.76,0.0
4403.01,0.0
4403.26,0.0
4403.51,0.0
4403.76,0.0
4404.01,0.0
4404.26,0.0
4404.51,0.0
4404.76,0.0
4405.01,0.0
4405.26,0.0
4405.51,0.0
4405.77,0.0
4406.02,0.0
4406.27,0.0
4406.52,0.0
4406.77,0.0
4407.02,0.0
4407.27,0.0
4407.52,0.0
4407.77,0.0
4408.02,0.0
4408.27,0.0
4408.52,0.0
4408.77,0.0
4409.02,0.0
4409.27,0.0
4409.52,0.0
4409.77,0.0
4410.02,0.0
4410.27,0.0
4410.52,0.0
4410.77,0.0
4411.02,0.0
4411.27,0.0
4411.52,0.0
4411.77,0.0
4412.02,0.0
4412.28,0.0
4412.53,0.0
4412.78,0.0
4413.03,0.0
4413.28,0.0
4413.53,0.0
4413.78,0.0
4414.03,0.0
4414.28,0.0
4414.53,0.0
4414.78,0.0
4415.03,0.0
4415.28,0.0
4415.53,0.0
4415.78,0.0
4416.03,0.0
4416.28,0.0
4416.53,0.0
4416.78,0.0
4417.03,0.0
4417.28,0.0
4417.53,0.0
4417.78,0.0
4418.03,0.0
4418.29,0.0
4418.54,0.0
4418.79,0.0
4419.04,0.0
4419.29,0.0
4419.54,0.0
4419.79,0.0
4420.04,0.0
4420.29,0.0
4420.54,0.0
4420.79,0.0
4421.04,0.0
4421.29,0.0
4421.54,0.0
4421.79,0.0
4422.04,0.0
4422.29,0.0
4422.54,0.0
4422.79,0.0
4423.04,0.0
4423.29,0.0
4423.55,0.0
4423.80,0.0
4424.05,0.0
4424.30,0.0
4424.55,0.0
4424.80,0.0
4425.05,0.0
4425.30,0.0
4425.55,0.0
4425.80,0.0
4426.05,0.0
4426.30,0.0
4426.55,0.0
4426.80,0.0
4427.05,0.0
4427.30,0.0
4427.55,0.0
4427.80,0.0
4428.05,0.0
4428.30,0.0
4428.55,0.0
4428.80,0.0
4429.05,0.0
4429.31,0.0
4429.56,0.0
4429.81,0.0
4430.06,0.0
4430.31,0.0
4430.56,0.0
4430.81,0.0
4431.06,0.0
4431.31,0.0
4431.56,0.0
4431.81,0.0
4432.06,0.0
4432.31,0.0
4432.56,0.0
4432.81,0.0
4433.06,0.0
4433.31,0.0
4433.56,0.0
4433.81,0.0
4434.06,0.0
4434.31,0.0
4434.56,0.0
4434.81,0.0
4435.06,0.0
4435.31,0.0
4435.57,0.0
4435.82,0.0
4436.07,0.0
4436.32,0.0
4436.57,0.0
4436.82,0.0
4437.07,0.0
4437.32,0.0
4437.57,0.0
4437.82,0.0
4438.07,0.0
4438.32,0.0
4438.57,0.0
4438.82,0.0
4439.07,0.0
4439.32,0.0
4439.57,0.0
4439.82,0.0
4440.07,0.0
4440.32,0.0
4440.57,0.0
4440.82,0.0
4441.07,0.0
4441.32,0.0
4441.58,0.0
4441.83,0.0
4442.08,0.0
4442.33,0.0
4442.58,0.0
4442.83,0.0
4443.08,0.0
4443.33,0.0
4443.58,0.0
4443.83,0.0
4444.08,0.0
4444.33,0.0
4444.58,0.0
4444.83,0.0
4445.08,0.0
4445.33,0.0
4445.58,0.0
4445.83,0.0
4446.08,0.0
4446.33,0.0
4446.58,0.0
4446.83,0.0
4447.09,0.0
4447.34,0.0
4447.59,0.0
4447.84,0.0
4448.09,0.0
4448.34,0.0
4448.59,0.0
4448.84,0.0
4449.09,0.0
4449.34,0.0
4449.59,0.0
4449.84,0.0
4450.09,0.0
4450.34,0.0
4450.59,0.0
4450.84,0.0
4451.09,0.0
4451.34,0.0
4451.59,0.0
4451.84,0.0
4452.09,0.0
4452.34,0.0
4452.59,0.0
4452.84,0.0
4453.10,0.0
4453.35,0.0
4453.60,0.0
4453.85,0.0
4454.10,0.0
4454.35,0.0
4454.60,0.0
4454.85,0.0
4455.10,0.0
4455.35,0.0
4455.60,0.0
4455.85,0.0
4456.10,0.0
4456.35,0.0
4456.60,0.0
4456.85,0.0
4457.10,0.0
4457.35,0.0
4457.60,0.0
4457.85,0.0
4458.10,0.0
4458.35,0.0
4458.60,0.0
4458.85,0.0
4459.10,0.0
4459.36,0.0
4459.61,0.0
4459.86,0.0
4460.11,0.0
4460.36,0.0
4460.61,0.0
4460.86,0.0
4461.11,0.0
4461.36,0.0
4461.61,0.0
4461.86,0.0
4462.11,0.0
4462.36,0.0
4462.61,0.0
4462.86,0.0
4463.11,0.0
4463.36,0.0
4463.61,0.0
4463.86,0.0
4464.11,0.0
4464.36,0.0
4464.61,0.0
4464.86,0.0
4465.12,0.0
4465.37,0.0
4465.62,0.0
4465.87,0.0
4466.12,0.0
4466.37,0.0
4466.62,0.0
4466.87,0.0
4467.12,0.0
4467.37,0.0
4467.62,0.0
4467.87,0.0
4468.12,0.0
4468.37,0.0
4468.62,0.0
4468.87,0.0
4469.12,0.0
4469.37,0.0
4469.62,0.0
4469.87,0.0
4470.12,0.0
4470.37,0.0
4470.62,0.0
4470.88,0.0
4471.12,0.0
4471.38,0.0
4471.63,0.0
4471.88,0.0
4472.13,0.0
4472.38,0.0
4472.63,0.0
4472.88,0.0
4473.13,0.0
4473.38,0.0
4473.63,0.0
4473.88,0.0
4474.13,0.0
4474.38,0.0
4474.63,0.0
4474.88,0.0
4475.13,0.0
4475.38,0.0
4475.63,0.0
4475.88,0.0
4476.13,0.0
4476.38,0.0
4476.63,0.0
4476.88,0.0
4477.14,0.0
4477.39,0.0
4477.64,0.0
4477.89,0.0
4478.14,0.0
4478.39,0.0
4478.64,0.0
4478.89,0.0
4479.14,0.0
4479.39,0.0
4479.64,0.0
4479.89,0.0
4480.14,0.0
4480.39,0.0
4480.64,0.0
4480.89,0.0
4481.14,0.0
4481.39,0.0
4481.64,0.0
4481.89,0.0
4482.14,0.0
4482.39,0.0
4482.64,0.0
4482.89,0.0
4483.15,0.0
4483.40,0.0
4483.65,0.0
4483.90,0.0
4484.15,0.0
4484.40,0.0
4484.65,0.0
4484.90,0.0
4485.15,0.0
4485.40,0.0
4485.65,0.0
4485.90,0.0
4486.15,0.0
4486.40,0.0
4486.65,0.0
4486.90,0.0
4487.15,0.0
4487.40,0.0
4487.65,0.0
4487.90,0.0
4488.15,0.0
4488.40,0.0
4488.65,0.0
4488.90,0.0
4489.15,0.0
4489.40,0.0
4489.65,0.0
4489.91,0.0
4490.16,0.0
4490.41,0.0
4490.66,0.0
4490.91,0.0
4491.16,0.0
4491.41,0.0
4491.66,0.0
4491.91,0.0
4492.16,0.0
4492.41,0.0
4492.66,0.0
4492.91,0.0
4493.16,0.0
4493.41,0.0
4493.66,0.0
4493.91,0.0
4494.16,0.0
4494.41,0.0
4494.66,0.0
4494.91,0.0
4495.16,0.0
4495.41,0.0
4495.67,0.0
4495.92,0.0
4496.17,0.0
4496.42,0.0
4496.67,0.0
4496.92,0.0
4497.17,0.0
4497.42,0.0
4497.67,0.0
4497.92,0.0
4498.17,0.0
4498.42,0.0
4498.67,0.0
4498.92,0.0
4499.17,0.0
4499.42,0.0
4499.67,0.0
4499.92,0.0
4500.17,0.0
4500.42,0.0
4500.68,0.0
4500.93,0.0
4501.18,0.0
4501.43,0.0
4501.68,0.0
4501.93,0.0
4502.18,0.0
4502.43,0.0
4502.68,0.0
4502.93,0.0
4503.18,0.0
4503.43,0.0
4503.68,0.0
4503.93,0.0
4504.18,0.0
4504.43,0.0
4504.68,0.0
4504.93,0.0
4505.18,0.0
4505.43,0.0
4505.68,0.0
4505.93,0.0
4506.18,0.0
4506.43,0.0
4506.68,0.0
4506.94,0.0
4507.19,0.0
4507.44,0.0
4507.69,0.0
4507.94,0.0
4508.19,0.0
4508.44,0.0
4508.69,0.0
4508.94,0.0
4509.19,0.0
4509.44,0.0
4509.69,0.0
4509.94,0.0
4510.19,0.0
4510.44,0.0
4510.69,0.0
4510.94,0.0
4511.19,0.0
4511.44,0.0
4511.69,0.0
4511.94,0.0
4512.19,0.0
4512.44,0.0
4512.69,0.0
4512.94,0.0
4513.20,0.0
4513.45,0.0
4513.70,0.0
4513.95,0.0
4514.20,0.0
4514.45,0.0
4514.70,0.0
4514.95,0.0
4515.20,0.0
4515.45,0.0
4515.70,0.0
4515.95,0.0
4516.20,0.0
4516.45,0.0
4516.70,0.0
4516.95,0.0
4517.20,0.0
4517.45,0.0
4517.70,0.0
4517.95,0.0
4518.20,0.0
4518.45,0.0
4518.70,0.0
4518.95,0.0
4519.21,0.0
4519.46,0.0
4519.71,0.0
4519.96,0.0
4520.21,0.0
4520.46,0.0
4520.71,0.0
4520.96,0.0
4521.21,0.0
4521.46,0.0
4521.71,0.0
4521.96,0.0
4522.21,0.0
4522.46,0.0
4522.71,0.0
4522.96,0.0
4523.21,0.0
4523.46,0.0
4523.71,0.0
4523.96,0.0
4524.21,0.0
4524.47,0.0
4524.72,0.0
4524.97,0.0
4525.22,0.0
4525.47,0.0
4525.72,0.0
4525.97,0.0
4526.22,0.0
4526.47,0.0
4526.72,0.0
4526.97,0.0
4527.22,0.0
4527.47,0.0
4527.72,0.0
4527.97,0.0
4528.22,0.0
4528.47,0.0
4528.72,0.0
4528.97,0.0
4529.22,0.0
4529.47,0.0
4529.72,0.0
4529.97,0.0
4530.22,0.0
4530.48,0.0
4530.73,0.0
4530.98,0.0
4531.23,0.0
4531.48,0.0
4531.73,0.0
4531.98,0.0
4532.23,0.0
4532.48,0.0
4532.73,0.0
4532.98,0.0
4533.23,0.0
4533.48,0.0
4533.73,0.0
4533.98,0.0
4534.23,0.0
4534.48,0.0
4534.73,0.0
4534.98,0.0
4535.23,0.0
4535.48,0.0
4535.73,0.0
4535.98,0.0
4536.23,0.0
4536.48,0.0
4536.73,0.0
4536.99,0.0
4537.24,0.0
4537.49,0.0
4537.74,0.0
4537.99,0.0
4538.24,0.0
4538.49,0.0
4538.74,0.0
4538.99,0.0
4539.24,0.0
4539.49,0.0
4539.74,0.0
4539.99,0.0
4540.24,0.0
4540.49,0.0
4540.74,0.0
4540.99,0.0
4541.24,0.0
4541.49,0.0
4541.74,0.0
4541.99,0.0
4542.24,0.0
4542.49,0.0
4542.74,0.0
4543.00,0.0
4543.25,0.0
4543.50,0.0
4543.75,0.0
4544.00,0.0
4544.25,0.0
4544.50,0.0
4544.75,0.0
4545.00,0.0
4545.25,0.0
4545.50,0.0
4545.75,0.0
4546.00,0.0
4546.25,0.0
4546.50,0.0
4546.75,0.0
4547.00,0.0
4547.25,0.0
4547.50,0.0
4547.75,0.0
4548.00,0.0
4548.25,0.0
4548.51,0.0
4548.76,0.0
4549.01,0.0
4549.26,0.0
4549.51,0.0
4549.76,0.0
4550.01,0.0
4550.26,0.0
4550.51,0.0
4550.76,0.0
4551.01,0.0
4551.26,0.0
4551.51,0.0
4551.76,0.0
4552.01,0.0
4552.26,0.0
4552.51,0.0
4552.76,0.0
4553.01,0.0
4553.26,0.0
4553.51,0.0
4553.76,0.0
4554.01,0.0
4554.27,0.0
4554.52,0.0
4554.77,0.0
4555.02,0.0
4555.27,0.0
4555.52,0.0
4555.77,0.0
4556.02,0.0
4556.27,0.0
4556.52,0.0
4556.77,0.0
4557.02,0.0
4557.27,0.0
4557.52,0.0
4557.77,0.0
4558.02,0.0
4558.27,0.0
4558.52,0.0
4558.77,0.0
4559.02,0.0
4559.27,0.0
4559.52,0.0
4559.77,0.0
4560.02,0.0
4560.27,0.0
4560.52,0.0
4560.77,0.0
4561.03,0.0
4561.28,0.0
4561.53,0.0
4561.78,0.0
4562.03,0.0
4562.28,0.0
4562.53,0.0
4562.78,0.0
4563.03,0.0
4563.28,0.0
4563.53,0.0
4563.78,0.0
4564.03,0.0
4564.28,0.0
4564.53,0.0
4564.78,0.0
4565.03,0.0
4565.28,0.0
4565.53,0.0
4565.78,0.0
4566.03,0.0
4566.28,0.0
4566.53,0.0
4566.78,0.0
4567.04,0.0
4567.29,0.0
4567.54,0.0
4567.79,0.0
4568.04,0.0
4568.29,0.0
4568.54,0.0
4568.79,0.0
4569.04,0.0
4569.29,0.0
4569.54,0.0
4569.79,0.0
4570.04,0.0
4570.29,0.0
4570.54,0.0
4570.79,0.0
4571.04,0.0
4571.29,0.0
4571.54,0.0
4571.79,0.0
4572.05,0.0
4572.30,0.0
4572.55,0.0
4572.80,0.0
4573.05,0.0
4573.30,0.0
4573.55,0.0
4573.80,0.0
4574.05,0.0
4574.30,0.0
4574.55,0.0
4574.80,0.0
4575.05,0.0
4575.30,0.0
4575.55,0.0
4575.80,0.0
4576.05,0.0
4576.30,0.0
4576.55,0.0
4576.80,0.0
4577.05,0.0
4577.30,0.0
4577.55,0.0
4577.81,0.0
4578.06,0.0
4578.31,0.0
4578.56,0.0
4578.81,0.0
4579.06,0.0
4579.31,0.0
4579.56,0.0
4579.81,0.0
4580.06,0.0
4580.31,0.0
4580.56,0.0
4580.81,0.0
4581.06,0.0
4581.31,0.0
4581.56,0.0
4581.81,0.0
4582.06,0.0
4582.31,0.0
4582.56,0.0
4582.81,0.0
4583.06,0.0
4583.31,0.0
4583.56,0.0
4583.81,0.0
4584.06,0.0
4584.32,0.0
4584.57,0.0
4584.82,0.0
4585.07,0.0
4585.32,0.0
4585.57,0.0
4585.82,0.0
4586.07,0.0
4586.32,0.0
4586.57,0.0
4586.82,0.0
4587.07,0.0
4587.32,0.0
4587.57,0.0
4587.82,0.0
4588.07,0.0
4588.32,0.0
4588.57,0.0
4588.82,0.0
4589.07,0.0
4589.32,0.0
4589.57,0.0
4589.82,0.0
4590.07,0.0
4590.33,0.0
4590.58,0.0
4590.83,0.0
4591.08,0.0
4591.33,0.0
4591.58,0.0
4591.83,0.0
4592.08,0.0
4592.33,0.0
4592.58,0.0
4592.83,0.0
4593.08,0.0
4593.33,0.0
4593.58,0.0
4593.83,0.0
4594.08,0.0
4594.33,0.0
4594.58,0.0
4594.83,0.0
4595.08,0.0
4595.34,0.0
4595.59,0.0
4595.84,0.0
4596.09,0.0
4596.34,0.0
4596.59,0.0
4596.84,0.0
4597.09,0.0
4597.34,0.0
4597.59,0.0
4597.84,0.0
4598.09,0.0
4598.34,0.0
4598.59,0.0
4598.84,0.0
4599.09,0.0
4599.34,0.0
4599.59,0.0
4599.84,0.0
4600.09,0.0
4600.34,0.0
4600.59,0.0
4600.84,0.0
4601.09,0.0
4601.35,0.0
4601.60,0.0
4601.85,0.0
4602.10,0.0
4602.35,0.0
4602.60,0.0
4602.85,0.0
4603.10,0.0
4603.35,0.0
4603.60,0.0
4603.85,0.0
4604.10,0.0
4604.35,0.0
4604.60,0.0
4604.85,0.0
4605.10,0.0
4605.35,0.0
4605.60,0.0
4605.85,0.0
4606.10,0.0
4606.35,0.0
4606.60,0.0
4606.85,0.0
4607.10,0.0
4607.35,0.0
4607.61,0.0
4607.86,0.0
4608.11,0.0
4608.36,0.0
4608.61,0.0
4608.86,0.0
4609.11,0.0
4609.36,0.0
4609.61,0.0
4609.86,0.0
4610.11,0.0
4610.36,0.0
4610.61,0.0
4610.86,0.0
4611.11,0.0
4611.36,0.0
4611.61,0.0
4611.86,0.0
4612.11,0.0
4612.36,0.0
4612.61,0.0
4612.86,0.0
4613.11,0.0
4613.37,0.0
4613.62,0.0
4613.87,0.0
4614.12,0.0
4614.37,0.0
4614.62,0.0
4614.87,0.0
4615.12,0.0
4615.37,0.0
4615.62,0.0
4615.87,0.0
4616.12,0.0
4616.37,0.0
4616.62,0.0
4616.87,0.0
4617.12,0.0
4617.37,0.0
4617.62,0.0
4617.87,0.0
4618.12,0.0
4618.37,0.0
4618.62,0.0
4618.88,0.0
4619.13,0.0
4619.38,0.0
4619.63,0.0
4619.88,0.0
4620.13,0.0
4620.38,0.0
4620.63,0.0
4620.88,0.0
4621.13,0.0
4621.38,0.0
4621.63,0.0
4621.88,0.0
4622.13,0.0
4622.38,0.0
4622.63,0.0
4622.88,0.0
4623.13,0.0
4623.38,0.0
4623.63,0.0
4623.88,0.0
4624.13,0.0
4624.39,0.0
4624.64,0.0
4624.89,0.0
4625.14,0.0
4625.39,0.0
4625.64,0.0
4625.89,0.0
4626.14,0.0
4626.39,0.0
4626.64,0.0
4626.89,0.0
4627.14,0.0
4627.39,0.0
4627.64,0.0
4627.89,0.0
4628.14,0.0
4628.39,0.0
4628.64,0.0
4628.89,0.0
4629.14,0.0
4629.39,0.0
4629.64,0.0
4629.89,0.0
4630.15,0.0
4630.40,0.0
4630.65,0.0
4630.90,0.0
4631.15,0.0
4631.40,0.0
4631.65,0.0
4631.90,0.0
4632.15,0.0
4632.40,0.0
4632.65,0.0
4632.90,0.0
4633.15,0.0
4633.40,0.0
4633.65,0.0
4633.90,0.0
4634.15,0.0
4634.40,0.0
4634.65,0.0
4634.90,0.0
4635.15,0.0
4635.40,0.0
4635.65,0.0
4635.90,0.0
4636.15,0.0
4636.40,0.0
4636.66,0.0
4636.91,0.0
4637.16,0.0
4637.41,0.0
4637.66,0.0
4637.91,0.0
4638.16,0.0
4638.41,0.0
4638.66,0.0
4638.91,0.0
4639.16,0.0
4639.41,0.0
4639.66,0.0
4639.91,0.0
4640.16,0.0
4640.41,0.0
4640.66,0.0
4640.91,0.0
4641.16,0.0
4641.41,0.0
4641.66,0.0
4641.91,0.0
4642.16,0.0
4642.41,0.0
4642.67,0.0
4642.92,0.0
4643.17,0.0
4643.42,0.0
4643.67,0.0
4643.92,0.0
4644.17,0.0
4644.42,0.0
4644.67,0.0
4644.92,0.0
4645.17,0.0
4645.42,0.0
4645.67,0.0
4645.92,0.0
4646.17,0.0
4646.42,0.0
4646.67,0.0
4646.92,0.0
4647.17,0.0
4647.42,0.0
4647.67,0.0
4647.93,0.0
4648.18,0.0
4648.43,0.0
4648.68,0.0
4648.93,0.0
4649.18,0.0
4649.43,0.0
4649.68,0.0
4649.93,0.0
4650.18,0.0
4650.43,0.0
4650.68,0.0
4650.93,0.0
4651.18,0.0
4651.43,0.0
4651.68,0.0
4651.93,0.0
4652.18,0.0
4652.43,0.0
4652.68,0.0
4652.93,0.0
4653.18,0.0
4653.43,0.0
4653.68,0.0
4653.94,0.0
4654.19,0.0
4654.44,0.0
4654.69,0.0
4654.94,0.0
4655.19,0.0
4655.44,0.0
4655.69,0.0
4655.94,0.0
4656.19,0.0
4656.44,0.0
4656.69,0.0
4656.94,0.0
4657.19,0.0
4657.44,0.0
4657.69,0.0
4657.94,0.0
4658.19,0.0
4658.44,0.0
4658.69,0.0
4658.94,0.0
4659.19,0.0
4659.44,0.0
4659.69,0.0
4659.94,0.0
4660.19,0.0
4660.44,0.0
4660.70,0.0
4660.95,0.0
4661.20,0.0
4661.45,0.0
4661.70,0.0
4661.95,0.0
4662.20,0.0
4662.45,0.0
4662.70,0.0
4662.95,0.0
4663.20,0.0
4663.45,0.0
4663.70,0.0
4663.95,0.0
4664.20,0.0
4664.45,0.0
4664.70,0.0
4664.95,0.0
4665.20,0.0
4665.45,0.0
4665.70,0.0
4665.95,0.0
4666.20,0.0
4666.46,0.0
4666.71,0.0
4666.96,0.0
4667.21,0.0
4667.46,0.0
4667.71,0.0
4667.96,0.0
4668.21,0.0
4668.46,0.0
4668.71,0.0
4668.96,0.0
4669.21,0.0
4669.46,0.0
4669.71,0.0
4669.96,0.0
4670.21,0.0
4670.46,0.0
4670.71,0.0
4670.96,0.0
4671.21,0.0
4671.46,0.0
4671.72,0.0
4671.97,0.0
4672.22,0.0
4672.47,0.0
4672.72,0.0
4672.97,0.0
4673.22,0.0
4673.47,0.0
4673.72,0.0
4673.97,0.0
4674.22,0.0
4674.47,0.0
4674.72,0.0
4674.97,0.0
4675.22,0.0
4675.47,0.0
4675.72,0.0
4675.97,0.0
4676.22,0.0
4676.47,0.0
4676.72,0.0
4676.97,0.0
4677.22,0.0
4677.47,0.0
4677.72,0.0
4677.98,0.0
4678.23,0.0
4678.48,0.0
4678.73,0.0
4678.98,0.0
4679.23,0.0
4679.48,0.0
4679.73,0.0
4679.98,0.0
4680.23,0.0
4680.48,0.0
4680.73,0.0
4680.98,0.0
4681.23,0.0
4681.48,0.0
4681.73,0.0
4681.98,0.0
4682.23,0.0
4682.48,0.0
4682.73,0.0
4682.98,0.0
4683.23,0.0
4683.48,0.0
4683.73,0.0
4683.98,0.0
4684.24,0.0
4684.49,0.0
4684.74,0.0
4684.99,0.0
4685.24,0.0
4685.49,0.0
4685.74,0.0
4685.99,0.0
4686.24,0.0
4686.49,0.0
4686.74,0.0
4686.99,0.0
4687.24,0.0
4687.49,0.0
4687.74,0.0
4687.99,0.0
4688.24,0.0
4688.49,0.0
4688.74,0.0
4688.99,0.0
4689.24,0.0
4689.49,0.0
4689.74,0.0
4689.99,0.0
4690.24,0.0
4690.50,0.0
4690.75,0.0
4691.00,0.0
4691.25,0.0
4691.50,0.0
4691.75,0.0
4692.00,0.0
4692.25,0.0
4692.50,0.0
4692.75,0.0
4693.00,0.0
4693.25,0.0
4693.50,0.0
4693.75,0.0
4694.00,0.0
4694.25,0.0
4694.50,0.0
4694.75,0.0
4695.00,0.0
4695.25,0.0
4695.51,0.0
4695.76,0.0
4696.01,0.0
4696.26,0.0
4696.51,0.0
4696.76,0.0
4697.01,0.0
4697.26,0.0
4697.51,0.0
4697.76,0.0
4698.01,0.0
4698.26,0.0
4698.51,0.0
4698.76,0.0
4699.01,0.0
4699.26,0.0
4699.51,0.0
4699.76,0.0
4700.01,0.0
4700.26,0.0
4700.51,0.0
4700.76,0.0
4701.01,0.0
4701.27,0.0
4701.52,0.0
4701.77,0.0
4702.02,0.0
4702.27,0.0
4702.52,0.0
4702.77,0.0
4703.02,0.0
4703.27,0.0
4703.52,0.0
4703.77,0.0
4704.02,0.0
4704.27,0.0
4704.52,0.0
4704.77,0.0
4705.02,0.0
4705.27,0.0
4705.52,0.0
4705.77,0.0
4706.02,0.0
4706.27,0.0
4706.52,0.0
4706.77,0.0
4707.02,0.0
4707.27,0.0
4707.52,0.0
4707.78,0.0
4708.03,0.0
4708.28,0.0
4708.53,0.0
4708.78,0.0
4709.03,0.0
4709.28,0.0
4709.53,0.0
4709.78,0.0
4710.03,0.0
4710.28,0.0
4710.53,0.0
4710.78,0.0
4711.03,0.0
4711.28,0.0
4711.53,0.0
4711.78,0.0
4712.03,0.0
4712.28,0.0
4712.53,0.0
4712.78,0.0
4713.03,0.0
4713.28,0.0
4713.54,0.0
4713.79,0.0
4714.04,0.0
4714.29,0.0
4714.54,0.0
4714.79,0.0
4715.04,0.0
4715.29,0.0
4715.54,0.0
4715.79,0.0
4716.04,0.0
4716.29,0.0
4716.54,0.0
4716.79,0.0
4717.04,0.0
4717.29,0.0
4717.54,0.0
4717.79,0.0
4718.04,0.0
4718.29,0.0
4718.55,0.0
4718.80,0.0
4719.05,0.0
4719.30,0.0
4719.55,0.0
4719.80,0.0
4720.05,0.0
4720.30,0.0
4720.55,0.0
4720.80,0.0
4721.05,0.0
4721.30,0.0
4721.55,0.0
4721.80,0.0
4722.05,0.0
4722.30,0.0
4722.55,0.0
4722.80,0.0
4723.05,0.0
4723.30,0.0
4723.55,0.0
4723.80,0.0
4724.05,0.0
4724.31,0.0
4724.56,0.0
4724.81,0.0
4725.06,0.0
4725.31,0.0
4725.56,0.0
4725.81,0.0
4726.06,0.0
4726.31,0.0
4726.56,0.0
4726.81,0.0
4727.06,0.0
4727.31,0.0
4727.56,0.0
4727.81,0.0
4728.06,0.0
4728.31,0.0
4728.56,0.0
4728.81,0.0
4729.06,0.0
4729.31,0.0
4729.56,0.0
4729.81,0.0
4730.06,0.0
4730.31,0.0
4730.56,0.0
4730.82,0.0
4731.07,0.0
4731.32,0.0
4731.57,0.0
4731.82,0.0
4732.07,0.0
4732.32,0.0
4732.57,0.0
4732.82,0.0
4733.07,0.0
4733.32,0.0
4733.57,0.0
4733.82,0.0
4734.07,0.0
4734.32,0.0
4734.57,0.0
4734.82,0.0
4735.07,0.0
4735.32,0.0
4735.57,0.0
4735.82,0.0
4736.07,0.0
4736.32,0.0
4736.57,0.0
4736.83,0.0
4737.08,0.0
4737.33,0.0
4737.58,0.0
4737.83,0.0
4738.08,0.0
4738.33,0.0
4738.58,0.0
4738.83,0.0
4739.08,0.0
4739.33,0.0
4739.58,0.0
4739.83,0.0
4740.08,0.0
4740.33,0.0
4740.58,0.0
4740.83,0.0
4741.08,0.0
4741.33,0.0
4741.58,0.0
4741.83,0.0
4742.09,0.0
4742.34,0.0
4742.59,0.0
4742.84,0.0
4743.09,0.0
4743.34,0.0
4743.59,0.0
4743.84,0.0
4744.09,0.0
4744.34,0.0
4744.59,0.0
4744.84,0.0
4745.09,0.0
4745.34,0.0
4745.59,0.0
4745.84,0.0
4746.09,0.0
4746.34,0.0
4746.59,0.0
4746.84,0.0
4747.09,0.0
4747.34,0.0
4747.60,0.0
4747.85,0.0
4748.10,0.0
4748.35,0.0
4748.60,0.0
4748.85,0.0
4749.10,0.0
4749.35,0.0
4749.60,0.0
4749.85,0.0
4750.10,0.0
4750.35,0.0
4750.60,0.0
4750.85,0.0
4751.10,0.0
4751.35,0.0
4751.60,0.0
4751.85,0.0
4752.10,0.0
4752.35,0.0
4752.60,0.0
4752.85,0.0
4753.10,0.0
4753.35,0.0
4753.60,0.0
4753.85,0.0
4754.11,0.0
4754.36,0.0
4754.61,0.0
4754.86,0.0
4755.11,0.0
4755.36,0.0
4755.61,0.0
4755.86,0.0
4756.11,0.0
4756.36,0.0
4756.61,0.0
4756.86,0.0
4757.11,0.0
4757.36,0.0
4757.61,0.0
4757.86,0.0
4758.11,0.0
4758.36,0.0
4758.61,0.0
4758.86,0.0
4759.11,0.0
4759.36,0.0
4759.61,0.0
4759.86,0.0
4760.12,0.0
4760.37,0.0
4760.62,0.0
4760.87,0.0
4761.12,0.0
4761.37,0.0
4761.62,0.0
4761.87,0.0
4762.12,0.0
4762.37,0.0
4762.62,0.0
4762.87,0.0
4763.12,0.0
4763.37,0.0
4763.62,0.0
4763.87,0.0
4764.12,0.0
4764.37,0.0
4764.62,0.0
4764.87,0.0
4765.12,0.0
4765.38,0.0
4765.62,0.0
4765.88,0.0
4766.13,0.0
4766.38,0.0
4766.63,0.0
4766.88,0.0
4767.13,0.0
4767.38,0.0
4767.63,0.0
4767.88,0.0
4768.13,0.0
4768.38,0.0
4768.63,0.0
4768.88,0.0
4769.13,0.0
4769.38,0.0
4769.63,0.0
4769.88,0.0
4770.13,0.0
4770.38,0.0
4770.63,0.0
4770.88,0.0
4771.14,0.0
4771.39,0.0
4771.64,0.0
4771.89,0.0
4772.14,0.0
4772.39,0.0
4772.64,0.0
4772.89,0.0
4773.14,0.0
4773.39,0.0
4773.64,0.0
4773.89,0.0
4774.14,0.0
4774.39,0.0
4774.64,0.0
4774.89,0.0
4775.14,0.0
4775.39,0.0
4775.64,0.0
4775.89,0.0
4776.14,0.0
4776.39,0.0
4776.64,0.0
4776.89,0.0
4777.15,0.0
4777.40,0.0
4777.65,0.0
4777.90,0.0
4778.15,0.0
4778.40,0.0
4778.65,0.0
4778.90,0.0
4779.15,0.0
4779.40,0.0
4779.65,0.0
4779.90,0.0
4780.15,0.0
4780.40,0.0
4780.65,0.0
4780.90,0.0
4781.15,0.0
4781.40,0.0
4781.65,0.0
4781.90,0.0
4782.15,0.0
4782.40,0.0
4782.65,0.0
4782.90,0.0
4783.15,0.0
4783.40,0.0
4783.66,0.0
4783.91,0.0
4784.16,0.0
4784.41,0.0
4784.66,0.0
4784.91,0.0
4785.16,0.0
4785.41,0.0
4785.66,0.0
4785.91,0.0
4786.16,0.0
4786.41,0.0
4786.66,0.0
4786.91,0.0
4787.16,0.0
4787.41,0.0
4787.66,0.0
4787.91,0.0
4788.16,0.0
4788.41,0.0
4788.66,0.0
4788.91,0.0
4789.16,0.0
4789.41,0.0
4789.67,0.0
4789.92,0.0
4790.17,0.0
4790.42,0.0
4790.67,0.0
4790.92,0.0
4791.17,0.0
4791.42,0.0
4791.67,0.0
4791.92,0.0
4792.17,0.0
4792.42,0.0
4792.67,0.0
4792.92,0.0
4793.17,0.0
4793.42,0.0
4793.67,0.0
4793.92,0.0
4794.17,0.0
4794.42,0.0
4794.67,0.0
4794.92,0.0
4795.18,0.0
4795.43,0.0
4795.68,0.0
4795.93,0.0
4796.18,0.0
4796.43,0.0
4796.68,0.0
4796.93,0.0
4797.18,0.0
4797.43,0.0
4797.68,0.0
4797.93,0.0
4798.18,0.0
4798.43,0.0
4798.68,0.0
4798.93,0.0
4799.18,0.0
4799.43,0.0
4799.68,0.0
4799.93,0.0
4800.18,0.0
4800.43,0.0
4800.68,0.0
4800.94,0.0
4801.19,0.0
4801.44,0.0
4801.69,0.0
4801.94,0.0
4802.19,0.0
4802.44,0.0
4802.69,0.0
4802.94,0.0
4803.19,0.0
4803.44,0.0
4803.69,0.0
4803.94,0.0
4804.19,0.0
4804.44,0.0
4804.69,0.0
4804.94,0.0
4805.19,0.0
4805.44,0.0
4805.69,0.0
4805.94,0.0
4806.19,0.0
4806.44,0.0
4806.69,0.0
4806.94,0.0
4807.19,0.0
4807.45,0.0
4807.70,0.0
4807.95,0.0
4808.20,0.0
4808.45,0.0
4808.70,0.0
4808.95,0.0
4809.20,0.0
4809.45,0.0
4809.70,0.0
4809.95,0.0
4810.20,0.0
4810.45,0.0
4810.70,0.0
4810.95,0.0
4811.20,0.0
4811.45,0.0
4811.70,0.0
4811.95,0.0
4812.20,0.0
4812.45,0.0
4812.70,0.0
4812.95,0.0
4813.20,0.0
4813.46,0.0
4813.71,0.0
4813.96,0.0
4814.21,0.0
4814.46,0.0
4814.71,0.0
4814.96,0.0
4815.21,0.0
4815.46,0.0
4815.71,0.0
4815.96,0.0
4816.21,0.0
4816.46,0.0
4816.71,0.0
4816.96,0.0
4817.21,0.0
4817.46,0.0
4817.71,0.0
4817.96,0.0
4818.21,0.0
4818.47,0.0
4818.72,0.0
4818.97,0.0
4819.22,0.0
4819.47,0.0
4819.72,0.0
4819.97,0.0
4820.22,0.0
4820.47,0.0
4820.72,0.0
4820.97,0.0
4821.22,0.0
4821.47,0.0
4821.72,0.0
4821.97,0.0
4822.22,0.0
4822.47,0.0
4822.72,0.0
4822.97,0.0
4823.22,0.0
4823.47,0.0
4823.72,0.0
4823.97,0.0
4824.23,0.0
4824.48,0.0
4824.73,0.0
4824.98,0.0
4825.23,0.0
4825.48,0.0
4825.73,0.0
4825.98,0.0
4826.23,0.0
4826.48,0.0
4826.73,0.0
4826.98,0.0
4827.23,0.0
4827.48,0.0
4827.73,0.0
4827.98,0.0
4828.23,0.0
4828.48,0.0
4828.73,0.0
4828.98,0.0
4829.23,0.0
4829.48,0.0
4829.73,0.0
4829.98,0.0
4830.23,0.0
4830.48,0.0
4830.73,0.0
4830.99,0.0
4831.24,0.0
4831.49,0.0
4831.74,0.0
4831.99,0.0
4832.24,0.0
4832.49,0.0
4832.74,0.0
4832.99,0.0
4833.24,0.0
4833.49,0.0
4833.74,0.0
4833.99,0.0
4834.24,0.0
4834.49,0.0
4834.74,0.0
4834.99,0.0
4835.24,0.0
4835.49,0.0
4835.74,0.0
4835.99,0.0
4836.24,0.0
4836.49,0.0
4836.74,0.0
4837.00,0.0
4837.25,0.0
4837.50,0.0
4837.75,0.0
4838.00,0.0
4838.25,0.0
4838.50,0.0
4838.75,0.0
4839.00,0.0
4839.25,0.0
4839.50,0.0
4839.75,0.0
4840.00,0.0
4840.25,0.0
4840.50,0.0
4840.75,0.0
4841.00,0.0
4841.25,0.0
4841.50,0.0
4841.75,0.0
4842.00,0.0
4842.26,0.0
4842.51,0.0
4842.76,0.0
4843.01,0.0
4843.26,0.0
4843.51,0.0
4843.76,0.0
4844.01,0.0
4844.26,0.0
4844.51,0.0
4844.76,0.0
4845.01,0.0
4845.26,0.0
4845.51,0.0
4845.76,0.0
4846.01,0.0
4846.26,0.0
4846.51,0.0
4846.76,0.0
4847.01,0.0
4847.26,0.0
4847.51,0.0
4847.76,0.0
4848.02,0.0
4848.27,0.0
4848.52,0.0
4848.77,0.0
4849.02,0.0
4849.27,0.0
4849.52,0.0
4849.77,0.0
4850.02,0.0
4850.27,0.0
4850.52,0.0
4850.77,0.0
4851.02,0.0
4851.27,0.0
4851.52,0.0
4851.77,0.0
4852.02,0.0
4852.27,0.0
4852.52,0.0
4852.77,0.0
4853.02,0.0
4853.27,0.0
4853.52,0.0
4853.77,0.0
4854.02,0.0
4854.28,0.0
4854.53,0.0
4854.78,0.0
4855.03,0.0
4855.28,0.0
4855.53,0.0
4855.78,0.0
4856.03,0.0
4856.28,0.0
4856.53,0.0
4856.78,0.0
4857.03,0.0
4857.28,0.0
4857.53,0.0
4857.78,0.0
4858.03,0.0
4858.28,0.0
4858.53,0.0
4858.78,0.0
4859.03,0.0
4859.28,0.0
4859.53,0.0
4859.78,0.0
4860.03,0.0
4860.29,0.0
4860.54,0.0
4860.79,0.0
4861.04,0.0
4861.29,0.0
4861.54,0.0
4861.79,0.0
4862.04,0.0
4862.29,0.0
4862.54,0.0
4862.79,0.0
4863.04,0.0
4863.29,0.0
4863.54,0.0
4863.79,0.0
4864.04,0.0
4864.29,0.0
4864.54,0.0
4864.79,0.0
4865.04,0.0
4865.29,0.0
4865.54,0.0
4865.80,0.0
4866.05,0.0
4866.30,0.0
4866.55,0.0
4866.80,0.0
4867.05,0.0
4867.30,0.0
4867.55,0.0
4867.80,0.0
4868.05,0.0
4868.30,0.0
4868.55,0.0
4868.80,0.0
4869.05,0.0
4869.30,0.0
4869.55,0.0
4869.80,0.0
4870.05,0.0
4870.30,0.0
4870.55,0.0
4870.80,0.0
4871.05,0.0
4871.31,0.0
4871.56,0.0
4871.81,0.0
4872.06,0.0
4872.31,0.0
4872.56,0.0
4872.81,0.0
4873.06,0.0
4873.31,0.0
4873.56,0.0
4873.81,0.0
4874.06,0.0
4874.31,0.0
4874.56,0.0
4874.81,0.0
4875.06,0.0
4875.31,0.0
4875.56,0.0
4875.81,0.0
4876.06,0.0
4876.31,0.0
4876.56,0.0
4876.81,0.0
4877.06,0.0
4877.31,0.0
4877.56,0.0
4877.82,0.0
4878.07,0.0
4878.32,0.0
4878.57,0.0
4878.82,0.0
4879.07,0.0
4879.32,0.0
4879.57,0.0
4879.82,0.0
4880.07,0.0
4880.32,0.0
4880.57,0.0
4880.82,0.0
4881.07,0.0
4881.32,0.0
4881.57,0.0
4881.82,0.0
4882.07,0.0
4882.32,0.0
4882.57,0.0
4882.82,0.0
4883.07,0.0
4883.32,0.0
4883.57,0.0
4883.82,0.0
4884.08,0.0
4884.33,0.0
4884.58,0.0
4884.83,0.0
4885.08,0.0
4885.33,0.0
4885.58,0.0
4885.83,0.0
4886.08,0.0
4886.33,0.0
4886.58,0.0
4886.83,0.0
4887.08,0.0
4887.33,0.0
4887.58,0.0
4887.83,0.0
4888.08,0.0
4888.33,0.0
4888.58,0.0
4888.83,0.0
4889.09,0.0
4889.34,0.0
4889.59,0.0
4889.84,0.0
4890.09,0.0
4890.34,0.0
4890.59,0.0
4890.84,0.0
4891.09,0.0
4891.34,0.0
4891.59,0.0
4891.84,0.0
4892.09,0.0
4892.34,0.0
4892.59,0.0
4892.84,0.0
4893.09,0.0
4893.34,0.0
4893.59,0.0
4893.84,0.0
4894.09,0.0
4894.34,0.0
4894.59,0.0
4894.84,0.0
4895.10,0.0
4895.35,0.0
4895.60,0.0
4895.85,0.0
4896.10,0.0
4896.35,0.0
4896.60,0.0
4896.85,0.0
4897.10,0.0
4897.35,0.0
4897.60,0.0
4897.85,0.0
4898.10,0.0
4898.35,0.0
4898.60,0.0
4898.85,0.0
4899.10,0.0
4899.35,0.0
4899.60,0.0
4899.85,0.0
4900.10,0.0
4900.35,0.0
4900.60,0.0
4900.85,0.0
4901.10,0.0
4901.36,0.0
4901.61,0.0
4901.86,0.0
4902.11,0.0
4902.36,0.0
4902.61,0.0
4902.86,0.0
4903.11,0.0
4903.36,0.0
4903.61,0.0
4903.86,0.0
4904.11,0.0
4904.36,0.0
4904.61,0.0
4904.86,0.0
4905.11,0.0
4905.36,0.0
4905.61,0.0
4905.86,0.0
4906.11,0.0
4906.36,0.0
4906.61,0.0
4906.86,0.0
4907.11,0.0
4907.36,0.0
4907.61,0.0
4907.87,0.0
4908.12,0.0
4908.37,0.0
4908.62,0.0
4908.87,0.0
4909.12,0.0
4909.37,0.0
4909.62,0.0
4909.87,0.0
4910.12,0.0
4910.37,0.0
4910.62,0.0
4910.87,0.0
4911.12,0.0
4911.37,0.0
4911.62,0.0
4911.87,0.0
4912.12,0.0
4912.37,0.0
4912.62,0.0
4912.87,0.0
4913.12,0.0
4913.38,0.0
4913.62,0.0
4913.88,0.0
4914.13,0.0
4914.38,0.0
4914.63,0.0
4914.88,0.0
4915.13,0.0
4915.38,0.0
4915.63,0.0
4915.88,0.0
4916.13,0.0
4916.38,0.0
4916.63,0.0
4916.88,0.0
4917.13,0.0
4917.38,0.0
4917.63,0.0
4917.88,0.0
4918.13,0.0
4918.38,0.0
4918.63,0.0
4918.88,0.0
4919.13,0.0
4919.38,0.0
4919.63,0.0
4919.88,0.0
4920.13,0.0
4920.39,0.0
4920.64,0.0
4920.89,0.0
4921.14,0.0
4921.39,0.0
4921.64,0.0
4921.89,0.0
4922.14,0.0
4922.39,0.0
4922.64,0.0
4922.89,0.0
4923.14,0.0
4923.39,0.0
4923.64,0.0
4923.89,0.0
4924.14,0.0
4924.39,0.0
4924.64,0.0
4924.89,0.0
4925.14,0.0
4925.39,0.0
4925.64,0.0
4925.89,0.0
4926.15,0.0
4926.40,0.0
4926.65,0.0
4926.90,0.0
4927.15,0.0
4927.40,0.0
4927.65,0.0
4927.90,0.0
4928.15,0.0
4928.40,0.0
4928.65,0.0
4928.90,0.0
4929.15,0.0
4929.40,0.0
4929.65,0.0
4929.90,0.0
4930.15,0.0
4930.40,0.0
4930.65,0.0
4930.90,0.0
4931.15,0.0
4931.40,0.0
4931.65,0.0
4931.90,0.0
4932.15,0.0
4932.40,0.0
4932.65,0.0
4932.91,0.0
4933.16,0.0
4933.41,0.0
4933.66,0.0
4933.91,0.0
4934.16,0.0
4934.41,0.0
4934.66,0.0
4934.91,0.0
4935.16,0.0
4935.41,0.0
4935.66,0.0
4935.91,0.0
4936.16,0.0
4936.41,0.0
4936.66,0.0
4936.91,0.0
4937.16,0.0
4937.41,0.0
4937.66,0.0
4937.91,0.0
4938.16,0.0
4938.41,0.0
4938.67,0.0
4938.92,0.0
4939.17,0.0
4939.42,0.0
4939.67,0.0
4939.92,0.0
4940.17,0.0
4940.42,0.0
4940.67,0.0
4940.92,0.0
4941.17,0.0
4941.42,0.0
4941.67,0.0
4941.92,0.0
4942.17,0.0
4942.42,0.0
4942.67,0.0
4942.92,0.0
4943.17,0.0
4943.42,0.0
4943.67,0.0
4943.93,0.0
4944.18,0.0
4944.43,0.0
4944.68,0.0
4944.93,0.0
4945.18,0.0
4945.43,0.0
4945.68,0.0
4945.93,0.0
4946.18,0.0
4946.43,0.0
4946.68,0.0
4946.93,0.0
4947.18,0.0
4947.43,0.0
4947.68,0.0
4947.93,0.0
4948.18,0.0
4948.43,0.0
4948.68,0.0
4948.93,0.0
4949.18,0.0
4949.43,0.0
4949.69,0.0
4949.94,0.0
4950.19,0.0
4950.44,0.0
4950.69,0.0
4950.94,0.0
4951.19,0.0
4951.44,0.0
4951.69,0.0
4951.94,0.0
4952.19,0.0
4952.44,0.0
4952.69,0.0
4952.94,0.0
4953.19,0.0
4953.44,0.0
4953.69,0.0
4953.94,0.0
4954.19,0.0
4954.44,0.0
4954.69,0.0
4954.94,0.0
4955.19,0.0
4955.44,0.0
4955.69,0.0
4955.95,0.0
4956.20,0.0
4956.45,0.0
4956.70,0.0
4956.95,0.0
4957.20,0.0
4957.45,0.0
4957.70,0.0
4957.95,0.0
4958.20,0.0
4958.45,0.0
4958.70,0.0
4958.95,0.0
4959.20,0.0
4959.45,0.0
4959.70,0.0
4959.95,0.0
4960.20,0.0
4960.45,0.0
4960.70,0.0
4960.95,0.0
4961.20,0.0
4961.45,0.0
4961.71,0.0
4961.96,0.0
4962.21,0.0
4962.46,0.0
4962.71,0.0
4962.96,0.0
4963.21,0.0
4963.46,0.0
4963.71,0.0
4963.96,0.0
4964.21,0.0
4964.46,0.0
4964.71,0.0
4964.96,0.0
4965.21,0.0
4965.46,0.0
4965.71,0.0
4965.96,0.0
4966.21,0.0
4966.46,0.0
4966.71,0.0
4966.97,0.0
4967.22,0.0
4967.47,0.0
4967.72,0.0
4967.97,0.0
4968.22,0.0
4968.47,0.0
4968.72,0.0
4968.97,0.0
4969.22,0.0
4969.47,0.0
4969.72,0.0
4969.97,0.0
4970.22,0.0
4970.47,0.0
4970.72,0.0
4970.97,0.0
4971.22,0.0
4971.47,0.0
4971.72,0.0
4971.97,0.0
4972.22,0.0
4972.47,0.0
4972.72,0.0
4972.98,0.0
4973.23,0.0
4973.48,0.0
4973.73,0.0
4973.98,0.0
4974.23,0.0
4974.48,0.0
4974.73,0.0
4974.98,0.0
4975.23,0.0
4975.48,0.0
4975.73,0.0
4975.98,0.0
4976.23,0.0
4976.48,0.0
4976.73,0.0
4976.98,0.0
4977.23,0.0
4977.48,0.0
4977.73,0.0
4977.98,0.0
4978.23,0.0
4978.48,0.0
4978.73,0.0
4978.98,0.0
4979.23,0.0
4979.48,0.0
4979.74,0.0
4979.99,0.0
4980.24,0.0
4980.49,0.0
4980.74,0.0
4980.99,0.0
4981.24,0.0
4981.49,0.0
4981.74,0.0
4981.99,0.0
4982.24,0.0
4982.49,0.0
4982.74,0.0
4982.99,0.0
4983.24,0.0
4983.49,0.0
4983.74,0.0
4983.99,0.0
4984.24,0.0
4984.49,0.0
4984.74,0.0
4984.99,0.0
4985.24,0.0
4985.50,0.0
4985.75,0.0
4986.00,0.0
4986.25,0.0
4986.50,0.0
4986.75,0.0
4987.00,0.0
4987.25,0.0
4987.50,0.0
4987.75,0.0
4988.00,0.0
4988.25,0.0
4988.50,0.0
4988.75,0.0
4989.00,0.0
4989.25,0.0
4989.50,0.0
4989.75,0.0
4990.00,0.0
4990.25,0.0
4990.50,0.0
4990.76,0.0
4991.01,0.0
4991.26,0.0
4991.51,0.0
4991.76,0.0
4992.01,0.0
4992.26,0.0
4992.51,0.0
4992.76,0.0
4993.01,0.0
4993.26,0.0
4993.51,0.0
4993.76,0.0
4994.01,0.0
4994.26,0.0
4994.51,0.0
4994.76,0.0
4995.01,0.0
4995.26,0.0
4995.51,0.0
4995.76,0.0
4996.01,0.0
4996.27,0.0
4996.52,0.0
4996.77,0.0
4997.02,0.0
4997.27,0.0
4997.52,0.0
4997.77,0.0
4998.02,0.0
4998.27,0.0
4998.52,0.0
4998.77,0.0
4999.02,0.0
4999.27,0.0
4999.52,0.0
4999.77,0.0
5000.02,0.0
5000.27,0.0
5000.52,0.0
5000.77,0.0
5001.02,0.0
5001.27,0.0
5001.52,0.0
5001.77,0.0
5002.02,0.0
5002.27,0.0
5002.52,0.0
5002.77,0.0
5003.03,0.0
5003.28,0.0
5003.53,0.0
5003.78,0.0
5004.03,0.0
5004.28,0.0
5004.53,0.0
5004.78,0.0
5005.03,0.0
5005.28,0.0
5005.53,0.0
5005.78,0.0
5006.03,0.0
5006.28,0.0
5006.53,0.0
5006.78,0.0
5007.03,0.0
5007.28,0.0
5007.53,0.0
5007.78,0.0
5008.03,0.0
5008.28,0.0
5008.53,0.0
5008.78,0.0
5009.03,0.0
5009.29,0.0
5009.54,0.0
5009.79,0.0
5010.04,0.0
5010.29,0.0
5010.54,0.0
5010.79,0.0
5011.04,0.0
5011.29,0.0
5011.54,0.0
5011.79,0.0
5012.04,0.0
5012.29,0.0
5012.54,0.0
5012.79,0.0
5013.04,0.0
5013.29,0.0
5013.54,0.0
5013.79,0.0
5014.04,0.0
5014.29,0.0
5014.54,0.0
5014.80,0.0
5015.05,0.0
5015.30,0.0
5015.55,0.0
5015.80,0.0
5016.05,0.0
5016.30,0.0
5016.55,0.0
5016.80,0.0
5017.05,0.0
5017.30,0.0
5017.55,0.0
5017.80,0.0
5018.05,0.0
5018.30,0.0
5018.55,0.0
5018.80,0.0
5019.05,0.0
5019.30,0.0
5019.55,0.0
5019.80,0.0
5020.05,0.0
5020.30,0.0
5020.56,0.0
5020.81,0.0
5021.06,0.0
5021.31,0.0
5021.56,0.0
5021.81,0.0
5022.06,0.0
5022.31,0.0
5022.56,0.0
5022.81,0.0
5023.06,0.0
5023.31,0.0
5023.56,0.0
5023.81,0.0
5024.06,0.0
5024.31,0.0
5024.56,0.0
5024.81,0.0
5025.06,0.0
5025.31,0.0
5025.56,0.0
5025.81,0.0
5026.06,0.0
5026.31,0.0
5026.56,0.0
5026.81,0.0
5027.07,0.0
5027.32,0.0
5027.57,0.0
5027.82,0.0
5028.07,0.0
5028.32,0.0
5028.57,0.0
5028.82,0.0
5029.07,0.0
5029.32,0.0
5029.57,0.0
5029.82,0.0
5030.07,0.0
5030.32,0.0
5030.57,0.0
5030.82,0.0
5031.07,0.0
5031.32,0.0
5031.57,0.0
5031.82,0.0
5032.07,0.0
5032.32,0.0
5032.57,0.0
5032.82,0.0
5033.08,0.0
5033.33,0.0
5033.58,0.0
5033.83,0.0
5034.08,0.0
5034.33,0.0
5034.58,0.0
5034.83,0.0
5035.08,0.0
5035.33,0.0
5035.58,0.0
5035.83,0.0
5036.08,0.0
5036.33,0.0
5036.58,0.0
5036.83,0.0
5037.08,0.0
5037.33,0.0
5037.58,0.0
5037.83,0.0
5038.08,0.0
5038.33,0.0
5038.58,0.0
5038.84,0.0
5039.09,0.0
5039.34,0.0
5039.59,0.0
5039.84,0.0
5040.09,0.0
5040.34,0.0
5040.59,0.0
5040.84,0.0
5041.09,0.0
5041.34,0.0
5041.59,0.0
5041.84,0.0
5042.09,0.0
5042.34,0.0
5042.59,0.0
5042.84,0.0
5043.09,0.0
5043.34,0.0
5043.59,0.0
5043.84,0.0
5044.09,0.0
5044.34,0.0
5044.59,0.0
5044.85,0.0
5045.10,0.0
5045.35,0.0
5045.60,0.0
5045.85,0.0
5046.10,0.0
5046.35,0.0
5046.60,0.0
5046.85,0.0
5047.10,0.0
5047.35,0.0
5047.60,0.0
5047.85,0.0
5048.10,0.0
5048.35,0.0
5048.60,0.0
5048.85,0.0
5049.10,0.0
5049.35,0.0
5049.60,0.0
5049.85,0.0
5050.10,0.0
5050.35,0.0
5050.60,0.0
5050.85,0.0
5051.11,0.0
5051.36,0.0
5051.61,0.0
5051.86,0.0
5052.11,0.0
5052.36,0.0
5052.61,0.0
5052.86,0.0
5053.11,0.0
5053.36,0.0
5053.61,0.0
5053.86,0.0
5054.11,0.0
5054.36,0.0
5054.61,0.0
5054.86,0.0
5055.11,0.0
5055.36,0.0
5055.61,0.0
5055.86,0.0
5056.11,0.0
5056.36,0.0
5056.62,0.0
5056.87,0.0
5057.12,0.0
5057.37,0.0
5057.62,0.0
5057.87,0.0
5058.12,0.0
5058.37,0.0
5058.62,0.0
5058.87,0.0
5059.12,0.0
5059.37,0.0
5059.62,0.0
5059.87,0.0
5060.12,0.0
5060.37,0.0
5060.62,0.0
5060.87,0.0
5061.12,0.0
5061.37,0.0
5061.62,0.0
5061.87,0.0
5062.12,0.0
5062.38,0.0
5062.62,0.0
5062.88,0.0
5063.13,0.0
5063.38,0.0
5063.63,0.0
5063.88,0.0
5064.13,0.0
5064.38,0.0
5064.63,0.0
5064.88,0.0
5065.13,0.0
5065.38,0.0
5065.63,0.0
5065.88,0.0
5066.13,0.0
5066.38,0.0
5066.63,0.0
5066.88,0.0
5067.13,0.0
5067.38,0.0
5067.63,0.0
5067.88,0.0
5068.13,0.0
5068.39,0.0
5068.64,0.0
5068.89,0.0
5069.14,0.0
5069.39,0.0
5069.64,0.0
5069.89,0.0
5070.14,0.0
5070.39,0.0
5070.64,0.0
5070.89,0.0
5071.14,0.0
5071.39,0.0
5071.64,0.0
5071.89,0.0
5072.14,0.0
5072.39,0.0
5072.64,0.0
5072.89,0.0
5073.14,0.0
5073.39,0.0
5073.64,0.0
5073.89,0.0
5074.14,0.0
5074.40,0.0
5074.65,0.0
5074.90,0.0
5075.15,0.0
5075.40,0.0
5075.65,0.0
5075.90,0.0
5076.15,0.0
5076.40,0.0
5076.65,0.0
5076.90,0.0
5077.15,0.0
5077.40,0.0
5077.65,0.0
5077.90,0.0
5078.15,0.0
5078.40,0.0
5078.65,0.0
5078.90,0.0
5079.15,0.0
5079.40,0.0
5079.65,0.0
5079.90,0.0
5080.15,0.0
5080.40,0.0
5080.65,0.0
5080.91,0.0
5081.16,0.0
5081.41,0.0
5081.66,0.0
5081.91,0.0
5082.16,0.0
5082.41,0.0
5082.66,0.0
5082.91,0.0
5083.16,0.0
5083.41,0.0
5083.66,0.0
5083.91,0.0
5084.16,0.0
5084.41,0.0
5084.66,0.0
5084.91,0.0
5085.16,0.0
5085.41,0.0
5085.66,0.0
5085.91,0.0
5086.16,0.0
5086.41,0.0
5086.67,0.0
5086.92,0.0
5087.17,0.0
5087.42,0.0
5087.67,0.0
5087.92,0.0
5088.17,0.0
5088.42,0.0
5088.67,0.0
5088.92,0.0
5089.17,0.0
5089.42,0.0
5089.67,0.0
5089.92,0.0
5090.17,0.0
5090.42,0.0
5090.67,0.0
5090.92,0.0
5091.17,0.0
5091.42,0.0
5091.67,0.0
5091.92,0.0
5092.18,0.0
5092.43,0.0
5092.68,0.0
5092.93,0.0
5093.18,0.0
5093.43,0.0
5093.68,0.0
5093.93,0.0
5094.18,0.0
5094.43,0.0
5094.68,0.0
5094.93,0.0
5095.18,0.0
5095.43,0.0
5095.68,0.0
5095.93,0.0
5096.18,0.0
5096.43,0.0
5096.68,0.0
5096.93,0.0
5097.18,0.0
5097.43,0.0
5097.68,0.0
5097.94,0.0
5098.19,0.0
5098.44,0.0
5098.69,0.0
5098.94,0.0
5099.19,0.0
5099.44,0.0
5099.69,0.0
5099.94,0.0
5100.19,0.0
5100.44,0.0
5100.69,0.0
5100.94,0.0
5101.19,0.0
5101.44,0.0
5101.69,0.0
5101.94,0.0
5102.19,0.0
5102.44,0.0
5102.69,0.0
5102.94,0.0
5103.19,0.0
5103.44,0.0
5103.69,0.0
5103.94,0.0
5104.19,0.0
5104.45,0.0
5104.70,0.0
5104.95,0.0
5105.20,0.0
5105.45,0.0
5105.70,0.0
5105.95,0.0
5106.20,0.0
5106.45,0.0
5106.70,0.0
5106.95,0.0
5107.20,0.0
5107.45,0.0
5107.70,0.0
5107.95,0.0
5108.20,0.0
5108.45,0.0
5108.70,0.0
5108.95,0.0
5109.20,0.0
5109.45,0.0
5109.70,0.0
5109.95,0.0
5110.21,0.0
5110.46,0.0
5110.71,0.0
5110.96,0.0
5111.21,0.0
5111.46,0.0
5111.71,0.0
5111.96,0.0
5112.21,0.0
5112.46,0.0
5112.71,0.0
5112.96,0.0
5113.21,0.0
5113.46,0.0
5113.71,0.0
5113.96,0.0
5114.21,0.0
5114.46,0.0
5114.71,0.0
5114.96,0.0
5115.21,0.0
5115.47,0.0
5115.72,0.0
5115.97,0.0
5116.22,0.0
5116.47,0.0
5116.72,0.0
5116.97,0.0
5117.22,0.0
5117.47,0.0
5117.72,0.0
5117.97,0.0
5118.22,0.0
5118.47,0.0
5118.72,0.0
5118.97,0.0
5119.22,0.0
5119.47,0.0
5119.72,0.0
5119.97,0.0
5120.22,0.0
5120.47,0.0
5120.72,0.0
5120.97,0.0
5121.22,0.0
5121.48,0.0
5121.73,0.0
5121.98,0.0
5122.23,0.0
5122.48,0.0
5122.73,0.0
5122.98,0.0
5123.23,0.0
5123.48,0.0
5123.73,0.0
5123.98,0.0
5124.23,0.0
5124.48,0.0
5124.73,0.0
5124.98,0.0
5125.23,0.0
5125.48,0.0
5125.73,0.0
5125.98,0.0
5126.23,0.0
5126.48,0.0
5126.73,0.0
5126.98,0.0
5127.23,0.0
5127.48,0.0
5127.73,0.0
5127.99,0.0
5128.24,0.0
5128.49,0.0
5128.74,0.0
5128.99,0.0
5129.24,0.0
5129.49,0.0
5129.74,0.0
5129.99,0.0
5130.24,0.0
5130.49,0.0
5130.74,0.0
5130.99,0.0
5131.24,0.0
5131.49,0.0
5131.74,0.0
5131.99,0.0
5132.24,0.0
5132.49,0.0
5132.74,0.0
5132.99,0.0
5133.24,0.0
5133.49,0.0
5133.74,0.0
5134.00,0.0
5134.25,0.0
5134.50,0.0
5134.75,0.0
5135.00,0.0
5135.25,0.0
5135.50,0.0
5135.75,0.0
5136.00,0.0
5136.25,0.0
5136.50,0.0
5136.75,0.0
5137.00,0.0
5137.25,0.0
5137.50,0.0
5137.75,0.0
5138.00,0.0
5138.25,0.0
5138.50,0.0
5138.75,0.0
5139.00,0.0
5139.26,0.0
5139.51,0.0
5139.76,0.0
5140.01,0.0
5140.26,0.0
5140.51,0.0
5140.76,0.0
5141.01,0.0
5141.26,0.0
5141.51,0.0
5141.76,0.0
5142.01,0.0
5142.26,0.0
5142.51,0.0
5142.76,0.0
5143.01,0.0
5143.26,0.0
5143.51,0.0
5143.76,0.0
5144.01,0.0
5144.26,0.0
5144.51,0.0
5144.76,0.0
5145.02,0.0
5145.27,0.0
5145.52,0.0
5145.77,0.0
5146.02,0.0
5146.27,0.0
5146.52,0.0
5146.77,0.0
5147.02,0.0
5147.27,0.0
5147.52,0.0
5147.77,0.0
5148.02,0.0
5148.27,0.0
5148.52,0.0
5148.77,0.0
5149.02,0.0
5149.27,0.0
5149.52,0.0
5149.77,0.0
5150.02,0.0
5150.27,0.0
5150.52,0.0
5150.77,0.0
5151.02,0.0
5151.28,0.0
5151.53,0.0
5151.78,0.0
5152.03,0.0
5152.28,0.0
5152.53,0.0
5152.78,0.0
5153.03,0.0
5153.28,0.0
5153.53,0.0
5153.78,0.0
5154.03,0.0
5154.28,0.0
5154.53,0.0
5154.78,0.0
5155.03,0.0
5155.28,0.0
5155.53,0.0
5155.78,0.0
5156.03,0.0
5156.28,0.0
5156.53,0.0
5156.78,0.0
5157.03,0.0
5157.29,0.0
5157.54,0.0
5157.79,0.0
5158.04,0.0
5158.29,0.0
5158.54,0.0
5158.79,0.0
5159.04,0.0
5159.29,0.0
5159.54,0.0
5159.79,0.0
5160.04,0.0
5160.29,0.0
5160.54,0.0
5160.79,0.0
5161.04,0.0
5161.29,0.0
5161.54,0.0
5161.79,0.0
5162.04,0.0
5162.29,0.0
5162.55,0.0
5162.80,0.0
5163.05,0.0
5163.30,0.0
5163.55,0.0
5163.80,0.0
5164.05,0.0
5164.30,0.0
5164.55,0.0
5164.80,0.0
5165.05,0.0
5165.30,0.0
5165.55,0.0
5165.80,0.0
5166.05,0.0
5166.30,0.0
5166.55,0.0
5166.80,0.0
5167.05,0.0
5167.30,0.0
5167.55,0.0
5167.80,0.0
5168.05,0.0
5168.30,0.0
5168.56,0.0
5168.81,0.0
5169.06,0.0
5169.31,0.0
5169.56,0.0
5169.81,0.0
5170.06,0.0
5170.31,0.0
5170.56,0.0
5170.81,0.0
5171.06,0.0
5171.31,0.0
5171.56,0.0
5171.81,0.0
5172.06,0.0
5172.31,0.0
5172.56,0.0
5172.81,0.0
5173.06,0.0
5173.31,0.0
5173.56,0.0
5173.81,0.0
5174.06,0.0
5174.31,0.0
5174.56,0.0
5174.81,0.0
5175.07,0.0
5175.32,0.0
5175.57,0.0
5175.82,0.0
5176.07,0.0
5176.32,0.0
5176.57,0.0
5176.82,0.0
5177.07,0.0
5177.32,0.0
5177.57,0.0
5177.82,0.0
5178.07,0.0
5178.32,0.0
5178.57,0.0
5178.82,0.0
5179.07,0.0
5179.32,0.0
5179.57,0.0
5179.82,0.0
5180.07,0.0
5180.32,0.0
5180.57,0.0
5180.82,0.0
5181.08,0.0
5181.33,0.0
5181.58,0.0
5181.83,0.0
5182.08,0.0
5182.33,0.0
5182.58,0.0
5182.83,0.0
5183.08,0.0
5183.33,0.0
5183.58,0.0
5183.83,0.0
5184.08,0.0
5184.33,0.0
5184.58,0.0
5184.83,0.0
5185.08,0.0
5185.33,0.0
5185.58,0.0
5185.83,0.0
5186.08,0.0
5186.33,0.0
5186.59,0.0
5186.84,0.0
5187.09,0.0
5187.34,0.0
5187.59,0.0
5187.84,0.0
5188.09,0.0
5188.34,0.0
5188.59,0.0
5188.84,0.0
5189.09,0.0
5189.34,0.0
5189.59,0.0
5189.84,0.0
5190.09,0.0
5190.34,0.0
5190.59,0.0
5190.84,0.0
5191.09,0.0
5191.34,0.0
5191.59,0.0
5191.84,0.0
5192.09,0.0
5192.34,0.0
5192.60,0.0
5192.85,0.0
5193.10,0.0
5193.35,0.0
5193.60,0.0
5193.85,0.0
5194.10,0.0
5194.35,0.0
5194.60,0.0
5194.85,0.0
5195.10,0.0
5195.35,0.0
5195.60,0.0
5195.85,0.0
5196.10,0.0
5196.35,0.0
5196.60,0.0
5196.85,0.0
5197.10,0.0
5197.35,0.0
5197.60,0.0
5197.85,0.0
5198.10,0.0
5198.35,0.0
5198.60,0.0
5198.85,0.0
5199.11,0.0
5199.36,0.0
5199.61,0.0
5199.86,0.0
5200.11,0.0
5200.36,0.0
5200.61,0.0
5200.86,0.0
5201.11,0.0
5201.36,0.0
5201.61,0.0
5201.86,0.0
5202.11,0.0
5202.36,0.0
5202.61,0.0
5202.86,0.0
5203.11,0.0
5203.36,0.0
5203.61,0.0
5203.86,0.0
5204.11,0.0
5204.36,0.0
5204.61,0.0
5204.86,0.0
5205.12,0.0
5205.37,0.0
5205.62,0.0
5205.87,0.0
5206.12,0.0
5206.37,0.0
5206.62,0.0
5206.87,0.0
5207.12,0.0
5207.37,0.0
5207.62,0.0
5207.87,0.0
5208.12,0.0
5208.37,0.0
5208.62,0.0
5208.87,0.0
5209.12,0.0
5209.37,0.0
5209.62,0.0
5209.87,0.0
5210.12,0.0
5210.38,0.0
5210.62,0.0
5210.88,0.0
5211.13,0.0
5211.38,0.0
5211.63,0.0
5211.88,0.0
5212.13,0.0
5212.38,0.0
5212.63,0.0
5212.88,0.0
5213.13,0.0
5213.38,0.0
5213.63,0.0
5213.88,0.0
5214.13,0.0
5214.38,0.0
5214.63,0.0
5214.88,0.0
5215.13,0.0
5215.38,0.0
5215.63,0.0
5215.88,0.0
5216.13,0.0
5216.39,0.0
5216.64,0.0
5216.89,0.0
5217.14,0.0
5217.39,0.0
5217.64,0.0
5217.89,0.0
5218.14,0.0
5218.39,0.0
5218.64,0.0
5218.89,0.0
5219.14,0.0
5219.39,0.0
5219.64,0.0
5219.89,0.0
5220.14,0.0
5220.39,0.0
5220.64,0.0
5220.89,0.0
5221.14,0.0
5221.39,0.0
5221.64,0.0
5221.89,0.0
5222.15,0.0
5222.40,0.0
5222.65,0.0
5222.90,0.0
5223.15,0.0
5223.40,0.0
5223.65,0.0
5223.90,0.0
5224.15,0.0
5224.40,0.0
5224.65,0.0
5224.90,0.0
5225.15,0.0
5225.40,0.0
5225.65,0.0
5225.90,0.0
5226.15,0.0
5226.40,0.0
5226.65,0.0
5226.90,0.0
5227.15,0.0
5227.40,0.0
5227.65,0.0
5227.90,0.0
5228.15,0.0
5228.40,0.0
5228.65,0.0
5228.91,0.0
5229.16,0.0
5229.41,0.0
5229.66,0.0
5229.91,0.0
5230.16,0.0
5230.41,0.0
5230.66,0.0
5230.91,0.0
5231.16,0.0
5231.41,0.0
5231.66,0.0
5231.91,0.0
5232.16,0.0
5232.41,0.0
5232.66,0.0
5232.91,0.0
5233.16,0.0
5233.41,0.0
5233.66,0.0
5233.91,0.0
5234.16,0.0
5234.41,0.0
5234.67,0.0
5234.92,0.0
5235.17,0.0
5235.42,0.0
5235.67,0.0
5235.92,0.0
5236.17,0.0
5236.42,0.0
5236.67,0.0
5236.92,0.0
5237.17,0.0
5237.42,0.0
5237.67,0.0
5237.92,0.0
5238.17,0.0
5238.42,0.0
5238.67,0.0
5238.92,0.0
5239.17,0.0
5239.42,0.0
5239.68,0.0
5239.93,0.0
5240.18,0.0
5240.43,0.0
5240.68,0.0
5240.93,0.0
5241.18,0.0
5241.43,0.0
5241.68,0.0
5241.93,0.0
5242.18,0.0
5242.43,0.0
5242.68,0.0
5242.93,0.0
5243.18,0.0
5243.43,0.0
5243.68,0.0
5243.93,0.0
5244.18,0.0
5244.43,0.0
5244.68,0.0
5244.93,0.0
5245.18,0.0
5245.44,0.0
5245.69,0.0
5245.94,0.0
5246.19,0.0
5246.44,0.0
5246.69,0.0
5246.94,0.0
5247.19,0.0
5247.44,0.0
5247.69,0.0
5247.94,0.0
5248.19,0.0
5248.44,0.0
5248.69,0.0
5248.94,0.0
5249.19,0.0
5249.44,0.0
5249.69,0.0
5249.94,0.0
5250.19,0.0
5250.44,0.0
5250.69,0.0
5250.94,0.0
5251.19,0.0
5251.44,0.0
5251.69,0.0
5251.94,0.0
5252.20,0.0
5252.45,0.0
5252.70,0.0
5252.95,0.0
5253.20,0.0
5253.45,0.0
5253.70,0.0
5253.95,0.0
5254.20,0.0
5254.45,0.0
5254.70,0.0
5254.95,0.0
5255.20,0.0
5255.45,0.0
5255.70,0.0
5255.95,0.0
5256.20,0.0
5256.45,0.0
5256.70,0.0
5256.95,0.0
5257.20,0.0
5257.45,0.0
5257.70,0.0
5257.95,0.0
5258.20,0.0
5258.46,0.0
5258.71,0.0
5258.96,0.0
5259.21,0.0
5259.46,0.0
5259.71,0.0
5259.96,0.0
5260.21,0.0
5260.46,0.0
5260.71,0.0
5260.96,0.0
5261.21,0.0
5261.46,0.0
5261.71,0.0
5261.96,0.0
5262.21,0.0
5262.46,0.0
5262.71,0.0
5262.96,0.0
5263.21,0.0
5263.46,0.0
5263.72,0.0
5263.97,0.0
5264.22,0.0
5264.47,0.0
5264.72,0.0
5264.97,0.0
5265.22,0.0
5265.47,0.0
5265.72,0.0
5265.97,0.0
5266.22,0.0
5266.47,0.0
5266.72,0.0
5266.97,0.0
5267.22,0.0
5267.47,0.0
5267.72,0.0
5267.97,0.0
5268.22,0.0
5268.47,0.0
5268.72,0.0
5268.97,0.0
5269.22,0.0
5269.48,0.0
5269.73,0.0
5269.98,0.0
5270.23,0.0
5270.48,0.0
5270.73,0.0
5270.98,0.0
5271.23,0.0
5271.48,0.0
5271.73,0.0
5271.98,0.0
5272.23,0.0
5272.48,0.0
5272.73,0.0
5272.98,0.0
5273.23,0.0
5273.48,0.0
5273.73,0.0
5273.98,0.0
5274.23,0.0
5274.48,0.0
5274.73,0.0
5274.98,0.0
5275.23,0.0
5275.48,0.0
5275.73,0.0
5275.98,0.0
5276.24,0.0
5276.49,0.0
5276.74,0.0
5276.99,0.0
5277.24,0.0
5277.49,0.0
5277.74,0.0
5277.99,0.0
5278.24,0.0
5278.49,0.0
5278.74,0.0
5278.99,0.0
5279.24,0.0
5279.49,0.0
5279.74,0.0
5279.99,0.0
5280.24,0.0
5280.49,0.0
5280.74,0.0
5280.99,0.0
5281.24,0.0
5281.49,0.0
5281.74,0.0
5281.99,0.0
5282.24,0.0
5282.50,0.0
5282.75,0.0
5283.00,0.0
5283.25,0.0
5283.50,0.0
5283.75,0.0
5284.00,0.0
5284.25,0.0
5284.50,0.0
5284.75,0.0
5285.00,0.0
5285.25,0.0
5285.50,0.0
5285.75,0.0
5286.00,0.0
5286.25,0.0
5286.50,0.0
5286.75,0.0
5287.00,0.0
5287.25,0.0
5287.50,0.0
5287.75,0.0
5288.01,0.0
5288.26,0.0
5288.51,0.0
5288.76,0.0
5289.01,0.0
5289.26,0.0
5289.51,0.0
5289.76,0.0
5290.01,0.0
5290.26,0.0
5290.51,0.0
5290.76,0.0
5291.01,0.0
5291.26,0.0
5291.51,0.0
5291.76,0.0
5292.01,0.0
5292.26,0.0
5292.51,0.0
5292.76,0.0
5293.01,0.0
5293.26,0.0
5293.51,0.0
5293.76,0.0
5294.02,0.0
5294.27,0.0
5294.52,0.0
5294.77,0.0
5295.02,0.0
5295.27,0.0
5295.52,0.0
5295.77,0.0
5296.02,0.0
5296.27,0.0
5296.52,0.0
5296.77,0.0
5297.02,0.0
5297.27,0.0
5297.52,0.0
5297.77,0.0
5298.02,0.0
5298.27,0.0
5298.52,0.0
5298.77,0.0
5299.02,0.0
5299.27,0.0
5299.52,0.0
5299.77,0.0
5300.03,0.0
5300.28,0.0
5300.53,0.0
5300.78,0.0
5301.03,0.0
5301.28,0.0
5301.53,0.0
5301.78,0.0
5302.03,0.0
5302.28,0.0
5302.53,0.0
5302.78,0.0
5303.03,0.0
5303.28,0.0
5303.53,0.0
5303.78,0.0
5304.03,0.0
5304.28,0.0
5304.53,0.0
5304.78,0.0
5305.03,0.0
5305.28,0.0
5305.53,0.0
5305.79,0.0
5306.04,0.0
5306.29,0.0
5306.54,0.0
5306.79,0.0
5307.04,0.0
5307.29,0.0
5307.54,0.0
5307.79,0.0
5308.04,0.0
5308.29,0.0
5308.54,0.0
5308.79,0.0
5309.04,0.0
5309.29,0.0
5309.54,0.0
5309.79,0.0
5310.04,0.0
5310.29,0.0
5310.54,0.0
5310.80,0.0
5311.05,0.0
5311.30,0.0
5311.55,0.0
5311.80,0.0
5312.05,0.0
5312.30,0.0
5312.55,0.0
5312.80,0.0
5313.05,0.0
5313.30,0.0
5313.55,0.0
5313.80,0.0
5314.05,0.0
5314.30,0.0
5314.55,0.0
5314.80,0.0
5315.05,0.0
5315.30,0.0
5315.55,0.0
5315.80,0.0
5316.05,0.0
5316.30,0.0
5316.56,0.0
5316.81,0.0
5317.06,0.0
5317.31,0.0
5317.56,0.0
5317.81,0.0
5318.06,0.0
5318.31,0.0
5318.56,0.0
5318.81,0.0
5319.06,0.0
5319.31,0.0
5319.56,0.0
5319.81,0.0
5320.06,0.0
5320.31,0.0
5320.56,0.0
5320.81,0.0
5321.06,0.0
5321.31,0.0
5321.56,0.0
5321.81,0.0
5322.06,0.0
5322.31,0.0
5322.56,0.0
5322.82,0.0
5323.07,0.0
5323.32,0.0
5323.57,0.0
5323.82,0.0
5324.07,0.0
5324.32,0.0
5324.57,0.0
5324.82,0.0
5325.07,0.0
5325.32,0.0
5325.57,0.0
5325.82,0.0
5326.07,0.0
5326.32,0.0
5326.57,0.0
5326.82,0.0
5327.07,0.0
5327.32,0.0
5327.57,0.0
5327.82,0.0
5328.07,0.0
5328.32,0.0
5328.58,0.0
5328.83,0.0
5329.08,0.0
5329.33,0.0
5329.58,0.0
5329.83,0.0
5330.08,0.0
5330.33,0.0
5330.58,0.0
5330.83,0.0
5331.08,0.0
5331.33,0.0
5331.58,0.0
5331.83,0.0
5332.08,0.0
5332.33,0.0
5332.58,0.0
5332.83,0.0
5333.08,0.0
5333.33,0.0
5333.58,0.0
5333.83,0.0
5334.08,0.0
5334.34,0.0
5334.59,0.0
5334.84,0.0
5335.09,0.0
5335.34,0.0
5335.59,0.0
5335.84,0.0
5336.09,0.0
5336.34,0.0
5336.59,0.0
5336.84,0.0
5337.09,0.0
5337.34,0.0
5337.59,0.0
5337.84,0.0
5338.09,0.0
5338.34,0.0
5338.59,0.0
5338.84,0.0
5339.09,0.0
5339.34,0.0
5339.59,0.0
5339.84,0.0
5340.10,0.0
5340.35,0.0
5340.60,0.0
5340.85,0.0
5341.10,0.0
5341.35,0.0
5341.60,0.0
5341.85,0.0
5342.10,0.0
5342.35,0.0
5342.60,0.0
5342.85,0.0
5343.10,0.0
5343.35,0.0
5343.60,0.0
5343.85,0.0
5344.10,0.0
5344.35,0.0
5344.60,0.0
5344.85,0.0
5345.10,0.0
5345.35,0.0
5345.60,0.0
5345.85,0.0
5346.10,0.0
5346.35,0.0
5346.60,0.0
5346.86,0.0
5347.11,0.0
5347.36,0.0
5347.61,0.0
5347.86,0.0
5348.11,0.0
5348.36,0.0
5348.61,0.0
5348.86,0.0
5349.11,0.0
5349.36,0.0
5349.61,0.0
5349.86,0.0
5350.11,0.0
5350.36,0.0
5350.61,0.0
5350.86,0.0
5351.11,0.0
5351.36,0.0
5351.61,0.0
5351.86,0.0
5352.11,0.0
5352.36,0.0
5352.61,0.0
5352.87,0.0
5353.12,0.0
5353.37,0.0
5353.62,0.0
5353.87,0.0
5354.12,0.0
5354.37,0.0
5354.62,0.0
5354.87,0.0
5355.12,0.0
5355.37,0.0
5355.62,0.0
5355.87,0.0
5356.12,0.0
5356.37,0.0
5356.62,0.0
5356.87,0.0
5357.12,0.0
5357.37,0.0
5357.62,0.0
5357.87,0.0
5358.12,0.0
5358.38,0.0
5358.62,0.0
5358.88,0.0
5359.13,0.0
5359.38,0.0
5359.63,0.0
5359.88,0.0
5360.13,0.0
5360.38,0.0
5360.63,0.0
5360.88,0.0
5361.13,0.0
5361.38,0.0
5361.63,0.0
5361.88,0.0
5362.13,0.0
5362.38,0.0
5362.63,0.0
5362.88,0.0
5363.13,0.0
5363.38,0.0
5363.63,0.0
5363.88,0.0
5364.14,0.0
5364.39,0.0
5364.64,0.0
5364.89,0.0
5365.14,0.0
5365.39,0.0
5365.64,0.0
5365.89,0.0
5366.14,0.0
5366.39,0.0
5366.64,0.0
5366.89,0.0
5367.14,0.0
5367.39,0.0
5367.64,0.0
5367.89,0.0
5368.14,0.0
5368.39,0.0
5368.64,0.0
5368.89,0.0
5369.14,0.0
5369.39,0.0
5369.64,0.0
5369.89,0.0
5370.15,0.0
5370.40,0.0
5370.65,0.0
5370.90,0.0
5371.15,0.0
5371.40,0.0
5371.65,0.0
5371.90,0.0
5372.15,0.0
5372.40,0.0
5372.65,0.0
5372.90,0.0
5373.15,0.0
5373.40,0.0
5373.65,0.0
5373.90,0.0
5374.15,0.0
5374.40,0.0
5374.65,0.0
5374.90,0.0
5375.15,0.0
5375.40,0.0
5375.65,0.0
5375.90,0.0
5376.15,0.0
5376.41,0.0
5376.66,0.0
5376.91,0.0
5377.16,0.0
5377.41,0.0
5377.66,0.0
5377.91,0.0
5378.16,0.0
5378.41,0.0
5378.66,0.0
5378.91,0.0
5379.16,0.0
5379.41,0.0
5379.66,0.0
5379.91,0.0
5380.16,0.0
5380.41,0.0
5380.66,0.0
5380.91,0.0
5381.16,0.0
5381.41,0.0
5381.66,0.0
5381.91,0.0
5382.16,0.0
5382.42,0.0
5382.67,0.0
5382.92,0.0
5383.17,0.0
5383.42,0.0
5383.67,0.0
5383.92,0.0
5384.17,0.0
5384.42,0.0
5384.67,0.0
5384.92,0.0
5385.17,0.0
5385.42,0.0
5385.67,0.0
5385.92,0.0
5386.17,0.0
5386.42,0.0
5386.67,0.0
5386.92,0.0
5387.17,0.0
5387.42,0.0
5387.67,0.0
5387.93,0.0
5388.18,0.0
5388.43,0.0
5388.68,0.0
5388.93,0.0
5389.18,0.0
5389.43,0.0
5389.68,0.0
5389.93,0.0
5390.18,0.0
5390.43,0.0
5390.68,0.0
5390.93,0.0
5391.18,0.0
5391.43,0.0
5391.68,0.0
5391.93,0.0
5392.18,0.0
5392.43,0.0
5392.68,0.0
5392.93,0.0
5393.18,0.0
5393.43,0.0
5393.68,0.0
5393.94,0.0
5394.19,0.0
5394.44,0.0
5394.69,0.0
5394.94,0.0
5395.19,0.0
5395.44,0.0
5395.69,0.0
5395.94,0.0
5396.19,0.0
5396.44,0.0
5396.69,0.0
5396.94,0.0
5397.19,0.0
5397.44,0.0
5397.69,0.0
5397.94,0.0
5398.19,0.0
5398.44,0.0
5398.69,0.0
5398.94,0.0
5399.19,0.0
5399.44,0.0
5399.69,0.0
5399.94,0.0
5400.19,0.0
5400.44,0.0
5400.70,0.0
5400.95,0.0
5401.20,0.0
5401.45,0.0
5401.70,0.0
5401.95,0.0
5402.20,0.0
5402.45,0.0
5402.70,0.0
5402.95,0.0
5403.20,0.0
5403.45,0.0
5403.70,0.0
5403.95,0.0
5404.20,0.0
5404.45,0.0
5404.70,0.0
5404.95,0.0
5405.20,0.0
5405.45,0.0
5405.70,0.0
5405.95,0.0
5406.20,0.0
5406.46,0.0
5406.71,0.0
5406.96,0.0
5407.21,0.0
5407.46,0.0
5407.71,0.0
5407.96,0.0
5408.21,0.0
5408.46,0.0
5408.71,0.0
5408.96,0.0
5409.21,0.0
5409.46,0.0
5409.71,0.0
5409.96,0.0
5410.21,0.0
5410.46,0.0
5410.71,0.0
5410.96,0.0
5411.21,0.0
5411.46,0.0
5411.72,0.0
5411.97,0.0
5412.22,0.0
5412.47,0.0
5412.72,0.0
5412.97,0.0
5413.22,0.0
5413.47,0.0
5413.72,0.0
5413.97,0.0
5414.22,0.0
5414.47,0.0
5414.72,0.0
5414.97,0.0
5415.22,0.0
5415.47,0.0
5415.72,0.0
5415.97,0.0
5416.22,0.0
5416.47,0.0
5416.72,0.0
5416.97,0.0
5417.22,0.0
5417.48,0.0
5417.73,0.0
5417.98,0.0
5418.23,0.0
5418.48,0.0
5418.73,0.0
5418.98,0.0
5419.23,0.0
5419.48,0.0
5419.73,0.0
5419.98,0.0
5420.23,0.0
5420.48,0.0
5420.73,0.0
5420.98,0.0
5421.23,0.0
5421.48,0.0
5421.73,0.0
5421.98,0.0
5422.23,0.0
5422.48,0.0
5422.73,0.0
5422.98,0.0
5423.23,0.0
5423.48,0.0
5423.73,0.0
5423.99,0.0
5424.24,0.0
5424.49,0.0
5424.74,0.0
5424.99,0.0
5425.24,0.0
5425.49,0.0
5425.74,0.0
5425.99,0.0
5426.24,0.0
5426.49,0.0
5426.74,0.0
5426.99,0.0
5427.24,0.0
5427.49,0.0
5427.74,0.0
5427.99,0.0
5428.24,0.0
5428.49,0.0
5428.74,0.0
5428.99,0.0
5429.24,0.0
5429.49,0.0
5429.75,0.0
5430.00,0.0
5430.25,0.0
5430.50,0.0
5430.75,0.0
5431.00,0.0
5431.25,0.0
5431.50,0.0
5431.75,0.0
5432.00,0.0
5432.25,0.0
5432.50,0.0
5432.75,0.0
5433.00,0.0
5433.25,0.0
5433.50,0.0
5433.75,0.0
5434.00,0.0
5434.25,0.0
5434.50,0.0
5434.75,0.0
5435.00,0.0
5435.26,0.0
5435.51,0.0
5435.76,0.0
5436.01,0.0
5436.26,0.0
5436.51,0.0
5436.76,0.0
5437.01,0.0
5437.26,0.0
5437.51,0.0
5437.76,0.0
5438.01,0.0
5438.26,0.0
5438.51,0.0
5438.76,0.0
5439.01,0.0
5439.26,0.0
5439.51,0.0
5439.76,0.0
5440.01,0.0
5440.26,0.0
5440.51,0.0
5440.76,0.0
5441.01,0.0
5441.26,0.0
5441.52,0.0
5441.77,0.0
5442.02,0.0
5442.27,0.0
5442.52,0.0
5442.77,0.0
5443.02,0.0
5443.27,0.0
5443.52,0.0
5443.77,0.0
5444.02,0.0
5444.27,0.0
5444.52,0.0
5444.77,0.0
5445.02,0.0
5445.27,0.0
5445.52,0.0
5445.77,0.0
5446.02,0.0
5446.27,0.0
5446.52,0.0
5446.77,0.0
5447.02,0.0
5447.27,0.0
5447.52,0.0
5447.78,0.0
5448.03,0.0
5448.28,0.0
5448.53,0.0
5448.78,0.0
5449.03,0.0
5449.28,0.0
5449.53,0.0
5449.78,0.0
5450.03,0.0
5450.28,0.0
5450.53,0.0
5450.78,0.0
5451.03,0.0
5451.28,0.0
5451.53,0.0
5451.78,0.0
5452.03,0.0
5452.28,0.0
5452.53,0.0
5452.78,0.0
5453.03,0.0
5453.28,0.0
5453.53,0.0
5453.79,0.0
5454.04,0.0
5454.29,0.0
5454.54,0.0
5454.79,0.0
5455.04,0.0
5455.29,0.0
5455.54,0.0
5455.79,0.0
5456.04,0.0
5456.29,0.0
5456.54,0.0
5456.79,0.0
5457.04,0.0
5457.29,0.0
5457.54,0.0
5457.79,0.0
5458.04,0.0
5458.29,0.0
5458.54,0.0
5458.79,0.0
5459.05,0.0
5459.30,0.0
5459.55,0.0
5459.80,0.0
5460.05,0.0
5460.30,0.0
5460.55,0.0
5460.80,0.0
5461.05,0.0
5461.30,0.0
5461.55,0.0
5461.80,0.0
5462.05,0.0
5462.30,0.0
5462.55,0.0
5462.80,0.0
5463.05,0.0
5463.30,0.0
5463.55,0.0
5463.80,0.0
5464.05,0.0
5464.30,0.0
5464.55,0.0
5464.80,0.0
5465.05,0.0
5465.31,0.0
5465.56,0.0
5465.81,0.0
5466.06,0.0
5466.31,0.0
5466.56,0.0
5466.81,0.0
5467.06,0.0
5467.31,0.0
5467.56,0.0
5467.81,0.0
5468.06,0.0
5468.31,0.0
5468.56,0.0
5468.81,0.0
5469.06,0.0
5469.31,0.0
5469.56,0.0
5469.81,0.0
5470.06,0.0
5470.31,0.0
5470.56,0.0
5470.81,0.0
5471.06,0.0
5471.31,0.0
5471.56,0.0
5471.82,0.0
5472.07,0.0
5472.32,0.0
5472.57,0.0
5472.82,0.0
5473.07,0.0
5473.32,0.0
5473.57,0.0
5473.82,0.0
5474.07,0.0
5474.32,0.0
5474.57,0.0
5474.82,0.0
5475.07,0.0
5475.32,0.0
5475.57,0.0
5475.82,0.0
5476.07,0.0
5476.32,0.0
5476.57,0.0
5476.82,0.0
5477.07,0.0
5477.32,0.0
5477.57,0.0
5477.82,0.0
5478.08,0.0
5478.33,0.0
5478.58,0.0
5478.83,0.0
5479.08,0.0
5479.33,0.0
5479.58,0.0
5479.83,0.0
5480.08,0.0
5480.33,0.0
5480.58,0.0
5480.83,0.0
5481.08,0.0
5481.33,0.0
5481.58,0.0
5481.83,0.0
5482.08,0.0
5482.33,0.0
5482.58,0.0
5482.83,0.0
5483.08,0.0
5483.33,0.0
5483.59,0.0
5483.84,0.0
5484.09,0.0
5484.34,0.0
5484.59,0.0
5484.84,0.0
5485.09,0.0
5485.34,0.0
5485.59,0.0
5485.84,0.0
5486.09,0.0
5486.34,0.0
5486.59,0.0
5486.84,0.0
5487.09,0.0
5487.34,0.0
5487.59,0.0
5487.84,0.0
5488.09,0.0
5488.34,0.0
5488.59,0.0
5488.84,0.0
5489.09,0.0
5489.34,0.0
5489.59,0.0
5489.85,0.0
5490.10,0.0
5490.35,0.0
5490.60,0.0
5490.85,0.0
5491.10,0.0
5491.35,0.0
5491.60,0.0
5491.85,0.0
5492.10,0.0
5492.35,0.0
5492.60,0.0
5492.85,0.0
5493.10,0.0
5493.35,0.0
5493.60,0.0
5493.85,0.0
5494.10,0.0
5494.35,0.0
5494.60,0.0
5494.85,0.0
5495.10,0.0
5495.35,0.0
5495.60,0.0
5495.85,0.0
5496.11,0.0
5496.36,0.0
5496.61,0.0
5496.86,0.0
5497.11,0.0
5497.36,0.0
5497.61,0.0
5497.86,0.0
5498.11,0.0
5498.36,0.0
5498.61,0.0
5498.86,0.0
5499.11,0.0
5499.36,0.0
5499.61,0.0
5499.86,0.0
5500.11,0.0
5500.36,0.0
5500.61,0.0
5500.86,0.0
5501.11,0.0
5501.36,0.0
5501.61,0.0
5501.86,0.0
5502.12,0.0
5502.37,0.0
5502.62,0.0
5502.87,0.0
5503.12,0.0
5503.37,0.0
5503.62,0.0
5503.87,0.0
5504.12,0.0
5504.37,0.0
5504.62,0.0
5504.87,0.0
5505.12,0.0
5505.37,0.0
5505.62,0.0
5505.87,0.0
5506.12,0.0
5506.37,0.0
5506.62,0.0
5506.87,0.0
5507.12,0.0
5507.37,0.0
5507.62,0.0
5507.88,0.0
5508.13,0.0
5508.38,0.0
5508.63,0.0
5508.88,0.0
5509.13,0.0
5509.38,0.0
5509.63,0.0
5509.88,0.0
5510.13,0.0
5510.38,0.0
5510.63,0.0
5510.88,0.0
5511.13,0.0
5511.38,0.0
5511.63,0.0
5511.88,0.0
5512.13,0.0
5512.38,0.0
5512.63,0.0
5512.88,0.0
5513.13,0.0
5513.39,0.0
5513.64,0.0
5513.89,0.0
5514.14,0.0
5514.39,0.0
5514.64,0.0
5514.89,0.0
5515.14,0.0
5515.39,0.0
5515.64,0.0
5515.89,0.0
5516.14,0.0
5516.39,0.0
5516.64,0.0
5516.89,0.0
5517.14,0.0
5517.39,0.0
5517.64,0.0
5517.89,0.0
5518.14,0.0
5518.39,0.0
5518.64,0.0
5518.89,0.0
5519.14,0.0
5519.39,0.0
5519.65,0.0
5519.90,0.0
5520.15,0.0
5520.40,0.0
5520.65,0.0
5520.90,0.0
5521.15,0.0
5521.40,0.0
5521.65,0.0
5521.90,0.0
5522.15,0.0
5522.40,0.0
5522.65,0.0
5522.90,0.0
5523.15,0.0
5523.40,0.0
5523.65,0.0
5523.90,0.0
5524.15,0.0
5524.40,0.0
5524.65,0.0
5524.90,0.0
5525.15,0.0
5525.40,0.0
5525.65,0.0
5525.90,0.0
5526.15,0.0
5526.41,0.0
5526.66,0.0
5526.91,0.0
5527.16,0.0
5527.41,0.0
5527.66,0.0
5527.91,0.0
5528.16,0.0
5528.41,0.0
5528.66,0.0
5528.91,0.0
5529.16,0.0
5529.41,0.0
5529.66,0.0
5529.91,0.0
5530.16,0.0
5530.41,0.0
5530.66,0.0
5530.91,0.0
5531.16,0.0
5531.41,0.0
5531.66,0.0
5531.91,0.0
5532.17,0.0
5532.42,0.0
5532.67,0.0
5532.92,0.0
5533.17,0.0
5533.42,0.0
5533.67,0.0
5533.92,0.0
5534.17,0.0
5534.42,0.0
5534.67,0.0
5534.92,0.0
5535.17,0.0
5535.42,0.0
5535.67,0.0
5535.92,0.0
5536.17,0.0
5536.42,0.0
5536.67,0.0
5536.92,0.0
5537.17,0.0
5537.42,0.0
5537.68,0.0
5537.93,0.0
5538.18,0.0
5538.43,0.0
5538.68,0.0
5538.93,0.0
5539.18,0.0
5539.43,0.0
5539.68,0.0
5539.93,0.0
5540.18,0.0
5540.43,0.0
5540.68,0.0
5540.93,0.0
5541.18,0.0
5541.43,0.0
5541.68,0.0
5541.93,0.0
5542.18,0.0
5542.43,0.0
5542.68,0.0
5542.93,0.0
5543.18,0.0
5543.43,0.0
5543.69,0.0
5543.94,0.0
5544.19,0.0
5544.44,0.0
5544.69,0.0
5544.94,0.0
5545.19,0.0
5545.44,0.0
5545.69,0.0
5545.94,0.0
5546.19,0.0
5546.44,0.0
5546.69,0.0
5546.94,0.0
5547.19,0.0
5547.44,0.0
5547.69,0.0
5547.94,0.0
5548.19,0.0
5548.44,0.0
5548.69,0.0
5548.94,0.0
5549.19,0.0
5549.44,0.0
5549.69,0.0
5549.95,0.0
5550.20,0.0
5550.45,0.0
5550.70,0.0
5550.95,0.0
5551.20,0.0
5551.45,0.0
5551.70,0.0
5551.95,0.0
5552.20,0.0
5552.45,0.0
5552.70,0.0
5552.95,0.0
5553.20,0.0
5553.45,0.0
5553.70,0.0
5553.95,0.0
5554.20,0.0
5554.45,0.0
5554.70,0.0
5554.95,0.0
5555.20,0.0
5555.45,0.0
5555.71,0.0
5555.96,0.0
5556.21,0.0
5556.46,0.0
5556.71,0.0
5556.96,0.0
5557.21,0.0
5557.46,0.0
5557.71,0.0
5557.96,0.0
5558.21,0.0
5558.46,0.0
5558.71,0.0
5558.96,0.0
5559.21,0.0
5559.46,0.0
5559.71,0.0
5559.96,0.0
5560.21,0.0
5560.46,0.0
5560.72,0.0
5560.97,0.0
5561.22,0.0
5561.47,0.0
5561.72,0.0
5561.97,0.0
5562.22,0.0
5562.47,0.0
5562.72,0.0
5562.97,0.0
5563.22,0.0
5563.47,0.0
5563.72,0.0
5563.97,0.0
5564.22,0.0
5564.47,0.0
5564.72,0.0
5564.97,0.0
5565.22,0.0
5565.47,0.0
5565.72,0.0
5565.97,0.0
5566.22,0.0
5566.47,0.0
5566.73,0.0
5566.98,0.0
5567.23,0.0
5567.48,0.0
5567.73,0.0
5567.98,0.0
5568.23,0.0
5568.48,0.0
5568.73,0.0
5568.98,0.0
5569.23,0.0
5569.48,0.0
5569.73,0.0
5569.98,0.0
5570.23,0.0
5570.48,0.0
5570.73,0.0
5570.98,0.0
5571.23,0.0
5571.48,0.0
5571.73,0.0
5571.98,0.0
5572.23,0.0
5572.48,0.0
5572.73,0.0
5572.98,0.0
5573.23,0.0
5573.49,0.0
5573.74,0.0
5573.99,0.0
5574.24,0.0
5574.49,0.0
5574.74,0.0
5574.99,0.0
5575.24,0.0
5575.49,0.0
5575.74,0.0
5575.99,0.0
5576.24,0.0
5576.49,0.0
5576.74,0.0
5576.99,0.0
5577.24,0.0
5577.49,0.0
5577.74,0.0
5577.99,0.0
5578.24,0.0
5578.49,0.0
5578.74,0.0
5578.99,0.0
5579.24,0.0
5579.50,0.0
5579.75,0.0
5580.00,0.0
5580.25,0.0
5580.50,0.0
5580.75,0.0
5581.00,0.0
5581.25,0.0
5581.50,0.0
5581.75,0.0
5582.00,0.0
5582.25,0.0
5582.50,0.0
5582.75,0.0
5583.00,0.0
5583.25,0.0
5583.50,0.0
5583.75,0.0
5584.00,0.0
5584.25,0.0
5584.50,0.0
5584.76,0.0
5585.01,0.0
5585.26,0.0
5585.51,0.0
5585.76,0.0
5586.01,0.0
5586.26,0.0
5586.51,0.0
5586.76,0.0
5587.01,0.0
5587.26,0.0
5587.51,0.0
5587.76,0.0
5588.01,0.0
5588.26,0.0
5588.51,0.0
5588.76,0.0
5589.01,0.0
5589.26,0.0
5589.51,0.0
5589.76,0.0
5590.01,0.0
5590.26,0.0
5590.51,0.0
5590.77,0.0
5591.02,0.0
5591.27,0.0
5591.52,0.0
5591.77,0.0
5592.02,0.0
5592.27,0.0
5592.52,0.0
5592.77,0.0
5593.02,0.0
5593.27,0.0
5593.52,0.0
5593.77,0.0
5594.02,0.0
5594.27,0.0
5594.52,0.0
5594.77,0.0
5595.02,0.0
5595.27,0.0
5595.52,0.0
5595.77,0.0
5596.02,0.0
5596.27,0.0
5596.52,0.0
5596.77,0.0
5597.02,0.0
5597.28,0.0
5597.53,0.0
5597.78,0.0
5598.03,0.0
5598.28,0.0
5598.53,0.0
5598.78,0.0
5599.03,0.0
5599.28,0.0
5599.53,0.0
5599.78,0.0
5600.03,0.0
5600.28,0.0
5600.53,0.0
5600.78,0.0
5601.03,0.0
5601.28,0.0
5601.53,0.0
5601.78,0.0
5602.03,0.0
5602.28,0.0
5602.53,0.0
5602.78,0.0
5603.04,0.0
5603.29,0.0
5603.54,0.0
5603.79,0.0
5604.04,0.0
5604.29,0.0
5604.54,0.0
5604.79,0.0
5605.04,0.0
5605.29,0.0
5605.54,0.0
5605.79,0.0
5606.04,0.0
5606.29,0.0
5606.54,0.0
5606.79,0.0
5607.04,0.0
5607.29,0.0
5607.54,0.0
5607.79,0.0
5608.04,0.0
5608.30,0.0
5608.55,0.0
5608.80,0.0
5609.05,0.0
5609.30,0.0
5609.55,0.0
5609.80,0.0
5610.05,0.0
5610.30,0.0
5610.55,0.0
5610.80,0.0
5611.05,0.0
5611.30,0.0
5611.55,0.0
5611.80,0.0
5612.05,0.0
5612.30,0.0
5612.55,0.0
5612.80,0.0
5613.05,0.0
5613.30,0.0
5613.55,0.0
5613.80,0.0
5614.05,0.0
5614.31,0.0
5614.56,0.0
5614.81,0.0
5615.06,0.0
5615.31,0.0
5615.56,0.0
5615.81,0.0
5616.06,0.0
5616.31,0.0
5616.56,0.0
5616.81,0.0
5617.06,0.0
5617.31,0.0
5617.56,0.0
5617.81,0.0
5618.06,0.0
5618.31,0.0
5618.56,0.0
5618.81,0.0
5619.06,0.0
5619.31,0.0
5619.56,0.0
5619.81,0.0
5620.06,0.0
5620.31,0.0
5620.56,0.0
5620.82,0.0
5621.07,0.0
5621.32,0.0
5621.57,0.0
5621.82,0.0
5622.07,0.0
5622.32,0.0
5622.57,0.0
5622.82,0.0
5623.07,0.0
5623.32,0.0
5623.57,0.0
5623.82,0.0
5624.07,0.0
5624.32,0.0
5624.57,0.0
5624.82,0.0
5625.07,0.0
5625.32,0.0
5625.57,0.0
5625.82,0.0
5626.07,0.0
5626.32,0.0
5626.57,0.0
5626.83,0.0
5627.08,0.0
5627.33,0.0
5627.58,0.0
5627.83,0.0
5628.08,0.0
5628.33,0.0
5628.58,0.0
5628.83,0.0
5629.08,0.0
5629.33,0.0
5629.58,0.0
5629.83,0.0
5630.08,0.0
5630.33,0.0
5630.58,0.0
5630.83,0.0
5631.08,0.0
5631.33,0.0
5631.58,0.0
5631.84,0.0
5632.09,0.0
5632.34,0.0
5632.59,0.0
5632.84,0.0
5633.09,0.0
5633.34,0.0
5633.59,0.0
5633.84,0.0
5634.09,0.0
5634.34,0.0
5634.59,0.0
5634.84,0.0
5635.09,0.0
5635.34,0.0
5635.59,0.0
5635.84,0.0
5636.09,0.0
5636.34,0.0
5636.59,0.0
5636.84,0.0
5637.09,0.0
5637.34,0.0
5637.59,0.0
5637.84,0.0
5638.10,0.0
5638.35,0.0
5638.60,0.0
5638.85,0.0
5639.10,0.0
5639.35,0.0
5639.60,0.0
5639.85,0.0
5640.10,0.0
5640.35,0.0
5640.60,0.0
5640.85,0.0
5641.10,0.0
5641.35,0.0
5641.60,0.0
5641.85,0.0
5642.10,0.0
5642.35,0.0
5642.60,0.0
5642.85,0.0
5643.10,0.0
5643.35,0.0
5643.60,0.0
5643.85,0.0
5644.10,0.0
5644.35,0.0
5644.60,0.0
5644.85,0.0
5645.11,0.0
5645.36,0.0
5645.61,0.0
5645.86,0.0
5646.11,0.0
5646.36,0.0
5646.61,0.0
5646.86,0.0
5647.11,0.0
5647.36,0.0
5647.61,0.0
5647.86,0.0
5648.11,0.0
5648.36,0.0
5648.61,0.0
5648.86,0.0
5649.11,0.0
5649.36,0.0
5649.61,0.0
5649.86,0.0
5650.11,0.0
5650.36,0.0
5650.61,0.0
5650.86,0.0
5651.11,0.0
5651.37,0.0
5651.62,0.0
5651.87,0.0
5652.12,0.0
5652.37,0.0
5652.62,0.0
5652.87,0.0
5653.12,0.0
5653.37,0.0
5653.62,0.0
5653.87,0.0
5654.12,0.0
5654.37,0.0
5654.62,0.0
5654.87,0.0
5655.12,0.0
5655.37,0.0
5655.62,0.0
5655.87,0.0
5656.12,0.0
5656.37,0.0
5656.62,0.0
5656.88,0.0
5657.13,0.0
5657.38,0.0
5657.63,0.0
5657.88,0.0
5658.13,0.0
5658.38,0.0
5658.63,0.0
5658.88,0.0
5659.13,0.0
5659.38,0.0
5659.63,0.0
5659.88,0.0
5660.13,0.0
5660.38,0.0
5660.63,0.0
5660.88,0.0
5661.13,0.0
5661.38,0.0
5661.63,0.0
5661.88,0.0
5662.13,0.0
5662.39,0.0
5662.64,0.0
5662.89,0.0
5663.14,0.0
5663.39,0.0
5663.64,0.0
5663.89,0.0
5664.14,0.0
5664.39,0.0
5664.64,0.0
5664.89,0.0
5665.14,0.0
5665.39,0.0
5665.64,0.0
5665.89,0.0
5666.14,0.0
5666.39,0.0
5666.64,0.0
5666.89,0.0
5667.14,0.0
5667.39,0.0
5667.64,0.0
5667.89,0.0
5668.14,0.0
5668.40,0.0
5668.65,0.0
5668.90,0.0
5669.15,0.0
5669.40,0.0
5669.65,0.0
5669.90,0.0
5670.15,0.0
5670.40,0.0
5670.65,0.0
5670.90,0.0
5671.15,0.0
5671.40,0.0
5671.65,0.0
5671.90,0.0
5672.15,0.0
5672.40,0.0
5672.65,0.0
5672.90,0.0
5673.15,0.0
5673.40,0.0
5673.65,0.0
5673.90,0.0
5674.15,0.0
5674.40,0.0
5674.65,0.0
5674.91,0.0
5675.16,0.0
5675.41,0.0
5675.66,0.0
5675.91,0.0
5676.16,0.0
5676.41,0.0
5676.66,0.0
5676.91,0.0
5677.16,0.0
5677.41,0.0
5677.66,0.0
5677.91,0.0
5678.16,0.0
5678.41,0.0
5678.66,0.0
5678.91,0.0
5679.16,0.0
5679.41,0.0
5679.66,0.0
5679.91,0.0
5680.16,0.0
5680.41,0.0
5680.67,0.0
5680.92,0.0
5681.17,0.0
5681.42,0.0
5681.67,0.0
5681.92,0.0
5682.17,0.0
5682.42,0.0
5682.67,0.0
5682.92,0.0
5683.17,0.0
5683.42,0.0
5683.67,0.0
5683.92,0.0
5684.17,0.0
5684.42,0.0
5684.67,0.0
5684.92,0.0
5685.17,0.0
5685.42,0.0
5685.67,0.0
5685.93,0.0
5686.18,0.0
5686.43,0.0
5686.68,0.0
5686.93,0.0
5687.18,0.0
5687.43,0.0
5687.68,0.0
5687.93,0.0
5688.18,0.0
5688.43,0.0
5688.68,0.0
5688.93,0.0
5689.18,0.0
5689.43,0.0
5689.68,0.0
5689.93,0.0
5690.18,0.0
5690.43,0.0
5690.68,0.0
5690.93,0.0
5691.18,0.0
5691.43,0.0
5691.68,0.0
5691.93,0.0
5692.18,0.0
5692.44,0.0
5692.69,0.0
5692.94,0.0
5693.19,0.0
5693.44,0.0
5693.69,0.0
5693.94,0.0
5694.19,0.0
5694.44,0.0
5694.69,0.0
5694.94,0.0
5695.19,0.0
5695.44,0.0
5695.69,0.0
5695.94,0.0
5696.19,0.0
5696.44,0.0
5696.69,0.0
5696.94,0.0
5697.19,0.0
5697.44,0.0
5697.69,0.0
5697.94,0.0
5698.19,0.0
5698.44,0.0
5698.69,0.0
5698.94,0.0
5699.20,0.0
5699.45,0.0
5699.70,0.0
5699.95,0.0
5700.20,0.0
5700.45,0.0
5700.70,0.0
5700.95,0.0
5701.20,0.0
5701.45,0.0
5701.70,0.0
5701.95,0.0
5702.20,0.0
5702.45,0.0
5702.70,0.0
5702.95,0.0
5703.20,0.0
5703.45,0.0
5703.70,0.0
5703.95,0.0
5704.20,0.0
5704.45,0.0
5704.71,0.0
5704.96,0.0
5705.21,0.0
5705.46,0.0
5705.71,0.0
5705.96,0.0
5706.21,0.0
5706.46,0.0
5706.71,0.0
5706.96,0.0
5707.21,0.0
5707.46,0.0
5707.71,0.0
5707.96,0.0
5708.21,0.0
5708.46,0.0
5708.71,0.0
5708.96,0.0
5709.21,0.0
5709.46,0.0
5709.71,0.0
5709.97,0.0
5710.22,0.0
5710.47,0.0
5710.72,0.0
5710.97,0.0
5711.22,0.0
5711.47,0.0
5711.72,0.0
5711.97,0.0
5712.22,0.0
5712.47,0.0
5712.72,0.0
5712.97,0.0
5713.22,0.0
5713.47,0.0
5713.72,0.0
5713.97,0.0
5714.22,0.0
5714.47,0.0
5714.72,0.0
5714.97,0.0
5715.22,0.0
5715.47,0.0
5715.73,0.0
5715.98,0.0
5716.23,0.0
5716.48,0.0
5716.73,0.0
5716.98,0.0
5717.23,0.0
5717.48,0.0
5717.73,0.0
5717.98,0.0
5718.23,0.0
5718.48,0.0
5718.73,0.0
5718.98,0.0
5719.23,0.0
5719.48,0.0
5719.73,0.0
5719.98,0.0
5720.23,0.0
5720.48,0.0
5720.73,0.0
5720.98,0.0
5721.23,0.0
5721.48,0.0
5721.73,0.0
5721.98,0.0
5722.24,0.0
5722.49,0.0
5722.74,0.0
5722.99,0.0
5723.24,0.0
5723.49,0.0
5723.74,0.0
5723.99,0.0
5724.24,0.0
5724.49,0.0
5724.74,0.0
5724.99,0.0
5725.24,0.0
5725.49,0.0
5725.74,0.0
5725.99,0.0
5726.24,0.0
5726.49,0.0
5726.74,0.0
5726.99,0.0
5727.24,0.0
5727.49,0.0
5727.74,0.0
5727.99,0.0
5728.25,0.0
5728.50,0.0
5728.75,0.0
5729.00,0.0
5729.25,0.0
5729.50,0.0
5729.75,0.0
5730.00,0.0
5730.25,0.0
5730.50,0.0
5730.75,0.0
5731.00,0.0
5731.25,0.0
5731.50,0.0
5731.75,0.0
5732.00,0.0
5732.25,0.0
5732.50,0.0
5732.75,0.0
5733.00,0.0
5733.25,0.0
5733.51,0.0
5733.76,0.0
5734.01,0.0
5734.26,0.0
5734.51,0.0
5734.76,0.0
5735.01,0.0
5735.26,0.0
5735.51,0.0
5735.76,0.0
5736.01,0.0
5736.26,0.0
5736.51,0.0
5736.76,0.0
5737.01,0.0
5737.26,0.0
5737.51,0.0
5737.76,0.0
5738.01,0.0
5738.26,0.0
5738.51,0.0
5738.76,0.0
5739.01,0.0
5739.27,0.0
5739.52,0.0
5739.77,0.0
5740.02,0.0
5740.27,0.0
5740.52,0.0
5740.77,0.0
5741.02,0.0
5741.27,0.0
5741.52,0.0
5741.77,0.0
5742.02,0.0
5742.27,0.0
5742.52,0.0
5742.77,0.0
5743.02,0.0
5743.27,0.0
5743.52,0.0
5743.77,0.0
5744.02,0.0
5744.27,0.0
5744.52,0.0
5744.77,0.0
5745.02,0.0
5745.27,0.0
5745.52,0.0
5745.77,0.0
5746.03,0.0
5746.28,0.0
5746.53,0.0
5746.78,0.0
5747.03,0.0
5747.28,0.0
5747.53,0.0
5747.78,0.0
5748.03,0.0
5748.28,0.0
5748.53,0.0
5748.78,0.0
5749.03,0.0
5749.28,0.0
5749.53,0.0
5749.78,0.0
5750.03,0.0
5750.28,0.0
5750.53,0.0
5750.78,0.0
5751.03,0.0
5751.28,0.0
5751.53,0.0
5751.78,0.0
5752.04,0.0
5752.29,0.0
5752.54,0.0
5752.79,0.0
5753.04,0.0
5753.29,0.0
5753.54,0.0
5753.79,0.0
5754.04,0.0
5754.29,0.0
5754.54,0.0
5754.79,0.0
5755.04,0.0
5755.29,0.0
5755.54,0.0
5755.79,0.0
5756.04,0.0
5756.29,0.0
5756.54,0.0
5756.79,0.0
5757.05,0.0
5757.30,0.0
5757.55,0.0
5757.80,0.0
5758.05,0.0
5758.30,0.0
5758.55,0.0
5758.80,0.0
5759.05,0.0
5759.30,0.0
5759.55,0.0
5759.80,0.0
5760.05,0.0
5760.30,0.0
5760.55,0.0
5760.80,0.0
5761.05,0.0
5761.30,0.0
5761.55,0.0
5761.80,0.0
5762.05,0.0
5762.30,0.0
5762.55,0.0
5762.80,0.0
5763.06,0.0
5763.31,0.0
5763.56,0.0
5763.81,0.0
5764.06,0.0
5764.31,0.0
5764.56,0.0
5764.81,0.0
5765.06,0.0
5765.31,0.0
5765.56,0.0
5765.81,0.0
5766.06,0.0
5766.31,0.0
5766.56,0.0
5766.81,0.0
5767.06,0.0
5767.31,0.0
5767.56,0.0
5767.81,0.0
5768.06,0.0
5768.31,0.0
5768.56,0.0
5768.81,0.0
5769.06,0.0
5769.31,0.0
5769.56,0.0
5769.82,0.0
5770.07,0.0
5770.32,0.0
5770.57,0.0
5770.82,0.0
5771.07,0.0
5771.32,0.0
5771.57,0.0
5771.82,0.0
5772.07,0.0
5772.32,0.0
5772.57,0.0
5772.82,0.0
5773.07,0.0
5773.32,0.0
5773.57,0.0
5773.82,0.0
5774.07,0.0
5774.32,0.0
5774.57,0.0
5774.82,0.0
5775.07,0.0
5775.32,0.0
5775.57,0.0
5775.83,0.0
5776.08,0.0
5776.33,0.0
5776.58,0.0
5776.83,0.0
5777.08,0.0
5777.33,0.0
5777.58,0.0
5777.83,0.0
5778.08,0.0
5778.33,0.0
5778.58,0.0
5778.83,0.0
5779.08,0.0
5779.33,0.0
5779.58,0.0
5779.83,0.0
5780.08,0.0
5780.33,0.0
5780.58,0.0
5780.83,0.0
5781.09,0.0
5781.34,0.0
5781.59,0.0
5781.84,0.0
5782.09,0.0
5782.34,0.0
5782.59,0.0
5782.84,0.0
5783.09,0.0
5783.34,0.0
5783.59,0.0
5783.84,0.0
5784.09,0.0
5784.34,0.0
5784.59,0.0
5784.84,0.0
5785.09,0.0
5785.34,0.0
5785.59,0.0
5785.84,0.0
5786.09,0.0
5786.34,0.0
5786.59,0.0
5786.84,0.0
5787.10,0.0
5787.35,0.0
5787.60,0.0
5787.85,0.0
5788.10,0.0
5788.35,0.0
5788.60,0.0
5788.85,0.0
5789.10,0.0
5789.35,0.0
5789.60,0.0
5789.85,0.0
5790.10,0.0
5790.35,0.0
5790.60,0.0
5790.85,0.0
5791.10,0.0
5791.35,0.0
5791.60,0.0
5791.85,0.0
5792.10,0.0
5792.35,0.0
5792.60,0.0
5792.85,0.0
5793.10,0.0
5793.35,0.0
5793.60,0.0
5793.86,0.0
5794.11,0.0
5794.36,0.0
5794.61,0.0
5794.86,0.0
5795.11,0.0
5795.36,0.0
5795.61,0.0
5795.86,0.0
5796.11,0.0
5796.36,0.0
5796.61,0.0
5796.86,0.0
5797.11,0.0
5797.36,0.0
5797.61,0.0
5797.86,0.0
5798.11,0.0
5798.36,0.0
5798.61,0.0
5798.86,0.0
5799.11,0.0
5799.36,0.0
5799.62,0.0
5799.87,0.0
5800.12,0.0
5800.37,0.0
5800.62,0.0
5800.87,0.0
5801.12,0.0
5801.37,0.0
5801.62,0.0
5801.87,0.0
5802.12,0.0
5802.37,0.0
5802.62,0.0
5802.87,0.0
5803.12,0.0
5803.37,0.0
5803.62,0.0
5803.87,0.0
5804.12,0.0
5804.37,0.0
5804.62,0.0
5804.88,0.0
5805.12,0.0
5805.38,0.0
5805.63,0.0
5805.88,0.0
5806.13,0.0
5806.38,0.0
5806.63,0.0
5806.88,0.0
5807.13,0.0
5807.38,0.0
5807.63,0.0
5807.88,0.0
5808.13,0.0
5808.38,0.0
5808.63,0.0
5808.88,0.0
5809.13,0.0
5809.38,0.0
5809.63,0.0
5809.88,0.0
5810.13,0.0
5810.38,0.0
5810.64,0.0
5810.89,0.0
5811.14,0.0
5811.39,0.0
5811.64,0.0
5811.89,0.0
5812.14,0.0
5812.39,0.0
5812.64,0.0
5812.89,0.0
5813.14,0.0
5813.39,0.0
5813.64,0.0
5813.89,0.0
5814.14,0.0
5814.39,0.0
5814.64,0.0
5814.89,0.0
5815.14,0.0
5815.39,0.0
5815.64,0.0
5815.89,0.0
5816.14,0.0
5816.40,0.0
5816.65,0.0
5816.90,0.0
5817.15,0.0
5817.40,0.0
5817.65,0.0
5817.90,0.0
5818.15,0.0
5818.40,0.0
5818.65,0.0
5818.90,0.0
5819.15,0.0
5819.40,0.0
5819.65,0.0
5819.90,0.0
5820.15,0.0
5820.40,0.0
5820.65,0.0
5820.90,0.0
5821.15,0.0
5821.40,0.0
5821.65,0.0
5821.90,0.0
5822.15,0.0
5822.40,0.0
5822.65,0.0
5822.90,0.0
5823.16,0.0
5823.41,0.0
5823.66,0.0
5823.91,0.0
5824.16,0.0
5824.41,0.0
5824.66,0.0
5824.91,0.0
5825.16,0.0
5825.41,0.0
5825.66,0.0
5825.91,0.0
5826.16,0.0
5826.41,0.0
5826.66,0.0
5826.91,0.0
5827.16,0.0
5827.41,0.0
5827.66,0.0
5827.91,0.0
5828.16,0.0
5828.41,0.0
5828.67,0.0
5828.92,0.0
5829.17,0.0
5829.42,0.0
5829.67,0.0
5829.92,0.0
5830.17,0.0
5830.42,0.0
5830.67,0.0
5830.92,0.0
5831.17,0.0
5831.42,0.0
5831.67,0.0
5831.92,0.0
5832.17,0.0
5832.42,0.0
5832.67,0.0
5832.92,0.0
5833.17,0.0
5833.42,0.0
5833.67,0.0
5833.93,0.0
5834.18,0.0
5834.43,0.0
5834.68,0.0
5834.93,0.0
5835.18,0.0
5835.43,0.0
5835.68,0.0
5835.93,0.0
5836.18,0.0
5836.43,0.0
5836.68,0.0
5836.93,0.0
5837.18,0.0
5837.43,0.0
5837.68,0.0
5837.93,0.0
5838.18,0.0
5838.43,0.0
5838.68,0.0
5838.93,0.0
5839.18,0.0
5839.43,0.0
5839.69,0.0
5839.94,0.0
5840.19,0.0
5840.44,0.0
5840.69,0.0
5840.94,0.0
5841.19,0.0
5841.44,0.0
5841.69,0.0
5841.94,0.0
5842.19,0.0
5842.44,0.0
5842.69,0.0
5842.94,0.0
5843.19,0.0
5843.44,0.0
5843.69,0.0
5843.94,0.0
5844.19,0.0
5844.44,0.0
5844.69,0.0
5844.94,0.0
5845.19,0.0
5845.44,0.0
5845.69,0.0
5845.95,0.0
5846.20,0.0
5846.45,0.0
5846.70,0.0
5846.95,0.0
5847.20,0.0
5847.45,0.0
5847.70,0.0
5847.95,0.0
5848.20,0.0
5848.45,0.0
5848.70,0.0
5848.95,0.0
5849.20,0.0
5849.45,0.0
5849.70,0.0
5849.95,0.0
5850.20,0.0
5850.45,0.0
5850.70,0.0
5850.95,0.0
5851.20,0.0
5851.45,0.0
5851.71,0.0
5851.96,0.0
5852.21,0.0
5852.46,0.0
5852.71,0.0
5852.96,0.0
5853.21,0.0
5853.46,0.0
5853.71,0.0
5853.96,0.0
5854.21,0.0
5854.46,0.0
5854.71,0.0
5854.96,0.0
5855.21,0.0
5855.46,0.0
5855.71,0.0
5855.96,0.0
5856.21,0.0
5856.46,0.0
5856.71,0.0
5856.97,0.0
5857.22,0.0
5857.47,0.0
5857.72,0.0
5857.97,0.0
5858.22,0.0
5858.47,0.0
5858.72,0.0
5858.97,0.0
5859.22,0.0
5859.47,0.0
5859.72,0.0
5859.97,0.0
5860.22,0.0
5860.47,0.0
5860.72,0.0
5860.97,0.0
5861.22,0.0
5861.47,0.0
5861.72,0.0
5861.97,0.0
5862.22,0.0
5862.47,0.0
5862.73,0.0
5862.98,0.0
5863.23,0.0
5863.48,0.0
5863.73,0.0
5863.98,0.0
5864.23,0.0
5864.48,0.0
5864.73,0.0
5864.98,0.0
5865.23,0.0
5865.48,0.0
5865.73,0.0
5865.98,0.0
5866.23,0.0
5866.48,0.0
5866.73,0.0
5866.98,0.0
5867.23,0.0
5867.48,0.0
5867.73,0.0
5867.98,0.0
5868.23,0.0
5868.48,0.0
5868.73,0.0
5868.98,0.0
5869.24,0.0
5869.49,0.0
5869.74,0.0
5869.99,0.0
5870.24,0.0
5870.49,0.0
5870.74,0.0
5870.99,0.0
5871.24,0.0
5871.49,0.0
5871.74,0.0
5871.99,0.0
5872.24,0.0
5872.49,0.0
5872.74,0.0
5872.99,0.0
5873.24,0.0
5873.49,0.0
5873.74,0.0
5873.99,0.0
5874.24,0.0
5874.49,0.0
5874.74,0.0
5875.00,0.0
5875.25,0.0
5875.50,0.0
5875.75,0.0
5876.00,0.0
5876.25,0.0
5876.50,0.0
5876.75,0.0
5877.00,0.0
5877.25,0.0
5877.50,0.0
5877.75,0.0
5878.00,0.0
5878.25,0.0
5878.50,0.0
5878.75,0.0
5879.00,0.0
5879.25,0.0
5879.50,0.0
5879.75,0.0
5880.00,0.0
5880.26,0.0
5880.51,0.0
5880.76,0.0
5881.01,0.0
5881.26,0.0
5881.51,0.0
5881.76,0.0
5882.01,0.0
5882.26,0.0
5882.51,0.0
5882.76,0.0
5883.01,0.0
5883.26,0.0
5883.51,0.0
5883.76,0.0
5884.01,0.0
5884.26,0.0
5884.51,0.0
5884.76,0.0
5885.01,0.0
5885.26,0.0
5885.51,0.0
5885.76,0.0
5886.02,0.0
5886.27,0.0
5886.52,0.0
5886.77,0.0
5887.02,0.0
5887.27,0.0
5887.52,0.0
5887.77,0.0
5888.02,0.0
5888.27,0.0
5888.52,0.0
5888.77,0.0
5889.02,0.0
5889.27,0.0
5889.52,0.0
5889.77,0.0
5890.02,0.0
5890.27,0.0
5890.52,0.0
5890.77,0.0
5891.02,0.0
5891.27,0.0
5891.52,0.0
5891.77,0.0
5892.02,0.0
5892.27,0.0
5892.53,0.0
5892.78,0.0
5893.03,0.0
5893.28,0.0
5893.53,0.0
5893.78,0.0
5894.03,0.0
5894.28,0.0
5894.53,0.0
5894.78,0.0
5895.03,0.0
5895.28,0.0
5895.53,0.0
5895.78,0.0
5896.03,0.0
5896.28,0.0
5896.53,0.0
5896.78,0.0
5897.03,0.0
5897.28,0.0
5897.53,0.0
5897.78,0.0
5898.03,0.0
5898.28,0.0
5898.53,0.0
5898.79,0.0
5899.04,0.0
5899.29,0.0
5899.54,0.0
5899.79,0.0
5900.04,0.0
5900.29,0.0
5900.54,0.0
5900.79,0.0
5901.04,0.0
5901.29,0.0
5901.54,0.0
5901.79,0.0
5902.04,0.0
5902.29,0.0
5902.54,0.0
5902.79,0.0
5903.04,0.0
5903.29,0.0
5903.54,0.0
5903.79,0.0
5904.05,0.0
5904.30,0.0
5904.55,0.0
5904.80,0.0
5905.05,0.0
5905.30,0.0
5905.55,0.0
5905.80,0.0
5906.05,0.0
5906.30,0.0
5906.55,0.0
5906.80,0.0
5907.05,0.0
5907.30,0.0
5907.55,0.0
5907.80,0.0
5908.05,0.0
5908.30,0.0
5908.55,0.0
5908.80,0.0
5909.05,0.0
5909.30,0.0
5909.55,0.0
5909.81,0.0
5910.06,0.0
5910.31,0.0
5910.56,0.0
5910.81,0.0
5911.06,0.0
5911.31,0.0
5911.56,0.0
5911.81,0.0
5912.06,0.0
5912.31,0.0
5912.56,0.0
5912.81,0.0
5913.06,0.0
5913.31,0.0
5913.56,0.0
5913.81,0.0
5914.06,0.0
5914.31,0.0
5914.56,0.0
5914.81,0.0
5915.06,0.0
5915.31,0.0
5915.56,0.0
5915.81,0.0
5916.07,0.0
5916.32,0.0
5916.57,0.0
5916.82,0.0
5917.07,0.0
5917.32,0.0
5917.57,0.0
5917.82,0.0
5918.07,0.0
5918.32,0.0
5918.57,0.0
5918.82,0.0
5919.07,0.0
5919.32,0.0
5919.57,0.0
5919.82,0.0
5920.07,0.0
5920.32,0.0
5920.57,0.0
5920.82,0.0
5921.07,0.0
5921.32,0.0
5921.57,0.0
5921.82,0.0
5922.07,0.0
5922.33,0.0
5922.58,0.0
5922.83,0.0
5923.08,0.0
5923.33,0.0
5923.58,0.0
5923.83,0.0
5924.08,0.0
5924.33,0.0
5924.58,0.0
5924.83,0.0
5925.08,0.0
5925.33,0.0
5925.58,0.0
5925.83,0.0
5926.08,0.0
5926.33,0.0
5926.58,0.0
5926.83,0.0
5927.08,0.0
5927.33,0.0
5927.58,0.0
5927.84,0.0
5928.09,0.0
5928.34,0.0
5928.59,0.0
5928.84,0.0
5929.09,0.0
5929.34,0.0
5929.59,0.0
5929.84,0.0
5930.09,0.0
5930.34,0.0
5930.59,0.0
5930.84,0.0
5931.09,0.0
5931.34,0.0
5931.59,0.0
5931.84,0.0
5932.09,0.0
5932.34,0.0
5932.59,0.0
5932.84,0.0
5933.09,0.0
5933.34,0.0
5933.59,0.0
5933.85,0.0
5934.10,0.0
5934.35,0.0
5934.60,0.0
5934.85,0.0
5935.10,0.0
5935.35,0.0
5935.60,0.0
5935.85,0.0
5936.10,0.0
5936.35,0.0
5936.60,0.0
5936.85,0.0
5937.10,0.0
5937.35,0.0
5937.60,0.0
5937.85,0.0
5938.10,0.0
5938.35,0.0
5938.60,0.0
5938.85,0.0
5939.10,0.0
5939.35,0.0
5939.60,0.0
5939.85,0.0
5940.11,0.0
5940.36,0.0
5940.61,0.0
5940.86,0.0
5941.11,0.0
5941.36,0.0
5941.61,0.0
5941.86,0.0
5942.11,0.0
5942.36,0.0
5942.61,0.0
5942.86,0.0
5943.11,0.0
5943.36,0.0
5943.61,0.0
5943.86,0.0
5944.11,0.0
5944.36,0.0
5944.61,0.0
5944.86,0.0
5945.11,0.0
5945.36,0.0
5945.61,0.0
5945.86,0.0
5946.12,0.0
5946.37,0.0
5946.62,0.0
5946.87,0.0
5947.12,0.0
5947.37,0.0
5947.62,0.0
5947.87,0.0
5948.12,0.0
5948.37,0.0
5948.62,0.0
5948.87,0.0
5949.12,0.0
5949.37,0.0
5949.62,0.0
5949.87,0.0
5950.12,0.0
5950.37,0.0
5950.62,0.0
5950.87,0.0
5951.12,0.0
5951.38,0.0
5951.62,0.0
5951.88,0.0
5952.13,0.0
5952.38,0.0
5952.63,0.0
5952.88,0.0
5953.13,0.0
5953.38,0.0
5953.63,0.0
5953.88,0.0
5954.13,0.0
5954.38,0.0
5954.63,0.0
5954.88,0.0
5955.13,0.0
5955.38,0.0
5955.63,0.0
5955.88,0.0
5956.13,0.0
5956.38,0.0
5956.63,0.0
5956.88,0.0
5957.14,0.0
5957.39,0.0
5957.64,0.0
5957.89,0.0
5958.14,0.0
5958.39,0.0
5958.64,0.0
5958.89,0.0
5959.14,0.0
5959.39,0.0
5959.64,0.0
5959.89,0.0
5960.14,0.0
5960.39,0.0
5960.64,0.0
5960.89,0.0
5961.14,0.0
5961.39,0.0
5961.64,0.0
5961.89,0.0
5962.14,0.0
5962.39,0.0
5962.64,0.0
5962.89,0.0
5963.14,0.0
5963.40,0.0
5963.65,0.0
5963.90,0.0
5964.15,0.0
5964.40,0.0
5964.65,0.0
5964.90,0.0
5965.15,0.0
5965.40,0.0
5965.65,0.0
5965.90,0.0
5966.15,0.0
5966.40,0.0
5966.65,0.0
5966.90,0.0
5967.15,0.0
5967.40,0.0
5967.65,0.0
5967.90,0.0
5968.15,0.0
5968.40,0.0
5968.65,0.0
5968.90,0.0
5969.15,0.0
5969.40,0.0
5969.65,0.0
5969.90,0.0
5970.15,0.0
5970.41,0.0
5970.66,0.0
5970.91,0.0
5971.16,0.0
5971.41,0.0
5971.66,0.0
5971.91,0.0
5972.16,0.0
5972.41,0.0
5972.66,0.0
5972.91,0.0
5973.16,0.0
5973.41,0.0
5973.66,0.0
5973.91,0.0
5974.16,0.0
5974.41,0.0
5974.66,0.0
5974.91,0.0
5975.16,0.0
5975.41,0.0
5975.66,0.0
5975.91,0.0
5976.16,0.0
5976.41,0.0
5976.66,0.0
5976.91,0.0
5977.17,0.0
5977.42,0.0
5977.67,0.0
5977.92,0.0
5978.17,0.0
5978.42,0.0
5978.67,0.0
5978.92,0.0
5979.17,0.0
5979.42,0.0
5979.67,0.0
5979.92,0.0
5980.17,0.0
5980.42,0.0
5980.67,0.0
5980.92,0.0
5981.17,0.0
5981.42,0.0
5981.67,0.0
5981.92,0.0
5982.17,0.0
5982.42,0.0
5982.68,0.0
5982.93,0.0
5983.18,0.0
5983.43,0.0
5983.68,0.0
5983.93,0.0
5984.18,0.0
5984.43,0.0
5984.68,0.0
5984.93,0.0
5985.18,0.0
5985.43,0.0
5985.68,0.0
5985.93,0.0
5986.18,0.0
5986.43,0.0
5986.68,0.0
5986.93,0.0
5987.18,0.0
5987.43,0.0
5987.68,0.0
5987.93,0.0
5988.18,0.0
5988.43,0.0
5988.69,0.0
5988.94,0.0
5989.19,0.0
5989.44,0.0
5989.69,0.0
5989.94,0.0
5990.19,0.0
5990.44,0.0
5990.69,0.0
5990.94,0.0
5991.19,0.0
5991.44,0.0
5991.69,0.0
5991.94,0.0
5992.19,0.0
5992.44,0.0
5992.69,0.0
5992.94,0.0
5993.19,0.0
5993.44,0.0
5993.69,0.0
5993.94,0.0
5994.19,0.0
5994.44,0.0
5994.69,0.0
5994.95,0.0
5995.20,0.0
5995.45,0.0
5995.70,0.0
5995.95,0.0
5996.20,0.0
5996.45,0.0
5996.70,0.0
5996.95,0.0
5997.20,0.0
5997.45,0.0
5997.70,0.0
5997.95,0.0
5998.20,0.0
5998.45,0.0
5998.70,0.0
5998.95,0.0
5999.20,0.0
5999.45,0.0
5999.70,0.0
5999.95,0.0
6000.20,0.0
6000.45,0.0
6000.71,0.0
6000.96,0.0
6001.21,0.0
6001.46,0.0
6001.71,0.0
6001.96,0.0
6002.21,0.0
6002.46,0.0
6002.71,0.0
6002.96,0.0
6003.21,0.0
6003.46,0.0
6003.71,0.0
6003.96,0.0
6004.21,0.0
6004.46,0.0
6004.71,0.0
6004.96,0.0
6005.21,0.0
6005.46,0.0
6005.71,0.0
6005.97,0.0
6006.22,0.0
6006.47,0.0
6006.72,0.0
6006.97,0.0
6007.22,0.0
6007.47,0.0
6007.72,0.0
6007.97,0.0
6008.22,0.0
6008.47,0.0
6008.72,0.0
6008.97,0.0
6009.22,0.0
6009.47,0.0
6009.72,0.0
6009.97,0.0
6010.22,0.0
6010.47,0.0
6010.72,0.0
6010.97,0.0
6011.22,0.0
6011.47,0.0
6011.72,0.0
6011.97,0.0
6012.23,0.0
6012.48,0.0
6012.73,0.0
6012.98,0.0
6013.23,0.0
6013.48,0.0
6013.73,0.0
6013.98,0.0
6014.23,0.0
6014.48,0.0
6014.73,0.0
6014.98,0.0
6015.23,0.0
6015.48,0.0
6015.73,0.0
6015.98,0.0
6016.23,0.0
6016.48,0.0
6016.73,0.0
6016.98,0.0
6017.23,0.0
6017.48,0.0
6017.73,0.0
6017.98,0.0
6018.23,0.0
6018.48,0.0
6018.74,0.0
6018.99,0.0
6019.24,0.0
6019.49,0.0
6019.74,0.0
6019.99,0.0
6020.24,0.0
6020.49,0.0
6020.74,0.0
6020.99,0.0
6021.24,0.0
6021.49,0.0
6021.74,0.0
6021.99,0.0
6022.24,0.0
6022.49,0.0
6022.74,0.0
6022.99,0.0
6023.24,0.0
6023.49,0.0
6023.74,0.0
6023.99,0.0
6024.24,0.0
6024.50,0.0
6024.75,0.0
6025.00,0.0
6025.25,0.0
6025.50,0.0
6025.75,0.0
6026.00,0.0
6026.25,0.0
6026.50,0.0
6026.75,0.0
6027.00,0.0
6027.25,0.0
6027.50,0.0
6027.75,0.0
6028.00,0.0
6028.25,0.0
6028.50,0.0
6028.75,0.0
6029.00,0.0
6029.25,0.0
6029.50,0.0
6029.76,0.0
6030.01,0.0
6030.26,0.0
6030.51,0.0
6030.76,0.0
6031.01,0.0
6031.26,0.0
6031.51,0.0
6031.76,0.0
6032.01,0.0
6032.26,0.0
6032.51,0.0
6032.76,0.0
6033.01,0.0
6033.26,0.0
6033.51,0.0
6033.76,0.0
6034.01,0.0
6034.26,0.0
6034.51,0.0
6034.76,0.0
6035.01,0.0
6035.26,0.0
6035.52,0.0
6035.77,0.0
6036.02,0.0
6036.27,0.0
6036.52,0.0
6036.77,0.0
6037.02,0.0
6037.27,0.0
6037.52,0.0
6037.77,0.0
6038.02,0.0
6038.27,0.0
6038.52,0.0
6038.77,0.0
6039.02,0.0
6039.27,0.0
6039.52,0.0
6039.77,0.0
6040.02,0.0
6040.27,0.0
6040.52,0.0
6040.77,0.0
6041.02,0.0
6041.27,0.0
6041.52,0.0
6041.77,0.0
6042.03,0.0
6042.28,0.0
6042.53,0.0
6042.78,0.0
6043.03,0.0
6043.28,0.0
6043.53,0.0
6043.78,0.0
6044.03,0.0
6044.28,0.0
6044.53,0.0
6044.78,0.0
6045.03,0.0
6045.28,0.0
6045.53,0.0
6045.78,0.0
6046.03,0.0
6046.28,0.0
6046.53,0.0
6046.78,0.0
6047.03,0.0
6047.28,0.0
6047.53,0.0
6047.79,0.0
6048.04,0.0
6048.29,0.0
6048.54,0.0
6048.79,0.0
6049.04,0.0
6049.29,0.0
6049.54,0.0
6049.79,0.0
6050.04,0.0
6050.29,0.0
6050.54,0.0
6050.79,0.0
6051.04,0.0
6051.29,0.0
6051.54,0.0
6051.79,0.0
6052.04,0.0
6052.29,0.0
6052.54,0.0
6052.80,0.0
6053.05,0.0
6053.30,0.0
6053.55,0.0
6053.80,0.0
6054.05,0.0
6054.30,0.0
6054.55,0.0
6054.80,0.0
6055.05,0.0
6055.30,0.0
6055.55,0.0
6055.80,0.0
6056.05,0.0
6056.30,0.0
6056.55,0.0
6056.80,0.0
6057.05,0.0
6057.30,0.0
6057.55,0.0
6057.80,0.0
6058.05,0.0
6058.30,0.0
6058.56,0.0
6058.81,0.0
6059.06,0.0
6059.31,0.0
6059.56,0.0
6059.81,0.0
6060.06,0.0
6060.31,0.0
6060.56,0.0
6060.81,0.0
6061.06,0.0
6061.31,0.0
6061.56,0.0
6061.81,0.0
6062.06,0.0
6062.31,0.0
6062.56,0.0
6062.81,0.0
6063.06,0.0
6063.31,0.0
6063.56,0.0
6063.81,0.0
6064.06,0.0
6064.31,0.0
6064.56,0.0
6064.81,0.0
6065.07,0.0
6065.32,0.0
6065.57,0.0
6065.82,0.0
6066.07,0.0
6066.32,0.0
6066.57,0.0
6066.82,0.0
6067.07,0.0
6067.32,0.0
6067.57,0.0
6067.82,0.0
6068.07,0.0
6068.32,0.0
6068.57,0.0
6068.82,0.0
6069.07,0.0
6069.32,0.0
6069.57,0.0
6069.82,0.0
6070.07,0.0
6070.32,0.0
6070.57,0.0
6070.82,0.0
6071.08,0.0
6071.33,0.0
6071.58,0.0
6071.83,0.0
6072.08,0.0
6072.33,0.0
6072.58,0.0
6072.83,0.0
6073.08,0.0
6073.33,0.0
6073.58,0.0
6073.83,0.0
6074.08,0.0
6074.33,0.0
6074.58,0.0
6074.83,0.0
6075.08,0.0
6075.33,0.0
6075.58,0.0
6075.83,0.0
6076.08,0.0
6076.33,0.0
6076.59,0.0
6076.84,0.0
6077.09,0.0
6077.34,0.0
6077.59,0.0
6077.84,0.0
6078.09,0.0
6078.34,0.0
6078.59,0.0
6078.84,0.0
6079.09,0.0
6079.34,0.0
6079.59,0.0
6079.84,0.0
6080.09,0.0
6080.34,0.0
6080.59,0.0
6080.84,0.0
6081.09,0.0
6081.34,0.0
6081.59,0.0
6081.84,0.0
6082.09,0.0
6082.34,0.0
6082.60,0.0
6082.85,0.0
6083.10,0.0
6083.35,0.0
6083.60,0.0
6083.85,0.0
6084.10,0.0
6084.35,0.0
6084.60,0.0
6084.85,0.0
6085.10,0.0
6085.35,0.0
6085.60,0.0
6085.85,0.0
6086.10,0.0
6086.35,0.0
6086.60,0.0
6086.85,0.0
6087.10,0.0
6087.35,0.0
6087.60,0.0
6087.85,0.0
6088.10,0.0
6088.35,0.0
6088.60,0.0
6088.85,0.0
6089.10,0.0
6089.36,0.0
6089.61,0.0
6089.86,0.0
6090.11,0.0
6090.36,0.0
6090.61,0.0
6090.86,0.0
6091.11,0.0
6091.36,0.0
6091.61,0.0
6091.86,0.0
6092.11,0.0
6092.36,0.0
6092.61,0.0
6092.86,0.0
6093.11,0.0
6093.36,0.0
6093.61,0.0
6093.86,0.0
6094.11,0.0
6094.36,0.0
6094.61,0.0
6094.86,0.0
6095.11,0.0
6095.37,0.0
6095.62,0.0
6095.87,0.0
6096.12,0.0
6096.37,0.0
6096.62,0.0
6096.87,0.0
6097.12,0.0
6097.37,0.0
6097.62,0.0
6097.87,0.0
6098.12,0.0
6098.37,0.0
6098.62,0.0
6098.87,0.0
6099.12,0.0
6099.37,0.0
6099.62,0.0
6099.87,0.0
6100.12,0.0
6100.38,0.0
6100.62,0.0
6100.88,0.0
6101.13,0.0
6101.38,0.0
6101.63,0.0
6101.88,0.0
6102.13,0.0
6102.38,0.0
6102.63,0.0
6102.88,0.0
6103.13,0.0
6103.38,0.0
6103.63,0.0
6103.88,0.0
6104.13,0.0
6104.38,0.0
6104.63,0.0
6104.88,0.0
6105.13,0.0
6105.38,0.0
6105.63,0.0
6105.88,0.0
6106.14,0.0
6106.39,0.0
6106.64,0.0
6106.89,0.0
6107.14,0.0
6107.39,0.0
6107.64,0.0
6107.89,0.0
6108.14,0.0
6108.39,0.0
6108.64,0.0
6108.89,0.0
6109.14,0.0
6109.39,0.0
6109.64,0.0
6109.89,0.0
6110.14,0.0
6110.39,0.0
6110.64,0.0
6110.89,0.0
6111.14,0.0
6111.39,0.0
6111.64,0.0
6111.90,0.0
6112.15,0.0
6112.40,0.0
6112.65,0.0
6112.90,0.0
6113.15,0.0
6113.40,0.0
6113.65,0.0
6113.90,0.0
6114.15,0.0
6114.40,0.0
6114.65,0.0
6114.90,0.0
6115.15,0.0
6115.40,0.0
6115.65,0.0
6115.90,0.0
6116.15,0.0
6116.40,0.0
6116.65,0.0
6116.90,0.0
6117.15,0.0
6117.40,0.0
6117.65,0.0
6117.90,0.0
6118.16,0.0
6118.41,0.0
6118.66,0.0
6118.91,0.0
6119.16,0.0
6119.41,0.0
6119.66,0.0
6119.91,0.0
6120.16,0.0
6120.41,0.0
6120.66,0.0
6120.91,0.0
6121.16,0.0
6121.41,0.0
6121.66,0.0
6121.91,0.0
6122.16,0.0
6122.41,0.0
6122.66,0.0
6122.91,0.0
6123.16,0.0
6123.41,0.0
6123.66,0.0
6123.91,0.0
6124.17,0.0
6124.42,0.0
6124.67,0.0
6124.92,0.0
6125.17,0.0
6125.42,0.0
6125.67,0.0
6125.92,0.0
6126.17,0.0
6126.42,0.0
6126.67,0.0
6126.92,0.0
6127.17,0.0
6127.42,0.0
6127.67,0.0
6127.92,0.0
6128.17,0.0
6128.42,0.0
6128.67,0.0
6128.92,0.0
6129.17,0.0
6129.43,0.0
6129.68,0.0
6129.93,0.0
6130.18,0.0
6130.43,0.0
6130.68,0.0
6130.93,0.0
6131.18,0.0
6131.43,0.0
6131.68,0.0
6131.93,0.0
6132.18,0.0
6132.43,0.0
6132.68,0.0
6132.93,0.0
6133.18,0.0
6133.43,0.0
6133.68,0.0
6133.93,0.0
6134.18,0.0
6134.43,0.0
6134.68,0.0
6134.93,0.0
6135.19,0.0
6135.44,0.0
6135.69,0.0
6135.94,0.0
6136.19,0.0
6136.44,0.0
6136.69,0.0
6136.94,0.0
6137.19,0.0
6137.44,0.0
6137.69,0.0
6137.94,0.0
6138.19,0.0
6138.44,0.0
6138.69,0.0
6138.94,0.0
6139.19,0.0
6139.44,0.0
6139.69,0.0
6139.94,0.0
6140.19,0.0
6140.44,0.0
6140.69,0.0
6140.94,0.0
6141.19,0.0
6141.44,0.0
6141.70,0.0
6141.95,0.0
6142.20,0.0
6142.45,0.0
6142.70,0.0
6142.95,0.0
6143.20,0.0
6143.45,0.0
6143.70,0.0
6143.95,0.0
6144.20,0.0
6144.45,0.0
6144.70,0.0
6144.95,0.0
6145.20,0.0
6145.45,0.0
6145.70,0.0
6145.95,0.0
6146.20,0.0
6146.45,0.0
6146.70,0.0
6146.95,0.0
6147.20,0.0
6147.46,0.0
6147.71,0.0
6147.96,0.0
6148.21,0.0
6148.46,0.0
6148.71,0.0
6148.96,0.0
6149.21,0.0
6149.46,0.0
6149.71,0.0
6149.96,0.0
6150.21,0.0
6150.46,0.0
6150.71,0.0
6150.96,0.0
6151.21,0.0
6151.46,0.0
6151.71,0.0
6151.96,0.0
6152.21,0.0
6152.46,0.0
6152.71,0.0
6152.97,0.0
6153.22,0.0
6153.47,0.0
6153.72,0.0
6153.97,0.0
6154.22,0.0
6154.47,0.0
6154.72,0.0
6154.97,0.0
6155.22,0.0
6155.47,0.0
6155.72,0.0
6155.97,0.0
6156.22,0.0
6156.47,0.0
6156.72,0.0
6156.97,0.0
6157.22,0.0
6157.47,0.0
6157.72,0.0
6157.97,0.0
6158.22,0.0
6158.47,0.0
6158.72,0.0
6158.98,0.0
6159.23,0.0
6159.48,0.0
6159.73,0.0
6159.98,0.0
6160.23,0.0
6160.48,0.0
6160.73,0.0
6160.98,0.0
6161.23,0.0
6161.48,0.0
6161.73,0.0
6161.98,0.0
6162.23,0.0
6162.48,0.0
6162.73,0.0
6162.98,0.0
6163.23,0.0
6163.48,0.0
6163.73,0.0
6163.98,0.0
6164.23,0.0
6164.48,0.0
6164.73,0.0
6164.98,0.0
6165.23,0.0
6165.49,0.0
6165.74,0.0
6165.99,0.0
6166.24,0.0
6166.49,0.0
6166.74,0.0
6166.99,0.0
6167.24,0.0
6167.49,0.0
6167.74,0.0
6167.99,0.0
6168.24,0.0
6168.49,0.0
6168.74,0.0
6168.99,0.0
6169.24,0.0
6169.49,0.0
6169.74,0.0
6169.99,0.0
6170.24,0.0
6170.49,0.0
6170.74,0.0
6170.99,0.0
6171.25,0.0
6171.50,0.0
6171.75,0.0
6172.00,0.0
6172.25,0.0
6172.50,0.0
6172.75,0.0
6173.00,0.0
6173.25,0.0
6173.50,0.0
6173.75,0.0
6174.00,0.0
6174.25,0.0
6174.50,0.0
6174.75,0.0
6175.00,0.0
6175.25,0.0
6175.50,0.0
6175.75,0.0
6176.00,0.0
6176.25,0.0
6176.51,0.0
6176.76,0.0
6177.01,0.0
6177.26,0.0
6177.51,0.0
6177.76,0.0
6178.01,0.0
6178.26,0.0
6178.51,0.0
6178.76,0.0
6179.01,0.0
6179.26,0.0
6179.51,0.0
6179.76,0.0
6180.01,0.0
6180.26,0.0
6180.51,0.0
6180.76,0.0
6181.01,0.0
6181.26,0.0
6181.51,0.0
6181.76,0.0
6182.01,0.0
6182.26,0.0
6182.51,0.0
6182.77,0.0
6183.02,0.0
6183.27,0.0
6183.52,0.0
6183.77,0.0
6184.02,0.0
6184.27,0.0
6184.52,0.0
6184.77,0.0
6185.02,0.0
6185.27,0.0
6185.52,0.0
6185.77,0.0
6186.02,0.0
6186.27,0.0
6186.52,0.0
6186.77,0.0
6187.02,0.0
6187.27,0.0
6187.52,0.0
6187.77,0.0
6188.02,0.0
6188.27,0.0
6188.52,0.0
6188.77,0.0
6189.02,0.0
6189.28,0.0
6189.53,0.0
6189.78,0.0
6190.03,0.0
6190.28,0.0
6190.53,0.0
6190.78,0.0
6191.03,0.0
6191.28,0.0
6191.53,0.0
6191.78,0.0
6192.03,0.0
6192.28,0.0
6192.53,0.0
6192.78,0.0
6193.03,0.0
6193.28,0.0
6193.53,0.0
6193.78,0.0
6194.03,0.0
6194.28,0.0
6194.53,0.0
6194.78,0.0
6195.04,0.0
6195.29,0.0
6195.54,0.0
6195.79,0.0
6196.04,0.0
6196.29,0.0
6196.54,0.0
6196.79,0.0
6197.04,0.0
6197.29,0.0
6197.54,0.0
6197.79,0.0
6198.04,0.0
6198.29,0.0
6198.54,0.0
6198.79,0.0
6199.04,0.0
6199.29,0.0
6199.54,0.0
6199.79,0.0
6200.04,0.0
6200.29,0.0
6200.54,0.0
6200.80,0.0
6201.05,0.0
6201.30,0.0
6201.55,0.0
6201.80,0.0
6202.05,0.0
6202.30,0.0
6202.55,0.0
6202.80,0.0
6203.05,0.0
6203.30,0.0
6203.55,0.0
6203.80,0.0
6204.05,0.0
6204.30,0.0
6204.55,0.0
6204.80,0.0
6205.05,0.0
6205.30,0.0
6205.55,0.0
6205.80,0.0
6206.05,0.0
6206.30,0.0
6206.55,0.0
6206.81,0.0
6207.06,0.0
6207.31,0.0
6207.56,0.0
6207.81,0.0
6208.06,0.0
6208.31,0.0
6208.56,0.0
6208.81,0.0
6209.06,0.0
6209.31,0.0
6209.56,0.0
6209.81,0.0
6210.06,0.0
6210.31,0.0
6210.56,0.0
6210.81,0.0
6211.06,0.0
6211.31,0.0
6211.56,0.0
6211.81,0.0
6212.06,0.0
6212.31,0.0
6212.56,0.0
6212.81,0.0
6213.06,0.0
6213.31,0.0
6213.56,0.0
6213.82,0.0
6214.07,0.0
6214.32,0.0
6214.57,0.0
6214.82,0.0
6215.07,0.0
6215.32,0.0
6215.57,0.0
6215.82,0.0
6216.07,0.0
6216.32,0.0
6216.57,0.0
6216.82,0.0
6217.07,0.0
6217.32,0.0
6217.57,0.0
6217.82,0.0
6218.07,0.0
6218.32,0.0
6218.57,0.0
6218.82,0.0
6219.07,0.0
6219.32,0.0
6219.57,0.0
6219.83,0.0
6220.08,0.0
6220.33,0.0
6220.58,0.0
6220.83,0.0
6221.08,0.0
6221.33,0.0
6221.58,0.0
6221.83,0.0
6222.08,0.0
6222.33,0.0
6222.58,0.0
6222.83,0.0
6223.08,0.0
6223.33,0.0
6223.58,0.0
6223.83,0.0
6224.08,0.0
6224.33,0.0
6224.58,0.0
6224.83,0.0
6225.08,0.0
6225.33,0.0
6225.59,0.0
6225.84,0.0
6226.09,0.0
6226.34,0.0
6226.59,0.0
6226.84,0.0
6227.09,0.0
6227.34,0.0
6227.59,0.0
6227.84,0.0
6228.09,0.0
6228.34,0.0
6228.59,0.0
6228.84,0.0
6229.09,0.0
6229.34,0.0
6229.59,0.0
6229.84,0.0
6230.09,0.0
6230.34,0.0
6230.59,0.0
6230.84,0.0
6231.09,0.0
6231.34,0.0
6231.59,0.0
6231.85,0.0
6232.10,0.0
6232.35,0.0
6232.60,0.0
6232.85,0.0
6233.10,0.0
6233.35,0.0
6233.60,0.0
6233.85,0.0
6234.10,0.0
6234.35,0.0
6234.60,0.0
6234.85,0.0
6235.10,0.0
6235.35,0.0
6235.60,0.0
6235.85,0.0
6236.10,0.0
6236.35,0.0
6236.60,0.0
6236.85,0.0
6237.10,0.0
6237.35,0.0
6237.60,0.0
6237.85,0.0
6238.10,0.0
6238.35,0.0
6238.61,0.0
6238.86,0.0
6239.11,0.0
6239.36,0.0
6239.61,0.0
6239.86,0.0
6240.11,0.0
6240.36,0.0
6240.61,0.0
6240.86,0.0
6241.11,0.0
6241.36,0.0
6241.61,0.0
6241.86,0.0
6242.11,0.0
6242.36,0.0
6242.61,0.0
6242.86,0.0
6243.11,0.0
6243.36,0.0
6243.61,0.0
6243.86,0.0
6244.11,0.0
6244.37,0.0
6244.62,0.0
6244.87,0.0
6245.12,0.0
6245.37,0.0
6245.62,0.0
6245.87,0.0
6246.12,0.0
6246.37,0.0
6246.62,0.0
6246.87,0.0
6247.12,0.0
6247.37,0.0
6247.62,0.0
6247.87,0.0
6248.12,0.0
6248.37,0.0
6248.62,0.0
6248.87,0.0
6249.12,0.0
6249.37,0.0
6249.62,0.0
6249.88,0.0
6250.13,0.0
6250.38,0.0
6250.63,0.0
6250.88,0.0
6251.13,0.0
6251.38,0.0
6251.63,0.0
6251.88,0.0
6252.13,0.0
6252.38,0.0
6252.63,0.0
6252.88,0.0
6253.13,0.0
6253.38,0.0
6253.63,0.0
6253.88,0.0
6254.13,0.0
6254.38,0.0
6254.63,0.0
6254.88,0.0
6255.14,0.0
6255.39,0.0
6255.64,0.0
6255.89,0.0
6256.14,0.0
6256.39,0.0
6256.64,0.0
6256.89,0.0
6257.14,0.0
6257.39,0.0
6257.64,0.0
6257.89,0.0
6258.14,0.0
6258.39,0.0
6258.64,0.0
6258.89,0.0
6259.14,0.0
6259.39,0.0
6259.64,0.0
6259.89,0.0
6260.14,0.0
6260.39,0.0
6260.64,0.0
6260.90,0.0
6261.15,0.0
6261.40,0.0
6261.65,0.0
6261.90,0.0
6262.15,0.0
6262.40,0.0
6262.65,0.0
6262.90,0.0
6263.15,0.0
6263.40,0.0
6263.65,0.0
6263.90,0.0
6264.15,0.0
6264.40,0.0
6264.65,0.0
6264.90,0.0
6265.15,0.0
6265.40,0.0
6265.65,0.0
6265.90,0.0
6266.15,0.0
6266.40,0.0
6266.65,0.0
6266.90,0.0
6267.16,0.0
6267.41,0.0
6267.66,0.0
6267.91,0.0
6268.16,0.0
6268.41,0.0
6268.66,0.0
6268.91,0.0
6269.16,0.0
6269.41,0.0
6269.66,0.0
6269.91,0.0
6270.16,0.0
6270.41,0.0
6270.66,0.0
6270.91,0.0
6271.16,0.0
6271.41,0.0
6271.66,0.0
6271.91,0.0
6272.16,0.0
6272.41,0.0
6272.66,0.0
6272.92,0.0
6273.17,0.0
6273.42,0.0
6273.67,0.0
6273.92,0.0
6274.17,0.0
6274.42,0.0
6274.67,0.0
6274.92,0.0
6275.17,0.0
6275.42,0.0
6275.67,0.0
6275.92,0.0
6276.17,0.0
6276.42,0.0
6276.67,0.0
6276.92,0.0
6277.17,0.0
6277.42,0.0
6277.67,0.0
6277.93,0.0
6278.18,0.0
6278.43,0.0
6278.68,0.0
6278.93,0.0
6279.18,0.0
6279.43,0.0
6279.68,0.0
6279.93,0.0
6280.18,0.0
6280.43,0.0
6280.68,0.0
6280.93,0.0
6281.18,0.0
6281.43,0.0
6281.68,0.0
6281.93,0.0
6282.18,0.0
6282.43,0.0
6282.68,0.0
6282.93,0.0
6283.18,0.0
6283.43,0.0
6283.69,0.0
6283.94,0.0
6284.19,0.0
6284.44,0.0
6284.69,0.0
6284.94,0.0
6285.19,0.0
6285.44,0.0
6285.69,0.0
6285.94,0.0
6286.19,0.0
6286.44,0.0
6286.69,0.0
6286.94,0.0
6287.19,0.0
6287.44,0.0
6287.69,0.0
6287.94,0.0
6288.19,0.0
6288.44,0.0
6288.69,0.0
6288.94,0.0
6289.19,0.0
6289.44,0.0
6289.69,0.0
6289.95,0.0
6290.20,0.0
6290.45,0.0
6290.70,0.0
6290.95,0.0
6291.20,0.0
6291.45,0.0
6291.70,0.0
6291.95,0.0
6292.20,0.0
6292.45,0.0
6292.70,0.0
6292.95,0.0
6293.20,0.0
6293.45,0.0
6293.70,0.0
6293.95,0.0
6294.20,0.0
6294.45,0.0
6294.70,0.0
6294.95,0.0
6295.20,0.0
6295.45,0.0
6295.71,0.0
6295.96,0.0
6296.21,0.0
6296.46,0.0
6296.71,0.0
6296.96,0.0
6297.21,0.0
6297.46,0.0
6297.71,0.0
6297.96,0.0
6298.21,0.0
6298.46,0.0
6298.71,0.0
6298.96,0.0
6299.21,0.0
6299.46,0.0
6299.71,0.0
6299.96,0.0
6300.21,0.0
6300.46,0.0
6300.72,0.0
6300.97,0.0
6301.22,0.0
6301.47,0.0
6301.72,0.0
6301.97,0.0
6302.22,0.0
6302.47,0.0
6302.72,0.0
6302.97,0.0
6303.22,0.0
6303.47,0.0
6303.72,0.0
6303.97,0.0
6304.22,0.0
6304.47,0.0
6304.72,0.0
6304.97,0.0
6305.22,0.0
6305.47,0.0
6305.72,0.0
6305.97,0.0
6306.22,0.0
6306.48,0.0
6306.73,0.0
6306.98,0.0
6307.23,0.0
6307.48,0.0
6307.73,0.0
6307.98,0.0
6308.23,0.0
6308.48,0.0
6308.73,0.0
6308.98,0.0
6309.23,0.0
6309.48,0.0
6309.73,0.0
6309.98,0.0
6310.23,0.0
6310.48,0.0
6310.73,0.0
6310.98,0.0
6311.23,0.0
6311.48,0.0
6311.73,0.0
6311.98,0.0
6312.23,0.0
6312.48,0.0
6312.74,0.0
6312.99,0.0
6313.24,0.0
6313.49,0.0
6313.74,0.0
6313.99,0.0
6314.24,0.0
6314.49,0.0
6314.74,0.0
6314.99,0.0
6315.24,0.0
6315.49,0.0
6315.74,0.0
6315.99,0.0
6316.24,0.0
6316.49,0.0
6316.74,0.0
6316.99,0.0
6317.24,0.0
6317.49,0.0
6317.74,0.0
6317.99,0.0
6318.24,0.0
6318.50,0.0
6318.75,0.0
6319.00,0.0
6319.25,0.0
6319.50,0.0
6319.75,0.0
6320.00,0.0
6320.25,0.0
6320.50,0.0
6320.75,0.0
6321.00,0.0
6321.25,0.0
6321.50,0.0
6321.75,0.0
6322.00,0.0
6322.25,0.0
6322.50,0.0
6322.75,0.0
6323.00,0.0
6323.25,0.0
6323.51,0.0
6323.76,0.0
6324.01,0.0
6324.26,0.0
6324.51,0.0
6324.76,0.0
6325.01,0.0
6325.26,0.0
6325.51,0.0
6325.76,0.0
6326.01,0.0
6326.26,0.0
6326.51,0.0
6326.76,0.0
6327.01,0.0
6327.26,0.0
6327.51,0.0
6327.76,0.0
6328.01,0.0
6328.26,0.0
6328.51,0.0
6328.76,0.0
6329.01,0.0
6329.27,0.0
6329.52,0.0
6329.77,0.0
6330.02,0.0
6330.27,0.0
6330.52,0.0
6330.77,0.0
6331.02,0.0
6331.27,0.0
6331.52,0.0
6331.77,0.0
6332.02,0.0
6332.27,0.0
6332.52,0.0
6332.77,0.0
6333.02,0.0
6333.27,0.0
6333.52,0.0
6333.77,0.0
6334.02,0.0
6334.27,0.0
6334.52,0.0
6334.77,0.0
6335.02,0.0
6335.27,0.0
6335.52,0.0
6335.78,0.0
6336.03,0.0
6336.28,0.0
6336.53,0.0
6336.78,0.0
6337.03,0.0
6337.28,0.0
6337.53,0.0
6337.78,0.0
6338.03,0.0
6338.28,0.0
6338.53,0.0
6338.78,0.0
6339.03,0.0
6339.28,0.0
6339.53,0.0
6339.78,0.0
6340.03,0.0
6340.28,0.0
6340.53,0.0
6340.78,0.0
6341.03,0.0
6341.28,0.0
6341.53,0.0
6341.78,0.0
6342.04,0.0
6342.29,0.0
6342.54,0.0
6342.79,0.0
6343.04,0.0
6343.29,0.0
6343.54,0.0
6343.79,0.0
6344.04,0.0
6344.29,0.0
6344.54,0.0
6344.79,0.0
6345.04,0.0
6345.29,0.0
6345.54,0.0
6345.79,0.0
6346.04,0.0
6346.29,0.0
6346.54,0.0
6346.79,0.0
6347.04,0.0
6347.29,0.0
6347.54,0.0
6347.79,0.0
6348.05,0.0
6348.30,0.0
6348.55,0.0
6348.80,0.0
6349.05,0.0
6349.30,0.0
6349.55,0.0
6349.80,0.0
6350.05,0.0
6350.30,0.0
6350.55,0.0
6350.80,0.0
6351.05,0.0
6351.30,0.0
6351.55,0.0
6351.80,0.0
6352.05,0.0
6352.30,0.0
6352.55,0.0
6352.80,0.0
6353.05,0.0
6353.30,0.0
6353.55,0.0
6353.81,0.0
6354.06,0.0
6354.31,0.0
6354.56,0.0
6354.81,0.0
6355.06,0.0
6355.31,0.0
6355.56,0.0
6355.81,0.0
6356.06,0.0
6356.31,0.0
6356.56,0.0
6356.81,0.0
6357.06,0.0
6357.31,0.0
6357.56,0.0
6357.81,0.0
6358.06,0.0
6358.31,0.0
6358.56,0.0
6358.81,0.0
6359.06,0.0
6359.31,0.0
6359.56,0.0
6359.81,0.0
6360.06,0.0
6360.32,0.0
6360.57,0.0
6360.82,0.0
6361.07,0.0
6361.32,0.0
6361.57,0.0
6361.82,0.0
6362.07,0.0
6362.32,0.0
6362.57,0.0
6362.82,0.0
6363.07,0.0
6363.32,0.0
6363.57,0.0
6363.82,0.0
6364.07,0.0
6364.32,0.0
6364.57,0.0
6364.82,0.0
6365.07,0.0
6365.32,0.0
6365.57,0.0
6365.82,0.0
6366.08,0.0
6366.33,0.0
6366.58,0.0
6366.83,0.0
6367.08,0.0
6367.33,0.0
6367.58,0.0
6367.83,0.0
6368.08,0.0
6368.33,0.0
6368.58,0.0
6368.83,0.0
6369.08,0.0
6369.33,0.0
6369.58,0.0
6369.83,0.0
6370.08,0.0
6370.33,0.0
6370.58,0.0
6370.83,0.0
6371.08,0.0
6371.33,0.0
6371.59,0.0
6371.84,0.0
6372.09,0.0
6372.34,0.0
6372.59,0.0
6372.84,0.0
6373.09,0.0
6373.34,0.0
6373.59,0.0
6373.84,0.0
6374.09,0.0
6374.34,0.0
6374.59,0.0
6374.84,0.0
6375.09,0.0
6375.34,0.0
6375.59,0.0
6375.84,0.0
6376.09,0.0
6376.34,0.0
6376.59,0.0
6376.84,0.0
6377.09,0.0
6377.35,0.0
6377.60,0.0
6377.85,0.0
6378.10,0.0
6378.35,0.0
6378.60,0.0
6378.85,0.0
6379.10,0.0
6379.35,0.0
6379.60,0.0
6379.85,0.0
6380.10,0.0
6380.35,0.0
6380.60,0.0
6380.85,0.0
6381.10,0.0
6381.35,0.0
6381.60,0.0
6381.85,0.0
6382.10,0.0
6382.35,0.0
6382.60,0.0
6382.85,0.0
6383.10,0.0
6383.35,0.0
6383.60,0.0
6383.86,0.0
6384.11,0.0
6384.36,0.0
6384.61,0.0
6384.86,0.0
6385.11,0.0
6385.36,0.0
6385.61,0.0
6385.86,0.0
6386.11,0.0
6386.36,0.0
6386.61,0.0
6386.86,0.0
6387.11,0.0
6387.36,0.0
6387.61,0.0
6387.86,0.0
6388.11,0.0
6388.36,0.0
6388.61,0.0
6388.86,0.0
6389.11,0.0
6389.36,0.0
6389.62,0.0
6389.87,0.0
6390.12,0.0
6390.37,0.0
6390.62,0.0
6390.87,0.0
6391.12,0.0
6391.37,0.0
6391.62,0.0
6391.87,0.0
6392.12,0.0
6392.37,0.0
6392.62,0.0
6392.87,0.0
6393.12,0.0
6393.37,0.0
6393.62,0.0
6393.87,0.0
6394.12,0.0
6394.37,0.0
6394.62,0.0
6394.88,0.0
6395.12,0.0
6395.38,0.0
6395.63,0.0
6395.88,0.0
6396.13,0.0
6396.38,0.0
6396.63,0.0
6396.88,0.0
6397.13,0.0
6397.38,0.0
6397.63,0.0
6397.88,0.0
6398.13,0.0
6398.38,0.0
6398.63,0.0
6398.88,0.0
6399.13,0.0
6399.38,0.0
6399.63,0.0
6399.88,0.0
6400.13,0.0
6400.38,0.0
6400.63,0.0
6400.89,0.0
6401.14,0.0
6401.39,0.0
6401.64,0.0
6401.89,0.0
6402.14,0.0
6402.39,0.0
6402.64,0.0
6402.89,0.0
6403.14,0.0
6403.39,0.0
6403.64,0.0
6403.89,0.0
6404.14,0.0
6404.39,0.0
6404.64,0.0
6404.89,0.0
6405.14,0.0
6405.39,0.0
6405.64,0.0
6405.89,0.0
6406.14,0.0
6406.39,0.0
6406.65,0.0
6406.90,0.0
6407.15,0.0
6407.40,0.0
6407.65,0.0
6407.90,0.0
6408.15,0.0
6408.40,0.0
6408.65,0.0
6408.90,0.0
6409.15,0.0
6409.40,0.0
6409.65,0.0
6409.90,0.0
6410.15,0.0
6410.40,0.0
6410.65,0.0
6410.90,0.0
6411.15,0.0
6411.40,0.0
6411.65,0.0
6411.90,0.0
6412.15,0.0
6412.40,0.0
6412.66,0.0
6412.91,0.0
6413.16,0.0
6413.41,0.0
6413.66,0.0
6413.91,0.0
6414.16,0.0
6414.41,0.0
6414.66,0.0
6414.91,0.0
6415.16,0.0
6415.41,0.0
6415.66,0.0
6415.91,0.0
6416.16,0.0
6416.41,0.0
6416.66,0.0
6416.91,0.0
6417.16,0.0
6417.41,0.0
6417.66,0.0
6417.91,0.0
6418.16,0.0
6418.41,0.0
6418.67,0.0
6418.92,0.0
6419.17,0.0
6419.42,0.0
6419.67,0.0
6419.92,0.0
6420.17,0.0
6420.42,0.0
6420.67,0.0
6420.92,0.0
6421.17,0.0
6421.42,0.0
6421.67,0.0
6421.92,0.0
6422.17,0.0
6422.42,0.0
6422.67,0.0
6422.92,0.0
6423.17,0.0
6423.42,0.0
6423.67,0.0
6423.93,0.0
6424.18,0.0
6424.43,0.0
6424.68,0.0
6424.93,0.0
6425.18,0.0
6425.43,0.0
6425.68,0.0
6425.93,0.0
6426.18,0.0
6426.43,0.0
6426.68,0.0
6426.93,0.0
6427.18,0.0
6427.43,0.0
6427.68,0.0
6427.93,0.0
6428.18,0.0
6428.43,0.0
6428.68,0.0
6428.93,0.0
6429.18,0.0
6429.44,0.0
6429.69,0.0
6429.94,0.0
6430.19,0.0
6430.44,0.0
6430.69,0.0
6430.94,0.0
6431.19,0.0
6431.44,0.0
6431.69,0.0
6431.94,0.0
6432.19,0.0
6432.44,0.0
6432.69,0.0
6432.94,0.0
6433.19,0.0
6433.44,0.0
6433.69,0.0
6433.94,0.0
6434.19,0.0
6434.44,0.0
6434.69,0.0
6434.94,0.0
6435.19,0.0
6435.44,0.0
6435.70,0.0
6435.95,0.0
6436.20,0.0
6436.45,0.0
6436.70,0.0
6436.95,0.0
6437.20,0.0
6437.45,0.0
6437.70,0.0
6437.95,0.0
6438.20,0.0
6438.45,0.0
6438.70,0.0
6438.95,0.0
6439.20,0.0
6439.45,0.0
6439.70,0.0
6439.95,0.0
6440.20,0.0
6440.45,0.0
6440.70,0.0
6440.95,0.0
6441.20,0.0
6441.45,0.0
6441.71,0.0
6441.96,0.0
6442.21,0.0
6442.46,0.0
6442.71,0.0
6442.96,0.0
6443.21,0.0
6443.46,0.0
6443.71,0.0
6443.96,0.0
6444.21,0.0
6444.46,0.0
6444.71,0.0
6444.96,0.0
6445.21,0.0
6445.46,0.0
6445.71,0.0
6445.96,0.0
6446.21,0.0
6446.46,0.0
6446.71,0.0
6446.97,0.0
6447.22,0.0
6447.47,0.0
6447.72,0.0
6447.97,0.0
6448.22,0.0
6448.47,0.0
6448.72,0.0
6448.97,0.0
6449.22,0.0
6449.47,0.0
6449.72,0.0
6449.97,0.0
6450.22,0.0
6450.47,0.0
6450.72,0.0
6450.97,0.0
6451.22,0.0
6451.47,0.0
6451.72,0.0
6451.97,0.0
6452.22,0.0
6452.47,0.0
6452.73,0.0
6452.98,0.0
6453.23,0.0
6453.48,0.0
6453.73,0.0
6453.98,0.0
6454.23,0.0
6454.48,0.0
6454.73,0.0
6454.98,0.0
6455.23,0.0
6455.48,0.0
6455.73,0.0
6455.98,0.0
6456.23,0.0
6456.48,0.0
6456.73,0.0
6456.98,0.0
6457.23,0.0
6457.48,0.0
6457.73,0.0
6457.98,0.0
6458.23,0.0
6458.48,0.0
6458.73,0.0
6458.98,0.0
6459.23,0.0
6459.49,0.0
6459.74,0.0
6459.99,0.0
6460.24,0.0
6460.49,0.0
6460.74,0.0
6460.99,0.0
6461.24,0.0
6461.49,0.0
6461.74,0.0
6461.99,0.0
6462.24,0.0
6462.49,0.0
6462.74,0.0
6462.99,0.0
6463.24,0.0
6463.49,0.0
6463.74,0.0
6463.99,0.0
6464.24,0.0
6464.49,0.0
6464.74,0.0
6464.99,0.0
6465.25,0.0
6465.50,0.0
6465.75,0.0
6466.00,0.0
6466.25,0.0
6466.50,0.0
6466.75,0.0
6467.00,0.0
6467.25,0.0
6467.50,0.0
6467.75,0.0
6468.00,0.0
6468.25,0.0
6468.50,0.0
6468.75,0.0
6469.00,0.0
6469.25,0.0
6469.50,0.0
6469.75,0.0
6470.00,0.0
6470.25,0.0
6470.51,0.0
6470.76,0.0
6471.01,0.0
6471.26,0.0
6471.51,0.0
6471.76,0.0
6472.01,0.0
6472.26,0.0
6472.51,0.0
6472.76,0.0
6473.01,0.0
6473.26,0.0
6473.51,0.0
6473.76,0.0
6474.01,0.0
6474.26,0.0
6474.51,0.0
6474.76,0.0
6475.01,0.0
6475.26,0.0
6475.51,0.0
6475.76,0.0
6476.01,0.0
6476.27,0.0
6476.52,0.0
6476.77,0.0
6477.02,0.0
6477.27,0.0
6477.52,0.0
6477.77,0.0
6478.02,0.0
6478.27,0.0
6478.52,0.0
6478.77,0.0
6479.02,0.0
6479.27,0.0
6479.52,0.0
6479.77,0.0
6480.02,0.0
6480.27,0.0
6480.52,0.0
6480.77,0.0
6481.02,0.0
6481.27,0.0
6481.52,0.0
6481.77,0.0
6482.02,0.0
6482.27,0.0
6482.53,0.0
6482.78,0.0
6483.03,0.0
6483.28,0.0
6483.53,0.0
6483.78,0.0
6484.03,0.0
6484.28,0.0
6484.53,0.0
6484.78,0.0
6485.03,0.0
6485.28,0.0
6485.53,0.0
6485.78,0.0
6486.03,0.0
6486.28,0.0
6486.53,0.0
6486.78,0.0
6487.03,0.0
6487.28,0.0
6487.53,0.0
6487.78,0.0
6488.03,0.0
6488.29,0.0
6488.54,0.0
6488.79,0.0
6489.04,0.0
6489.29,0.0
6489.54,0.0
6489.79,0.0
6490.04,0.0
6490.29,0.0
6490.54,0.0
6490.79,0.0
6491.04,0.0
6491.29,0.0
6491.54,0.0
6491.79,0.0
6492.04,0.0
6492.29,0.0
6492.54,0.0
6492.79,0.0
6493.04,0.0
6493.29,0.0
6493.55,0.0
6493.80,0.0
6494.05,0.0
6494.30,0.0
6494.55,0.0
6494.80,0.0
6495.05,0.0
6495.30,0.0
6495.55,0.0
6495.80,0.0
6496.05,0.0
6496.30,0.0
6496.55,0.0
6496.80,0.0
6497.05,0.0
6497.30,0.0
6497.55,0.0
6497.80,0.0
6498.05,0.0
6498.30,0.0
6498.55,0.0
6498.80,0.0
6499.06,0.0
6499.31,0.0
6499.56,0.0
6499.81,0.0
6500.06,0.0
6500.31,0.0
6500.56,0.0
6500.81,0.0
6501.06,0.0
6501.31,0.0
6501.56,0.0
6501.81,0.0
6502.06,0.0
6502.31,0.0
6502.56,0.0
6502.81,0.0
6503.06,0.0
6503.31,0.0
6503.56,0.0
6503.81,0.0
6504.06,0.0
6504.31,0.0
6504.56,0.0
6504.81,0.0
6505.06,0.0
6505.32,0.0
6505.57,0.0
6505.82,0.0
6506.07,0.0
6506.32,0.0
6506.57,0.0
6506.82,0.0
6507.07,0.0
6507.32,0.0
6507.57,0.0
6507.82,0.0
6508.07,0.0
6508.32,0.0
6508.57,0.0
6508.82,0.0
6509.07,0.0
6509.32,0.0
6509.57,0.0
6509.82,0.0
6510.07,0.0
6510.32,0.0
6510.57,0.0
6510.82,0.0
6511.07,0.0
6511.33,0.0
6511.58,0.0
6511.83,0.0
6512.08,0.0
6512.33,0.0
6512.58,0.0
6512.83,0.0
6513.08,0.0
6513.33,0.0
6513.58,0.0
6513.83,0.0
6514.08,0.0
6514.33,0.0
6514.58,0.0
6514.83,0.0
6515.08,0.0
6515.33,0.0
6515.58,0.0
6515.83,0.0
6516.08,0.0
6516.33,0.0
6516.59,0.0
6516.84,0.0
6517.09,0.0
6517.34,0.0
6517.59,0.0
6517.84,0.0
6518.09,0.0
6518.34,0.0
6518.59,0.0
6518.84,0.0
6519.09,0.0
6519.34,0.0
6519.59,0.0
6519.84,0.0
6520.09,0.0
6520.34,0.0
6520.59,0.0
6520.84,0.0
6521.09,0.0
6521.34,0.0
6521.59,0.0
6521.84,0.0
6522.09,0.0
6522.35,0.0
6522.60,0.0
6522.85,0.0
6523.10,0.0
6523.35,0.0
6523.60,0.0
6523.85,0.0
6524.10,0.0
6524.35,0.0
6524.60,0.0
6524.85,0.0
6525.10,0.0
6525.35,0.0
6525.60,0.0
6525.85,0.0
6526.10,0.0
6526.35,0.0
6526.60,0.0
6526.85,0.0
6527.10,0.0
6527.35,0.0
6527.60,0.0
6527.85,0.0
6528.10,0.0
6528.35,0.0
6528.60,0.0
6528.85,0.0
6529.11,0.0
6529.36,0.0
6529.61,0.0
6529.86,0.0
6530.11,0.0
6530.36,0.0
6530.61,0.0
6530.86,0.0
6531.11,0.0
6531.36,0.0
6531.61,0.0
6531.86,0.0
6532.11,0.0
6532.36,0.0
6532.61,0.0
6532.86,0.0
6533.11,0.0
6533.36,0.0
6533.61,0.0
6533.86,0.0
6534.11,0.0
6534.36,0.0
6534.61,0.0
6534.87,0.0
6535.12,0.0
6535.37,0.0
6535.62,0.0
6535.87,0.0
6536.12,0.0
6536.37,0.0
6536.62,0.0
6536.87,0.0
6537.12,0.0
6537.37,0.0
6537.62,0.0
6537.87,0.0
6538.12,0.0
6538.37,0.0
6538.62,0.0
6538.87,0.0
6539.12,0.0
6539.37,0.0
6539.62,0.0
6539.88,0.0
6540.12,0.0
6540.38,0.0
6540.63,0.0
6540.88,0.0
6541.13,0.0
6541.38,0.0
6541.63,0.0
6541.88,0.0
6542.13,0.0
6542.38,0.0
6542.63,0.0
6542.88,0.0
6543.13,0.0
6543.38,0.0
6543.63,0.0
6543.88,0.0
6544.13,0.0
6544.38,0.0
6544.63,0.0
6544.88,0.0
6545.13,0.0
6545.38,0.0
6545.64,0.0
6545.89,0.0
6546.14,0.0
6546.39,0.0
6546.64,0.0
6546.89,0.0
6547.14,0.0
6547.39,0.0
6547.64,0.0
6547.89,0.0
6548.14,0.0
6548.39,0.0
6548.64,0.0
6548.89,0.0
6549.14,0.0
6549.39,0.0
6549.64,0.0
6549.89,0.0
6550.14,0.0
6550.39,0.0
6550.64,0.0
6550.89,0.0
6551.14,0.0
6551.39,0.0
6551.65,0.0
6551.90,0.0
6552.15,0.0
6552.40,0.0
6552.65,0.0
6552.90,0.0
6553.15,0.0
6553.40,0.0
6553.65,0.0
6553.90,0.0
6554.15,0.0
6554.40,0.0
6554.65,0.0
6554.90,0.0
6555.15,0.0
6555.40,0.0
6555.65,0.0
6555.90,0.0
6556.15,0.0
6556.40,0.0
6556.65,0.0
6556.90,0.0
6557.15,0.0
6557.40,0.0
6557.66,0.0
6557.91,0.0
6558.16,0.0
6558.41,0.0
6558.66,0.0
6558.91,0.0
6559.16,0.0
6559.41,0.0
6559.66,0.0
6559.91,0.0
6560.16,0.0
6560.41,0.0
6560.66,0.0
6560.91,0.0
6561.16,0.0
6561.41,0.0
6561.66,0.0
6561.91,0.0
6562.16,0.0
6562.41,0.0
6562.66,0.0
6562.91,0.0
6563.16,0.0
6563.42,0.0
6563.67,0.0
6563.92,0.0
6564.17,0.0
6564.42,0.0
6564.67,0.0
6564.92,0.0
6565.17,0.0
6565.42,0.0
6565.67,0.0
6565.92,0.0
6566.17,0.0
6566.42,0.0
6566.67,0.0
6566.92,0.0
6567.17,0.0
6567.42,0.0
6567.67,0.0
6567.92,0.0
6568.17,0.0
6568.42,0.0
6568.68,0.0
6568.93,0.0
6569.18,0.0
6569.43,0.0
6569.68,0.0
6569.93,0.0
6570.18,0.0
6570.43,0.0
6570.68,0.0
6570.93,0.0
6571.18,0.0
6571.43,0.0
6571.68,0.0
6571.93,0.0
6572.18,0.0
6572.43,0.0
6572.68,0.0
6572.93,0.0
6573.18,0.0
6573.43,0.0
6573.68,0.0
6573.93,0.0
6574.18,0.0
6574.44,0.0
6574.69,0.0
6574.94,0.0
6575.19,0.0
6575.44,0.0
6575.69,0.0
6575.94,0.0
6576.19,0.0
6576.44,0.0
6576.69,0.0
6576.94,0.0
6577.19,0.0
6577.44,0.0
6577.69,0.0
6577.94,0.0
6578.19,0.0
6578.44,0.0
6578.69,0.0
6578.94,0.0
6579.19,0.0
6579.44,0.0
6579.69,0.0
6579.94,0.0
6580.19,0.0
6580.44,0.0
6580.70,0.0
6580.95,0.0
6581.20,0.0
6581.45,0.0
6581.70,0.0
6581.95,0.0
6582.20,0.0
6582.45,0.0
6582.70,0.0
6582.95,0.0
6583.20,0.0
6583.45,0.0
6583.70,0.0
6583.95,0.0
6584.20,0.0
6584.45,0.0
6584.70,0.0
6584.95,0.0
6585.20,0.0
6585.45,0.0
6585.70,0.0
6585.95,0.0
6586.20,0.0
6586.45,0.0
6586.70,0.0
6586.96,0.0
6587.21,0.0
6587.46,0.0
6587.71,0.0
6587.96,0.0
6588.21,0.0
6588.46,0.0
6588.71,0.0
6588.96,0.0
6589.21,0.0
6589.46,0.0
6589.71,0.0
6589.96,0.0
6590.21,0.0
6590.46,0.0
6590.71,0.0
6590.96,0.0
6591.21,0.0
6591.46,0.0
6591.71,0.0
6591.96,0.0
6592.22,0.0
6592.47,0.0
6592.72,0.0
6592.97,0.0
6593.22,0.0
6593.47,0.0
6593.72,0.0
6593.97,0.0
6594.22,0.0
6594.47,0.0
6594.72,0.0
6594.97,0.0
6595.22,0.0
6595.47,0.0
6595.72,0.0
6595.97,0.0
6596.22,0.0
6596.47,0.0
6596.72,0.0
6596.97,0.0
6597.22,0.0
6597.47,0.0
6597.73,0.0
6597.98,0.0
6598.23,0.0
6598.48,0.0
6598.73,0.0
6598.98,0.0
6599.23,0.0
6599.48,0.0
6599.73,0.0
6599.98,0.0
6600.23,0.0
6600.48,0.0
6600.73,0.0
6600.98,0.0
6601.23,0.0
6601.48,0.0
6601.73,0.0
6601.98,0.0
6602.23,0.0
6602.48,0.0
6602.73,0.0
6602.98,0.0
6603.23,0.0
6603.48,0.0
6603.73,0.0
6603.98,0.0
6604.24,0.0
6604.49,0.0
6604.74,0.0
6604.99,0.0
6605.24,0.0
6605.49,0.0
6605.74,0.0
6605.99,0.0
6606.24,0.0
6606.49,0.0
6606.74,0.0
6606.99,0.0
6607.24,0.0
6607.49,0.0
6607.74,0.0
6607.99,0.0
6608.24,0.0
6608.49,0.0
6608.74,0.0
6608.99,0.0
6609.24,0.0
6609.49,0.0
6609.74,0.0
6610.00,0.0
6610.25,0.0
6610.50,0.0
6610.75,0.0
6611.00,0.0
6611.25,0.0
6611.50,0.0
6611.75,0.0
6612.00,0.0
6612.25,0.0
6612.50,0.0
6612.75,0.0
6613.00,0.0
6613.25,0.0
6613.50,0.0
6613.75,0.0
6614.00,0.0
6614.25,0.0
6614.50,0.0
6614.75,0.0
6615.01,0.0
6615.26,0.0
6615.51,0.0
6615.76,0.0
6616.01,0.0
6616.26,0.0
6616.51,0.0
6616.76,0.0
6617.01,0.0
6617.26,0.0
6617.51,0.0
6617.76,0.0
6618.01,0.0
6618.26,0.0
6618.51,0.0
6618.76,0.0
6619.01,0.0
6619.26,0.0
6619.51,0.0
6619.76,0.0
6620.01,0.0
6620.26,0.0
6620.51,0.0
6620.76,0.0
6621.02,0.0
6621.27,0.0
6621.52,0.0
6621.77,0.0
6622.02,0.0
6622.27,0.0
6622.52,0.0
6622.77,0.0
6623.02,0.0
6623.27,0.0
6623.52,0.0
6623.77,0.0
6624.02,0.0
6624.27,0.0
6624.52,0.0
6624.77,0.0
6625.02,0.0
6625.27,0.0
6625.52,0.0
6625.77,0.0
6626.02,0.0
6626.27,0.0
6626.52,0.0
6626.77,0.0
6627.02,0.0
6627.28,0.0
6627.53,0.0
6627.78,0.0
6628.03,0.0
6628.28,0.0
6628.53,0.0
6628.78,0.0
6629.03,0.0
6629.28,0.0
6629.53,0.0
6629.78,0.0
6630.03,0.0
6630.28,0.0
6630.53,0.0
6630.78,0.0
6631.03,0.0
6631.28,0.0
6631.53,0.0
6631.78,0.0
6632.03,0.0
6632.28,0.0
6632.53,0.0
6632.78,0.0
6633.03,0.0
6633.29,0.0
6633.54,0.0
6633.79,0.0
6634.04,0.0
6634.29,0.0
6634.54,0.0
6634.79,0.0
6635.04,0.0
6635.29,0.0
6635.54,0.0
6635.79,0.0
6636.04,0.0
6636.29,0.0
6636.54,0.0
6636.79,0.0
6637.04,0.0
6637.29,0.0
6637.54,0.0
6637.79,0.0
6638.04,0.0
6638.29,0.0
6638.55,0.0
6638.80,0.0
6639.05,0.0
6639.30,0.0
6639.55,0.0
6639.80,0.0
6640.05,0.0
6640.30,0.0
6640.55,0.0
6640.80,0.0
6641.05,0.0
6641.30,0.0
6641.55,0.0
6641.80,0.0
6642.05,0.0
6642.30,0.0
6642.55,0.0
6642.80,0.0
6643.05,0.0
6643.30,0.0
6643.55,0.0
6643.80,0.0
6644.05,0.0
6644.31,0.0
6644.56,0.0
6644.81,0.0
6645.06,0.0
6645.31,0.0
6645.56,0.0
6645.81,0.0
6646.06,0.0
6646.31,0.0
6646.56,0.0
6646.81,0.0
6647.06,0.0
6647.31,0.0
6647.56,0.0
6647.81,0.0
6648.06,0.0
6648.31,0.0
6648.56,0.0
6648.81,0.0
6649.06,0.0
6649.31,0.0
6649.56,0.0
6649.81,0.0
6650.06,0.0
6650.31,0.0
6650.57,0.0
6650.82,0.0
6651.07,0.0
6651.32,0.0
6651.57,0.0
6651.82,0.0
6652.07,0.0
6652.32,0.0
6652.57,0.0
6652.82,0.0
6653.07,0.0
6653.32,0.0
6653.57,0.0
6653.82,0.0
6654.07,0.0
6654.32,0.0
6654.57,0.0
6654.82,0.0
6655.07,0.0
6655.32,0.0
6655.57,0.0
6655.82,0.0
6656.07,0.0
6656.32,0.0
6656.58,0.0
6656.83,0.0
6657.08,0.0
6657.33,0.0
6657.58,0.0
6657.83,0.0
6658.08,0.0
6658.33,0.0
6658.58,0.0
6658.83,0.0
6659.08,0.0
6659.33,0.0
6659.58,0.0
6659.83,0.0
6660.08,0.0
6660.33,0.0
6660.58,0.0
6660.83,0.0
6661.08,0.0
6661.33,0.0
6661.58,0.0
6661.84,0.0
6662.09,0.0
6662.34,0.0
6662.59,0.0
6662.84,0.0
6663.09,0.0
6663.34,0.0
6663.59,0.0
6663.84,0.0
6664.09,0.0
6664.34,0.0
6664.59,0.0
6664.84,0.0
6665.09,0.0
6665.34,0.0
6665.59,0.0
6665.84,0.0
6666.09,0.0
6666.34,0.0
6666.59,0.0
6666.84,0.0
6667.09,0.0
6667.34,0.0
6667.59,0.0
6667.85,0.0
6668.10,0.0
6668.35,0.0
6668.60,0.0
6668.85,0.0
6669.10,0.0
6669.35,0.0
6669.60,0.0
6669.85,0.0
6670.10,0.0
6670.35,0.0
6670.60,0.0
6670.85,0.0
6671.10,0.0
6671.35,0.0
6671.60,0.0
6671.85,0.0
6672.10,0.0
6672.35,0.0
6672.60,0.0
6672.85,0.0
6673.10,0.0
6673.35,0.0
6673.60,0.0
6673.85,0.0
6674.10,0.0
6674.36,0.0
6674.61,0.0
6674.86,0.0
6675.11,0.0
6675.36,0.0
6675.61,0.0
6675.86,0.0
6676.11,0.0
6676.36,0.0
6676.61,0.0
6676.86,0.0
6677.11,0.0
6677.36,0.0
6677.61,0.0
6677.86,0.0
6678.11,0.0
6678.36,0.0
6678.61,0.0
6678.86,0.0
6679.11,0.0
6679.36,0.0
6679.61,0.0
6679.86,0.0
6680.11,0.0
6680.37,0.0
6680.62,0.0
6680.87,0.0
6681.12,0.0
6681.37,0.0
6681.62,0.0
6681.87,0.0
6682.12,0.0
6682.37,0.0
6682.62,0.0
6682.87,0.0
6683.12,0.0
6683.37,0.0
6683.62,0.0
6683.87,0.0
6684.12,0.0
6684.37,0.0
6684.62,0.0
6684.87,0.0
6685.12,0.0
6685.37,0.0
6685.62,0.0
6685.88,0.0
6686.13,0.0
6686.38,0.0
6686.63,0.0
6686.88,0.0
6687.13,0.0
6687.38,0.0
6687.63,0.0
6687.88,0.0
6688.13,0.0
6688.38,0.0
6688.63,0.0
6688.88,0.0
6689.13,0.0
6689.38,0.0
6689.63,0.0
6689.88,0.0
6690.13,0.0
6690.38,0.0
6690.63,0.0
6690.88,0.0
6691.13,0.0
6691.38,0.0
6691.64,0.0
6691.89,0.0
6692.14,0.0
6692.39,0.0
6692.64,0.0
6692.89,0.0
6693.14,0.0
6693.39,0.0
6693.64,0.0
6693.89,0.0
6694.14,0.0
6694.39,0.0
6694.64,0.0
6694.89,0.0
6695.14,0.0
6695.39,0.0
6695.64,0.0
6695.89,0.0
6696.14,0.0
6696.39,0.0
6696.64,0.0
6696.89,0.0
6697.14,0.0
6697.40,0.0
6697.65,0.0
6697.90,0.0
6698.15,0.0
6698.40,0.0
6698.65,0.0
6698.90,0.0
6699.15,0.0
6699.40,0.0
6699.65,0.0
6699.90,0.0
6700.15,0.0
6700.40,0.0
6700.65,0.0
6700.90,0.0
6701.15,0.0
6701.40,0.0
6701.65,0.0
6701.90,0.0
6702.15,0.0
6702.40,0.0
6702.65,0.0
6702.90,0.0
6703.15,0.0
6703.40,0.0
6703.65,0.0
6703.91,0.0
6704.16,0.0
6704.41,0.0
6704.66,0.0
6704.91,0.0
6705.16,0.0
6705.41,0.0
6705.66,0.0
6705.91,0.0
6706.16,0.0
6706.41,0.0
6706.66,0.0
6706.91,0.0
6707.16,0.0
6707.41,0.0
6707.66,0.0
6707.91,0.0
6708.16,0.0
6708.41,0.0
6708.66,0.0
6708.91,0.0
6709.16,0.0
6709.41,0.0
6709.67,0.0
6709.92,0.0
6710.17,0.0
6710.42,0.0
6710.67,0.0
6710.92,0.0
6711.17,0.0
6711.42,0.0
6711.67,0.0
6711.92,0.0
6712.17,0.0
6712.42,0.0
6712.67,0.0
6712.92,0.0
6713.17,0.0
6713.42,0.0
6713.67,0.0
6713.92,0.0
6714.17,0.0
6714.42,0.0
6714.67,0.0
6714.92,0.0
6715.18,0.0
6715.43,0.0
6715.68,0.0
6715.93,0.0
6716.18,0.0
6716.43,0.0
6716.68,0.0
6716.93,0.0
6717.18,0.0
6717.43,0.0
6717.68,0.0
6717.93,0.0
6718.18,0.0
6718.43,0.0
6718.68,0.0
6718.93,0.0
6719.18,0.0
6719.43,0.0
6719.68,0.0
6719.93,0.0
6720.18,0.0
6720.43,0.0
6720.68,0.0
6720.93,0.0
6721.19,0.0
6721.44,0.0
6721.69,0.0
6721.94,0.0
6722.19,0.0
6722.44,0.0
6722.69,0.0
6722.94,0.0
6723.19,0.0
6723.44,0.0
6723.69,0.0
6723.94,0.0
6724.19,0.0
6724.44,0.0
6724.69,0.0
6724.94,0.0
6725.19,0.0
6725.44,0.0
6725.69,0.0
6725.94,0.0
6726.19,0.0
6726.44,0.0
6726.69,0.0
6726.94,0.0
6727.19,0.0
6727.45,0.0
6727.70,0.0
6727.95,0.0
6728.20,0.0
6728.45,0.0
6728.70,0.0
6728.95,0.0
6729.20,0.0
6729.45,0.0
6729.70,0.0
6729.95,0.0
6730.20,0.0
6730.45,0.0
6730.70,0.0
6730.95,0.0
6731.20,0.0
6731.45,0.0
6731.70,0.0
6731.95,0.0
6732.20,0.0
6732.45,0.0
6732.70,0.0
6732.95,0.0
6733.21,0.0
6733.46,0.0
6733.71,0.0
6733.96,0.0
6734.21,0.0
6734.46,0.0
6734.71,0.0
6734.96,0.0
6735.21,0.0
6735.46,0.0
6735.71,0.0
6735.96,0.0
6736.21,0.0
6736.46,0.0
6736.71,0.0
6736.96,0.0
6737.21,0.0
6737.46,0.0
6737.71,0.0
6737.96,0.0
6738.21,0.0
6738.47,0.0
6738.72,0.0
6738.97,0.0
6739.22,0.0
6739.47,0.0
6739.72,0.0
6739.97,0.0
6740.22,0.0
6740.47,0.0
6740.72,0.0
6740.97,0.0
6741.22,0.0
6741.47,0.0
6741.72,0.0
6741.97,0.0
6742.22,0.0
6742.47,0.0
6742.72,0.0
6742.97,0.0
6743.22,0.0
6743.47,0.0
6743.72,0.0
6743.97,0.0
6744.23,0.0
6744.48,0.0
6744.73,0.0
6744.98,0.0
6745.23,0.0
6745.48,0.0
6745.73,0.0
6745.98,0.0
6746.23,0.0
6746.48,0.0
6746.73,0.0
6746.98,0.0
6747.23,0.0
6747.48,0.0
6747.73,0.0
6747.98,0.0
6748.23,0.0
6748.48,0.0
6748.73,0.0
6748.98,0.0
6749.23,0.0
6749.48,0.0
6749.73,0.0
6749.98,0.0
6750.23,0.0
6750.48,0.0
6750.74,0.0
6750.99,0.0
6751.24,0.0
6751.49,0.0
6751.74,0.0
6751.99,0.0
6752.24,0.0
6752.49,0.0
6752.74,0.0
6752.99,0.0
6753.24,0.0
6753.49,0.0
6753.74,0.0
6753.99,0.0
6754.24,0.0
6754.49,0.0
6754.74,0.0
6754.99,0.0
6755.24,0.0
6755.49,0.0
6755.74,0.0
6755.99,0.0
6756.25,0.0
6756.50,0.0
6756.75,0.0
6757.00,0.0
6757.25,0.0
6757.50,0.0
6757.75,0.0
6758.00,0.0
6758.25,0.0
6758.50,0.0
6758.75,0.0
6759.00,0.0
6759.25,0.0
6759.50,0.0
6759.75,0.0
6760.00,0.0
6760.25,0.0
6760.50,0.0
6760.75,0.0
6761.00,0.0
6761.25,0.0
6761.51,0.0
6761.76,0.0
6762.01,0.0
6762.26,0.0
6762.51,0.0
6762.76,0.0
6763.01,0.0
6763.26,0.0
6763.51,0.0
6763.76,0.0
6764.01,0.0
6764.26,0.0
6764.51,0.0
6764.76,0.0
6765.01,0.0
6765.26,0.0
6765.51,0.0
6765.76,0.0
6766.01,0.0
6766.26,0.0
6766.51,0.0
6766.76,0.0
6767.01,0.0
6767.26,0.0
6767.51,0.0
6767.77,0.0
6768.02,0.0
6768.27,0.0
6768.52,0.0
6768.77,0.0
6769.02,0.0
6769.27,0.0
6769.52,0.0
6769.77,0.0
6770.02,0.0
6770.27,0.0
6770.52,0.0
6770.77,0.0
6771.02,0.0
6771.27,0.0
6771.52,0.0
6771.77,0.0
6772.02,0.0
6772.27,0.0
6772.52,0.0
6772.77,0.0
6773.02,0.0
6773.27,0.0
6773.52,0.0
6773.77,0.0
6774.03,0.0
6774.28,0.0
6774.53,0.0
6774.78,0.0
6775.03,0.0
6775.28,0.0
6775.53,0.0
6775.78,0.0
6776.03,0.0
6776.28,0.0
6776.53,0.0
6776.78,0.0
6777.03,0.0
6777.28,0.0
6777.53,0.0
6777.78,0.0
6778.03,0.0
6778.28,0.0
6778.53,0.0
6778.78,0.0
6779.03,0.0
6779.28,0.0
6779.53,0.0
6779.79,0.0
6780.04,0.0
6780.29,0.0
6780.54,0.0
6780.79,0.0
6781.04,0.0
6781.29,0.0
6781.54,0.0
6781.79,0.0
6782.04,0.0
6782.29,0.0
6782.54,0.0
6782.79,0.0
6783.04,0.0
6783.29,0.0
6783.54,0.0
6783.79,0.0
6784.04,0.0
6784.29,0.0
6784.54,0.0
6784.80,0.0
6785.05,0.0
6785.30,0.0
6785.55,0.0
6785.80,0.0
6786.05,0.0
6786.30,0.0
6786.55,0.0
6786.80,0.0
6787.05,0.0
6787.30,0.0
6787.55,0.0
6787.80,0.0
6788.05,0.0
6788.30,0.0
6788.55,0.0
6788.80,0.0
6789.05,0.0
6789.30,0.0
6789.55,0.0
6789.80,0.0
6790.05,0.0
6790.30,0.0
6790.55,0.0
6790.80,0.0
6791.06,0.0
6791.31,0.0
6791.56,0.0
6791.81,0.0
6792.06,0.0
6792.31,0.0
6792.56,0.0
6792.81,0.0
6793.06,0.0
6793.31,0.0
6793.56,0.0
6793.81,0.0
6794.06,0.0
6794.31,0.0
6794.56,0.0
6794.81,0.0
6795.06,0.0
6795.31,0.0
6795.56,0.0
6795.81,0.0
6796.06,0.0
6796.31,0.0
6796.56,0.0
6796.81,0.0
6797.07,0.0
6797.32,0.0
6797.57,0.0
6797.82,0.0
6798.07,0.0
6798.32,0.0
6798.57,0.0
6798.82,0.0
6799.07,0.0
6799.32,0.0
6799.57,0.0
6799.82,0.0
6800.07,0.0
6800.32,0.0
6800.57,0.0
6800.82,0.0
6801.07,0.0
6801.32,0.0
6801.57,0.0
6801.82,0.0
6802.07,0.0
6802.32,0.0
6802.57,0.0
6802.83,0.0
6803.08,0.0
6803.33,0.0
6803.58,0.0
6803.83,0.0
6804.08,0.0
6804.33,0.0
6804.58,0.0
6804.83,0.0
6805.08,0.0
6805.33,0.0
6805.58,0.0
6805.83,0.0
6806.08,0.0
6806.33,0.0
6806.58,0.0
6806.83,0.0
6807.08,0.0
6807.33,0.0
6807.58,0.0
6807.83,0.0
6808.09,0.0
6808.34,0.0
6808.59,0.0
6808.84,0.0
6809.09,0.0
6809.34,0.0
6809.59,0.0
6809.84,0.0
6810.09,0.0
6810.34,0.0
6810.59,0.0
6810.84,0.0
6811.09,0.0
6811.34,0.0
6811.59,0.0
6811.84,0.0
6812.09,0.0
6812.34,0.0
6812.59,0.0
6812.84,0.0
6813.09,0.0
6813.34,0.0
6813.59,0.0
6813.85,0.0
6814.10,0.0
6814.35,0.0
6814.60,0.0
6814.85,0.0
6815.10,0.0
6815.35,0.0
6815.60,0.0
6815.85,0.0
6816.10,0.0
6816.35,0.0
6816.60,0.0
6816.85,0.0
6817.10,0.0
6817.35,0.0
6817.60,0.0
6817.85,0.0
6818.10,0.0
6818.35,0.0
6818.60,0.0
6818.85,0.0
6819.10,0.0
6819.35,0.0
6819.60,0.0
6819.85,0.0
6820.10,0.0
6820.36,0.0
6820.61,0.0
6820.86,0.0
6821.11,0.0
6821.36,0.0
6821.61,0.0
6821.86,0.0
6822.11,0.0
6822.36,0.0
6822.61,0.0
6822.86,0.0
6823.11,0.0
6823.36,0.0
6823.61,0.0
6823.86,0.0
6824.11,0.0
6824.36,0.0
6824.61,0.0
6824.86,0.0
6825.11,0.0
6825.36,0.0
6825.61,0.0
6825.86,0.0
6826.12,0.0
6826.37,0.0
6826.62,0.0
6826.87,0.0
6827.12,0.0
6827.37,0.0
6827.62,0.0
6827.87,0.0
6828.12,0.0
6828.37,0.0
6828.62,0.0
6828.87,0.0
6829.12,0.0
6829.37,0.0
6829.62,0.0
6829.87,0.0
6830.12,0.0
6830.37,0.0
6830.62,0.0
6830.87,0.0
6831.12,0.0
6831.38,0.0
6831.63,0.0
6831.88,0.0
6832.13,0.0
6832.38,0.0
6832.63,0.0
6832.88,0.0
6833.13,0.0
6833.38,0.0
6833.63,0.0
6833.88,0.0
6834.13,0.0
6834.38,0.0
6834.63,0.0
6834.88,0.0
6835.13,0.0
6835.38,0.0
6835.63,0.0
6835.88,0.0
6836.13,0.0
6836.38,0.0
6836.64,0.0
6836.89,0.0
6837.14,0.0
6837.39,0.0
6837.64,0.0
6837.89,0.0
6838.14,0.0
6838.39,0.0
6838.64,0.0
6838.89,0.0
6839.14,0.0
6839.39,0.0
6839.64,0.0
6839.89,0.0
6840.14,0.0
6840.39,0.0
6840.64,0.0
6840.89,0.0
6841.14,0.0
6841.39,0.0
6841.64,0.0
6841.89,0.0
6842.14,0.0
6842.40,0.0
6842.65,0.0
6842.90,0.0
6843.15,0.0
6843.40,0.0
6843.65,0.0
6843.90,0.0
6844.15,0.0
6844.40,0.0
6844.65,0.0
6844.90,0.0
6845.15,0.0
6845.40,0.0
6845.65,0.0
6845.90,0.0
6846.15,0.0
6846.40,0.0
6846.65,0.0
6846.90,0.0
6847.15,0.0
6847.40,0.0
6847.65,0.0
6847.90,0.0
6848.15,0.0
6848.40,0.0
6848.65,0.0
6848.91,0.0
6849.16,0.0
6849.41,0.0
6849.66,0.0
6849.91,0.0
6850.16,0.0
6850.41,0.0
6850.66,0.0
6850.91,0.0
6851.16,0.0
6851.41,0.0
6851.66,0.0
6851.91,0.0
6852.16,0.0
6852.41,0.0
6852.66,0.0
6852.91,0.0
6853.16,0.0
6853.41,0.0
6853.66,0.0
6853.91,0.0
6854.16,0.0
6854.41,0.0
6854.67,0.0
6854.92,0.0
6855.17,0.0
6855.42,0.0
6855.67,0.0
6855.92,0.0
6856.17,0.0
6856.42,0.0
6856.67,0.0
6856.92,0.0
6857.17,0.0
6857.42,0.0
6857.67,0.0
6857.92,0.0
6858.17,0.0
6858.42,0.0
6858.67,0.0
6858.92,0.0
6859.17,0.0
6859.42,0.0
6859.68,0.0
6859.93,0.0
6860.18,0.0
6860.43,0.0
6860.68,0.0
6860.93,0.0
6861.18,0.0
6861.43,0.0
6861.68,0.0
6861.93,0.0
6862.18,0.0
6862.43,0.0
6862.68,0.0
6862.93,0.0
6863.18,0.0
6863.43,0.0
6863.68,0.0
6863.93,0.0
6864.18,0.0
6864.43,0.0
6864.68,0.0
6864.93,0.0
6865.18,0.0
6865.44,0.0
6865.69,0.0
6865.94,0.0
6866.19,0.0
6866.44,0.0
6866.69,0.0
6866.94,0.0
6867.19,0.0
6867.44,0.0
6867.69,0.0
6867.94,0.0
6868.19,0.0
6868.44,0.0
6868.69,0.0
6868.94,0.0
6869.19,0.0
6869.44,0.0
6869.69,0.0
6869.94,0.0
6870.19,0.0
6870.44,0.0
6870.69,0.0
6870.94,0.0
6871.19,0.0
6871.44,0.0
6871.69,0.0
6871.95,0.0
6872.20,0.0
6872.45,0.0
6872.70,0.0
6872.95,0.0
6873.20,0.0
6873.45,0.0
6873.70,0.0
6873.95,0.0
6874.20,0.0
6874.45,0.0
6874.70,0.0
6874.95,0.0
6875.20,0.0
6875.45,0.0
6875.70,0.0
6875.95,0.0
6876.20,0.0
6876.45,0.0
6876.70,0.0
6876.95,0.0
6877.20,0.0
6877.45,0.0
6877.71,0.0
6877.96,0.0
6878.21,0.0
6878.46,0.0
6878.71,0.0
6878.96,0.0
6879.21,0.0
6879.46,0.0
6879.71,0.0
6879.96,0.0
6880.21,0.0
6880.46,0.0
6880.71,0.0
6880.96,0.0
6881.21,0.0
6881.46,0.0
6881.71,0.0
6881.96,0.0
6882.21,0.0
6882.46,0.0
6882.71,0.0
6882.97,0.0
6883.22,0.0
6883.47,0.0
6883.72,0.0
6883.97,0.0
6884.22,0.0
6884.47,0.0
6884.72,0.0
6884.97,0.0
6885.22,0.0
6885.47,0.0
6885.72,0.0
6885.97,0.0
6886.22,0.0
6886.47,0.0
6886.72,0.0
6886.97,0.0
6887.22,0.0
6887.47,0.0
6887.72,0.0
6887.97,0.0
6888.22,0.0
6888.47,0.0
6888.72,0.0
6888.98,0.0
6889.23,0.0
6889.48,0.0
6889.73,0.0
6889.98,0.0
6890.23,0.0
6890.48,0.0
6890.73,0.0
6890.98,0.0
6891.23,0.0
6891.48,0.0
6891.73,0.0
6891.98,0.0
6892.23,0.0
6892.48,0.0
6892.73,0.0
6892.98,0.0
6893.23,0.0
6893.48,0.0
6893.73,0.0
6893.98,0.0
6894.23,0.0
6894.48,0.0
6894.73,0.0
6894.98,0.0
6895.24,0.0
6895.49,0.0
6895.74,0.0
6895.99,0.0
6896.24,0.0
6896.49,0.0
6896.74,0.0
6896.99,0.0
6897.24,0.0
6897.49,0.0
6897.74,0.0
6897.99,0.0
6898.24,0.0
6898.49,0.0
6898.74,0.0
6898.99,0.0
6899.24,0.0
6899.49,0.0
6899.74,0.0
6899.99,0.0
6900.24,0.0
6900.49,0.0
6900.74,0.0
6900.99,0.0
6901.25,0.0
6901.50,0.0
6901.75,0.0
6902.00,0.0
6902.25,0.0
6902.50,0.0
6902.75,0.0
6903.00,0.0
6903.25,0.0
6903.50,0.0
6903.75,0.0
6904.00,0.0
6904.25,0.0
6904.50,0.0
6904.75,0.0
6905.00,0.0
6905.25,0.0
6905.50,0.0
6905.75,0.0
6906.00,0.0
6906.25,0.0
6906.51,0.0
6906.76,0.0
6907.01,0.0
6907.26,0.0
6907.51,0.0
6907.76,0.0
6908.01,0.0
6908.26,0.0
6908.51,0.0
6908.76,0.0
6909.01,0.0
6909.26,0.0
6909.51,0.0
6909.76,0.0
6910.01,0.0
6910.26,0.0
6910.51,0.0
6910.76,0.0
6911.01,0.0
6911.26,0.0
6911.51,0.0
6911.76,0.0
6912.01,0.0
6912.26,0.0
6912.52,0.0
6912.77,0.0
6913.02,0.0
6913.27,0.0
6913.52,0.0
6913.77,0.0
6914.02,0.0
6914.27,0.0
6914.52,0.0
6914.77,0.0
6915.02,0.0
6915.27,0.0
6915.52,0.0
6915.77,0.0
6916.02,0.0
6916.27,0.0
6916.52,0.0
6916.77,0.0
6917.02,0.0
6917.27,0.0
6917.52,0.0
6917.77,0.0
6918.02,0.0
6918.27,0.0
6918.52,0.0
6918.77,0.0
6919.03,0.0
6919.28,0.0
6919.53,0.0
6919.78,0.0
6920.03,0.0
6920.28,0.0
6920.53,0.0
6920.78,0.0
6921.03,0.0
6921.28,0.0
6921.53,0.0
6921.78,0.0
6922.03,0.0
6922.28,0.0
6922.53,0.0
6922.78,0.0
6923.03,0.0
6923.28,0.0
6923.53,0.0
6923.78,0.0
6924.03,0.0
6924.28,0.0
6924.53,0.0
6924.78,0.0
6925.03,0.0
6925.29,0.0
6925.54,0.0
6925.79,0.0
6926.04,0.0
6926.29,0.0
6926.54,0.0
6926.79,0.0
6927.04,0.0
6927.29,0.0
6927.54,0.0
6927.79,0.0
6928.04,0.0
6928.29,0.0
6928.54,0.0
6928.79,0.0
6929.04,0.0
6929.29,0.0
6929.54,0.0
6929.79,0.0
6930.04,0.0
6930.29,0.0
6930.55,0.0
6930.80,0.0
6931.05,0.0
6931.30,0.0
6931.55,0.0
6931.80,0.0
6932.05,0.0
6932.30,0.0
6932.55,0.0
6932.80,0.0
6933.05,0.0
6933.30,0.0
6933.55,0.0
6933.80,0.0
6934.05,0.0
6934.30,0.0
6934.55,0.0
6934.80,0.0
6935.05,0.0
6935.30,0.0
6935.55,0.0
6935.80,0.0
6936.05,0.0
6936.30,0.0
6936.56,0.0
6936.81,0.0
6937.06,0.0
6937.31,0.0
6937.56,0.0
6937.81,0.0
6938.06,0.0
6938.31,0.0
6938.56,0.0
6938.81,0.0
6939.06,0.0
6939.31,0.0
6939.56,0.0
6939.81,0.0
6940.06,0.0
6940.31,0.0
6940.56,0.0
6940.81,0.0
6941.06,0.0
6941.31,0.0
6941.56,0.0
6941.81,0.0
6942.06,0.0
6942.31,0.0
6942.56,0.0
6942.81,0.0
6943.07,0.0
6943.32,0.0
6943.57,0.0
6943.82,0.0
6944.07,0.0
6944.32,0.0
6944.57,0.0
6944.82,0.0
6945.07,0.0
6945.32,0.0
6945.57,0.0
6945.82,0.0
6946.07,0.0
6946.32,0.0
6946.57,0.0
6946.82,0.0
6947.07,0.0
6947.32,0.0
6947.57,0.0
6947.82,0.0
6948.07,0.0
6948.32,0.0
6948.57,0.0
6948.82,0.0
6949.08,0.0
6949.33,0.0
6949.58,0.0
6949.83,0.0
6950.08,0.0
6950.33,0.0
6950.58,0.0
6950.83,0.0
6951.08,0.0
6951.33,0.0
6951.58,0.0
6951.83,0.0
6952.08,0.0
6952.33,0.0
6952.58,0.0
6952.83,0.0
6953.08,0.0
6953.33,0.0
6953.58,0.0
6953.83,0.0
6954.09,0.0
6954.34,0.0
6954.59,0.0
6954.84,0.0
6955.09,0.0
6955.34,0.0
6955.59,0.0
6955.84,0.0
6956.09,0.0
6956.34,0.0
6956.59,0.0
6956.84,0.0
6957.09,0.0
6957.34,0.0
6957.59,0.0
6957.84,0.0
6958.09,0.0
6958.34,0.0
6958.59,0.0
6958.84,0.0
6959.09,0.0
6959.34,0.0
6959.59,0.0
6959.85,0.0
6960.10,0.0
6960.35,0.0
6960.60,0.0
6960.85,0.0
6961.10,0.0
6961.35,0.0
6961.60,0.0
6961.85,0.0
6962.10,0.0
6962.35,0.0
6962.60,0.0
6962.85,0.0
6963.10,0.0
6963.35,0.0
6963.60,0.0
6963.85,0.0
6964.10,0.0
6964.35,0.0
6964.60,0.0
6964.85,0.0
6965.10,0.0
6965.35,0.0
6965.60,0.0
6965.85,0.0
6966.10,0.0
6966.35,0.0
6966.61,0.0
6966.86,0.0
6967.11,0.0
6967.36,0.0
6967.61,0.0
6967.86,0.0
6968.11,0.0
6968.36,0.0
6968.61,0.0
6968.86,0.0
6969.11,0.0
6969.36,0.0
6969.61,0.0
6969.86,0.0
6970.11,0.0
6970.36,0.0
6970.61,0.0
6970.86,0.0
6971.11,0.0
6971.36,0.0
6971.61,0.0
6971.86,0.0
6972.11,0.0
6972.36,0.0
6972.62,0.0
6972.87,0.0
6973.12,0.0
6973.37,0.0
6973.62,0.0
6973.87,0.0
6974.12,0.0
6974.37,0.0
6974.62,0.0
6974.87,0.0
6975.12,0.0
6975.37,0.0
6975.62,0.0
6975.87,0.0
6976.12,0.0
6976.37,0.0
6976.62,0.0
6976.87,0.0
6977.12,0.0
6977.37,0.0
6977.62,0.0
6977.88,0.0
6978.12,0.0
6978.38,0.0
6978.63,0.0
6978.88,0.0
6979.13,0.0
6979.38,0.0
6979.63,0.0
6979.88,0.0
6980.13,0.0
6980.38,0.0
6980.63,0.0
6980.88,0.0
6981.13,0.0
6981.38,0.0
6981.63,0.0
6981.88,0.0
6982.13,0.0
6982.38,0.0
6982.63,0.0
6982.88,0.0
6983.13,0.0
6983.38,0.0
6983.64,0.0
6983.89,0.0
6984.14,0.0
6984.39,0.0
6984.64,0.0
6984.89,0.0
6985.14,0.0
6985.39,0.0
6985.64,0.0
6985.89,0.0
6986.14,0.0
6986.39,0.0
6986.64,0.0
6986.89,0.0
6987.14,0.0
6987.39,0.0
6987.64,0.0
6987.89,0.0
6988.14,0.0
6988.39,0.0
6988.64,0.0
6988.89,0.0
6989.15,0.0
6989.40,0.0
6989.65,0.0
6989.90,0.0
6990.15,0.0
6990.40,0.0
6990.65,0.0
6990.90,0.0
6991.15,0.0
6991.40,0.0
6991.65,0.0
6991.90,0.0
6992.15,0.0
6992.40,0.0
6992.65,0.0
6992.90,0.0
6993.15,0.0
6993.40,0.0
6993.65,0.0
6993.90,0.0
6994.15,0.0
6994.40,0.0
6994.65,0.0
6994.90,0.0
6995.15,0.0
6995.40,0.0
6995.66,0.0
6995.91,0.0
6996.16,0.0
6996.41,0.0
6996.66,0.0
6996.91,0.0
6997.16,0.0
6997.41,0.0
6997.66,0.0
6997.91,0.0
6998.16,0.0
6998.41,0.0
6998.66,0.0
6998.91,0.0
6999.16,0.0
6999.41,0.0
6999.66,0.0
6999.91,0.0
7000.16,0.0
7000.41,0.0
7000.66,0.0
7000.91,0.0
7001.16,0.0
7001.41,0.0
7001.67,0.0
7001.92,0.0
7002.17,0.0
7002.42,0.0
7002.67,0.0
7002.92,0.0
7003.17,0.0
7003.42,0.0
7003.67,0.0
7003.92,0.0
7004.17,0.0
7004.42,0.0
7004.67,0.0
7004.92,0.0
7005.17,0.0
7005.42,0.0
7005.67,0.0
7005.92,0.0
7006.17,0.0
7006.43,0.0
7006.68,0.0
7006.93,0.0
7007.18,0.0
7007.43,0.0
7007.68,0.0
7007.93,0.0
7008.18,0.0
7008.43,0.0
7008.68,0.0
7008.93,0.0
7009.18,0.0
7009.43,0.0
7009.68,0.0
7009.93,0.0
7010.18,0.0
7010.43,0.0
7010.68,0.0
7010.93,0.0
7011.18,0.0
7011.43,0.0
7011.68,0.0
7011.93,0.0
7012.18,0.0
7012.44,0.0
7012.69,0.0
7012.94,0.0
7013.19,0.0
7013.44,0.0
7013.69,0.0
7013.94,0.0
7014.19,0.0
7014.44,0.0
7014.69,0.0
7014.94,0.0
7015.19,0.0
7015.44,0.0
7015.69,0.0
7015.94,0.0
7016.19,0.0
7016.44,0.0
7016.69,0.0
7016.94,0.0
7017.19,0.0
7017.44,0.0
7017.69,0.0
7017.94,0.0
7018.19,0.0
7018.45,0.0
7018.70,0.0
7018.95,0.0
7019.20,0.0
7019.45,0.0
7019.70,0.0
7019.95,0.0
7020.20,0.0
7020.45,0.0
7020.70,0.0
7020.95,0.0
7021.20,0.0
7021.45,0.0
7021.70,0.0
7021.95,0.0
7022.20,0.0
7022.45,0.0
7022.70,0.0
7022.95,0.0
7023.20,0.0
7023.45,0.0
7023.70,0.0
7023.95,0.0
7024.20,0.0
7024.46,0.0
7024.71,0.0
7024.96,0.0
7025.21,0.0
7025.46,0.0
7025.71,0.0
7025.96,0.0
7026.21,0.0
7026.46,0.0
7026.71,0.0
7026.96,0.0
7027.21,0.0
7027.46,0.0
7027.71,0.0
7027.96,0.0
7028.21,0.0
7028.46,0.0
7028.71,0.0
7028.96,0.0
7029.21,0.0
7029.47,0.0
7029.72,0.0
7029.97,0.0
7030.22,0.0
7030.47,0.0
7030.72,0.0
7030.97,0.0
7031.22,0.0
7031.47,0.0
7031.72,0.0
7031.97,0.0
7032.22,0.0
7032.47,0.0
7032.72,0.0
7032.97,0.0
7033.22,0.0
7033.47,0.0
7033.72,0.0
7033.97,0.0
7034.22,0.0
7034.47,0.0
7034.72,0.0
7034.97,0.0
7035.23,0.0
7035.48,0.0
7035.73,0.0
7035.98,0.0
7036.23,0.0
7036.48,0.0
7036.73,0.0
7036.98,0.0
7037.23,0.0
7037.48,0.0
7037.73,0.0
7037.98,0.0
7038.23,0.0
7038.48,0.0
7038.73,0.0
7038.98,0.0
7039.23,0.0
7039.48,0.0
7039.73,0.0
7039.98,0.0
7040.23,0.0
7040.48,0.0
7040.73,0.0
7040.98,0.0
7041.23,0.0
7041.48,0.0
7041.74,0.0
7041.99,0.0
7042.24,0.0
7042.49,0.0
7042.74,0.0
7042.99,0.0
7043.24,0.0
7043.49,0.0
7043.74,0.0
7043.99,0.0
7044.24,0.0
7044.49,0.0
7044.74,0.0
7044.99,0.0
7045.24,0.0
7045.49,0.0
7045.74,0.0
7045.99,0.0
7046.24,0.0
7046.49,0.0
7046.74,0.0
7046.99,0.0
7047.25,0.0
7047.50,0.0
7047.75,0.0
7048.00,0.0
7048.25,0.0
7048.50,0.0
7048.75,0.0
7049.00,0.0
7049.25,0.0
7049.50,0.0
7049.75,0.0
7050.00,0.0
7050.25,0.0
7050.50,0.0
7050.75,0.0
7051.00,0.0
7051.25,0.0
7051.50,0.0
7051.75,0.0
7052.00,0.0
7052.25,0.0
7052.51,0.0
7052.76,0.0
7053.01,0.0
7053.26,0.0
7053.51,0.0
7053.76,0.0
7054.01,0.0
7054.26,0.0
7054.51,0.0
7054.76,0.0
7055.01,0.0
7055.26,0.0
7055.51,0.0
7055.76,0.0
7056.01,0.0
7056.26,0.0
7056.51,0.0
7056.76,0.0
7057.01,0.0
7057.26,0.0
7057.51,0.0
7057.76,0.0
7058.02,0.0
7058.27,0.0
7058.52,0.0
7058.77,0.0
7059.02,0.0
7059.27,0.0
7059.52,0.0
7059.77,0.0
7060.02,0.0
7060.27,0.0
7060.52,0.0
7060.77,0.0
7061.02,0.0
7061.27,0.0
7061.52,0.0
7061.77,0.0
7062.02,0.0
7062.27,0.0
7062.52,0.0
7062.77,0.0
7063.02,0.0
7063.27,0.0
7063.52,0.0
7063.77,0.0
7064.02,0.0
7064.28,0.0
7064.53,0.0
7064.78,0.0
7065.03,0.0
7065.28,0.0
7065.53,0.0
7065.78,0.0
7066.03,0.0
7066.28,0.0
7066.53,0.0
7066.78,0.0
7067.03,0.0
7067.28,0.0
7067.53,0.0
7067.78,0.0
7068.03,0.0
7068.28,0.0
7068.53,0.0
7068.78,0.0
7069.03,0.0
7069.28,0.0
7069.53,0.0
7069.78,0.0
7070.03,0.0
7070.29,0.0
7070.54,0.0
7070.79,0.0
7071.04,0.0
7071.29,0.0
7071.54,0.0
7071.79,0.0
7072.04,0.0
7072.29,0.0
7072.54,0.0
7072.79,0.0
7073.04,0.0
7073.29,0.0
7073.54,0.0
7073.79,0.0
7074.04,0.0
7074.29,0.0
7074.54,0.0
7074.79,0.0
7075.04,0.0
7075.29,0.0
7075.54,0.0
7075.80,0.0
7076.05,0.0
7076.30,0.0
7076.55,0.0
7076.80,0.0
7077.05,0.0
7077.30,0.0
7077.55,0.0
7077.80,0.0
7078.05,0.0
7078.30,0.0
7078.55,0.0
7078.80,0.0
7079.05,0.0
7079.30,0.0
7079.55,0.0
7079.80,0.0
7080.05,0.0
7080.30,0.0
7080.55,0.0
7080.80,0.0
7081.05,0.0
7081.31,0.0
7081.56,0.0
7081.81,0.0
7082.06,0.0
7082.31,0.0
7082.56,0.0
7082.81,0.0
7083.06,0.0
7083.31,0.0
7083.56,0.0
7083.81,0.0
7084.06,0.0
7084.31,0.0
7084.56,0.0
7084.81,0.0
7085.06,0.0
7085.31,0.0
7085.56,0.0
7085.81,0.0
7086.06,0.0
7086.31,0.0
7086.56,0.0
7086.81,0.0
7087.06,0.0
7087.31,0.0
7087.56,0.0
7087.82,0.0
7088.07,0.0
7088.32,0.0
7088.57,0.0
7088.82,0.0
7089.07,0.0
7089.32,0.0
7089.57,0.0
7089.82,0.0
7090.07,0.0
7090.32,0.0
7090.57,0.0
7090.82,0.0
7091.07,0.0
7091.32,0.0
7091.57,0.0
7091.82,0.0
7092.07,0.0
7092.32,0.0
7092.57,0.0
7092.82,0.0
7093.07,0.0
7093.32,0.0
7093.57,0.0
7093.83,0.0
7094.08,0.0
7094.33,0.0
7094.58,0.0
7094.83,0.0
7095.08,0.0
7095.33,0.0
7095.58,0.0
7095.83,0.0
7096.08,0.0
7096.33,0.0
7096.58,0.0
7096.83,0.0
7097.08,0.0
7097.33,0.0
7097.58,0.0
7097.83,0.0
7098.08,0.0
7098.33,0.0
7098.58,0.0
7098.83,0.0
7099.09,0.0
7099.34,0.0
7099.59,0.0
7099.84,0.0
7100.09,0.0
7100.34,0.0
7100.59,0.0
7100.84,0.0
7101.09,0.0
7101.34,0.0
7101.59,0.0
7101.84,0.0
7102.09,0.0
7102.34,0.0
7102.59,0.0
7102.84,0.0
7103.09,0.0
7103.34,0.0
7103.59,0.0
7103.84,0.0
7104.09,0.0
7104.34,0.0
7104.59,0.0
7104.84,0.0
7105.10,0.0
7105.35,0.0
7105.60,0.0
7105.85,0.0
7106.10,0.0
7106.35,0.0
7106.60,0.0
7106.85,0.0
7107.10,0.0
7107.35,0.0
7107.60,0.0
7107.85,0.0
7108.10,0.0
7108.35,0.0
7108.60,0.0
7108.85,0.0
7109.10,0.0
7109.35,0.0
7109.60,0.0
7109.85,0.0
7110.10,0.0
7110.35,0.0
7110.60,0.0
7110.85,0.0
7111.10,0.0
7111.36,0.0
7111.61,0.0
7111.86,0.0
7112.11,0.0
7112.36,0.0
7112.61,0.0
7112.86,0.0
7113.11,0.0
7113.36,0.0
7113.61,0.0
7113.86,0.0
7114.11,0.0
7114.36,0.0
7114.61,0.0
7114.86,0.0
7115.11,0.0
7115.36,0.0
7115.61,0.0
7115.86,0.0
7116.11,0.0
7116.36,0.0
7116.61,0.0
7116.86,0.0
7117.12,0.0
7117.37,0.0
7117.62,0.0
7117.87,0.0
7118.12,0.0
7118.37,0.0
7118.62,0.0
7118.87,0.0
7119.12,0.0
7119.37,0.0
7119.62,0.0
7119.87,0.0
7120.12,0.0
7120.37,0.0
7120.62,0.0
7120.87,0.0
7121.12,0.0
7121.37,0.0
7121.62,0.0
7121.87,0.0
7122.12,0.0
7122.37,0.0
7122.62,0.0
7122.88,0.0
7123.13,0.0
7123.38,0.0
7123.63,0.0
7123.88,0.0
7124.13,0.0
7124.38,0.0
7124.63,0.0
7124.88,0.0
7125.13,0.0
7125.38,0.0
7125.63,0.0
7125.88,0.0
7126.13,0.0
7126.38,0.0
7126.63,0.0
7126.88,0.0
7127.13,0.0
7127.38,0.0
7127.63,0.0
7127.88,0.0
7128.14,0.0
7128.39,0.0
7128.64,0.0
7128.89,0.0
7129.14,0.0
7129.39,0.0
7129.64,0.0
7129.89,0.0
7130.14,0.0
7130.39,0.0
7130.64,0.0
7130.89,0.0
7131.14,0.0
7131.39,0.0
7131.64,0.0
7131.89,0.0
7132.14,0.0
7132.39,0.0
7132.64,0.0
7132.89,0.0
7133.14,0.0
7133.39,0.0
7133.64,0.0
7133.89,0.0
7134.15,0.0
7134.40,0.0
7134.65,0.0
7134.90,0.0
7135.15,0.0
7135.40,0.0
7135.65,0.0
7135.90,0.0
7136.15,0.0
7136.40,0.0
7136.65,0.0
7136.90,0.0
7137.15,0.0
7137.40,0.0
7137.65,0.0
7137.90,0.0
7138.15,0.0
7138.40,0.0
7138.65,0.0
7138.90,0.0
7139.15,0.0
7139.40,0.0
7139.65,0.0
7139.90,0.0
7140.15,0.0
7140.41,0.0
7140.66,0.0
7140.91,0.0
7141.16,0.0
7141.41,0.0
7141.66,0.0
7141.91,0.0
7142.16,0.0
7142.41,0.0
7142.66,0.0
7142.91,0.0
7143.16,0.0
7143.41,0.0
7143.66,0.0
7143.91,0.0
7144.16,0.0
7144.41,0.0
7144.66,0.0
7144.91,0.0
7145.16,0.0
7145.41,0.0
7145.66,0.0
7145.91,0.0
7146.17,0.0
7146.42,0.0
7146.67,0.0
7146.92,0.0
7147.17,0.0
7147.42,0.0
7147.67,0.0
7147.92,0.0
7148.17,0.0
7148.42,0.0
7148.67,0.0
7148.92,0.0
7149.17,0.0
7149.42,0.0
7149.67,0.0
7149.92,0.0
7150.17,0.0
7150.42,0.0
7150.67,0.0
7150.92,0.0
7151.18,0.0
7151.43,0.0
7151.68,0.0
7151.93,0.0
7152.18,0.0
7152.43,0.0
7152.68,0.0
7152.93,0.0
7153.18,0.0
7153.43,0.0
7153.68,0.0
7153.93,0.0
7154.18,0.0
7154.43,0.0
7154.68,0.0
7154.93,0.0
7155.18,0.0
7155.43,0.0
7155.68,0.0
7155.93,0.0
7156.18,0.0
7156.43,0.0
7156.69,0.0
7156.94,0.0
7157.19,0.0
7157.44,0.0
7157.69,0.0
7157.94,0.0
7158.19,0.0
7158.44,0.0
7158.69,0.0
7158.94,0.0
7159.19,0.0
7159.44,0.0
7159.69,0.0
7159.94,0.0
7160.19,0.0
7160.44,0.0
7160.69,0.0
7160.94,0.0
7161.19,0.0
7161.44,0.0
7161.69,0.0
7161.94,0.0
7162.19,0.0
7162.44,0.0
7162.69,0.0
7162.94,0.0
7163.19,0.0
7163.45,0.0
7163.70,0.0
7163.95,0.0
7164.20,0.0
7164.45,0.0
7164.70,0.0
7164.95,0.0
7165.20,0.0
7165.45,0.0
7165.70,0.0
7165.95,0.0
7166.20,0.0
7166.45,0.0
7166.70,0.0
7166.95,0.0
7167.20,0.0
7167.45,0.0
7167.70,0.0
7167.95,0.0
7168.20,0.0
7168.45,0.0
7168.70,0.0
7168.95,0.0
7169.21,0.0
7169.46,0.0
7169.71,0.0
7169.96,0.0
7170.21,0.0
7170.46,0.0
7170.71,0.0
7170.96,0.0
7171.21,0.0
7171.46,0.0
7171.71,0.0
7171.96,0.0
7172.21,0.0
7172.46,0.0
7172.71,0.0
7172.96,0.0
7173.21,0.0
7173.46,0.0
7173.71,0.0
7173.96,0.0
7174.21,0.0
7174.47,0.0
7174.72,0.0
7174.97,0.0
7175.22,0.0
7175.47,0.0
7175.72,0.0
7175.97,0.0
7176.22,0.0
7176.47,0.0
7176.72,0.0
7176.97,0.0
7177.22,0.0
7177.47,0.0
7177.72,0.0
7177.97,0.0
7178.22,0.0
7178.47,0.0
7178.72,0.0
7178.97,0.0
7179.22,0.0
7179.47,0.0
7179.72,0.0
7179.97,0.0
7180.23,0.0
7180.48,0.0
7180.73,0.0
7180.98,0.0
7181.23,0.0
7181.48,0.0
7181.73,0.0
7181.98,0.0
7182.23,0.0
7182.48,0.0
7182.73,0.0
7182.98,0.0
7183.23,0.0
7183.48,0.0
7183.73,0.0
7183.98,0.0
7184.23,0.0
7184.48,0.0
7184.73,0.0
7184.98,0.0
7185.23,0.0
7185.48,0.0
7185.73,0.0
7185.98,0.0
7186.23,0.0
7186.48,0.0
7186.74,0.0
7186.99,0.0
7187.24,0.0
7187.49,0.0
7187.74,0.0
7187.99,0.0
7188.24,0.0
7188.49,0.0
7188.74,0.0
7188.99,0.0
7189.24,0.0
7189.49,0.0
7189.74,0.0
7189.99,0.0
7190.24,0.0
7190.49,0.0
7190.74,0.0
7190.99,0.0
7191.24,0.0
7191.49,0.0
7191.74,0.0
7191.99,0.0
7192.24,0.0
7192.49,0.0
7192.75,0.0
7193.00,0.0
7193.25,0.0
7193.50,0.0
7193.75,0.0
7194.00,0.0
7194.25,0.0
7194.50,0.0
7194.75,0.0
7195.00,0.0
7195.25,0.0
7195.50,0.0
7195.75,0.0
7196.00,0.0
7196.25,0.0
7196.50,0.0
7196.75,0.0
7197.00,0.0
7197.25,0.0
7197.50,0.0
7197.75,0.0
7198.01,0.0
7198.26,0.0
7198.51,0.0
7198.76,0.0
7199.01,0.0
7199.26,0.0
7199.51,0.0
7199.76,0.0
7200.01,0.0
7200.26,0.0
7200.51,0.0
7200.76,0.0
7201.01,0.0
7201.26,0.0
7201.51,0.0
7201.76,0.0
7202.01,0.0
7202.26,0.0
7202.51,0.0
7202.76,0.0
7203.01,0.0
7203.26,0.0
7203.51,0.0
7203.76,0.0
7204.02,0.0
7204.27,0.0
7204.52,0.0
7204.77,0.0
7205.02,0.0
7205.27,0.0
7205.52,0.0
7205.77,0.0
7206.02,0.0
7206.27,0.0
7206.52,0.0
7206.77,0.0
7207.02,0.0
7207.27,0.0
7207.52,0.0
7207.77,0.0
7208.02,0.0
7208.27,0.0
7208.52,0.0
7208.77,0.0
7209.02,0.0
7209.27,0.0
7209.52,0.0
7209.77,0.0
7210.02,0.0
7210.27,0.0
7210.53,0.0
7210.78,0.0
7211.03,0.0
7211.28,0.0
7211.53,0.0
7211.78,0.0
7212.03,0.0
7212.28,0.0
7212.53,0.0
7212.78,0.0
7213.03,0.0
7213.28,0.0
7213.53,0.0
7213.78,0.0
7214.03,0.0
7214.28,0.0
7214.53,0.0
7214.78,0.0
7215.03,0.0
7215.28,0.0
7215.53,0.0
7215.78,0.0
7216.03,0.0
7216.29,0.0
7216.54,0.0
7216.79,0.0
7217.04,0.0
7217.29,0.0
7217.54,0.0
7217.79,0.0
7218.04,0.0
7218.29,0.0
7218.54,0.0
7218.79,0.0
7219.04,0.0
7219.29,0.0
7219.54,0.0
7219.79,0.0
7220.04,0.0
7220.29,0.0
7220.54,0.0
7220.79,0.0
7221.04,0.0
7221.29,0.0
7221.55,0.0
7221.80,0.0
7222.05,0.0
7222.30,0.0
7222.55,0.0
7222.80,0.0
7223.05,0.0
7223.30,0.0
7223.55,0.0
7223.80,0.0
7224.05,0.0
7224.30,0.0
7224.55,0.0
7224.80,0.0
7225.05,0.0
7225.30,0.0
7225.55,0.0
7225.80,0.0
7226.05,0.0
7226.30,0.0
7226.55,0.0
7226.80,0.0
7227.05,0.0
7227.31,0.0
7227.56,0.0
7227.81,0.0
7228.06,0.0
7228.31,0.0
7228.56,0.0
7228.81,0.0
7229.06,0.0
7229.31,0.0
7229.56,0.0
7229.81,0.0
7230.06,0.0
7230.31,0.0
7230.56,0.0
7230.81,0.0
7231.06,0.0
7231.31,0.0
7231.56,0.0
7231.81,0.0
7232.06,0.0
7232.31,0.0
7232.56,0.0
7232.81,0.0
7233.06,0.0
7233.31,0.0
7233.56,0.0
7233.81,0.0
7234.06,0.0
7234.32,0.0
7234.57,0.0
7234.82,0.0
7235.07,0.0
7235.32,0.0
7235.57,0.0
7235.82,0.0
7236.07,0.0
7236.32,0.0
7236.57,0.0
7236.82,0.0
7237.07,0.0
7237.32,0.0
7237.57,0.0
7237.82,0.0
7238.07,0.0
7238.32,0.0
7238.57,0.0
7238.82,0.0
7239.07,0.0
7239.32,0.0
7239.57,0.0
7239.82,0.0
7240.07,0.0
7240.32,0.0
7240.57,0.0
7240.82,0.0
7241.07,0.0
7241.33,0.0
7241.58,0.0
7241.83,0.0
7242.08,0.0
7242.33,0.0
7242.58,0.0
7242.83,0.0
7243.08,0.0
7243.33,0.0
7243.58,0.0
7243.83,0.0
7244.08,0.0
7244.33,0.0
7244.58,0.0
7244.83,0.0
7245.08,0.0
7245.33,0.0
7245.58,0.0
7245.83,0.0
7246.08,0.0
7246.33,0.0
7246.58,0.0
7246.84,0.0
7247.09,0.0
7247.34,0.0
7247.59,0.0
7247.84,0.0
7248.09,0.0
7248.34,0.0
7248.59,0.0
7248.84,0.0
7249.09,0.0
7249.34,0.0
7249.59,0.0
7249.84,0.0
7250.09,0.0
7250.34,0.0
7250.59,0.0
7250.84,0.0
7251.09,0.0
7251.34,0.0
7251.59,0.0
7251.84,0.0
7252.09,0.0
7252.34,0.0
7252.59,0.0
7252.85,0.0
7253.10,0.0
7253.35,0.0
7253.60,0.0
7253.85,0.0
7254.10,0.0
7254.35,0.0
7254.60,0.0
7254.85,0.0
7255.10,0.0
7255.35,0.0
7255.60,0.0
7255.85,0.0
7256.10,0.0
7256.35,0.0
7256.60,0.0
7256.85,0.0
7257.10,0.0
7257.35,0.0
7257.60,0.0
7257.85,0.0
7258.10,0.0
7258.35,0.0
7258.60,0.0
7258.85,0.0
7259.10,0.0
7259.36,0.0
7259.61,0.0
7259.86,0.0
7260.11,0.0
7260.36,0.0
7260.61,0.0
7260.86,0.0
7261.11,0.0
7261.36,0.0
7261.61,0.0
7261.86,0.0
7262.11,0.0
7262.36,0.0
7262.61,0.0
7262.86,0.0
7263.11,0.0
7263.36,0.0
7263.61,0.0
7263.86,0.0
7264.11,0.0
7264.36,0.0
7264.61,0.0
7264.86,0.0
7265.11,0.0
7265.36,0.0
7265.62,0.0
7265.87,0.0
7266.12,0.0
7266.37,0.0
7266.62,0.0
7266.87,0.0
7267.12,0.0
7267.37,0.0
7267.62,0.0
7267.87,0.0
7268.12,0.0
7268.37,0.0
7268.62,0.0
7268.87,0.0
7269.12,0.0
7269.37,0.0
7269.62,0.0
7269.87,0.0
7270.12,0.0
7270.37,0.0
7270.62,0.0
7270.88,0.0
7271.12,0.0
7271.38,0.0
7271.63,0.0
7271.88,0.0
7272.13,0.0
7272.38,0.0
7272.63,0.0
7272.88,0.0
7273.13,0.0
7273.38,0.0
7273.63,0.0
7273.88,0.0
7274.13,0.0
7274.38,0.0
7274.63,0.0
7274.88,0.0
7275.13,0.0
7275.38,0.0
7275.63,0.0
7275.88,0.0
7276.13,0.0
7276.38,0.0
7276.63,0.0
7276.89,0.0
7277.14,0.0
7277.39,0.0
7277.64,0.0
7277.89,0.0
7278.14,0.0
7278.39,0.0
7278.64,0.0
7278.89,0.0
7279.14,0.0
7279.39,0.0
7279.64,0.0
7279.89,0.0
7280.14,0.0
7280.39,0.0
7280.64,0.0
7280.89,0.0
7281.14,0.0
7281.39,0.0
7281.64,0.0
7281.89,0.0
7282.14,0.0
7282.39,0.0
7282.65,0.0
7282.90,0.0
7283.15,0.0
7283.40,0.0
7283.65,0.0
7283.90,0.0
7284.15,0.0
7284.40,0.0
7284.65,0.0
7284.90,0.0
7285.15,0.0
7285.40,0.0
7285.65,0.0
7285.90,0.0
7286.15,0.0
7286.40,0.0
7286.65,0.0
7286.90,0.0
7287.15,0.0
7287.40,0.0
7287.65,0.0
7287.90,0.0
7288.15,0.0
7288.40,0.0
7288.65,0.0
7288.90,0.0
7289.16,0.0
7289.41,0.0
7289.66,0.0
7289.91,0.0
7290.16,0.0
7290.41,0.0
7290.66,0.0
7290.91,0.0
7291.16,0.0
7291.41,0.0
7291.66,0.0
7291.91,0.0
7292.16,0.0
7292.41,0.0
7292.66,0.0
7292.91,0.0
7293.16,0.0
7293.41,0.0
7293.66,0.0
7293.91,0.0
7294.16,0.0
7294.41,0.0
7294.66,0.0
7294.91,0.0
7295.17,0.0
7295.42,0.0
7295.67,0.0
7295.92,0.0
7296.17,0.0
7296.42,0.0
7296.67,0.0
7296.92,0.0
7297.17,0.0
7297.42,0.0
7297.67,0.0
7297.92,0.0
7298.17,0.0
7298.42,0.0
7298.67,0.0
7298.92,0.0
7299.17,0.0
7299.42,0.0
7299.67,0.0
7299.92,0.0
7300.17,0.0
7300.43,0.0
7300.68,0.0
7300.93,0.0
7301.18,0.0
7301.43,0.0
7301.68,0.0
7301.93,0.0
7302.18,0.0
7302.43,0.0
7302.68,0.0
7302.93,0.0
7303.18,0.0
7303.43,0.0
7303.68,0.0
7303.93,0.0
7304.18,0.0
7304.43,0.0
7304.68,0.0
7304.93,0.0
7305.18,0.0
7305.43,0.0
7305.68,0.0
7305.93,0.0
7306.19,0.0
7306.44,0.0
7306.69,0.0
7306.94,0.0
7307.19,0.0
7307.44,0.0
7307.69,0.0
7307.94,0.0
7308.19,0.0
7308.44,0.0
7308.69,0.0
7308.94,0.0
7309.19,0.0
7309.44,0.0
7309.69,0.0
7309.94,0.0
7310.19,0.0
7310.44,0.0
7310.69,0.0
7310.94,0.0
7311.19,0.0
7311.44,0.0
7311.69,0.0
7311.94,0.0
7312.19,0.0
7312.44,0.0
7312.70,0.0
7312.95,0.0
7313.20,0.0
7313.45,0.0
7313.70,0.0
7313.95,0.0
7314.20,0.0
7314.45,0.0
7314.70,0.0
7314.95,0.0
7315.20,0.0
7315.45,0.0
7315.70,0.0
7315.95,0.0
7316.20,0.0
7316.45,0.0
7316.70,0.0
7316.95,0.0
7317.20,0.0
7317.45,0.0
7317.70,0.0
7317.95,0.0
7318.20,0.0
7318.46,0.0
7318.71,0.0
7318.96,0.0
7319.21,0.0
7319.46,0.0
7319.71,0.0
7319.96,0.0
7320.21,0.0
7320.46,0.0
7320.71,0.0
7320.96,0.0
7321.21,0.0
7321.46,0.0
7321.71,0.0
7321.96,0.0
7322.21,0.0
7322.46,0.0
7322.71,0.0
7322.96,0.0
7323.21,0.0
7323.46,0.0
7323.72,0.0
7323.97,0.0
7324.22,0.0
7324.47,0.0
7324.72,0.0
7324.97,0.0
7325.22,0.0
7325.47,0.0
7325.72,0.0
7325.97,0.0
7326.22,0.0
7326.47,0.0
7326.72,0.0
7326.97,0.0
7327.22,0.0
7327.47,0.0
7327.72,0.0
7327.97,0.0
7328.22,0.0
7328.47,0.0
7328.72,0.0
7328.97,0.0
7329.22,0.0
7329.48,0.0
7329.73,0.0
7329.98,0.0
7330.23,0.0
7330.48,0.0
7330.73,0.0
7330.98,0.0
7331.23,0.0
7331.48,0.0
7331.73,0.0
7331.98,0.0
7332.23,0.0
7332.48,0.0
7332.73,0.0
7332.98,0.0
7333.23,0.0
7333.48,0.0
7333.73,0.0
7333.98,0.0
7334.23,0.0
7334.48,0.0
7334.73,0.0
7334.98,0.0
7335.23,0.0
7335.48,0.0
7335.74,0.0
7335.99,0.0
7336.24,0.0
7336.49,0.0
7336.74,0.0
7336.99,0.0
7337.24,0.0
7337.49,0.0
7337.74,0.0
7337.99,0.0
7338.24,0.0
7338.49,0.0
7338.74,0.0
7338.99,0.0
7339.24,0.0
7339.49,0.0
7339.74,0.0
7339.99,0.0
7340.24,0.0
7340.49,0.0
7340.74,0.0
7340.99,0.0
7341.25,0.0
7341.50,0.0
7341.75,0.0
7342.00,0.0
7342.25,0.0
7342.50,0.0
7342.75,0.0
7343.00,0.0
7343.25,0.0
7343.50,0.0
7343.75,0.0
7344.00,0.0
7344.25,0.0
7344.50,0.0
7344.75,0.0
7345.00,0.0
7345.25,0.0
7345.50,0.0
7345.75,0.0
7346.00,0.0
7346.25,0.0
7346.50,0.0
7346.76,0.0
7347.01,0.0
7347.26,0.0
7347.51,0.0
7347.76,0.0
7348.01,0.0
7348.26,0.0
7348.51,0.0
7348.76,0.0
7349.01,0.0
7349.26,0.0
7349.51,0.0
7349.76,0.0
7350.01,0.0
7350.26,0.0
7350.51,0.0
7350.76,0.0
7351.01,0.0
7351.26,0.0
7351.51,0.0
7351.76,0.0
7352.01,0.0
7352.26,0.0
7352.52,0.0
7352.77,0.0
7353.02,0.0
7353.27,0.0
7353.52,0.0
7353.77,0.0
7354.02,0.0
7354.27,0.0
7354.52,0.0
7354.77,0.0
7355.02,0.0
7355.27,0.0
7355.52,0.0
7355.77,0.0
7356.02,0.0
7356.27,0.0
7356.52,0.0
7356.77,0.0
7357.02,0.0
7357.27,0.0
7357.52,0.0
7357.77,0.0
7358.02,0.0
7358.27,0.0
7358.52,0.0
7358.78,0.0
7359.03,0.0
7359.28,0.0
7359.53,0.0
7359.78,0.0
7360.03,0.0
7360.28,0.0
7360.53,0.0
7360.78,0.0
7361.03,0.0
7361.28,0.0
7361.53,0.0
7361.78,0.0
7362.03,0.0
7362.28,0.0
7362.53,0.0
7362.78,0.0
7363.03,0.0
7363.28,0.0
7363.53,0.0
7363.78,0.0
7364.03,0.0
7364.29,0.0
7364.54,0.0
7364.79,0.0
7365.04,0.0
7365.29,0.0
7365.54,0.0
7365.79,0.0
7366.04,0.0
7366.29,0.0
7366.54,0.0
7366.79,0.0
7367.04,0.0
7367.29,0.0
7367.54,0.0
7367.79,0.0
7368.04,0.0
7368.29,0.0
7368.54,0.0
7368.79,0.0
7369.04,0.0
7369.29,0.0
7369.55,0.0
7369.80,0.0
7370.05,0.0
7370.30,0.0
7370.55,0.0
7370.80,0.0
7371.05,0.0
7371.30,0.0
7371.55,0.0
7371.80,0.0
7372.05,0.0
7372.30,0.0
7372.55,0.0
7372.80,0.0
7373.05,0.0
7373.30,0.0
7373.55,0.0
7373.80,0.0
7374.05,0.0
7374.30,0.0
7374.55,0.0
7374.80,0.0
7375.05,0.0
7375.30,0.0
7375.56,0.0
7375.81,0.0
7376.06,0.0
7376.31,0.0
7376.56,0.0
7376.81,0.0
7377.06,0.0
7377.31,0.0
7377.56,0.0
7377.81,0.0
7378.06,0.0
7378.31,0.0
7378.56,0.0
7378.81,0.0
7379.06,0.0
7379.31,0.0
7379.56,0.0
7379.81,0.0
7380.06,0.0
7380.31,0.0
7380.56,0.0
7380.81,0.0
7381.06,0.0
7381.31,0.0
7381.56,0.0
7381.81,0.0
7382.06,0.0
7382.32,0.0
7382.57,0.0
7382.82,0.0
7383.07,0.0
7383.32,0.0
7383.57,0.0
7383.82,0.0
7384.07,0.0
7384.32,0.0
7384.57,0.0
7384.82,0.0
7385.07,0.0
7385.32,0.0
7385.57,0.0
7385.82,0.0
7386.07,0.0
7386.32,0.0
7386.57,0.0
7386.82,0.0
7387.07,0.0
7387.32,0.0
7387.57,0.0
7387.83,0.0
7388.08,0.0
7388.33,0.0
7388.58,0.0
7388.83,0.0
7389.08,0.0
7389.33,0.0
7389.58,0.0
7389.83,0.0
7390.08,0.0
7390.33,0.0
7390.58,0.0
7390.83,0.0
7391.08,0.0
7391.33,0.0
7391.58,0.0
7391.83,0.0
7392.08,0.0
7392.33,0.0
7392.58,0.0
7392.83,0.0
7393.09,0.0
7393.34,0.0
7393.59,0.0
7393.84,0.0
7394.09,0.0
7394.34,0.0
7394.59,0.0
7394.84,0.0
7395.09,0.0
7395.34,0.0
7395.59,0.0
7395.84,0.0
7396.09,0.0
7396.34,0.0
7396.59,0.0
7396.84,0.0
7397.09,0.0
7397.34,0.0
7397.59,0.0
7397.84,0.0
7398.09,0.0
7398.34,0.0
7398.59,0.0
7398.85,0.0
7399.10,0.0
7399.35,0.0
7399.60,0.0
7399.85,0.0
7400.10,0.0
7400.35,0.0
7400.60,0.0
7400.85,0.0
7401.10,0.0
7401.35,0.0
7401.60,0.0
7401.85,0.0
7402.10,0.0
7402.35,0.0
7402.60,0.0
7402.85,0.0
7403.10,0.0
7403.35,0.0
7403.60,0.0
7403.85,0.0
7404.10,0.0
7404.35,0.0
7404.60,0.0
7404.85,0.0
7405.11,0.0
7405.36,0.0
7405.61,0.0
7405.86,0.0
7406.11,0.0
7406.36,0.0
7406.61,0.0
7406.86,0.0
7407.11,0.0
7407.36,0.0
7407.61,0.0
7407.86,0.0
7408.11,0.0
7408.36,0.0
7408.61,0.0
7408.86,0.0
7409.11,0.0
7409.36,0.0
7409.61,0.0
7409.86,0.0
7410.11,0.0
7410.36,0.0
7410.61,0.0
7410.87,0.0
7411.12,0.0
7411.37,0.0
7411.62,0.0
7411.87,0.0
7412.12,0.0
7412.37,0.0
7412.62,0.0
7412.87,0.0
7413.12,0.0
7413.37,0.0
7413.62,0.0
7413.87,0.0
7414.12,0.0
7414.37,0.0
7414.62,0.0
7414.87,0.0
7415.12,0.0
7415.37,0.0
7415.62,0.0
7415.87,0.0
7416.12,0.0
7416.38,0.0
7416.63,0.0
7416.88,0.0
7417.13,0.0
7417.38,0.0
7417.63,0.0
7417.88,0.0
7418.13,0.0
7418.38,0.0
7418.63,0.0
7418.88,0.0
7419.13,0.0
7419.38,0.0
7419.63,0.0
7419.88,0.0
7420.13,0.0
7420.38,0.0
7420.63,0.0
7420.88,0.0
7421.13,0.0
7421.38,0.0
7421.63,0.0
7421.88,0.0
7422.14,0.0
7422.39,0.0
7422.64,0.0
7422.89,0.0
7423.14,0.0
7423.39,0.0
7423.64,0.0
7423.89,0.0
7424.14,0.0
7424.39,0.0
7424.64,0.0
7424.89,0.0
7425.14,0.0
7425.39,0.0
7425.64,0.0
7425.89,0.0
7426.14,0.0
7426.39,0.0
7426.64,0.0
7426.89,0.0
7427.14,0.0
7427.39,0.0
7427.64,0.0
7427.89,0.0
7428.15,0.0
7428.40,0.0
7428.65,0.0
7428.90,0.0
7429.15,0.0
7429.40,0.0
7429.65,0.0
7429.90,0.0
7430.15,0.0
7430.40,0.0
7430.65,0.0
7430.90,0.0
7431.15,0.0
7431.40,0.0
7431.65,0.0
7431.90,0.0
7432.15,0.0
7432.40,0.0
7432.65,0.0
7432.90,0.0
7433.15,0.0
7433.40,0.0
7433.65,0.0
7433.90,0.0
7434.15,0.0
7434.40,0.0
7434.66,0.0
7434.91,0.0
7435.16,0.0
7435.41,0.0
7435.66,0.0
7435.91,0.0
7436.16,0.0
7436.41,0.0
7436.66,0.0
7436.91,0.0
7437.16,0.0
7437.41,0.0
7437.66,0.0
7437.91,0.0
7438.16,0.0
7438.41,0.0
7438.66,0.0
7438.91,0.0
7439.16,0.0
7439.41,0.0
7439.66,0.0
7439.91,0.0
7440.16,0.0
7440.42,0.0
7440.67,0.0
7440.92,0.0
7441.17,0.0
7441.42,0.0
7441.67,0.0
7441.92,0.0
7442.17,0.0
7442.42,0.0
7442.67,0.0
7442.92,0.0
7443.17,0.0
7443.42,0.0
7443.67,0.0
7443.92,0.0
7444.17,0.0
7444.42,0.0
7444.67,0.0
7444.92,0.0
7445.17,0.0
7445.42,0.0
7445.67,0.0
7445.93,0.0
7446.18,0.0
7446.43,0.0
7446.68,0.0
7446.93,0.0
7447.18,0.0
7447.43,0.0
7447.68,0.0
7447.93,0.0
7448.18,0.0
7448.43,0.0
7448.68,0.0
7448.93,0.0
7449.18,0.0
7449.43,0.0
7449.68,0.0
7449.93,0.0
7450.18,0.0
7450.43,0.0
7450.68,0.0
7450.93,0.0
7451.18,0.0
7451.43,0.0
7451.69,0.0
7451.94,0.0
7452.19,0.0
7452.44,0.0
7452.69,0.0
7452.94,0.0
7453.19,0.0
7453.44,0.0
7453.69,0.0
7453.94,0.0
7454.19,0.0
7454.44,0.0
7454.69,0.0
7454.94,0.0
7455.19,0.0
7455.44,0.0
7455.69,0.0
7455.94,0.0
7456.19,0.0
7456.44,0.0
7456.69,0.0
7456.94,0.0
7457.19,0.0
7457.44,0.0
7457.69,0.0
7457.94,0.0
7458.20,0.0
7458.45,0.0
7458.70,0.0
7458.95,0.0
7459.20,0.0
7459.45,0.0
7459.70,0.0
7459.95,0.0
7460.20,0.0
7460.45,0.0
7460.70,0.0
7460.95,0.0
7461.20,0.0
7461.45,0.0
7461.70,0.0
7461.95,0.0
7462.20,0.0
7462.45,0.0
7462.70,0.0
7462.95,0.0
7463.20,0.0
7463.45,0.0
7463.70,0.0
7463.95,0.0
7464.20,0.0
7464.46,0.0
7464.71,0.0
7464.96,0.0
7465.21,0.0
7465.46,0.0
7465.71,0.0
7465.96,0.0
7466.21,0.0
7466.46,0.0
7466.71,0.0
7466.96,0.0
7467.21,0.0
7467.46,0.0
7467.71,0.0
7467.96,0.0
7468.21,0.0
7468.46,0.0
7468.71,0.0
7468.96,0.0
7469.21,0.0
7469.46,0.0
7469.71,0.0
7469.97,0.0
7470.22,0.0
7470.47,0.0
7470.72,0.0
7470.97,0.0
7471.22,0.0
7471.47,0.0
7471.72,0.0
7471.97,0.0
7472.22,0.0
7472.47,0.0
7472.72,0.0
7472.97,0.0
7473.22,0.0
7473.47,0.0
7473.72,0.0
7473.97,0.0
7474.22,0.0
7474.47,0.0
7474.72,0.0
7474.97,0.0
7475.22,0.0
7475.47,0.0
7475.73,0.0
7475.98,0.0
7476.23,0.0
7476.48,0.0
7476.73,0.0
7476.98,0.0
7477.23,0.0
7477.48,0.0
7477.73,0.0
7477.98,0.0
7478.23,0.0
7478.48,0.0
7478.73,0.0
7478.98,0.0
7479.23,0.0
7479.48,0.0
7479.73,0.0
7479.98,0.0
7480.23,0.0
7480.48,0.0
7480.73,0.0
7480.98,0.0
7481.23,0.0
7481.48,0.0
7481.73,0.0
7481.99,0.0
7482.24,0.0
7482.49,0.0
7482.74,0.0
7482.99,0.0
7483.24,0.0
7483.49,0.0
7483.74,0.0
7483.99,0.0
7484.24,0.0
7484.49,0.0
7484.74,0.0
7484.99,0.0
7485.24,0.0
7485.49,0.0
7485.74,0.0
7485.99,0.0
7486.24,0.0
7486.49,0.0
7486.74,0.0
7486.99,0.0
7487.24,0.0
7487.50,0.0
7487.75,0.0
7488.00,0.0
7488.25,0.0
7488.50,0.0
7488.75,0.0
7489.00,0.0
7489.25,0.0
7489.50,0.0
7489.75,0.0
7490.00,0.0
7490.25,0.0
7490.50,0.0
7490.75,0.0
7491.00,0.0
7491.25,0.0
7491.50,0.0
7491.75,0.0
7492.00,0.0
7492.25,0.0
7492.50,0.0
7492.76,0.0
7493.01,0.0
7493.26,0.0
7493.51,0.0
7493.76,0.0
7494.01,0.0
7494.26,0.0
7494.51,0.0
7494.76,0.0
7495.01,0.0
7495.26,0.0
7495.51,0.0
7495.76,0.0
7496.01,0.0
7496.26,0.0
7496.51,0.0
7496.76,0.0
7497.01,0.0
7497.26,0.0
7497.51,0.0
7497.76,0.0
7498.01,0.0
7498.27,0.0
7498.52,0.0
7498.77,0.0
7499.02,0.0
7499.27,0.0
7499.52,0.0
7499.77,0.0
7500.02,0.0
7500.27,0.0
7500.52,0.0
7500.77,0.0
7501.02,0.0
7501.27,0.0
7501.52,0.0
7501.77,0.0
7502.02,0.0
7502.27,0.0
7502.52,0.0
7502.77,0.0
7503.02,0.0
7503.27,0.0
7503.52,0.0
7503.77,0.0
7504.02,0.0
7504.27,0.0
7504.52,0.0
7504.78,0.0
7505.03,0.0
7505.28,0.0
7505.53,0.0
7505.78,0.0
7506.03,0.0
7506.28,0.0
7506.53,0.0
7506.78,0.0
7507.03,0.0
7507.28,0.0
7507.53,0.0
7507.78,0.0
7508.03,0.0
7508.28,0.0
7508.53,0.0
7508.78,0.0
7509.03,0.0
7509.28,0.0
7509.53,0.0
7509.78,0.0
7510.03,0.0
7510.29,0.0
7510.54,0.0
7510.79,0.0
7511.04,0.0
7511.29,0.0
7511.54,0.0
7511.79,0.0
7512.04,0.0
7512.29,0.0
7512.54,0.0
7512.79,0.0
7513.04,0.0
7513.29,0.0
7513.54,0.0
7513.79,0.0
7514.04,0.0
7514.29,0.0
7514.54,0.0
7514.79,0.0
7515.04,0.0
7515.29,0.0
7515.54,0.0
7515.80,0.0
7516.05,0.0
7516.30,0.0
7516.55,0.0
7516.80,0.0
7517.05,0.0
7517.30,0.0
7517.55,0.0
7517.80,0.0
7518.05,0.0
7518.30,0.0
7518.55,0.0
7518.80,0.0
7519.05,0.0
7519.30,0.0
7519.55,0.0
7519.80,0.0
7520.05,0.0
7520.30,0.0
7520.55,0.0
7520.80,0.0
7521.05,0.0
7521.30,0.0
7521.55,0.0
7521.80,0.0
7522.06,0.0
7522.31,0.0
7522.56,0.0
7522.81,0.0
7523.06,0.0
7523.31,0.0
7523.56,0.0
7523.81,0.0
7524.06,0.0
7524.31,0.0
7524.56,0.0
7524.81,0.0
7525.06,0.0
7525.31,0.0
7525.56,0.0
7525.81,0.0
7526.06,0.0
7526.31,0.0
7526.56,0.0
7526.81,0.0
7527.06,0.0
7527.31,0.0
7527.56,0.0
7527.81,0.0
7528.06,0.0
7528.31,0.0
7528.57,0.0
7528.82,0.0
7529.07,0.0
7529.32,0.0
7529.57,0.0
7529.82,0.0
7530.07,0.0
7530.32,0.0
7530.57,0.0
7530.82,0.0
7531.07,0.0
7531.32,0.0
7531.57,0.0
7531.82,0.0
7532.07,0.0
7532.32,0.0
7532.57,0.0
7532.82,0.0
7533.07,0.0
7533.32,0.0
7533.57,0.0
7533.82,0.0
7534.07,0.0
7534.32,0.0
7534.58,0.0
7534.83,0.0
7535.08,0.0
7535.33,0.0
7535.58,0.0
7535.83,0.0
7536.08,0.0
7536.33,0.0
7536.58,0.0
7536.83,0.0
7537.08,0.0
7537.33,0.0
7537.58,0.0
7537.83,0.0
7538.08,0.0
7538.33,0.0
7538.58,0.0
7538.83,0.0
7539.08,0.0
7539.33,0.0
7539.58,0.0
7539.84,0.0
7540.09,0.0
7540.34,0.0
7540.59,0.0
7540.84,0.0
7541.09,0.0
7541.34,0.0
7541.59,0.0
7541.84,0.0
7542.09,0.0
7542.34,0.0
7542.59,0.0
7542.84,0.0
7543.09,0.0
7543.34,0.0
7543.59,0.0
7543.84,0.0
7544.09,0.0
7544.34,0.0
7544.59,0.0
7544.84,0.0
7545.09,0.0
7545.34,0.0
7545.59,0.0
7545.85,0.0
7546.10,0.0
7546.35,0.0
7546.60,0.0
7546.85,0.0
7547.10,0.0
7547.35,0.0
7547.60,0.0
7547.85,0.0
7548.10,0.0
7548.35,0.0
7548.60,0.0
7548.85,0.0
7549.10,0.0
7549.35,0.0
7549.60,0.0
7549.85,0.0
7550.10,0.0
7550.35,0.0
7550.60,0.0
7550.85,0.0
7551.10,0.0
7551.35,0.0
7551.60,0.0
7551.85,0.0
7552.10,0.0
7552.36,0.0
7552.61,0.0
7552.86,0.0
7553.11,0.0
7553.36,0.0
7553.61,0.0
7553.86,0.0
7554.11,0.0
7554.36,0.0
7554.61,0.0
7554.86,0.0
7555.11,0.0
7555.36,0.0
7555.61,0.0
7555.86,0.0
7556.11,0.0
7556.36,0.0
7556.61,0.0
7556.86,0.0
7557.11,0.0
7557.36,0.0
7557.61,0.0
7557.87,0.0
7558.12,0.0
7558.37,0.0
7558.62,0.0
7558.87,0.0
7559.12,0.0
7559.37,0.0
7559.62,0.0
7559.87,0.0
7560.12,0.0
7560.37,0.0
7560.62,0.0
7560.87,0.0
7561.12,0.0
7561.37,0.0
7561.62,0.0
7561.87,0.0
7562.12,0.0
7562.37,0.0
7562.62,0.0
7562.87,0.0
7563.12,0.0
7563.38,0.0
7563.62,0.0
7563.88,0.0
7564.13,0.0
7564.38,0.0
7564.63,0.0
7564.88,0.0
7565.13,0.0
7565.38,0.0
7565.63,0.0
7565.88,0.0
7566.13,0.0
7566.38,0.0
7566.63,0.0
7566.88,0.0
7567.13,0.0
7567.38,0.0
7567.63,0.0
7567.88,0.0
7568.13,0.0
7568.38,0.0
7568.63,0.0
7568.88,0.0
7569.13,0.0
7569.38,0.0
7569.64,0.0
7569.89,0.0
7570.14,0.0
7570.39,0.0
7570.64,0.0
7570.89,0.0
7571.14,0.0
7571.39,0.0
7571.64,0.0
7571.89,0.0
7572.14,0.0
7572.39,0.0
7572.64,0.0
7572.89,0.0
7573.14,0.0
7573.39,0.0
7573.64,0.0
7573.89,0.0
7574.14,0.0
7574.39,0.0
7574.64,0.0
7574.89,0.0
7575.14,0.0
7575.39,0.0
7575.64,0.0
7575.90,0.0
7576.15,0.0
7576.40,0.0
7576.65,0.0
7576.90,0.0
7577.15,0.0
7577.40,0.0
7577.65,0.0
7577.90,0.0
7578.15,0.0
7578.40,0.0
7578.65,0.0
7578.90,0.0
7579.15,0.0
7579.40,0.0
7579.65,0.0
7579.90,0.0
7580.15,0.0
7580.40,0.0
7580.65,0.0
7580.90,0.0
7581.15,0.0
7581.40,0.0
7581.65,0.0
7581.90,0.0
7582.15,0.0
7582.41,0.0
7582.66,0.0
7582.91,0.0
7583.16,0.0
7583.41,0.0
7583.66,0.0
7583.91,0.0
7584.16,0.0
7584.41,0.0
7584.66,0.0
7584.91,0.0
7585.16,0.0
7585.41,0.0
7585.66,0.0
7585.91,0.0
7586.16,0.0
7586.41,0.0
7586.66,0.0
7586.91,0.0
7587.16,0.0
7587.41,0.0
7587.66,0.0
7587.91,0.0
7588.16,0.0
7588.41,0.0
7588.67,0.0
7588.92,0.0
7589.17,0.0
7589.42,0.0
7589.67,0.0
7589.92,0.0
7590.17,0.0
7590.42,0.0
7590.67,0.0
7590.92,0.0
7591.17,0.0
7591.42,0.0
7591.67,0.0
7591.92,0.0
7592.17,0.0
7592.42,0.0
7592.67,0.0
7592.92,0.0
7593.17,0.0
7593.42,0.0
7593.67,0.0
7593.93,0.0
7594.18,0.0
7594.43,0.0
7594.68,0.0
7594.93,0.0
7595.18,0.0
7595.43,0.0
7595.68,0.0
7595.93,0.0
7596.18,0.0
7596.43,0.0
7596.68,0.0
7596.93,0.0
7597.18,0.0
7597.43,0.0
7597.68,0.0
7597.93,0.0
7598.18,0.0
7598.43,0.0
7598.68,0.0
7598.93,0.0
7599.18,0.0
7599.44,0.0
7599.69,0.0
7599.94,0.0
7600.19,0.0
7600.44,0.0
7600.69,0.0
7600.94,0.0
7601.19,0.0
7601.44,0.0
7601.69,0.0
7601.94,0.0
7602.19,0.0
7602.44,0.0
7602.69,0.0
7602.94,0.0
7603.19,0.0
7603.44,0.0
7603.69,0.0
7603.94,0.0
7604.19,0.0
7604.44,0.0
7604.69,0.0
7604.94,0.0
7605.19,0.0
7605.44,0.0
7605.69,0.0
7605.95,0.0
7606.20,0.0
7606.45,0.0
7606.70,0.0
7606.95,0.0
7607.20,0.0
7607.45,0.0
7607.70,0.0
7607.95,0.0
7608.20,0.0
7608.45,0.0
7608.70,0.0
7608.95,0.0
7609.20,0.0
7609.45,0.0
7609.70,0.0
7609.95,0.0
7610.20,0.0
7610.45,0.0
7610.70,0.0
7610.95,0.0
7611.20,0.0
7611.45,0.0
7611.70,0.0
7611.95,0.0
7612.21,0.0
7612.46,0.0
7612.71,0.0
7612.96,0.0
7613.21,0.0
7613.46,0.0
7613.71,0.0
7613.96,0.0
7614.21,0.0
7614.46,0.0
7614.71,0.0
7614.96,0.0
7615.21,0.0
7615.46,0.0
7615.71,0.0
7615.96,0.0
7616.21,0.0
7616.46,0.0
7616.71,0.0
7616.96,0.0
7617.21,0.0
7617.47,0.0
7617.72,0.0
7617.97,0.0
7618.22,0.0
7618.47,0.0
7618.72,0.0
7618.97,0.0
7619.22,0.0
7619.47,0.0
7619.72,0.0
7619.97,0.0
7620.22,0.0
7620.47,0.0
7620.72,0.0
7620.97,0.0
7621.22,0.0
7621.47,0.0
7621.72,0.0
7621.97,0.0
7622.22,0.0
7622.47,0.0
7622.72,0.0
7622.97,0.0
7623.23,0.0
7623.48,0.0
7623.73,0.0
7623.98,0.0
7624.23,0.0
7624.48,0.0
7624.73,0.0
7624.98,0.0
7625.23,0.0
7625.48,0.0
7625.73,0.0
7625.98,0.0
7626.23,0.0
7626.48,0.0
7626.73,0.0
7626.98,0.0
7627.23,0.0
7627.48,0.0
7627.73,0.0
7627.98,0.0
7628.23,0.0
7628.48,0.0
7628.73,0.0
7628.98,0.0
7629.23,0.0
7629.48,0.0
7629.74,0.0
7629.99,0.0
7630.24,0.0
7630.49,0.0
7630.74,0.0
7630.99,0.0
7631.24,0.0
7631.49,0.0
7631.74,0.0
7631.99,0.0
7632.24,0.0
7632.49,0.0
7632.74,0.0
7632.99,0.0
7633.24,0.0
7633.49,0.0
7633.74,0.0
7633.99,0.0
7634.24,0.0
7634.49,0.0
7634.74,0.0
7634.99,0.0
7635.24,0.0
7635.50,0.0
7635.75,0.0
7636.00,0.0
7636.25,0.0
7636.50,0.0
7636.75,0.0
7637.00,0.0
7637.25,0.0
7637.50,0.0
7637.75,0.0
7638.00,0.0
7638.25,0.0
7638.50,0.0
7638.75,0.0
7639.00,0.0
7639.25,0.0
7639.50,0.0
7639.75,0.0
7640.00,0.0
7640.25,0.0
7640.50,0.0
7640.75,0.0
7641.01,0.0
7641.26,0.0
7641.51,0.0
7641.76,0.0
7642.01,0.0
7642.26,0.0
7642.51,0.0
7642.76,0.0
7643.01,0.0
7643.26,0.0
7643.51,0.0
7643.76,0.0
7644.01,0.0
7644.26,0.0
7644.51,0.0
7644.76,0.0
7645.01,0.0
7645.26,0.0
7645.51,0.0
7645.76,0.0
7646.01,0.0
7646.26,0.0
7646.51,0.0
7646.77,0.0
7647.02,0.0
7647.27,0.0
7647.52,0.0
7647.77,0.0
7648.02,0.0
7648.27,0.0
7648.52,0.0
7648.77,0.0
7649.02,0.0
7649.27,0.0
7649.52,0.0
7649.77,0.0
7650.02,0.0
7650.27,0.0
7650.52,0.0
7650.77,0.0
7651.02,0.0
7651.27,0.0
7651.52,0.0
7651.77,0.0
7652.02,0.0
7652.27,0.0
7652.52,0.0
7652.77,0.0
7653.02,0.0
7653.28,0.0
7653.53,0.0
7653.78,0.0
7654.03,0.0
7654.28,0.0
7654.53,0.0
7654.78,0.0
7655.03,0.0
7655.28,0.0
7655.53,0.0
7655.78,0.0
7656.03,0.0
7656.28,0.0
7656.53,0.0
7656.78,0.0
7657.03,0.0
7657.28,0.0
7657.53,0.0
7657.78,0.0
7658.03,0.0
7658.28,0.0
7658.53,0.0
7658.78,0.0
7659.03,0.0
7659.29,0.0
7659.54,0.0
7659.79,0.0
7660.04,0.0
7660.29,0.0
7660.54,0.0
7660.79,0.0
7661.04,0.0
7661.29,0.0
7661.54,0.0
7661.79,0.0
7662.04,0.0
7662.29,0.0
7662.54,0.0
7662.79,0.0
7663.04,0.0
7663.29,0.0
7663.54,0.0
7663.79,0.0
7664.04,0.0
7664.29,0.0
7664.54,0.0
7664.80,0.0
7665.05,0.0
7665.30,0.0
7665.55,0.0
7665.80,0.0
7666.05,0.0
7666.30,0.0
7666.55,0.0
7666.80,0.0
7667.05,0.0
7667.30,0.0
7667.55,0.0
7667.80,0.0
7668.05,0.0
7668.30,0.0
7668.55,0.0
7668.80,0.0
7669.05,0.0
7669.30,0.0
7669.55,0.0
7669.80,0.0
7670.05,0.0
7670.30,0.0
7670.56,0.0
7670.81,0.0
7671.06,0.0
7671.31,0.0
7671.56,0.0
7671.81,0.0
7672.06,0.0
7672.31,0.0
7672.56,0.0
7672.81,0.0
7673.06,0.0
7673.31,0.0
7673.56,0.0
7673.81,0.0
7674.06,0.0
7674.31,0.0
7674.56,0.0
7674.81,0.0
7675.06,0.0
7675.31,0.0
7675.56,0.0
7675.81,0.0
7676.06,0.0
7676.31,0.0
7676.56,0.0
7676.81,0.0
7677.06,0.0
7677.32,0.0
7677.57,0.0
7677.82,0.0
7678.07,0.0
7678.32,0.0
7678.57,0.0
7678.82,0.0
7679.07,0.0
7679.32,0.0
7679.57,0.0
7679.82,0.0
7680.07,0.0
7680.32,0.0
7680.57,0.0
7680.82,0.0
7681.07,0.0
7681.32,0.0
7681.57,0.0
7681.82,0.0
7682.07,0.0
7682.32,0.0
7682.57,0.0
7682.82,0.0
7683.07,0.0
7683.33,0.0
7683.58,0.0
7683.83,0.0
7684.08,0.0
7684.33,0.0
7684.58,0.0
7684.83,0.0
7685.08,0.0
7685.33,0.0
7685.58,0.0
7685.83,0.0
7686.08,0.0
7686.33,0.0
7686.58,0.0
7686.83,0.0
7687.08,0.0
7687.33,0.0
7687.58,0.0
7687.83,0.0
7688.08,0.0
7688.33,0.0
7688.59,0.0
7688.84,0.0
7689.09,0.0
7689.34,0.0
7689.59,0.0
7689.84,0.0
7690.09,0.0
7690.34,0.0
7690.59,0.0
7690.84,0.0
7691.09,0.0
7691.34,0.0
7691.59,0.0
7691.84,0.0
7692.09,0.0
7692.34,0.0
7692.59,0.0
7692.84,0.0
7693.09,0.0
7693.34,0.0
7693.59,0.0
7693.84,0.0
7694.09,0.0
7694.34,0.0
7694.59,0.0
7694.85,0.0
7695.10,0.0
7695.35,0.0
7695.60,0.0
7695.85,0.0
7696.10,0.0
7696.35,0.0
7696.60,0.0
7696.85,0.0
7697.10,0.0
7697.35,0.0
7697.60,0.0
7697.85,0.0
7698.10,0.0
7698.35,0.0
7698.60,0.0
7698.85,0.0
7699.10,0.0
7699.35,0.0
7699.60,0.0
7699.85,0.0
7700.10,0.0
7700.35,0.0
7700.60,0.0
7700.85,0.0
7701.11,0.0
7701.36,0.0
7701.61,0.0
7701.86,0.0
7702.11,0.0
7702.36,0.0
7702.61,0.0
7702.86,0.0
7703.11,0.0
7703.36,0.0
7703.61,0.0
7703.86,0.0
7704.11,0.0
7704.36,0.0
7704.61,0.0
7704.86,0.0
7705.11,0.0
7705.36,0.0
7705.61,0.0
7705.86,0.0
7706.11,0.0
7706.36,0.0
7706.61,0.0
7706.86,0.0
7707.12,0.0
7707.37,0.0
7707.62,0.0
7707.87,0.0
7708.12,0.0
7708.37,0.0
7708.62,0.0
7708.87,0.0
7709.12,0.0
7709.37,0.0
7709.62,0.0
7709.87,0.0
7710.12,0.0
7710.37,0.0
7710.62,0.0
7710.87,0.0
7711.12,0.0
7711.37,0.0
7711.62,0.0
7711.87,0.0
7712.12,0.0
7712.37,0.0
7712.62,0.0
7712.88,0.0
7713.13,0.0
7713.38,0.0
7713.63,0.0
7713.88,0.0
7714.13,0.0
7714.38,0.0
7714.63,0.0
7714.88,0.0
7715.13,0.0
7715.38,0.0
7715.63,0.0
7715.88,0.0
7716.13,0.0
7716.38,0.0
7716.63,0.0
7716.88,0.0
7717.13,0.0
7717.38,0.0
7717.63,0.0
7717.88,0.0
7718.13,0.0
7718.38,0.0
7718.64,0.0
7718.89,0.0
7719.14,0.0
7719.39,0.0
7719.64,0.0
7719.89,0.0
7720.14,0.0
7720.39,0.0
7720.64,0.0
7720.89,0.0
7721.14,0.0
7721.39,0.0
7721.64,0.0
7721.89,0.0
7722.14,0.0
7722.39,0.0
7722.64,0.0
7722.89,0.0
7723.14,0.0
7723.39,0.0
7723.64,0.0
7723.89,0.0
7724.14,0.0
7724.39,0.0
7724.65,0.0
7724.90,0.0
7725.15,0.0
7725.40,0.0
7725.65,0.0
7725.90,0.0
7726.15,0.0
7726.40,0.0
7726.65,0.0
7726.90,0.0
7727.15,0.0
7727.40,0.0
7727.65,0.0
7727.90,0.0
7728.15,0.0
7728.40,0.0
7728.65,0.0
7728.90,0.0
7729.15,0.0
7729.40,0.0
7729.65,0.0
7729.90,0.0
7730.15,0.0
7730.40,0.0
7730.66,0.0
7730.91,0.0
7731.16,0.0
7731.41,0.0
7731.66,0.0
7731.91,0.0
7732.16,0.0
7732.41,0.0
7732.66,0.0
7732.91,0.0
7733.16,0.0
7733.41,0.0
7733.66,0.0
7733.91,0.0
7734.16,0.0
7734.41,0.0
7734.66,0.0
7734.91,0.0
7735.16,0.0
7735.41,0.0
7735.66,0.0
7735.91,0.0
7736.16,0.0
7736.41,0.0
7736.66,0.0
7736.92,0.0
7737.17,0.0
7737.42,0.0
7737.67,0.0
7737.92,0.0
7738.17,0.0
7738.42,0.0
7738.67,0.0
7738.92,0.0
7739.17,0.0
7739.42,0.0
7739.67,0.0
7739.92,0.0
7740.17,0.0
7740.42,0.0
7740.67,0.0
7740.92,0.0
7741.17,0.0
7741.42,0.0
7741.67,0.0
7741.93,0.0
7742.18,0.0
7742.43,0.0
7742.68,0.0
7742.93,0.0
7743.18,0.0
7743.43,0.0
7743.68,0.0
7743.93,0.0
7744.18,0.0
7744.43,0.0
7744.68,0.0
7744.93,0.0
7745.18,0.0
7745.43,0.0
7745.68,0.0
7745.93,0.0
7746.18,0.0
7746.43,0.0
7746.68,0.0
7746.93,0.0
7747.18,0.0
7747.43,0.0
7747.69,0.0
7747.94,0.0
7748.19,0.0
7748.44,0.0
7748.69,0.0
7748.94,0.0
7749.19,0.0
7749.44,0.0
7749.69,0.0
7749.94,0.0
7750.19,0.0
7750.44,0.0
7750.69,0.0
7750.94,0.0
7751.19,0.0
7751.44,0.0
7751.69,0.0
7751.94,0.0
7752.19,0.0
7752.44,0.0
7752.69,0.0
7752.94,0.0
7753.19,0.0
7753.44,0.0
7753.69,0.0
7753.94,0.0
7754.20,0.0
7754.45,0.0
7754.70,0.0
7754.95,0.0
7755.20,0.0
7755.45,0.0
7755.70,0.0
7755.95,0.0
7756.20,0.0
7756.45,0.0
7756.70,0.0
7756.95,0.0
7757.20,0.0
7757.45,0.0
7757.70,0.0
7757.95,0.0
7758.20,0.0
7758.45,0.0
7758.70,0.0
7758.95,0.0
7759.20,0.0
7759.45,0.0
7759.71,0.0
7759.96,0.0
7760.21,0.0
7760.46,0.0
7760.71,0.0
7760.96,0.0
7761.21,0.0
7761.46,0.0
7761.71,0.0
7761.96,0.0
7762.21,0.0
7762.46,0.0
7762.71,0.0
7762.96,0.0
7763.21,0.0
7763.46,0.0
7763.71,0.0
7763.96,0.0
7764.21,0.0
7764.46,0.0
7764.71,0.0
7764.97,0.0
7765.22,0.0
7765.47,0.0
7765.72,0.0
7765.97,0.0
7766.22,0.0
7766.47,0.0
7766.72,0.0
7766.97,0.0
7767.22,0.0
7767.47,0.0
7767.72,0.0
7767.97,0.0
7768.22,0.0
7768.47,0.0
7768.72,0.0
7768.97,0.0
7769.22,0.0
7769.47,0.0
7769.72,0.0
7769.97,0.0
7770.22,0.0
7770.47,0.0
7770.73,0.0
7770.98,0.0
7771.23,0.0
7771.48,0.0
7771.73,0.0
7771.98,0.0
7772.23,0.0
7772.48,0.0
7772.73,0.0
7772.98,0.0
7773.23,0.0
7773.48,0.0
7773.73,0.0
7773.98,0.0
7774.23,0.0
7774.48,0.0
7774.73,0.0
7774.98,0.0
7775.23,0.0
7775.48,0.0
7775.73,0.0
7775.98,0.0
7776.23,0.0
7776.48,0.0
7776.73,0.0
7776.98,0.0
7777.23,0.0
7777.49,0.0
7777.74,0.0
7777.99,0.0
7778.24,0.0
7778.49,0.0
7778.74,0.0
7778.99,0.0
7779.24,0.0
7779.49,0.0
7779.74,0.0
7779.99,0.0
7780.24,0.0
7780.49,0.0
7780.74,0.0
7780.99,0.0
7781.24,0.0
7781.49,0.0
7781.74,0.0
7781.99,0.0
7782.24,0.0
7782.49,0.0
7782.74,0.0
7782.99,0.0
7783.25,0.0
7783.50,0.0
7783.75,0.0
7784.00,0.0
7784.25,0.0
7784.50,0.0
7784.75,0.0
7785.00,0.0
7785.25,0.0
7785.50,0.0
7785.75,0.0
7786.00,0.0
7786.25,0.0
7786.50,0.0
7786.75,0.0
7787.00,0.0
7787.25,0.0
7787.50,0.0
7787.75,0.0
7788.00,0.0
7788.25,0.0
7788.51,0.0
7788.76,0.0
7789.01,0.0
7789.26,0.0
7789.51,0.0
7789.76,0.0
7790.01,0.0
7790.26,0.0
7790.51,0.0
7790.76,0.0
7791.01,0.0
7791.26,0.0
7791.51,0.0
7791.76,0.0
7792.01,0.0
7792.26,0.0
7792.51,0.0
7792.76,0.0
7793.01,0.0
7793.26,0.0
7793.51,0.0
7793.76,0.0
7794.01,0.0
7794.26,0.0
7794.52,0.0
7794.77,0.0
7795.02,0.0
7795.27,0.0
7795.52,0.0
7795.77,0.0
7796.02,0.0
7796.27,0.0
7796.52,0.0
7796.77,0.0
7797.02,0.0
7797.27,0.0
7797.52,0.0
7797.77,0.0
7798.02,0.0
7798.27,0.0
7798.52,0.0
7798.77,0.0
7799.02,0.0
7799.27,0.0
7799.52,0.0
7799.77,0.0
7800.02,0.0
7800.27,0.0
7800.52,0.0
7800.78,0.0
7801.03,0.0
7801.28,0.0
7801.53,0.0
7801.78,0.0
7802.03,0.0
7802.28,0.0
7802.53,0.0
7802.78,0.0
7803.03,0.0
7803.28,0.0
7803.53,0.0
7803.78,0.0
7804.03,0.0
7804.28,0.0
7804.53,0.0
7804.78,0.0
7805.03,0.0
7805.28,0.0
7805.53,0.0
7805.78,0.0
7806.03,0.0
7806.28,0.0
7806.54,0.0
7806.79,0.0
7807.04,0.0
7807.29,0.0
7807.54,0.0
7807.79,0.0
7808.04,0.0
7808.29,0.0
7808.54,0.0
7808.79,0.0
7809.04,0.0
7809.29,0.0
7809.54,0.0
7809.79,0.0
7810.04,0.0
7810.29,0.0
7810.54,0.0
7810.79,0.0
7811.04,0.0
7811.29,0.0
7811.54,0.0
7811.80,0.0
7812.05,0.0
7812.30,0.0
7812.55,0.0
7812.80,0.0
7813.05,0.0
7813.30,0.0
7813.55,0.0
7813.80,0.0
7814.05,0.0
7814.30,0.0
7814.55,0.0
7814.80,0.0
7815.05,0.0
7815.30,0.0
7815.55,0.0
7815.80,0.0
7816.05,0.0
7816.30,0.0
7816.55,0.0
7816.80,0.0
7817.05,0.0
7817.30,0.0
7817.56,0.0
7817.81,0.0
7818.06,0.0
7818.31,0.0
7818.56,0.0
7818.81,0.0
7819.06,0.0
7819.31,0.0
7819.56,0.0
7819.81,0.0
7820.06,0.0
7820.31,0.0
7820.56,0.0
7820.81,0.0
7821.06,0.0
7821.31,0.0
7821.56,0.0
7821.81,0.0
7822.06,0.0
7822.31,0.0
7822.56,0.0
7822.81,0.0
7823.06,0.0
7823.31,0.0
7823.56,0.0
7823.82,0.0
7824.07,0.0
7824.32,0.0
7824.57,0.0
7824.82,0.0
7825.07,0.0
7825.32,0.0
7825.57,0.0
7825.82,0.0
7826.07,0.0
7826.32,0.0
7826.57,0.0
7826.82,0.0
7827.07,0.0
7827.32,0.0
7827.57,0.0
7827.82,0.0
7828.07,0.0
7828.32,0.0
7828.57,0.0
7828.82,0.0
7829.07,0.0
7829.32,0.0
7829.58,0.0
7829.83,0.0
7830.08,0.0
7830.33,0.0
7830.58,0.0
7830.83,0.0
7831.08,0.0
7831.33,0.0
7831.58,0.0
7831.83,0.0
7832.08,0.0
7832.33,0.0
7832.58,0.0
7832.83,0.0
7833.08,0.0
7833.33,0.0
7833.58,0.0
7833.83,0.0
7834.08,0.0
7834.33,0.0
7834.58,0.0
7834.84,0.0
7835.09,0.0
7835.34,0.0
7835.59,0.0
7835.84,0.0
7836.09,0.0
7836.34,0.0
7836.59,0.0
7836.84,0.0
7837.09,0.0
7837.34,0.0
7837.59,0.0
7837.84,0.0
7838.09,0.0
7838.34,0.0
7838.59,0.0
7838.84,0.0
7839.09,0.0
7839.34,0.0
7839.59,0.0
7839.84,0.0
7840.09,0.0
7840.34,0.0
7840.60,0.0
7840.85,0.0
7841.10,0.0
7841.35,0.0
7841.60,0.0
7841.85,0.0
7842.10,0.0
7842.35,0.0
7842.60,0.0
7842.85,0.0
7843.10,0.0
7843.35,0.0
7843.60,0.0
7843.85,0.0
7844.10,0.0
7844.35,0.0
7844.60,0.0
7844.85,0.0
7845.10,0.0
7845.35,0.0
7845.60,0.0
7845.85,0.0
7846.10,0.0
7846.35,0.0
7846.60,0.0
7846.85,0.0
7847.11,0.0
7847.36,0.0
7847.61,0.0
7847.86,0.0
7848.11,0.0
7848.36,0.0
7848.61,0.0
7848.86,0.0
7849.11,0.0
7849.36,0.0
7849.61,0.0
7849.86,0.0
7850.11,0.0
7850.36,0.0
7850.61,0.0
7850.86,0.0
7851.11,0.0
7851.36,0.0
7851.61,0.0
7851.86,0.0
7852.11,0.0
7852.36,0.0
7852.61,0.0
7852.86,0.0
7853.12,0.0
7853.37,0.0
7853.62,0.0
7853.87,0.0
7854.12,0.0
7854.37,0.0
7854.62,0.0
7854.87,0.0
7855.12,0.0
7855.37,0.0
7855.62,0.0
7855.87,0.0
7856.12,0.0
7856.37,0.0
7856.62,0.0
7856.87,0.0
7857.12,0.0
7857.37,0.0
7857.62,0.0
7857.87,0.0
7858.12,0.0
7858.38,0.0
7858.62,0.0
7858.88,0.0
7859.13,0.0
7859.38,0.0
7859.63,0.0
7859.88,0.0
7860.13,0.0
7860.38,0.0
7860.63,0.0
7860.88,0.0
7861.13,0.0
7861.38,0.0
7861.63,0.0
7861.88,0.0
7862.13,0.0
7862.38,0.0
7862.63,0.0
7862.88,0.0
7863.13,0.0
7863.38,0.0
7863.63,0.0
7863.88,0.0
7864.13,0.0
7864.38,0.0
7864.64,0.0
7864.89,0.0
7865.14,0.0
7865.39,0.0
7865.64,0.0
7865.89,0.0
7866.14,0.0
7866.39,0.0
7866.64,0.0
7866.89,0.0
7867.14,0.0
7867.39,0.0
7867.64,0.0
7867.89,0.0
7868.14,0.0
7868.39,0.0
7868.64,0.0
7868.89,0.0
7869.14,0.0
7869.39,0.0
7869.64,0.0
7869.89,0.0
7870.14,0.0
7870.40,0.0
7870.65,0.0
7870.90,0.0
7871.15,0.0
7871.40,0.0
7871.65,0.0
7871.90,0.0
7872.15,0.0
7872.40,0.0
7872.65,0.0
7872.90,0.0
7873.15,0.0
7873.40,0.0
7873.65,0.0
7873.90,0.0
7874.15,0.0
7874.40,0.0
7874.65,0.0
7874.90,0.0
7875.15,0.0
7875.40,0.0
7875.65,0.0
7875.90,0.0
7876.15,0.0
7876.40,0.0
7876.65,0.0
7876.91,0.0
7877.16,0.0
7877.41,0.0
7877.66,0.0
7877.91,0.0
7878.16,0.0
7878.41,0.0
7878.66,0.0
7878.91,0.0
7879.16,0.0
7879.41,0.0
7879.66,0.0
7879.91,0.0
7880.16,0.0
7880.41,0.0
7880.66,0.0
7880.91,0.0
7881.16,0.0
7881.41,0.0
7881.66,0.0
7881.91,0.0
7882.16,0.0
7882.41,0.0
7882.67,0.0
7882.92,0.0
7883.17,0.0
7883.42,0.0
7883.67,0.0
7883.92,0.0
7884.17,0.0
7884.42,0.0
7884.67,0.0
7884.92,0.0
7885.17,0.0
7885.42,0.0
7885.67,0.0
7885.92,0.0
7886.17,0.0
7886.42,0.0
7886.67,0.0
7886.92,0.0
7887.17,0.0
7887.42,0.0
7887.67,0.0
7887.93,0.0
7888.18,0.0
7888.43,0.0
7888.68,0.0
7888.93,0.0
7889.18,0.0
7889.43,0.0
7889.68,0.0
7889.93,0.0
7890.18,0.0
7890.43,0.0
7890.68,0.0
7890.93,0.0
7891.18,0.0
7891.43,0.0
7891.68,0.0
7891.93,0.0
7892.18,0.0
7892.43,0.0
7892.68,0.0
7892.93,0.0
7893.18,0.0
7893.43,0.0
7893.69,0.0
7893.94,0.0
7894.19,0.0
7894.44,0.0
7894.69,0.0
7894.94,0.0
7895.19,0.0
7895.44,0.0
7895.69,0.0
7895.94,0.0
7896.19,0.0
7896.44,0.0
7896.69,0.0
7896.94,0.0
7897.19,0.0
7897.44,0.0
7897.69,0.0
7897.94,0.0
7898.19,0.0
7898.44,0.0
7898.69,0.0
7898.94,0.0
7899.19,0.0
7899.44,0.0
7899.69,0.0
7899.94,0.0
7900.20,0.0
7900.45,0.0
7900.70,0.0
7900.95,0.0
7901.20,0.0
7901.45,0.0
7901.70,0.0
7901.95,0.0
7902.20,0.0
7902.45,0.0
7902.70,0.0
7902.95,0.0
7903.20,0.0
7903.45,0.0
7903.70,0.0
7903.95,0.0
7904.20,0.0
7904.45,0.0
7904.70,0.0
7904.95,0.0
7905.20,0.0
7905.45,0.0
7905.70,0.0
7905.95,0.0
7906.21,0.0
7906.46,0.0
7906.71,0.0
7906.96,0.0
7907.21,0.0
7907.46,0.0
7907.71,0.0
7907.96,0.0
7908.21,0.0
7908.46,0.0
7908.71,0.0
7908.96,0.0
7909.21,0.0
7909.46,0.0
7909.71,0.0
7909.96,0.0
7910.21,0.0
7910.46,0.0
7910.71,0.0
7910.96,0.0
7911.21,0.0
7911.47,0.0
7911.72,0.0
7911.97,0.0
7912.22,0.0
7912.47,0.0
7912.72,0.0
7912.97,0.0
7913.22,0.0
7913.47,0.0
7913.72,0.0
7913.97,0.0
7914.22,0.0
7914.47,0.0
7914.72,0.0
7914.97,0.0
7915.22,0.0
7915.47,0.0
7915.72,0.0
7915.97,0.0
7916.22,0.0
7916.47,0.0
7916.72,0.0
7916.97,0.0
7917.23,0.0
7917.48,0.0
7917.73,0.0
7917.98,0.0
7918.23,0.0
7918.48,0.0
7918.73,0.0
7918.98,0.0
7919.23,0.0
7919.48,0.0
7919.73,0.0
7919.98,0.0
7920.23,0.0
7920.48,0.0
7920.73,0.0
7920.98,0.0
7921.23,0.0
7921.48,0.0
7921.73,0.0
7921.98,0.0
7922.23,0.0
7922.48,0.0
7922.73,0.0
7922.98,0.0
7923.23,0.0
7923.48,0.0
7923.74,0.0
7923.99,0.0
7924.24,0.0
7924.49,0.0
7924.74,0.0
7924.99,0.0
7925.24,0.0
7925.49,0.0
7925.74,0.0
7925.99,0.0
7926.24,0.0
7926.49,0.0
7926.74,0.0
7926.99,0.0
7927.24,0.0
7927.49,0.0
7927.74,0.0
7927.99,0.0
7928.24,0.0
7928.49,0.0
7928.74,0.0
7928.99,0.0
7929.24,0.0
7929.49,0.0
7929.75,0.0
7930.00,0.0
7930.25,0.0
7930.50,0.0
7930.75,0.0
7931.00,0.0
7931.25,0.0
7931.50,0.0
7931.75,0.0
7932.00,0.0
7932.25,0.0
7932.50,0.0
7932.75,0.0
7933.00,0.0
7933.25,0.0
7933.50,0.0
7933.75,0.0
7934.00,0.0
7934.25,0.0
7934.50,0.0
7934.76,0.0
7935.01,0.0
7935.26,0.0
7935.51,0.0
7935.76,0.0
7936.01,0.0
7936.26,0.0
7936.51,0.0
7936.76,0.0
7937.01,0.0
7937.26,0.0
7937.51,0.0
7937.76,0.0
7938.01,0.0
7938.26,0.0
7938.51,0.0
7938.76,0.0
7939.01,0.0
7939.26,0.0
7939.51,0.0
7939.76,0.0
7940.01,0.0
7940.26,0.0
7940.52,0.0
7940.77,0.0
7941.02,0.0
7941.27,0.0
7941.52,0.0
7941.77,0.0
7942.02,0.0
7942.27,0.0
7942.52,0.0
7942.77,0.0
7943.02,0.0
7943.27,0.0
7943.52,0.0
7943.77,0.0
7944.02,0.0
7944.27,0.0
7944.52,0.0
7944.77,0.0
7945.02,0.0
7945.27,0.0
7945.52,0.0
7945.77,0.0
7946.02,0.0
7946.27,0.0
7946.52,0.0
7946.78,0.0
7947.03,0.0
7947.28,0.0
7947.53,0.0
7947.78,0.0
7948.03,0.0
7948.28,0.0
7948.53,0.0
7948.78,0.0
7949.03,0.0
7949.28,0.0
7949.53,0.0
7949.78,0.0
7950.03,0.0
7950.28,0.0
7950.53,0.0
7950.78,0.0
7951.03,0.0
7951.28,0.0
7951.53,0.0
7951.78,0.0
7952.03,0.0
7952.28,0.0
7952.54,0.0
7952.79,0.0
7953.04,0.0
7953.29,0.0
7953.54,0.0
7953.79,0.0
7954.04,0.0
7954.29,0.0
7954.54,0.0
7954.79,0.0
7955.04,0.0
7955.29,0.0
7955.54,0.0
7955.79,0.0
7956.04,0.0
7956.29,0.0
7956.54,0.0
7956.79,0.0
7957.04,0.0
7957.29,0.0
7957.54,0.0
7957.79,0.0
7958.05,0.0
7958.30,0.0
7958.55,0.0
7958.80,0.0
7959.05,0.0
7959.30,0.0
7959.55,0.0
7959.80,0.0
7960.05,0.0
7960.30,0.0
7960.55,0.0
7960.80,0.0
7961.05,0.0
7961.30,0.0
7961.55,0.0
7961.80,0.0
7962.05,0.0
7962.30,0.0
7962.55,0.0
7962.80,0.0
7963.05,0.0
7963.30,0.0
7963.55,0.0
7963.80,0.0
7964.06,0.0
7964.31,0.0
7964.56,0.0
7964.81,0.0
7965.06,0.0
7965.31,0.0
7965.56,0.0
7965.81,0.0
7966.06,0.0
7966.31,0.0
7966.56,0.0
7966.81,0.0
7967.06,0.0
7967.31,0.0
7967.56,0.0
7967.81,0.0
7968.06,0.0
7968.31,0.0
7968.56,0.0
7968.81,0.0
7969.06,0.0
7969.31,0.0
7969.56,0.0
7969.81,0.0
7970.06,0.0
7970.31,0.0
7970.57,0.0
7970.82,0.0
7971.07,0.0
7971.32,0.0
7971.57,0.0
7971.82,0.0
7972.07,0.0
7972.32,0.0
7972.57,0.0
7972.82,0.0
7973.07,0.0
7973.32,0.0
7973.57,0.0
7973.82,0.0
7974.07,0.0
7974.32,0.0
7974.57,0.0
7974.82,0.0
7975.07,0.0
7975.32,0.0
7975.57,0.0
7975.82,0.0
7976.07,0.0
7976.32,0.0
7976.58,0.0
7976.83,0.0
7977.08,0.0
7977.33,0.0
7977.58,0.0
7977.83,0.0
7978.08,0.0
7978.33,0.0
7978.58,0.0
7978.83,0.0
7979.08,0.0
7979.33,0.0
7979.58,0.0
7979.83,0.0
7980.08,0.0
7980.33,0.0
7980.58,0.0
7980.83,0.0
7981.08,0.0
7981.33,0.0
7981.58,0.0
7981.84,0.0
7982.09,0.0
7982.34,0.0
7982.59,0.0
7982.84,0.0
7983.09,0.0
7983.34,0.0
7983.59,0.0
7983.84,0.0
7984.09,0.0
7984.34,0.0
7984.59,0.0
7984.84,0.0
7985.09,0.0
7985.34,0.0
7985.59,0.0
7985.84,0.0
7986.09,0.0
7986.34,0.0
7986.59,0.0
7986.84,0.0
7987.09,0.0
7987.34,0.0
7987.60,0.0
7987.85,0.0
7988.10,0.0
7988.35,0.0
7988.60,0.0
7988.85,0.0
7989.10,0.0
7989.35,0.0
7989.60,0.0
7989.85,0.0
7990.10,0.0
7990.35,0.0
7990.60,0.0
7990.85,0.0
7991.10,0.0
7991.35,0.0
7991.60,0.0
7991.85,0.0
7992.10,0.0
7992.35,0.0
7992.60,0.0
7992.85,0.0
7993.10,0.0
7993.35,0.0
7993.60,0.0
7993.85,0.0
7994.11,0.0
7994.36,0.0
7994.61,0.0
7994.86,0.0
7995.11,0.0
7995.36,0.0
7995.61,0.0
7995.86,0.0
7996.11,0.0
7996.36,0.0
7996.61,0.0
7996.86,0.0
7997.11,0.0
7997.36,0.0
7997.61,0.0
7997.86,0.0
7998.11,0.0
7998.36,0.0
7998.61,0.0
7998.86,0.0
7999.11,0.0
7999.36,0.0
7999.61,0.0
7999.86,0.0
8000.12,0.0
8000.37,0.0
8000.62,0.0
8000.87,0.0
8001.12,0.0
8001.37,0.0
8001.62,0.0
8001.87,0.0
8002.12,0.0
8002.37,0.0
8002.62,0.0
8002.87,0.0
8003.12,0.0
8003.37,0.0
8003.62,0.0
8003.87,0.0
8004.12,0.0
8004.37,0.0
8004.62,0.0
8004.87,0.0
8005.12,0.0
8005.38,0.0
8005.63,0.0
8005.88,0.0
8006.13,0.0
8006.38,0.0
8006.63,0.0
8006.88,0.0
8007.13,0.0
8007.38,0.0
8007.63,0.0
8007.88,0.0
8008.13,0.0
8008.38,0.0
8008.63,0.0
8008.88,0.0
8009.13,0.0
8009.38,0.0
8009.63,0.0
8009.88,0.0
8010.13,0.0
8010.38,0.0
8010.63,0.0
8010.89,0.0
8011.14,0.0
8011.39,0.0
8011.64,0.0
8011.89,0.0
8012.14,0.0
8012.39,0.0
8012.64,0.0
8012.89,0.0
8013.14,0.0
8013.39,0.0
8013.64,0.0
8013.89,0.0
8014.14,0.0
8014.39,0.0
8014.64,0.0
8014.89,0.0
8015.14,0.0
8015.39,0.0
8015.64,0.0
8015.89,0.0
8016.14,0.0
8016.40,0.0
8016.65,0.0
8016.90,0.0
8017.15,0.0
8017.40,0.0
8017.65,0.0
8017.90,0.0
8018.15,0.0
8018.40,0.0
8018.65,0.0
8018.90,0.0
8019.15,0.0
8019.40,0.0
8019.65,0.0
8019.90,0.0
8020.15,0.0
8020.40,0.0
8020.65,0.0
8020.90,0.0
8021.15,0.0
8021.40,0.0
8021.65,0.0
8021.90,0.0
8022.15,0.0
8022.40,0.0
8022.65,0.0
8022.91,0.0
8023.16,0.0
8023.41,0.0
8023.66,0.0
8023.91,0.0
8024.16,0.0
8024.41,0.0
8024.66,0.0
8024.91,0.0
8025.16,0.0
8025.41,0.0
8025.66,0.0
8025.91,0.0
8026.16,0.0
8026.41,0.0
8026.66,0.0
8026.91,0.0
8027.16,0.0
8027.41,0.0
8027.66,0.0
8027.91,0.0
8028.16,0.0
8028.41,0.0
8028.67,0.0
8028.92,0.0
8029.17,0.0
8029.42,0.0
8029.67,0.0
8029.92,0.0
8030.17,0.0
8030.42,0.0
8030.67,0.0
8030.92,0.0
8031.17,0.0
8031.42,0.0
8031.67,0.0
8031.92,0.0
8032.17,0.0
8032.42,0.0
8032.67,0.0
8032.92,0.0
8033.17,0.0
8033.42,0.0
8033.68,0.0
8033.93,0.0
8034.18,0.0
8034.43,0.0
8034.68,0.0
8034.93,0.0
8035.18,0.0
8035.43,0.0
8035.68,0.0
8035.93,0.0
8036.18,0.0
8036.43,0.0
8036.68,0.0
8036.93,0.0
8037.18,0.0
8037.43,0.0
8037.68,0.0
8037.93,0.0
8038.18,0.0
8038.43,0.0
8038.68,0.0
8038.93,0.0
8039.18,0.0
8039.43,0.0
8039.69,0.0
8039.94,0.0
8040.19,0.0
8040.44,0.0
8040.69,0.0
8040.94,0.0
8041.19,0.0
8041.44,0.0
8041.69,0.0
8041.94,0.0
8042.19,0.0
8042.44,0.0
8042.69,0.0
8042.94,0.0
8043.19,0.0
8043.44,0.0
8043.69,0.0
8043.94,0.0
8044.19,0.0
8044.44,0.0
8044.69,0.0
8044.94,0.0
8045.19,0.0
8045.44,0.0
8045.69,0.0
8045.95,0.0
8046.20,0.0
8046.45,0.0
8046.70,0.0
8046.95,0.0
8047.20,0.0
8047.45,0.0
8047.70,0.0
8047.95,0.0
8048.20,0.0
8048.45,0.0
8048.70,0.0
8048.95,0.0
8049.20,0.0
8049.45,0.0
8049.70,0.0
8049.95,0.0
8050.20,0.0
8050.45,0.0
8050.70,0.0
8050.95,0.0
8051.20,0.0
8051.45,0.0
8051.71,0.0
8051.96,0.0
8052.21,0.0
8052.46,0.0
8052.71,0.0
8052.96,0.0
8053.21,0.0
8053.46,0.0
8053.71,0.0
8053.96,0.0
8054.21,0.0
8054.46,0.0
8054.71,0.0
8054.96,0.0
8055.21,0.0
8055.46,0.0
8055.71,0.0
8055.96,0.0
8056.21,0.0
8056.46,0.0
8056.71,0.0
8056.97,0.0
8057.22,0.0
8057.47,0.0
8057.72,0.0
8057.97,0.0
8058.22,0.0
8058.47,0.0
8058.72,0.0
8058.97,0.0
8059.22,0.0
8059.47,0.0
8059.72,0.0
8059.97,0.0
8060.22,0.0
8060.47,0.0
8060.72,0.0
8060.97,0.0
8061.22,0.0
8061.47,0.0
8061.72,0.0
8061.97,0.0
8062.22,0.0
8062.47,0.0
8062.72,0.0
8062.98,0.0
8063.23,0.0
8063.48,0.0
8063.73,0.0
8063.98,0.0
8064.23,0.0
8064.48,0.0
8064.73,0.0
8064.98,0.0
8065.23,0.0
8065.48,0.0
8065.73,0.0
8065.98,0.0
8066.23,0.0
8066.48,0.0
8066.73,0.0
8066.98,0.0
8067.23,0.0
8067.48,0.0
8067.73,0.0
8067.98,0.0
8068.23,0.0
8068.48,0.0
8068.73,0.0
8068.98,0.0
8069.23,0.0
8069.49,0.0
8069.74,0.0
8069.99,0.0
8070.24,0.0
8070.49,0.0
8070.74,0.0
8070.99,0.0
8071.24,0.0
8071.49,0.0
8071.74,0.0
8071.99,0.0
8072.24,0.0
8072.49,0.0
8072.74,0.0
8072.99,0.0
8073.24,0.0
8073.49,0.0
8073.74,0.0
8073.99,0.0
8074.24,0.0
8074.49,0.0
8074.74,0.0
8074.99,0.0
8075.24,0.0
8075.50,0.0
8075.75,0.0
8076.00,0.0
8076.25,0.0
8076.50,0.0
8076.75,0.0
8077.00,0.0
8077.25,0.0
8077.50,0.0
8077.75,0.0
8078.00,0.0
8078.25,0.0
8078.50,0.0
8078.75,0.0
8079.00,0.0
8079.25,0.0
8079.50,0.0
8079.75,0.0
8080.00,0.0
8080.25,0.0
8080.50,0.0
8080.76,0.0
8081.01,0.0
8081.26,0.0
8081.51,0.0
8081.76,0.0
8082.01,0.0
8082.26,0.0
8082.51,0.0
8082.76,0.0
8083.01,0.0
8083.26,0.0
8083.51,0.0
8083.76,0.0
8084.01,0.0
8084.26,0.0
8084.51,0.0
8084.76,0.0
8085.01,0.0
8085.26,0.0
8085.51,0.0
8085.76,0.0
8086.01,0.0
8086.26,0.0
8086.52,0.0
8086.77,0.0
8087.02,0.0
8087.27,0.0
8087.52,0.0
8087.77,0.0
8088.02,0.0
8088.27,0.0
8088.52,0.0
8088.77,0.0
8089.02,0.0
8089.27,0.0
8089.52,0.0
8089.77,0.0
8090.02,0.0
8090.27,0.0
8090.52,0.0
8090.77,0.0
8091.02,0.0
8091.27,0.0
8091.52,0.0
8091.77,0.0
8092.02,0.0
8092.27,0.0
8092.52,0.0
8092.77,0.0
8093.02,0.0
8093.27,0.0
8093.53,0.0
8093.78,0.0
8094.03,0.0
8094.28,0.0
8094.53,0.0
8094.78,0.0
8095.03,0.0
8095.28,0.0
8095.53,0.0
8095.78,0.0
8096.03,0.0
8096.28,0.0
8096.53,0.0
8096.78,0.0
8097.03,0.0
8097.28,0.0
8097.53,0.0
8097.78,0.0
8098.03,0.0
8098.28,0.0
8098.53,0.0
8098.78,0.0
8099.03,0.0
8099.29,0.0
8099.54,0.0
8099.79,0.0
8100.04,0.0
8100.29,0.0
8100.54,0.0
8100.79,0.0
8101.04,0.0
8101.29,0.0
8101.54,0.0
8101.79,0.0
8102.04,0.0
8102.29,0.0
8102.54,0.0
8102.79,0.0
8103.04,0.0
8103.29,0.0
8103.54,0.0
8103.79,0.0
8104.04,0.0
8104.29,0.0
8104.55,0.0
8104.80,0.0
8105.05,0.0
8105.30,0.0
8105.55,0.0
8105.80,0.0
8106.05,0.0
8106.30,0.0
8106.55,0.0
8106.80,0.0
8107.05,0.0
8107.30,0.0
8107.55,0.0
8107.80,0.0
8108.05,0.0
8108.30,0.0
8108.55,0.0
8108.80,0.0
8109.05,0.0
8109.30,0.0
8109.55,0.0
8109.80,0.0
8110.05,0.0
8110.31,0.0
8110.56,0.0
8110.81,0.0
8111.06,0.0
8111.31,0.0
8111.56,0.0
8111.81,0.0
8112.06,0.0
8112.31,0.0
8112.56,0.0
8112.81,0.0
8113.06,0.0
8113.31,0.0
8113.56,0.0
8113.81,0.0
8114.06,0.0
8114.31,0.0
8114.56,0.0
8114.81,0.0
8115.06,0.0
8115.31,0.0
8115.56,0.0
8115.81,0.0
8116.06,0.0
8116.31,0.0
8116.56,0.0
8116.82,0.0
8117.07,0.0
8117.32,0.0
8117.57,0.0
8117.82,0.0
8118.07,0.0
8118.32,0.0
8118.57,0.0
8118.82,0.0
8119.07,0.0
8119.32,0.0
8119.57,0.0
8119.82,0.0
8120.07,0.0
8120.32,0.0
8120.57,0.0
8120.82,0.0
8121.07,0.0
8121.32,0.0
8121.57,0.0
8121.82,0.0
8122.07,0.0
8122.32,0.0
8122.58,0.0
8122.83,0.0
8123.08,0.0
8123.33,0.0
8123.58,0.0
8123.83,0.0
8124.08,0.0
8124.33,0.0
8124.58,0.0
8124.83,0.0
8125.08,0.0
8125.33,0.0
8125.58,0.0
8125.83,0.0
8126.08,0.0
8126.33,0.0
8126.58,0.0
8126.83,0.0
8127.08,0.0
8127.33,0.0
8127.58,0.0
8127.84,0.0
8128.09,0.0
8128.34,0.0
8128.59,0.0
8128.84,0.0
8129.09,0.0
8129.34,0.0
8129.59,0.0
8129.84,0.0
8130.09,0.0
8130.34,0.0
8130.59,0.0
8130.84,0.0
8131.09,0.0
8131.34,0.0
8131.59,0.0
8131.84,0.0
8132.09,0.0
8132.34,0.0
8132.59,0.0
8132.84,0.0
8133.09,0.0
8133.34,0.0
8133.60,0.0
8133.85,0.0
8134.10,0.0
8134.35,0.0
8134.60,0.0
8134.85,0.0
8135.10,0.0
8135.35,0.0
8135.60,0.0
8135.85,0.0
8136.10,0.0
8136.35,0.0
8136.60,0.0
8136.85,0.0
8137.10,0.0
8137.35,0.0
8137.60,0.0
8137.85,0.0
8138.10,0.0
8138.35,0.0
8138.60,0.0
8138.85,0.0
8139.10,0.0
8139.35,0.0
8139.60,0.0
8139.85,0.0
8140.11,0.0
8140.36,0.0
8140.61,0.0
8140.86,0.0
8141.11,0.0
8141.36,0.0
8141.61,0.0
8141.86,0.0
8142.11,0.0
8142.36,0.0
8142.61,0.0
8142.86,0.0
8143.11,0.0
8143.36,0.0
8143.61,0.0
8143.86,0.0
8144.11,0.0
8144.36,0.0
8144.61,0.0
8144.86,0.0
8145.11,0.0
8145.36,0.0
8145.61,0.0
8145.86,0.0
8146.12,0.0
8146.37,0.0
8146.62,0.0
8146.87,0.0
8147.12,0.0
8147.37,0.0
8147.62,0.0
8147.87,0.0
8148.12,0.0
8148.37,0.0
8148.62,0.0
8148.87,0.0
8149.12,0.0
8149.37,0.0
8149.62,0.0
8149.87,0.0
8150.12,0.0
8150.37,0.0
8150.62,0.0
8150.87,0.0
8151.12,0.0
8151.37,0.0
8151.62,0.0
8151.88,0.0
8152.13,0.0
8152.38,0.0
8152.63,0.0
8152.88,0.0
8153.13,0.0
8153.38,0.0
8153.63,0.0
8153.88,0.0
8154.13,0.0
8154.38,0.0
8154.63,0.0
8154.88,0.0
8155.13,0.0
8155.38,0.0
8155.63,0.0
8155.88,0.0
8156.13,0.0
8156.38,0.0
8156.63,0.0
8156.88,0.0
8157.13,0.0
8157.38,0.0
8157.64,0.0
8157.89,0.0
8158.14,0.0
8158.39,0.0
8158.64,0.0
8158.89,0.0
8159.14,0.0
8159.39,0.0
8159.64,0.0
8159.89,0.0
8160.14,0.0
8160.39,0.0
8160.64,0.0
8160.89,0.0
8161.14,0.0
8161.39,0.0
8161.64,0.0
8161.89,0.0
8162.14,0.0
8162.39,0.0
8162.64,0.0
8162.89,0.0
8163.14,0.0
8163.40,0.0
8163.65,0.0
8163.90,0.0
8164.15,0.0
8164.40,0.0
8164.65,0.0
8164.90,0.0
8165.15,0.0
8165.40,0.0
8165.65,0.0
8165.90,0.0
8166.15,0.0
8166.40,0.0
8166.65,0.0
8166.90,0.0
8167.15,0.0
8167.40,0.0
8167.65,0.0
8167.90,0.0
8168.15,0.0
8168.40,0.0
8168.65,0.0
8168.90,0.0
8169.15,0.0
8169.40,0.0
8169.65,0.0
8169.91,0.0
8170.16,0.0
8170.41,0.0
8170.66,0.0
8170.91,0.0
8171.16,0.0
8171.41,0.0
8171.66,0.0
8171.91,0.0
8172.16,0.0
8172.41,0.0
8172.66,0.0
8172.91,0.0
8173.16,0.0
8173.41,0.0
8173.66,0.0
8173.91,0.0
8174.16,0.0
8174.41,0.0
8174.66,0.0
8174.91,0.0
8175.16,0.0
8175.41,0.0
8175.66,0.0
8175.92,0.0
8176.17,0.0
8176.42,0.0
8176.67,0.0
8176.92,0.0
8177.17,0.0
8177.42,0.0
8177.67,0.0
8177.92,0.0
8178.17,0.0
8178.42,0.0
8178.67,0.0
8178.92,0.0
8179.17,0.0
8179.42,0.0
8179.67,0.0
8179.92,0.0
8180.17,0.0
8180.42,0.0
8180.67,0.0
8180.92,0.0
8181.17,0.0
8181.43,0.0
8181.68,0.0
8181.93,0.0
8182.18,0.0
8182.43,0.0
8182.68,0.0
8182.93,0.0
8183.18,0.0
8183.43,0.0
8183.68,0.0
8183.93,0.0
8184.18,0.0
8184.43,0.0
8184.68,0.0
8184.93,0.0
8185.18,0.0
8185.43,0.0
8185.68,0.0
8185.93,0.0
8186.18,0.0
8186.43,0.0
8186.68,0.0
8186.93,0.0
8187.19,0.0
8187.44,0.0
8187.69,0.0
8187.94,0.0
8188.19,0.0
8188.44,0.0
8188.69,0.0
8188.94,0.0
8189.19,0.0
8189.44,0.0
8189.69,0.0
8189.94,0.0
8190.19,0.0
8190.44,0.0
8190.69,0.0
8190.94,0.0
8191.19,0.0
8191.44,0.0
8191.69,0.0
8191.94,0.0
8192.19,0.0
8192.44,0.0
8192.69,0.0
8192.94,0.0
8193.19,0.0
8193.45,0.0
8193.70,0.0
8193.95,0.0
8194.20,0.0
8194.45,0.0
8194.70,0.0
8194.95,0.0
8195.20,0.0
8195.45,0.0
8195.70,0.0
8195.95,0.0
8196.20,0.0
8196.45,0.0
8196.70,0.0
8196.95,0.0
8197.20,0.0
8197.45,0.0
8197.70,0.0
8197.95,0.0
8198.20,0.0
8198.45,0.0
8198.70,0.0
8198.95,0.0
8199.21,0.0
8199.46,0.0
8199.71,0.0
8199.96,0.0
8200.21,0.0
8200.46,0.0
8200.71,0.0
8200.96,0.0
8201.21,0.0
8201.46,0.0
8201.71,0.0
8201.96,0.0
8202.21,0.0
8202.46,0.0
8202.71,0.0
8202.96,0.0
8203.21,0.0
8203.46,0.0
8203.71,0.0
8203.96,0.0
8204.22,0.0
8204.47,0.0
8204.72,0.0
8204.97,0.0
8205.22,0.0
8205.47,0.0
8205.72,0.0
8205.97,0.0
8206.22,0.0
8206.47,0.0
8206.72,0.0
8206.97,0.0
8207.22,0.0
8207.47,0.0
8207.72,0.0
8207.97,0.0
8208.22,0.0
8208.47,0.0
8208.72,0.0
8208.97,0.0
8209.22,0.0
8209.47,0.0
8209.72,0.0
8209.98,0.0
8210.23,0.0
8210.48,0.0
8210.73,0.0
8210.98,0.0
8211.23,0.0
8211.48,0.0
8211.73,0.0
8211.98,0.0
8212.23,0.0
8212.48,0.0
8212.73,0.0
8212.98,0.0
8213.23,0.0
8213.48,0.0
8213.73,0.0
8213.98,0.0
8214.23,0.0
8214.48,0.0
8214.73,0.0
8214.98,0.0
8215.23,0.0
8215.48,0.0
8215.73,0.0
8215.98,0.0
8216.24,0.0
8216.49,0.0
8216.74,0.0
8216.99,0.0
8217.24,0.0
8217.49,0.0
8217.74,0.0
8217.99,0.0
8218.24,0.0
8218.49,0.0
8218.74,0.0
8218.99,0.0
8219.24,0.0
8219.49,0.0
8219.74,0.0
8219.99,0.0
8220.24,0.0
8220.49,0.0
8220.74,0.0
8220.99,0.0
8221.24,0.0
8221.49,0.0
8221.74,0.0
8221.99,0.0
8222.25,0.0
8222.50,0.0
8222.75,0.0
8223.00,0.0
8223.25,0.0
8223.50,0.0
8223.75,0.0
8224.00,0.0
8224.25,0.0
8224.50,0.0
8224.75,0.0
8225.00,0.0
8225.25,0.0
8225.50,0.0
8225.75,0.0
8226.00,0.0
8226.25,0.0
8226.50,0.0
8226.75,0.0
8227.00,0.0
8227.25,0.0
8227.50,0.0
8227.75,0.0
8228.00,0.0
8228.25,0.0
8228.50,0.0
8228.75,0.0
8229.01,0.0
8229.26,0.0
8229.51,0.0
8229.76,0.0
8230.01,0.0
8230.26,0.0
8230.51,0.0
8230.76,0.0
8231.01,0.0
8231.26,0.0
8231.51,0.0
8231.76,0.0
8232.01,0.0
8232.26,0.0
8232.51,0.0
8232.76,0.0
8233.01,0.0
8233.26,0.0
8233.51,0.0
8233.76,0.0
8234.01,0.0
8234.26,0.0
8234.51,0.0
8234.77,0.0
8235.02,0.0
8235.27,0.0
8235.52,0.0
8235.77,0.0
8236.02,0.0
8236.27,0.0
8236.52,0.0
8236.77,0.0
8237.02,0.0
8237.27,0.0
8237.52,0.0
8237.77,0.0
8238.02,0.0
8238.27,0.0
8238.52,0.0
8238.77,0.0
8239.02,0.0
8239.27,0.0
8239.52,0.0
8239.77,0.0
8240.02,0.0
8240.27,0.0
8240.53,0.0
8240.78,0.0
8241.03,0.0
8241.28,0.0
8241.53,0.0
8241.78,0.0
8242.03,0.0
8242.28,0.0
8242.53,0.0
8242.78,0.0
8243.03,0.0
8243.28,0.0
8243.53,0.0
8243.78,0.0
8244.03,0.0
8244.28,0.0
8244.53,0.0
8244.78,0.0
8245.03,0.0
8245.28,0.0
8245.53,0.0
8245.78,0.0
8246.04,0.0
8246.29,0.0
8246.54,0.0
8246.79,0.0
8247.04,0.0
8247.29,0.0
8247.54,0.0
8247.79,0.0
8248.04,0.0
8248.29,0.0
8248.54,0.0
8248.79,0.0
8249.04,0.0
8249.29,0.0
8249.54,0.0
8249.79,0.0
8250.04,0.0
8250.29,0.0
8250.54,0.0
8250.79,0.0
8251.04,0.0
8251.30,0.0
8251.55,0.0
8251.80,0.0
8252.05,0.0
8252.30,0.0
8252.55,0.0
8252.80,0.0
8253.05,0.0
8253.30,0.0
8253.55,0.0
8253.80,0.0
8254.05,0.0
8254.30,0.0
8254.55,0.0
8254.80,0.0
8255.05,0.0
8255.30,0.0
8255.55,0.0
8255.80,0.0
8256.05,0.0
8256.30,0.0
8256.55,0.0
8256.80,0.0
8257.06,0.0
8257.31,0.0
8257.56,0.0
8257.81,0.0
8258.06,0.0
8258.31,0.0
8258.56,0.0
8258.81,0.0
8259.06,0.0
8259.31,0.0
8259.56,0.0
8259.81,0.0
8260.06,0.0
8260.31,0.0
8260.56,0.0
8260.81,0.0
8261.06,0.0
8261.31,0.0
8261.56,0.0
8261.81,0.0
8262.06,0.0
8262.31,0.0
8262.56,0.0
8262.82,0.0
8263.07,0.0
8263.32,0.0
8263.57,0.0
8263.82,0.0
8264.07,0.0
8264.32,0.0
8264.57,0.0
8264.82,0.0
8265.07,0.0
8265.32,0.0
8265.57,0.0
8265.82,0.0
8266.07,0.0
8266.32,0.0
8266.57,0.0
8266.82,0.0
8267.07,0.0
8267.32,0.0
8267.57,0.0
8267.82,0.0
8268.07,0.0
8268.32,0.0
8268.58,0.0
8268.83,0.0
8269.08,0.0
8269.33,0.0
8269.58,0.0
8269.83,0.0
8270.08,0.0
8270.33,0.0
8270.58,0.0
8270.83,0.0
8271.08,0.0
8271.33,0.0
8271.58,0.0
8271.83,0.0
8272.08,0.0
8272.33,0.0
8272.58,0.0
8272.83,0.0
8273.08,0.0
8273.33,0.0
8273.58,0.0
8273.83,0.0
8274.08,0.0
8274.33,0.0
8274.59,0.0
8274.84,0.0
8275.09,0.0
8275.34,0.0
8275.59,0.0
8275.84,0.0
8276.09,0.0
8276.34,0.0
8276.59,0.0
8276.84,0.0
8277.09,0.0
8277.34,0.0
8277.59,0.0
8277.84,0.0
8278.09,0.0
8278.34,0.0
8278.59,0.0
8278.84,0.0
8279.09,0.0
8279.34,0.0
8279.59,0.0
8279.84,0.0
8280.09,0.0
8280.34,0.0
8280.60,0.0
8280.85,0.0
8281.10,0.0
8281.35,0.0
8281.60,0.0
8281.85,0.0
8282.10,0.0
8282.35,0.0
8282.60,0.0
8282.85,0.0
8283.10,0.0
8283.35,0.0
8283.60,0.0
8283.85,0.0
8284.10,0.0
8284.35,0.0
8284.60,0.0
8284.85,0.0
8285.10,0.0
8285.35,0.0
8285.60,0.0
8285.85,0.0
8286.10,0.0
8286.36,0.0
8286.61,0.0
8286.86,0.0
8287.11,0.0
8287.36,0.0
8287.61,0.0
8287.86,0.0
8288.11,0.0
8288.36,0.0
8288.61,0.0
8288.86,0.0
8289.11,0.0
8289.36,0.0
8289.61,0.0
8289.86,0.0
8290.11,0.0
8290.36,0.0
8290.61,0.0
8290.86,0.0
8291.11,0.0
8291.36,0.0
8291.61,0.0
8291.86,0.0
8292.12,0.0
8292.37,0.0
8292.62,0.0
8292.87,0.0
8293.12,0.0
8293.37,0.0
8293.62,0.0
8293.87,0.0
8294.12,0.0
8294.37,0.0
8294.62,0.0
8294.87,0.0
8295.12,0.0
8295.37,0.0
8295.62,0.0
8295.87,0.0
8296.12,0.0
8296.37,0.0
8296.62,0.0
8296.87,0.0
8297.12,0.0
8297.38,0.0
8297.62,0.0
8297.88,0.0
8298.13,0.0
8298.38,0.0
8298.63,0.0
8298.88,0.0
8299.13,0.0
8299.38,0.0
8299.63,0.0
8299.88,0.0
8300.13,0.0
8300.38,0.0
8300.63,0.0
8300.88,0.0
8301.13,0.0
8301.38,0.0
8301.63,0.0
8301.88,0.0
8302.13,0.0
8302.38,0.0
8302.63,0.0
8302.88,0.0
8303.13,0.0
8303.39,0.0
8303.64,0.0
8303.89,0.0
8304.14,0.0
8304.39,0.0
8304.64,0.0
8304.89,0.0
8305.14,0.0
8305.39,0.0
8305.64,0.0
8305.89,0.0
8306.14,0.0
8306.39,0.0
8306.64,0.0
8306.89,0.0
8307.14,0.0
8307.39,0.0
8307.64,0.0
8307.89,0.0
8308.14,0.0
8308.39,0.0
8308.64,0.0
8308.89,0.0
8309.14,0.0
8309.40,0.0
8309.65,0.0
8309.90,0.0
8310.15,0.0
8310.40,0.0
8310.65,0.0
8310.90,0.0
8311.15,0.0
8311.40,0.0
8311.65,0.0
8311.90,0.0
8312.15,0.0
8312.40,0.0
8312.65,0.0
8312.90,0.0
8313.15,0.0
8313.40,0.0
8313.65,0.0
8313.90,0.0
8314.15,0.0
8314.40,0.0
8314.65,0.0
8314.90,0.0
8315.16,0.0
8315.41,0.0
8315.66,0.0
8315.91,0.0
8316.16,0.0
8316.41,0.0
8316.66,0.0
8316.91,0.0
8317.16,0.0
8317.41,0.0
8317.66,0.0
8317.91,0.0
8318.16,0.0
8318.41,0.0
8318.66,0.0
8318.91,0.0
8319.16,0.0
8319.41,0.0
8319.66,0.0
8319.91,0.0
8320.16,0.0
8320.41,0.0
8320.66,0.0
8320.91,0.0
8321.17,0.0
8321.42,0.0
8321.67,0.0
8321.92,0.0
8322.17,0.0
8322.42,0.0
8322.67,0.0
8322.92,0.0
8323.17,0.0
8323.42,0.0
8323.67,0.0
8323.92,0.0
8324.17,0.0
8324.42,0.0
8324.67,0.0
8324.92,0.0
8325.17,0.0
8325.42,0.0
8325.67,0.0
8325.92,0.0
8326.17,0.0
8326.42,0.0
8326.67,0.0
8326.92,0.0
8327.17,0.0
8327.42,0.0
8327.68,0.0
8327.93,0.0
8328.18,0.0
8328.43,0.0
8328.68,0.0
8328.93,0.0
8329.18,0.0
8329.43,0.0
8329.68,0.0
8329.93,0.0
8330.18,0.0
8330.43,0.0
8330.68,0.0
8330.93,0.0
8331.18,0.0
8331.43,0.0
8331.68,0.0
8331.93,0.0
8332.18,0.0
8332.43,0.0
8332.68,0.0
8332.93,0.0
8333.18,0.0
8333.44,0.0
8333.69,0.0
8333.94,0.0
8334.19,0.0
8334.44,0.0
8334.69,0.0
8334.94,0.0
8335.19,0.0
8335.44,0.0
8335.69,0.0
8335.94,0.0
8336.19,0.0
8336.44,0.0
8336.69,0.0
8336.94,0.0
8337.19,0.0
8337.44,0.0
8337.69,0.0
8337.94,0.0
8338.19,0.0
8338.44,0.0
8338.69,0.0
8338.94,0.0
8339.19,0.0
8339.45,0.0
8339.70,0.0
8339.95,0.0
8340.20,0.0
8340.45,0.0
8340.70,0.0
8340.95,0.0
8341.20,0.0
8341.45,0.0
8341.70,0.0
8341.95,0.0
8342.20,0.0
8342.45,0.0
8342.70,0.0
8342.95,0.0
8343.20,0.0
8343.45,0.0
8343.70,0.0
8343.95,0.0
8344.20,0.0
8344.45,0.0
8344.70,0.0
8344.95,0.0
8345.21,0.0
8345.46,0.0
8345.71,0.0
8345.96,0.0
8346.21,0.0
8346.46,0.0
8346.71,0.0
8346.96,0.0
8347.21,0.0
8347.46,0.0
8347.71,0.0
8347.96,0.0
8348.21,0.0
8348.46,0.0
8348.71,0.0
8348.96,0.0
8349.21,0.0
8349.46,0.0
8349.71,0.0
8349.96,0.0
8350.22,0.0
8350.47,0.0
8350.72,0.0
8350.97,0.0
8351.22,0.0
8351.47,0.0
8351.72,0.0
8351.97,0.0
8352.22,0.0
8352.47,0.0
8352.72,0.0
8352.97,0.0
8353.22,0.0
8353.47,0.0
8353.72,0.0
8353.97,0.0
8354.22,0.0
8354.47,0.0
8354.72,0.0
8354.97,0.0
8355.22,0.0
8355.47,0.0
8355.72,0.0
8355.97,0.0
8356.23,0.0
8356.48,0.0
8356.73,0.0
8356.98,0.0
8357.23,0.0
8357.48,0.0
8357.73,0.0
8357.98,0.0
8358.23,0.0
8358.48,0.0
8358.73,0.0
8358.98,0.0
8359.23,0.0
8359.48,0.0
8359.73,0.0
8359.98,0.0
8360.23,0.0
8360.48,0.0
8360.73,0.0
8360.98,0.0
8361.23,0.0
8361.48,0.0
8361.74,0.0
8361.99,0.0
8362.24,0.0
8362.49,0.0
8362.74,0.0
8362.99,0.0
8363.24,0.0
8363.49,0.0
8363.74,0.0
8363.99,0.0
8364.24,0.0
8364.49,0.0
8364.74,0.0
8364.99,0.0
8365.24,0.0
8365.49,0.0
8365.74,0.0
8365.99,0.0
8366.24,0.0
8366.49,0.0
8366.74,0.0
8366.99,0.0
8367.25,0.0
8367.50,0.0
8367.75,0.0
8368.00,0.0
8368.25,0.0
8368.50,0.0
8368.75,0.0
8369.00,0.0
8369.25,0.0
8369.50,0.0
8369.75,0.0
8370.00,0.0
8370.25,0.0
8370.50,0.0
8370.75,0.0
8371.00,0.0
8371.25,0.0
8371.50,0.0
8371.75,0.0
8372.00,0.0
8372.25,0.0
8372.50,0.0
8372.75,0.0
8373.00,0.0
8373.25,0.0
8373.51,0.0
8373.76,0.0
8374.01,0.0
8374.26,0.0
8374.51,0.0
8374.76,0.0
8375.01,0.0
8375.26,0.0
8375.51,0.0
8375.76,0.0
8376.01,0.0
8376.26,0.0
8376.51,0.0
8376.76,0.0
8377.01,0.0
8377.26,0.0
8377.51,0.0
8377.76,0.0
8378.01,0.0
8378.26,0.0
8378.51,0.0
8378.76,0.0
8379.02,0.0
8379.27,0.0
8379.52,0.0
8379.77,0.0
8380.02,0.0
8380.27,0.0
8380.52,0.0
8380.77,0.0
8381.02,0.0
8381.27,0.0
8381.52,0.0
8381.77,0.0
8382.02,0.0
8382.27,0.0
8382.52,0.0
8382.77,0.0
8383.02,0.0
8383.27,0.0
8383.52,0.0
8383.77,0.0
8384.02,0.0
8384.27,0.0
8384.52,0.0
8384.78,0.0
8385.03,0.0
8385.28,0.0
8385.53,0.0
8385.78,0.0
8386.03,0.0
8386.28,0.0
8386.53,0.0
8386.78,0.0
8387.03,0.0
8387.28,0.0
8387.53,0.0
8387.78,0.0
8388.03,0.0
8388.28,0.0
8388.53,0.0
8388.78,0.0
8389.03,0.0
8389.28,0.0
8389.53,0.0
8389.78,0.0
8390.03,0.0
8390.28,0.0
8390.54,0.0
8390.79,0.0
8391.04,0.0
8391.29,0.0
8391.54,0.0
8391.79,0.0
8392.04,0.0
8392.29,0.0
8392.54,0.0
8392.79,0.0
8393.04,0.0
8393.29,0.0
8393.54,0.0
8393.79,0.0
8394.04,0.0
8394.29,0.0
8394.54,0.0
8394.79,0.0
8395.04,0.0
8395.29,0.0
8395.55,0.0
8395.80,0.0
8396.05,0.0
8396.30,0.0
8396.55,0.0
8396.80,0.0
8397.05,0.0
8397.30,0.0
8397.55,0.0
8397.80,0.0
8398.05,0.0
8398.30,0.0
8398.55,0.0
8398.80,0.0
8399.05,0.0
8399.30,0.0
8399.55,0.0
8399.80,0.0
8400.05,0.0
8400.30,0.0
8400.55,0.0
8400.80,0.0
8401.05,0.0
8401.31,0.0
8401.56,0.0
8401.81,0.0
8402.06,0.0
8402.31,0.0
8402.56,0.0
8402.81,0.0
8403.06,0.0
8403.31,0.0
8403.56,0.0
8403.81,0.0
8404.06,0.0
8404.31,0.0
8404.56,0.0
8404.81,0.0
8405.06,0.0
8405.31,0.0
8405.56,0.0
8405.81,0.0
8406.06,0.0
8406.31,0.0
8406.56,0.0
8406.81,0.0
8407.07,0.0
8407.32,0.0
8407.57,0.0
8407.82,0.0
8408.07,0.0
8408.32,0.0
8408.57,0.0
8408.82,0.0
8409.07,0.0
8409.32,0.0
8409.57,0.0
8409.82,0.0
8410.07,0.0
8410.32,0.0
8410.57,0.0
8410.82,0.0
8411.07,0.0
8411.32,0.0
8411.57,0.0
8411.82,0.0
8412.07,0.0
8412.32,0.0
8412.57,0.0
8412.83,0.0
8413.08,0.0
8413.33,0.0
8413.58,0.0
8413.83,0.0
8414.08,0.0
8414.33,0.0
8414.58,0.0
8414.83,0.0
8415.08,0.0
8415.33,0.0
8415.58,0.0
8415.83,0.0
8416.08,0.0
8416.33,0.0
8416.58,0.0
8416.83,0.0
8417.08,0.0
8417.33,0.0
8417.58,0.0
8417.83,0.0
8418.08,0.0
8418.33,0.0
8418.58,0.0
8418.83,0.0
8419.09,0.0
8419.34,0.0
8419.59,0.0
8419.84,0.0
8420.09,0.0
8420.34,0.0
8420.59,0.0
8420.84,0.0
8421.09,0.0
8421.34,0.0
8421.59,0.0
8421.84,0.0
8422.09,0.0
8422.34,0.0
8422.59,0.0
8422.84,0.0
8423.09,0.0
8423.34,0.0
8423.59,0.0
8423.84,0.0
8424.09,0.0
8424.34,0.0
8424.59,0.0
8424.84,0.0
8425.10,0.0
8425.35,0.0
8425.60,0.0
8425.85,0.0
8426.10,0.0
8426.35,0.0
8426.60,0.0
8426.85,0.0
8427.10,0.0
8427.35,0.0
8427.60,0.0
8427.85,0.0
8428.10,0.0
8428.35,0.0
8428.60,0.0
8428.85,0.0
8429.10,0.0
8429.35,0.0
8429.60,0.0
8429.85,0.0
8430.10,0.0
8430.35,0.0
8430.60,0.0
8430.86,0.0
8431.11,0.0
8431.36,0.0
8431.61,0.0
8431.86,0.0
8432.11,0.0
8432.36,0.0
8432.61,0.0
8432.86,0.0
8433.11,0.0
8433.36,0.0
8433.61,0.0
8433.86,0.0
8434.11,0.0
8434.36,0.0
8434.61,0.0
8434.86,0.0
8435.11,0.0
8435.36,0.0
8435.61,0.0
8435.86,0.0
8436.11,0.0
8436.36,0.0
8436.61,0.0
8436.87,0.0
8437.12,0.0
8437.37,0.0
8437.62,0.0
8437.87,0.0
8438.12,0.0
8438.37,0.0
8438.62,0.0
8438.87,0.0
8439.12,0.0
8439.37,0.0
8439.62,0.0
8439.87,0.0
8440.12,0.0
8440.37,0.0
8440.62,0.0
8440.87,0.0
8441.12,0.0
8441.37,0.0
8441.62,0.0
8441.88,0.0
8442.12,0.0
8442.38,0.0
8442.63,0.0
8442.88,0.0
8443.13,0.0
8443.38,0.0
8443.63,0.0
8443.88,0.0
8444.13,0.0
8444.38,0.0
8444.63,0.0
8444.88,0.0
8445.13,0.0
8445.38,0.0
8445.63,0.0
8445.88,0.0
8446.13,0.0
8446.38,0.0
8446.63,0.0
8446.88,0.0
8447.13,0.0
8447.38,0.0
8447.64,0.0
8447.89,0.0
8448.14,0.0
8448.39,0.0
8448.64,0.0
8448.89,0.0
8449.14,0.0
8449.39,0.0
8449.64,0.0
8449.89,0.0
8450.14,0.0
8450.39,0.0
8450.64,0.0
8450.89,0.0
8451.14,0.0
8451.39,0.0
8451.64,0.0
8451.89,0.0
8452.14,0.0
8452.39,0.0
8452.64,0.0
8452.89,0.0
8453.14,0.0
8453.39,0.0
8453.64,0.0
8453.90,0.0
8454.15,0.0
8454.40,0.0
8454.65,0.0
8454.90,0.0
8455.15,0.0
8455.40,0.0
8455.65,0.0
8455.90,0.0
8456.15,0.0
8456.40,0.0
8456.65,0.0
8456.90,0.0
8457.15,0.0
8457.40,0.0
8457.65,0.0
8457.90,0.0
8458.15,0.0
8458.40,0.0
8458.65,0.0
8458.90,0.0
8459.15,0.0
8459.40,0.0
8459.66,0.0
8459.91,0.0
8460.16,0.0
8460.41,0.0
8460.66,0.0
8460.91,0.0
8461.16,0.0
8461.41,0.0
8461.66,0.0
8461.91,0.0
8462.16,0.0
8462.41,0.0
8462.66,0.0
8462.91,0.0
8463.16,0.0
8463.41,0.0
8463.66,0.0
8463.91,0.0
8464.16,0.0
8464.41,0.0
8464.66,0.0
8464.91,0.0
8465.16,0.0
8465.42,0.0
8465.67,0.0
8465.92,0.0
8466.17,0.0
8466.42,0.0
8466.67,0.0
8466.92,0.0
8467.17,0.0
8467.42,0.0
8467.67,0.0
8467.92,0.0
8468.17,0.0
8468.42,0.0
8468.67,0.0
8468.92,0.0
8469.17,0.0
8469.42,0.0
8469.67,0.0
8469.92,0.0
8470.17,0.0
8470.42,0.0
8470.67,0.0
8470.92,0.0
8471.17,0.0
8471.42,0.0
8471.67,0.0
8471.92,0.0
8472.18,0.0
8472.43,0.0
8472.68,0.0
8472.93,0.0
8473.18,0.0
8473.43,0.0
8473.68,0.0
8473.93,0.0
8474.18,0.0
8474.43,0.0
8474.68,0.0
8474.93,0.0
8475.18,0.0
8475.43,0.0
8475.68,0.0
8475.93,0.0
8476.18,0.0
8476.43,0.0
8476.68,0.0
8476.93,0.0
8477.18,0.0
8477.43,0.0
8477.68,0.0
8477.94,0.0
8478.19,0.0
8478.44,0.0
8478.69,0.0
8478.94,0.0
8479.19,0.0
8479.44,0.0
8479.69,0.0
8479.94,0.0
8480.19,0.0
8480.44,0.0
8480.69,0.0
8480.94,0.0
8481.19,0.0
8481.44,0.0
8481.69,0.0
8481.94,0.0
8482.19,0.0
8482.44,0.0
8482.69,0.0
8482.94,0.0
8483.19,0.0
8483.44,0.0
8483.69,0.0
8483.95,0.0
8484.20,0.0
8484.45,0.0
8484.70,0.0
8484.95,0.0
8485.20,0.0
8485.45,0.0
8485.70,0.0
8485.95,0.0
8486.20,0.0
8486.45,0.0
8486.70,0.0
8486.95,0.0
8487.20,0.0
8487.45,0.0
8487.70,0.0
8487.95,0.0
8488.20,0.0
8488.45,0.0
8488.70,0.0
8488.95,0.0
8489.20,0.0
8489.45,0.0
8489.70,0.0
8489.95,0.0
8490.21,0.0
8490.46,0.0
8490.71,0.0
8490.96,0.0
8491.21,0.0
8491.46,0.0
8491.71,0.0
8491.96,0.0
8492.21,0.0
8492.46,0.0
8492.71,0.0
8492.96,0.0
8493.21,0.0
8493.46,0.0
8493.71,0.0
8493.96,0.0
8494.21,0.0
8494.46,0.0
8494.71,0.0
8494.96,0.0
8495.21,0.0
8495.47,0.0
8495.72,0.0
8495.97,0.0
8496.22,0.0
8496.47,0.0
8496.72,0.0
8496.97,0.0
8497.22,0.0
8497.47,0.0
8497.72,0.0
8497.97,0.0
8498.22,0.0
8498.47,0.0
8498.72,0.0
8498.97,0.0
8499.22,0.0
8499.47,0.0
8499.72,0.0
8499.97,0.0
8500.22,0.0
8500.47,0.0
8500.72,0.0
8500.98,0.0
8501.23,0.0
8501.48,0.0
8501.73,0.0
8501.98,0.0
8502.23,0.0
8502.48,0.0
8502.73,0.0
8502.98,0.0
8503.23,0.0
8503.48,0.0
8503.73,0.0
8503.98,0.0
8504.23,0.0
8504.48,0.0
8504.73,0.0
8504.98,0.0
8505.23,0.0
8505.48,0.0
8505.73,0.0
8505.98,0.0
8506.23,0.0
8506.48,0.0
8506.73,0.0
8506.99,0.0
8507.24,0.0
8507.49,0.0
8507.74,0.0
8507.99,0.0
8508.24,0.0
8508.49,0.0
8508.74,0.0
8508.99,0.0
8509.24,0.0
8509.49,0.0
8509.74,0.0
8509.99,0.0
8510.24,0.0
8510.49,0.0
8510.74,0.0
8510.99,0.0
8511.24,0.0
8511.49,0.0
8511.74,0.0
8511.99,0.0
8512.24,0.0
8512.49,0.0
8512.74,0.0
8513.00,0.0
8513.25,0.0
8513.50,0.0
8513.75,0.0
8514.00,0.0
8514.25,0.0
8514.50,0.0
8514.75,0.0
8515.00,0.0
8515.25,0.0
8515.50,0.0
8515.75,0.0
8516.00,0.0
8516.25,0.0
8516.50,0.0
8516.75,0.0
8517.00,0.0
8517.25,0.0
8517.50,0.0
8517.75,0.0
8518.00,0.0
8518.25,0.0
8518.50,0.0
8518.75,0.0
8519.00,0.0
8519.25,0.0
8519.51,0.0
8519.76,0.0
8520.01,0.0
8520.26,0.0
8520.51,0.0
8520.76,0.0
8521.01,0.0
8521.26,0.0
8521.51,0.0
8521.76,0.0
8522.01,0.0
8522.26,0.0
8522.51,0.0
8522.76,0.0
8523.01,0.0
8523.26,0.0
8523.51,0.0
8523.76,0.0
8524.01,0.0
8524.26,0.0
8524.51,0.0
8524.76,0.0
8525.01,0.0
8525.26,0.0
8525.51,0.0
8525.77,0.0
8526.02,0.0
8526.27,0.0
8526.52,0.0
8526.77,0.0
8527.02,0.0
8527.27,0.0
8527.52,0.0
8527.77,0.0
8528.02,0.0
8528.27,0.0
8528.52,0.0
8528.77,0.0
8529.02,0.0
8529.27,0.0
8529.52,0.0
8529.77,0.0
8530.02,0.0
8530.27,0.0
8530.52,0.0
8530.77,0.0
8531.02,0.0
8531.27,0.0
8531.53,0.0
8531.78,0.0
8532.03,0.0
8532.28,0.0
8532.53,0.0
8532.78,0.0
8533.03,0.0
8533.28,0.0
8533.53,0.0
8533.78,0.0
8534.03,0.0
8534.28,0.0
8534.53,0.0
8534.78,0.0
8535.03,0.0
8535.28,0.0
8535.53,0.0
8535.78,0.0
8536.03,0.0
8536.28,0.0
8536.53,0.0
8536.78,0.0
8537.03,0.0
8537.28,0.0
8537.54,0.0
8537.79,0.0
8538.04,0.0
8538.29,0.0
8538.54,0.0
8538.79,0.0
8539.04,0.0
8539.29,0.0
8539.54,0.0
8539.79,0.0
8540.04,0.0
8540.29,0.0
8540.54,0.0
8540.79,0.0
8541.04,0.0
8541.29,0.0
8541.54,0.0
8541.79,0.0
8542.04,0.0
8542.29,0.0
8542.54,0.0
8542.79,0.0
8543.05,0.0
8543.30,0.0
8543.55,0.0
8543.80,0.0
8544.05,0.0
8544.30,0.0
8544.55,0.0
8544.80,0.0
8545.05,0.0
8545.30,0.0
8545.55,0.0
8545.80,0.0
8546.05,0.0
8546.30,0.0
8546.55,0.0
8546.80,0.0
8547.05,0.0
8547.30,0.0
8547.55,0.0
8547.80,0.0
8548.05,0.0
8548.30,0.0
8548.55,0.0
8548.80,0.0
8549.05,0.0
8549.31,0.0
8549.56,0.0
8549.81,0.0
8550.06,0.0
8550.31,0.0
8550.56,0.0
8550.81,0.0
8551.06,0.0
8551.31,0.0
8551.56,0.0
8551.81,0.0
8552.06,0.0
8552.31,0.0
8552.56,0.0
8552.81,0.0
8553.06,0.0
8553.31,0.0
8553.56,0.0
8553.81,0.0
8554.06,0.0
8554.31,0.0
8554.56,0.0
8554.81,0.0
8555.06,0.0
8555.31,0.0
8555.57,0.0
8555.82,0.0
8556.07,0.0
8556.32,0.0
8556.57,0.0
8556.82,0.0
8557.07,0.0
8557.32,0.0
8557.57,0.0
8557.82,0.0
8558.07,0.0
8558.32,0.0
8558.57,0.0
8558.82,0.0
8559.07,0.0
8559.32,0.0
8559.57,0.0
8559.82,0.0
8560.07,0.0
8560.32,0.0
8560.57,0.0
8560.82,0.0
8561.07,0.0
8561.32,0.0
8561.57,0.0
8561.83,0.0
8562.08,0.0
8562.33,0.0
8562.58,0.0
8562.83,0.0
8563.08,0.0
8563.33,0.0
8563.58,0.0
8563.83,0.0
8564.08,0.0
8564.33,0.0
8564.58,0.0
8564.83,0.0
8565.08,0.0
8565.33,0.0
8565.58,0.0
8565.83,0.0
8566.08,0.0
8566.33,0.0
8566.58,0.0
8566.83,0.0
8567.08,0.0
8567.33,0.0
8567.58,0.0
8567.83,0.0
8568.08,0.0
8568.34,0.0
8568.59,0.0
8568.84,0.0
8569.09,0.0
8569.34,0.0
8569.59,0.0
8569.84,0.0
8570.09,0.0
8570.34,0.0
8570.59,0.0
8570.84,0.0
8571.09,0.0
8571.34,0.0
8571.59,0.0
8571.84,0.0
8572.09,0.0
8572.34,0.0
8572.59,0.0
8572.84,0.0
8573.09,0.0
8573.34,0.0
8573.59,0.0
8573.84,0.0
8574.10,0.0
8574.35,0.0
8574.60,0.0
8574.85,0.0
8575.10,0.0
8575.35,0.0
8575.60,0.0
8575.85,0.0
8576.10,0.0
8576.35,0.0
8576.60,0.0
8576.85,0.0
8577.10,0.0
8577.35,0.0
8577.60,0.0
8577.85,0.0
8578.10,0.0
8578.35,0.0
8578.60,0.0
8578.85,0.0
8579.10,0.0
8579.35,0.0
8579.60,0.0
8579.85,0.0
8580.10,0.0
8580.36,0.0
8580.61,0.0
8580.86,0.0
8581.11,0.0
8581.36,0.0
8581.61,0.0
8581.86,0.0
8582.11,0.0
8582.36,0.0
8582.61,0.0
8582.86,0.0
8583.11,0.0
8583.36,0.0
8583.61,0.0
8583.86,0.0
8584.11,0.0
8584.36,0.0
8584.61,0.0
8584.86,0.0
8585.11,0.0
8585.36,0.0
8585.61,0.0
8585.86,0.0
8586.11,0.0
8586.37,0.0
8586.62,0.0
8586.87,0.0
8587.12,0.0
8587.37,0.0
8587.62,0.0
8587.87,0.0
8588.12,0.0
8588.37,0.0
8588.62,0.0
8588.87,0.0
8589.12,0.0
8589.37,0.0
8589.62,0.0
8589.87,0.0
8590.12,0.0
8590.37,0.0
8590.62,0.0
8590.87,0.0
8591.12,0.0
8591.37,0.0
8591.62,0.0
8591.88,0.0
8592.13,0.0
8592.38,0.0
8592.63,0.0
8592.88,0.0
8593.13,0.0
8593.38,0.0
8593.63,0.0
8593.88,0.0
8594.13,0.0
8594.38,0.0
8594.63,0.0
8594.88,0.0
8595.13,0.0
8595.38,0.0
8595.63,0.0
8595.88,0.0
8596.13,0.0
8596.38,0.0
8596.63,0.0
8596.88,0.0
8597.13,0.0
8597.39,0.0
8597.64,0.0
8597.89,0.0
8598.14,0.0
8598.39,0.0
8598.64,0.0
8598.89,0.0
8599.14,0.0
8599.39,0.0
8599.64,0.0
8599.89,0.0
8600.14,0.0
8600.39,0.0
8600.64,0.0
8600.89,0.0
8601.14,0.0
8601.39,0.0
8601.64,0.0
8601.89,0.0
8602.14,0.0
8602.39,0.0
8602.64,0.0
8602.89,0.0
8603.15,0.0
8603.40,0.0
8603.65,0.0
8603.90,0.0
8604.15,0.0
8604.40,0.0
8604.65,0.0
8604.90,0.0
8605.15,0.0
8605.40,0.0
8605.65,0.0
8605.90,0.0
8606.15,0.0
8606.40,0.0
8606.65,0.0
8606.90,0.0
8607.15,0.0
8607.40,0.0
8607.65,0.0
8607.90,0.0
8608.15,0.0
8608.40,0.0
8608.65,0.0
8608.91,0.0
8609.16,0.0
8609.41,0.0
8609.66,0.0
8609.91,0.0
8610.16,0.0
8610.41,0.0
8610.66,0.0
8610.91,0.0
8611.16,0.0
8611.41,0.0
8611.66,0.0
8611.91,0.0
8612.16,0.0
8612.41,0.0
8612.66,0.0
8612.91,0.0
8613.16,0.0
8613.41,0.0
8613.66,0.0
8613.91,0.0
8614.16,0.0
8614.41,0.0
8614.67,0.0
8614.92,0.0
8615.17,0.0
8615.42,0.0
8615.67,0.0
8615.92,0.0
8616.17,0.0
8616.42,0.0
8616.67,0.0
8616.92,0.0
8617.17,0.0
8617.42,0.0
8617.67,0.0
8617.92,0.0
8618.17,0.0
8618.42,0.0
8618.67,0.0
8618.92,0.0
8619.17,0.0
8619.42,0.0
8619.67,0.0
8619.92,0.0
8620.17,0.0
8620.42,0.0
8620.67,0.0
8620.93,0.0
8621.18,0.0
8621.43,0.0
8621.68,0.0
8621.93,0.0
8622.18,0.0
8622.43,0.0
8622.68,0.0
8622.93,0.0
8623.18,0.0
8623.43,0.0
8623.68,0.0
8623.93,0.0
8624.18,0.0
8624.43,0.0
8624.68,0.0
8624.93,0.0
8625.18,0.0
8625.43,0.0
8625.68,0.0
8625.93,0.0
8626.18,0.0
8626.43,0.0
8626.69,0.0
8626.94,0.0
8627.19,0.0
8627.44,0.0
8627.69,0.0
8627.94,0.0
8628.19,0.0
8628.44,0.0
8628.69,0.0
8628.94,0.0
8629.19,0.0
8629.44,0.0
8629.69,0.0
8629.94,0.0
8630.19,0.0
8630.44,0.0
8630.69,0.0
8630.94,0.0
8631.19,0.0
8631.44,0.0
8631.69,0.0
8631.94,0.0
8632.19,0.0
8632.44,0.0
8632.69,0.0
8632.94,0.0
8633.20,0.0
8633.45,0.0
8633.70,0.0
8633.95,0.0
8634.20,0.0
8634.45,0.0
8634.70,0.0
8634.95,0.0
8635.20,0.0
8635.45,0.0
8635.70,0.0
8635.95,0.0
8636.20,0.0
8636.45,0.0
8636.70,0.0
8636.95,0.0
8637.20,0.0
8637.45,0.0
8637.70,0.0
8637.95,0.0
8638.20,0.0
8638.45,0.0
8638.70,0.0
8638.96,0.0
8639.21,0.0
8639.46,0.0
8639.71,0.0
8639.96,0.0
8640.21,0.0
8640.46,0.0
8640.71,0.0
8640.96,0.0
8641.21,0.0
8641.46,0.0
8641.71,0.0
8641.96,0.0
8642.21,0.0
8642.46,0.0
8642.71,0.0
8642.96,0.0
8643.21,0.0
8643.46,0.0
8643.71,0.0
8643.96,0.0
8644.22,0.0
8644.47,0.0
8644.72,0.0
8644.97,0.0
8645.22,0.0
8645.47,0.0
8645.72,0.0
8645.97,0.0
8646.22,0.0
8646.47,0.0
8646.72,0.0
8646.97,0.0
8647.22,0.0
8647.47,0.0
8647.72,0.0
8647.97,0.0
8648.22,0.0
8648.47,0.0
8648.72,0.0
8648.97,0.0
8649.22,0.0
8649.47,0.0
8649.72,0.0
8649.97,0.0
8650.23,0.0
8650.48,0.0
8650.73,0.0
8650.98,0.0
8651.23,0.0
8651.48,0.0
8651.73,0.0
8651.98,0.0
8652.23,0.0
8652.48,0.0
8652.73,0.0
8652.98,0.0
8653.23,0.0
8653.48,0.0
8653.73,0.0
8653.98,0.0
8654.23,0.0
8654.48,0.0
8654.73,0.0
8654.98,0.0
8655.23,0.0
8655.48,0.0
8655.73,0.0
8655.98,0.0
8656.23,0.0
8656.49,0.0
8656.74,0.0
8656.99,0.0
8657.24,0.0
8657.49,0.0
8657.74,0.0
8657.99,0.0
8658.24,0.0
8658.49,0.0
8658.74,0.0
8658.99,0.0
8659.24,0.0
8659.49,0.0
8659.74,0.0
8659.99,0.0
8660.24,0.0
8660.49,0.0
8660.74,0.0
8660.99,0.0
8661.24,0.0
8661.49,0.0
8661.74,0.0
8661.99,0.0
8662.25,0.0
8662.50,0.0
8662.75,0.0
8663.00,0.0
8663.25,0.0
8663.50,0.0
8663.75,0.0
8664.00,0.0
8664.25,0.0
8664.50,0.0
8664.75,0.0
8665.00,0.0
8665.25,0.0
8665.50,0.0
8665.75,0.0
8666.00,0.0
8666.25,0.0
8666.50,0.0
8666.75,0.0
8667.00,0.0
8667.25,0.0
8667.50,0.0
8667.75,0.0
8668.00,0.0
8668.25,0.0
8668.51,0.0
8668.76,0.0
8669.01,0.0
8669.26,0.0
8669.51,0.0
8669.76,0.0
8670.01,0.0
8670.26,0.0
8670.51,0.0
8670.76,0.0
8671.01,0.0
8671.26,0.0
8671.51,0.0
8671.76,0.0
8672.01,0.0
8672.26,0.0
8672.51,0.0
8672.76,0.0
8673.01,0.0
8673.26,0.0
8673.51,0.0
8673.76,0.0
8674.01,0.0
8674.27,0.0
8674.52,0.0
8674.77,0.0
8675.02,0.0
8675.27,0.0
8675.52,0.0
8675.77,0.0
8676.02,0.0
8676.27,0.0
8676.52,0.0
8676.77,0.0
8677.02,0.0
8677.27,0.0
8677.52,0.0
8677.77,0.0
8678.02,0.0
8678.27,0.0
8678.52,0.0
8678.77,0.0
8679.02,0.0
8679.27,0.0
8679.52,0.0
8679.77,0.0
8680.03,0.0
8680.28,0.0
8680.53,0.0
8680.78,0.0
8681.03,0.0
8681.28,0.0
8681.53,0.0
8681.78,0.0
8682.03,0.0
8682.28,0.0
8682.53,0.0
8682.78,0.0
8683.03,0.0
8683.28,0.0
8683.53,0.0
8683.78,0.0
8684.03,0.0
8684.28,0.0
8684.53,0.0
8684.78,0.0
8685.03,0.0
8685.28,0.0
8685.53,0.0
8685.79,0.0
8686.04,0.0
8686.29,0.0
8686.54,0.0
8686.79,0.0
8687.04,0.0
8687.29,0.0
8687.54,0.0
8687.79,0.0
8688.04,0.0
8688.29,0.0
8688.54,0.0
8688.79,0.0
8689.04,0.0
8689.29,0.0
8689.54,0.0
8689.79,0.0
8690.04,0.0
8690.29,0.0
8690.54,0.0
8690.79,0.0
8691.05,0.0
8691.30,0.0
8691.55,0.0
8691.80,0.0
8692.05,0.0
8692.30,0.0
8692.55,0.0
8692.80,0.0
8693.05,0.0
8693.30,0.0
8693.55,0.0
8693.80,0.0
8694.05,0.0
8694.30,0.0
8694.55,0.0
8694.80,0.0
8695.05,0.0
8695.30,0.0
8695.55,0.0
8695.80,0.0
8696.05,0.0
8696.30,0.0
8696.55,0.0
8696.80,0.0
8697.06,0.0
8697.31,0.0
8697.56,0.0
8697.81,0.0
8698.06,0.0
8698.31,0.0
8698.56,0.0
8698.81,0.0
8699.06,0.0
8699.31,0.0
8699.56,0.0
8699.81,0.0
8700.06,0.0
8700.31,0.0
8700.56,0.0
8700.81,0.0
8701.06,0.0
8701.31,0.0
8701.56,0.0
8701.81,0.0
8702.06,0.0
8702.31,0.0
8702.56,0.0
8702.82,0.0
8703.07,0.0
8703.32,0.0
8703.57,0.0
8703.82,0.0
8704.07,0.0
8704.32,0.0
8704.57,0.0
8704.82,0.0
8705.07,0.0
8705.32,0.0
8705.57,0.0
8705.82,0.0
8706.07,0.0
8706.32,0.0
8706.57,0.0
8706.82,0.0
8707.07,0.0
8707.32,0.0
8707.57,0.0
8707.82,0.0
8708.07,0.0
8708.33,0.0
8708.58,0.0
8708.83,0.0
8709.08,0.0
8709.33,0.0
8709.58,0.0
8709.83,0.0
8710.08,0.0
8710.33,0.0
8710.58,0.0
8710.83,0.0
8711.08,0.0
8711.33,0.0
8711.58,0.0
8711.83,0.0
8712.08,0.0
8712.33,0.0
8712.58,0.0
8712.83,0.0
8713.08,0.0
8713.33,0.0
8713.58,0.0
8713.83,0.0
8714.08,0.0
8714.33,0.0
8714.58,0.0
8714.83,0.0
8715.09,0.0
8715.34,0.0
8715.59,0.0
8715.84,0.0
8716.09,0.0
8716.34,0.0
8716.59,0.0
8716.84,0.0
8717.09,0.0
8717.34,0.0
8717.59,0.0
8717.84,0.0
8718.09,0.0
8718.34,0.0
8718.59,0.0
8718.84,0.0
8719.09,0.0
8719.34,0.0
8719.59,0.0
8719.84,0.0
8720.09,0.0
8720.34,0.0
8720.59,0.0
8720.84,0.0
8721.10,0.0
8721.35,0.0
8721.60,0.0
8721.85,0.0
8722.10,0.0
8722.35,0.0
8722.60,0.0
8722.85,0.0
8723.10,0.0
8723.35,0.0
8723.60,0.0
8723.85,0.0
8724.10,0.0
8724.35,0.0
8724.60,0.0
8724.85,0.0
8725.10,0.0
8725.35,0.0
8725.60,0.0
8725.85,0.0
8726.10,0.0
8726.35,0.0
8726.60,0.0
8726.86,0.0
8727.11,0.0
8727.36,0.0
8727.61,0.0
8727.86,0.0
8728.11,0.0
8728.36,0.0
8728.61,0.0
8728.86,0.0
8729.11,0.0
8729.36,0.0
8729.61,0.0
8729.86,0.0
8730.11,0.0
8730.36,0.0
8730.61,0.0
8730.86,0.0
8731.11,0.0
8731.36,0.0
8731.61,0.0
8731.86,0.0
8732.11,0.0
8732.36,0.0
8732.61,0.0
8732.86,0.0
8733.12,0.0
8733.37,0.0
8733.62,0.0
8733.87,0.0
8734.12,0.0
8734.37,0.0
8734.62,0.0
8734.87,0.0
8735.12,0.0
8735.37,0.0
8735.62,0.0
8735.87,0.0
8736.12,0.0
8736.37,0.0
8736.62,0.0
8736.87,0.0
8737.12,0.0
8737.37,0.0
8737.62,0.0
8737.87,0.0
8738.12,0.0
8738.38,0.0
8738.62,0.0
8738.88,0.0
8739.13,0.0
8739.38,0.0
8739.63,0.0
8739.88,0.0
8740.13,0.0
8740.38,0.0
8740.63,0.0
8740.88,0.0
8741.13,0.0
8741.38,0.0
8741.63,0.0
8741.88,0.0
8742.13,0.0
8742.38,0.0
8742.63,0.0
8742.88,0.0
8743.13,0.0
8743.38,0.0
8743.63,0.0
8743.88,0.0
8744.13,0.0
8744.39,0.0
8744.64,0.0
8744.89,0.0
8745.14,0.0
8745.39,0.0
8745.64,0.0
8745.89,0.0
8746.14,0.0
8746.39,0.0
8746.64,0.0
8746.89,0.0
8747.14,0.0
8747.39,0.0
8747.64,0.0
8747.89,0.0
8748.14,0.0
8748.39,0.0
8748.64,0.0
8748.89,0.0
8749.14,0.0
8749.39,0.0
8749.64,0.0
8749.89,0.0
8750.15,0.0
8750.40,0.0
8750.65,0.0
8750.90,0.0
8751.15,0.0
8751.40,0.0
8751.65,0.0
8751.90,0.0
8752.15,0.0
8752.40,0.0
8752.65,0.0
8752.90,0.0
8753.15,0.0
8753.40,0.0
8753.65,0.0
8753.90,0.0
8754.15,0.0
8754.40,0.0
8754.65,0.0
8754.90,0.0
8755.15,0.0
8755.40,0.0
8755.65,0.0
8755.90,0.0
8756.15,0.0
8756.40,0.0
8756.66,0.0
8756.91,0.0
8757.16,0.0
8757.41,0.0
8757.66,0.0
8757.91,0.0
8758.16,0.0
8758.41,0.0
8758.66,0.0
8758.91,0.0
8759.16,0.0
8759.41,0.0
8759.66,0.0
8759.91,0.0
8760.16,0.0
8760.41,0.0
8760.66,0.0
8760.91,0.0
8761.16,0.0
8761.41,0.0
8761.66,0.0
8761.91,0.0
8762.16,0.0
8762.41,0.0
8762.67,0.0
8762.92,0.0
8763.17,0.0
8763.42,0.0
8763.67,0.0
8763.92,0.0
8764.17,0.0
8764.42,0.0
8764.67,0.0
8764.92,0.0
8765.17,0.0
8765.42,0.0
8765.67,0.0
8765.92,0.0
8766.17,0.0
8766.42,0.0
8766.67,0.0
8766.92,0.0
8767.17,0.0
8767.42,0.0
8767.67,0.0
8767.92,0.0
8768.17,0.0
8768.42,0.0
8768.67,0.0
8768.92,0.0
8769.18,0.0
8769.43,0.0
8769.68,0.0
8769.93,0.0
8770.18,0.0
8770.43,0.0
8770.68,0.0
8770.93,0.0
8771.18,0.0
8771.43,0.0
8771.68,0.0
8771.93,0.0
8772.18,0.0
8772.43,0.0
8772.68,0.0
8772.93,0.0
8773.18,0.0
8773.43,0.0
8773.68,0.0
8773.93,0.0
8774.18,0.0
8774.43,0.0
8774.68,0.0
8774.93,0.0
8775.19,0.0
8775.44,0.0
8775.69,0.0
8775.94,0.0
8776.19,0.0
8776.44,0.0
8776.69,0.0
8776.94,0.0
8777.19,0.0
8777.44,0.0
8777.69,0.0
8777.94,0.0
8778.19,0.0
8778.44,0.0
8778.69,0.0
8778.94,0.0
8779.19,0.0
8779.44,0.0
8779.69,0.0
8779.94,0.0
8780.19,0.0
8780.44,0.0
8780.69,0.0
8780.95,0.0
8781.20,0.0
8781.45,0.0
8781.70,0.0
8781.95,0.0
8782.20,0.0
8782.45,0.0
8782.70,0.0
8782.95,0.0
8783.20,0.0
8783.45,0.0
8783.70,0.0
8783.95,0.0
8784.20,0.0
8784.45,0.0
8784.70,0.0
8784.95,0.0
8785.20,0.0
8785.45,0.0
8785.70,0.0
8785.95,0.0
8786.20,0.0
8786.45,0.0
8786.71,0.0
8786.96,0.0
8787.21,0.0
8787.46,0.0
8787.71,0.0
8787.96,0.0
8788.21,0.0
8788.46,0.0
8788.71,0.0
8788.96,0.0
8789.21,0.0
8789.46,0.0
8789.71,0.0
8789.96,0.0
8790.21,0.0
8790.46,0.0
8790.71,0.0
8790.96,0.0
8791.21,0.0
8791.46,0.0
8791.71,0.0
8791.96,0.0
8792.22,0.0
8792.47,0.0
8792.72,0.0
8792.97,0.0
8793.22,0.0
8793.47,0.0
8793.72,0.0
8793.97,0.0
8794.22,0.0
8794.47,0.0
8794.72,0.0
8794.97,0.0
8795.22,0.0
8795.47,0.0
8795.72,0.0
8795.97,0.0
8796.22,0.0
8796.47,0.0
8796.72,0.0
8796.97,0.0
8797.22,0.0
8797.47,0.0
8797.72,0.0
8797.97,0.0
8798.23,0.0
8798.48,0.0
8798.73,0.0
8798.98,0.0
8799.23,0.0
8799.48,0.0
8799.73,0.0
8799.98,0.0
8800.23,0.0
8800.48,0.0
8800.73,0.0
8800.98,0.0
8801.23,0.0
8801.48,0.0
8801.73,0.0
8801.98,0.0
8802.23,0.0
8802.48,0.0
8802.73,0.0
8802.98,0.0
8803.23,0.0
8803.48,0.0
8803.73,0.0
8803.98,0.0
8804.24,0.0
8804.49,0.0
8804.74,0.0
8804.99,0.0
8805.24,0.0
8805.49,0.0
8805.74,0.0
8805.99,0.0
8806.24,0.0
8806.49,0.0
8806.74,0.0
8806.99,0.0
8807.24,0.0
8807.49,0.0
8807.74,0.0
8807.99,0.0
8808.24,0.0
8808.49,0.0
8808.74,0.0
8808.99,0.0
8809.24,0.0
8809.49,0.0
8809.74,0.0
8809.99,0.0
8810.24,0.0
8810.50,0.0
8810.75,0.0
8811.00,0.0
8811.25,0.0
8811.50,0.0
8811.75,0.0
8812.00,0.0
8812.25,0.0
8812.50,0.0
8812.75,0.0
8813.00,0.0
8813.25,0.0
8813.50,0.0
8813.75,0.0
8814.00,0.0
8814.25,0.0
8814.50,0.0
8814.75,0.0
8815.00,0.0
8815.25,0.0
8815.50,0.0
8815.75,0.0
8816.00,0.0
8816.25,0.0
8816.50,0.0
8816.76,0.0
8817.01,0.0
8817.26,0.0
8817.51,0.0
8817.76,0.0
8818.01,0.0
8818.26,0.0
8818.51,0.0
8818.76,0.0
8819.01,0.0
8819.26,0.0
8819.51,0.0
8819.76,0.0
8820.01,0.0
8820.26,0.0
8820.51,0.0
8820.76,0.0
8821.01,0.0
8821.26,0.0
8821.51,0.0
8821.76,0.0
8822.01,0.0
8822.26,0.0
8822.52,0.0
8822.77,0.0
8823.02,0.0
8823.27,0.0
8823.52,0.0
8823.77,0.0
8824.02,0.0
8824.27,0.0
8824.52,0.0
8824.77,0.0
8825.02,0.0
8825.27,0.0
8825.52,0.0
8825.77,0.0
8826.02,0.0
8826.27,0.0
8826.52,0.0
8826.77,0.0
8827.02,0.0
8827.27,0.0
8827.52,0.0
8827.77,0.0
8828.02,0.0
8828.28,0.0
8828.53,0.0
8828.78,0.0
8829.03,0.0
8829.28,0.0
8829.53,0.0
8829.78,0.0
8830.03,0.0
8830.28,0.0
8830.53,0.0
8830.78,0.0
8831.03,0.0
8831.28,0.0
8831.53,0.0
8831.78,0.0
8832.03,0.0
8832.28,0.0
8832.53,0.0
8832.78,0.0
8833.03,0.0
8833.28,0.0
8833.53,0.0
8833.78,0.0
8834.04,0.0
8834.29,0.0
8834.54,0.0
8834.79,0.0
8835.04,0.0
8835.29,0.0
8835.54,0.0
8835.79,0.0
8836.04,0.0
8836.29,0.0
8836.54,0.0
8836.79,0.0
8837.04,0.0
8837.29,0.0
8837.54,0.0
8837.79,0.0
8838.04,0.0
8838.29,0.0
8838.54,0.0
8838.79,0.0
8839.04,0.0
8839.30,0.0
8839.55,0.0
8839.80,0.0
8840.05,0.0
8840.30,0.0
8840.55,0.0
8840.80,0.0
8841.05,0.0
8841.30,0.0
8841.55,0.0
8841.80,0.0
8842.05,0.0
8842.30,0.0
8842.55,0.0
8842.80,0.0
8843.05,0.0
8843.30,0.0
8843.55,0.0
8843.80,0.0
8844.05,0.0
8844.30,0.0
8844.55,0.0
8844.81,0.0
8845.06,0.0
8845.31,0.0
8845.56,0.0
8845.81,0.0
8846.06,0.0
8846.31,0.0
8846.56,0.0
8846.81,0.0
8847.06,0.0
8847.31,0.0
8847.56,0.0
8847.81,0.0
8848.06,0.0
8848.31,0.0
8848.56,0.0
8848.81,0.0
8849.06,0.0
8849.31,0.0
8849.56,0.0
8849.81,0.0
8850.06,0.0
8850.31,0.0
8850.56,0.0
8850.82,0.0
8851.07,0.0
8851.32,0.0
8851.57,0.0
8851.82,0.0
8852.07,0.0
8852.32,0.0
8852.57,0.0
8852.82,0.0
8853.07,0.0
8853.32,0.0
8853.57,0.0
8853.82,0.0
8854.07,0.0
8854.32,0.0
8854.57,0.0
8854.82,0.0
8855.07,0.0
8855.32,0.0
8855.57,0.0
8855.82,0.0
8856.07,0.0
8856.32,0.0
8856.57,0.0
8856.83,0.0
8857.08,0.0
8857.33,0.0
8857.58,0.0
8857.83,0.0
8858.08,0.0
8858.33,0.0
8858.58,0.0
8858.83,0.0
8859.08,0.0
8859.33,0.0
8859.58,0.0
8859.83,0.0
8860.08,0.0
8860.33,0.0
8860.58,0.0
8860.83,0.0
8861.08,0.0
8861.33,0.0
8861.58,0.0
8861.83,0.0
8862.08,0.0
8862.33,0.0
8862.58,0.0
8862.83,0.0
8863.09,0.0
8863.34,0.0
8863.59,0.0
8863.84,0.0
8864.09,0.0
8864.34,0.0
8864.59,0.0
8864.84,0.0
8865.09,0.0
8865.34,0.0
8865.59,0.0
8865.84,0.0
8866.09,0.0
8866.34,0.0
8866.59,0.0
8866.84,0.0
8867.09,0.0
8867.34,0.0
8867.59,0.0
8867.84,0.0
8868.09,0.0
8868.34,0.0
8868.60,0.0
8868.85,0.0
8869.10,0.0
8869.35,0.0
8869.60,0.0
8869.85,0.0
8870.10,0.0
8870.35,0.0
8870.60,0.0
8870.85,0.0
8871.10,0.0
8871.35,0.0
8871.60,0.0
8871.85,0.0
8872.10,0.0
8872.35,0.0
8872.60,0.0
8872.85,0.0
8873.10,0.0
8873.35,0.0
8873.60,0.0
8873.85,0.0
8874.10,0.0
8874.36,0.0
8874.61,0.0
8874.86,0.0
8875.11,0.0
8875.36,0.0
8875.61,0.0
8875.86,0.0
8876.11,0.0
8876.36,0.0
8876.61,0.0
8876.86,0.0
8877.11,0.0
8877.36,0.0
8877.61,0.0
8877.86,0.0
8878.11,0.0
8878.36,0.0
8878.61,0.0
8878.86,0.0
8879.11,0.0
8879.36,0.0
8879.61,0.0
8879.86,0.0
8880.11,0.0
8880.37,0.0
8880.62,0.0
8880.87,0.0
8881.12,0.0
8881.37,0.0
8881.62,0.0
8881.87,0.0
8882.12,0.0
8882.37,0.0
8882.62,0.0
8882.87,0.0
8883.12,0.0
8883.37,0.0
8883.62,0.0
8883.87,0.0
8884.12,0.0
8884.37,0.0
8884.62,0.0
8884.87,0.0
8885.12,0.0
8885.38,0.0
8885.62,0.0
8885.88,0.0
8886.13,0.0
8886.38,0.0
8886.63,0.0
8886.88,0.0
8887.13,0.0
8887.38,0.0
8887.63,0.0
8887.88,0.0
8888.13,0.0
8888.38,0.0
8888.63,0.0
8888.88,0.0
8889.13,0.0
8889.38,0.0
8889.63,0.0
8889.88,0.0
8890.13,0.0
8890.38,0.0
8890.63,0.0
8890.88,0.0
8891.13,0.0
8891.39,0.0
8891.64,0.0
8891.89,0.0
8892.14,0.0
8892.39,0.0
8892.64,0.0
8892.89,0.0
8893.14,0.0
8893.39,0.0
8893.64,0.0
8893.89,0.0
8894.14,0.0
8894.39,0.0
8894.64,0.0
8894.89,0.0
8895.14,0.0
8895.39,0.0
8895.64,0.0
8895.89,0.0
8896.14,0.0
8896.39,0.0
8896.64,0.0
8896.89,0.0
8897.15,0.0
8897.40,0.0
8897.65,0.0
8897.90,0.0
8898.15,0.0
8898.40,0.0
8898.65,0.0
8898.90,0.0
8899.15,0.0
8899.40,0.0
8899.65,0.0
8899.90,0.0
8900.15,0.0
8900.40,0.0
8900.65,0.0
8900.90,0.0
8901.15,0.0
8901.40,0.0
8901.65,0.0
8901.90,0.0
8902.15,0.0
8902.40,0.0
8902.65,0.0
8902.90,0.0
8903.15,0.0
8903.41,0.0
8903.66,0.0
8903.91,0.0
8904.16,0.0
8904.41,0.0
8904.66,0.0
8904.91,0.0
8905.16,0.0
8905.41,0.0
8905.66,0.0
8905.91,0.0
8906.16,0.0
8906.41,0.0
8906.66,0.0
8906.91,0.0
8907.16,0.0
8907.41,0.0
8907.66,0.0
8907.91,0.0
8908.16,0.0
8908.41,0.0
8908.66,0.0
8908.91,0.0
8909.17,0.0
8909.42,0.0
8909.67,0.0
8909.92,0.0
8910.17,0.0
8910.42,0.0
8910.67,0.0
8910.92,0.0
8911.17,0.0
8911.42,0.0
8911.67,0.0
8911.92,0.0
8912.17,0.0
8912.42,0.0
8912.67,0.0
8912.92,0.0
8913.17,0.0
8913.42,0.0
8913.67,0.0
8913.92,0.0
8914.17,0.0
8914.42,0.0
8914.67,0.0
8914.92,0.0
8915.17,0.0
8915.42,0.0
8915.68,0.0
8915.93,0.0
8916.18,0.0
8916.43,0.0
8916.68,0.0
8916.93,0.0
8917.18,0.0
8917.43,0.0
8917.68,0.0
8917.93,0.0
8918.18,0.0
8918.43,0.0
8918.68,0.0
8918.93,0.0
8919.18,0.0
8919.43,0.0
8919.68,0.0
8919.93,0.0
8920.18,0.0
8920.43,0.0
8920.68,0.0
8920.93,0.0
8921.18,0.0
8921.43,0.0
8921.68,0.0
8921.94,0.0
8922.19,0.0
8922.44,0.0
8922.69,0.0
8922.94,0.0
8923.19,0.0
8923.44,0.0
8923.69,0.0
8923.94,0.0
8924.19,0.0
8924.44,0.0
8924.69,0.0
8924.94,0.0
8925.19,0.0
8925.44,0.0
8925.69,0.0
8925.94,0.0
8926.19,0.0
8926.44,0.0
8926.69,0.0
8926.94,0.0
8927.19,0.0
8927.45,0.0
8927.70,0.0
8927.95,0.0
8928.20,0.0
8928.45,0.0
8928.70,0.0
8928.95,0.0
8929.20,0.0
8929.45,0.0
8929.70,0.0
8929.95,0.0
8930.20,0.0
8930.45,0.0
8930.70,0.0
8930.95,0.0
8931.20,0.0
8931.45,0.0
8931.70,0.0
8931.95,0.0
8932.20,0.0
8932.45,0.0
8932.70,0.0
8932.95,0.0
8933.21,0.0
8933.46,0.0
8933.71,0.0
8933.96,0.0
8934.21,0.0
8934.46,0.0
8934.71,0.0
8934.96,0.0
8935.21,0.0
8935.46,0.0
8935.71,0.0
8935.96,0.0
8936.21,0.0
8936.46,0.0
8936.71,0.0
8936.96,0.0
8937.21,0.0
8937.46,0.0
8937.71,0.0
8937.96,0.0
8938.22,0.0
8938.47,0.0
8938.72,0.0
8938.97,0.0
8939.22,0.0
8939.47,0.0
8939.72,0.0
8939.97,0.0
8940.22,0.0
8940.47,0.0
8940.72,0.0
8940.97,0.0
8941.22,0.0
8941.47,0.0
8941.72,0.0
8941.97,0.0
8942.22,0.0
8942.47,0.0
8942.72,0.0
8942.97,0.0
8943.22,0.0
8943.47,0.0
8943.72,0.0
8943.98,0.0
8944.23,0.0
8944.48,0.0
8944.73,0.0
8944.98,0.0
8945.23,0.0
8945.48,0.0
8945.73,0.0
8945.98,0.0
8946.23,0.0
8946.48,0.0
8946.73,0.0
8946.98,0.0
8947.23,0.0
8947.48,0.0
8947.73,0.0
8947.98,0.0
8948.23,0.0
8948.48,0.0
8948.73,0.0
8948.98,0.0
8949.23,0.0
8949.48,0.0
8949.74,0.0
8949.99,0.0
8950.24,0.0
8950.49,0.0
8950.74,0.0
8950.99,0.0
8951.24,0.0
8951.49,0.0
8951.74,0.0
8951.99,0.0
8952.24,0.0
8952.49,0.0
8952.74,0.0
8952.99,0.0
8953.24,0.0
8953.49,0.0
8953.74,0.0
8953.99,0.0
8954.24,0.0
8954.49,0.0
8954.74,0.0
8954.99,0.0
8955.24,0.0
8955.49,0.0
8955.74,0.0
8956.00,0.0
8956.25,0.0
8956.50,0.0
8956.75,0.0
8957.00,0.0
8957.25,0.0
8957.50,0.0
8957.75,0.0
8958.00,0.0
8958.25,0.0
8958.50,0.0
8958.75,0.0
8959.00,0.0
8959.25,0.0
8959.50,0.0
8959.75,0.0
8960.00,0.0
8960.25,0.0
8960.50,0.0
8960.75,0.0
8961.00,0.0
8961.25,0.0
8961.50,0.0
8961.75,0.0
8962.00,0.0
8962.25,0.0
8962.50,0.0
8962.75,0.0
8963.01,0.0
8963.26,0.0
8963.51,0.0
8963.76,0.0
8964.01,0.0
8964.26,0.0
8964.51,0.0
8964.76,0.0
8965.01,0.0
8965.26,0.0
8965.51,0.0
8965.76,0.0
8966.01,0.0
8966.26,0.0
8966.51,0.0
8966.76,0.0
8967.01,0.0
8967.26,0.0
8967.51,0.0
8967.76,0.0
8968.01,0.0
8968.26,0.0
8968.51,0.0
8968.76,0.0
8969.02,0.0
8969.27,0.0
8969.52,0.0
8969.77,0.0
8970.02,0.0
8970.27,0.0
8970.52,0.0
8970.77,0.0
8971.02,0.0
8971.27,0.0
8971.52,0.0
8971.77,0.0
8972.02,0.0
8972.27,0.0
8972.52,0.0
8972.77,0.0
8973.02,0.0
8973.27,0.0
8973.52,0.0
8973.77,0.0
8974.02,0.0
8974.27,0.0
8974.52,0.0
8974.77,0.0
8975.03,0.0
8975.28,0.0
8975.53,0.0
8975.78,0.0
8976.03,0.0
8976.28,0.0
8976.53,0.0
8976.78,0.0
8977.03,0.0
8977.28,0.0
8977.53,0.0
8977.78,0.0
8978.03,0.0
8978.28,0.0
8978.53,0.0
8978.78,0.0
8979.03,0.0
8979.28,0.0
8979.53,0.0
8979.78,0.0
8980.03,0.0
8980.28,0.0
8980.53,0.0
8980.79,0.0
8981.04,0.0
8981.29,0.0
8981.54,0.0
8981.79,0.0
8982.04,0.0
8982.29,0.0
8982.54,0.0
8982.79,0.0
8983.04,0.0
8983.29,0.0
8983.54,0.0
8983.79,0.0
8984.04,0.0
8984.29,0.0
8984.54,0.0
8984.79,0.0
8985.04,0.0
8985.29,0.0
8985.54,0.0
8985.79,0.0
8986.05,0.0
8986.30,0.0
8986.55,0.0
8986.80,0.0
8987.05,0.0
8987.30,0.0
8987.55,0.0
8987.80,0.0
8988.05,0.0
8988.30,0.0
8988.55,0.0
8988.80,0.0
8989.05,0.0
8989.30,0.0
8989.55,0.0
8989.80,0.0
8990.05,0.0
8990.30,0.0
8990.55,0.0
8990.80,0.0
8991.05,0.0
8991.30,0.0
8991.55,0.0
8991.81,0.0
8992.06,0.0
8992.31,0.0
8992.56,0.0
8992.81,0.0
8993.06,0.0
8993.31,0.0
8993.56,0.0
8993.81,0.0
8994.06,0.0
8994.31,0.0
8994.56,0.0
8994.81,0.0
8995.06,0.0
8995.31,0.0
8995.56,0.0
8995.81,0.0
8996.06,0.0
8996.31,0.0
8996.56,0.0
8996.81,0.0
8997.06,0.0
8997.31,0.0
8997.57,0.0
8997.82,0.0
8998.07,0.0
8998.32,0.0
8998.57,0.0
8998.82,0.0
8999.07,0.0
8999.32,0.0
8999.57,0.0
8999.82,0.0
9000.07,0.0
9000.32,0.0
9000.57,0.0
9000.82,0.0
9001.07,0.0
9001.32,0.0
9001.57,0.0
9001.82,0.0
9002.07,0.0
9002.32,0.0
9002.57,0.0
9002.82,0.0
9003.07,0.0
9003.33,0.0
9003.58,0.0
9003.83,0.0
9004.08,0.0
9004.33,0.0
9004.58,0.0
9004.83,0.0
9005.08,0.0
9005.33,0.0
9005.58,0.0
9005.83,0.0
9006.08,0.0
9006.33,0.0
9006.58,0.0
9006.83,0.0
9007.08,0.0
9007.33,0.0
9007.58,0.0
9007.83,0.0
9008.08,0.0
9008.33,0.0
9008.58,0.0
9008.83,0.0
9009.08,0.0
9009.34,0.0
9009.59,0.0
9009.84,0.0
9010.09,0.0
9010.34,0.0
9010.59,0.0
9010.84,0.0
9011.09,0.0
9011.34,0.0
9011.59,0.0
9011.84,0.0
9012.09,0.0
9012.34,0.0
9012.59,0.0
9012.84,0.0
9013.09,0.0
9013.34,0.0
9013.59,0.0
9013.84,0.0
9014.09,0.0
9014.34,0.0
9014.59,0.0
9014.84,0.0
9015.10,0.0
9015.35,0.0
9015.60,0.0
9015.85,0.0
9016.10,0.0
9016.35,0.0
9016.60,0.0
9016.85,0.0
9017.10,0.0
9017.35,0.0
9017.60,0.0
9017.85,0.0
9018.10,0.0
9018.35,0.0
9018.60,0.0
9018.85,0.0
9019.10,0.0
9019.35,0.0
9019.60,0.0
9019.85,0.0
9020.10,0.0
9020.35,0.0
9020.60,0.0
9020.85,0.0
9021.11,0.0
9021.36,0.0
9021.61,0.0
9021.86,0.0
9022.11,0.0
9022.36,0.0
9022.61,0.0
9022.86,0.0
9023.11,0.0
9023.36,0.0
9023.61,0.0
9023.86,0.0
9024.11,0.0
9024.36,0.0
9024.61,0.0
9024.86,0.0
9025.11,0.0
9025.36,0.0
9025.61,0.0
9025.86,0.0
9026.11,0.0
9026.36,0.0
9026.61,0.0
9026.87,0.0
9027.12,0.0
9027.37,0.0
9027.62,0.0
9027.87,0.0
9028.12,0.0
9028.37,0.0
9028.62,0.0
9028.87,0.0
9029.12,0.0
9029.37,0.0
9029.62,0.0
9029.87,0.0
9030.12,0.0
9030.37,0.0
9030.62,0.0
9030.87,0.0
9031.12,0.0
9031.37,0.0
9031.62,0.0
9031.87,0.0
9032.12,0.0
9032.38,0.0
9032.63,0.0
9032.88,0.0
9033.13,0.0
9033.38,0.0
9033.63,0.0
9033.88,0.0
9034.13,0.0
9034.38,0.0
9034.63,0.0
9034.88,0.0
9035.13,0.0
9035.38,0.0
9035.63,0.0
9035.88,0.0
9036.13,0.0
9036.38,0.0
9036.63,0.0
9036.88,0.0
9037.13,0.0
9037.38,0.0
9037.63,0.0
9037.89,0.0
9038.14,0.0
9038.39,0.0
9038.64,0.0
9038.89,0.0
9039.14,0.0
9039.39,0.0
9039.64,0.0
9039.89,0.0
9040.14,0.0
9040.39,0.0
9040.64,0.0
9040.89,0.0
9041.14,0.0
9041.39,0.0
9041.64,0.0
9041.89,0.0
9042.14,0.0
9042.39,0.0
9042.64,0.0
9042.89,0.0
9043.14,0.0
9043.39,0.0
9043.64,0.0
9043.90,0.0
9044.15,0.0
9044.40,0.0
9044.65,0.0
9044.90,0.0
9045.15,0.0
9045.40,0.0
9045.65,0.0
9045.90,0.0
9046.15,0.0
9046.40,0.0
9046.65,0.0
9046.90,0.0
9047.15,0.0
9047.40,0.0
9047.65,0.0
9047.90,0.0
9048.15,0.0
9048.40,0.0
9048.65,0.0
9048.90,0.0
9049.15,0.0
9049.40,0.0
9049.65,0.0
9049.91,0.0
9050.16,0.0
9050.41,0.0
9050.66,0.0
9050.91,0.0
9051.16,0.0
9051.41,0.0
9051.66,0.0
9051.91,0.0
9052.16,0.0
9052.41,0.0
9052.66,0.0
9052.91,0.0
9053.16,0.0
9053.41,0.0
9053.66,0.0
9053.91,0.0
9054.16,0.0
9054.41,0.0
9054.66,0.0
9054.91,0.0
9055.16,0.0
9055.41,0.0
9055.66,0.0
9055.92,0.0
9056.17,0.0
9056.42,0.0
9056.67,0.0
9056.92,0.0
9057.17,0.0
9057.42,0.0
9057.67,0.0
9057.92,0.0
9058.17,0.0
9058.42,0.0
9058.67,0.0
9058.92,0.0
9059.17,0.0
9059.42,0.0
9059.67,0.0
9059.92,0.0
9060.17,0.0
9060.42,0.0
9060.67,0.0
9060.92,0.0
9061.17,0.0
9061.42,0.0
9061.67,0.0
9061.92,0.0
9062.17,0.0
9062.43,0.0
9062.68,0.0
9062.93,0.0
9063.18,0.0
9063.43,0.0
9063.68,0.0
9063.93,0.0
9064.18,0.0
9064.43,0.0
9064.68,0.0
9064.93,0.0
9065.18,0.0
9065.43,0.0
9065.68,0.0
9065.93,0.0
9066.18,0.0
9066.43,0.0
9066.68,0.0
9066.93,0.0
9067.18,0.0
9067.43,0.0
9067.68,0.0
9067.93,0.0
9068.18,0.0
9068.44,0.0
9068.69,0.0
9068.94,0.0
9069.19,0.0
9069.44,0.0
9069.69,0.0
9069.94,0.0
9070.19,0.0
9070.44,0.0
9070.69,0.0
9070.94,0.0
9071.19,0.0
9071.44,0.0
9071.69,0.0
9071.94,0.0
9072.19,0.0
9072.44,0.0
9072.69,0.0
9072.94,0.0
9073.19,0.0
9073.44,0.0
9073.69,0.0
9073.94,0.0
9074.19,0.0
9074.45,0.0
9074.70,0.0
9074.95,0.0
9075.20,0.0
9075.45,0.0
9075.70,0.0
9075.95,0.0
9076.20,0.0
9076.45,0.0
9076.70,0.0
9076.95,0.0
9077.20,0.0
9077.45,0.0
9077.70,0.0
9077.95,0.0
9078.20,0.0
9078.45,0.0
9078.70,0.0
9078.95,0.0
9079.20,0.0
9079.45,0.0
9079.70,0.0
9079.95,0.0
9080.20,0.0
9080.46,0.0
9080.71,0.0
9080.96,0.0
9081.21,0.0
9081.46,0.0
9081.71,0.0
9081.96,0.0
9082.21,0.0
9082.46,0.0
9082.71,0.0
9082.96,0.0
9083.21,0.0
9083.46,0.0
9083.71,0.0
9083.96,0.0
9084.21,0.0
9084.46,0.0
9084.71,0.0
9084.96,0.0
9085.21,0.0
9085.46,0.0
9085.71,0.0
9085.97,0.0
9086.22,0.0
9086.47,0.0
9086.72,0.0
9086.97,0.0
9087.22,0.0
9087.47,0.0
9087.72,0.0
9087.97,0.0
9088.22,0.0
9088.47,0.0
9088.72,0.0
9088.97,0.0
9089.22,0.0
9089.47,0.0
9089.72,0.0
9089.97,0.0
9090.22,0.0
9090.47,0.0
9090.72,0.0
9090.97,0.0
9091.22,0.0
9091.47,0.0
9091.72,0.0
9091.98,0.0
9092.23,0.0
9092.48,0.0
9092.73,0.0
9092.98,0.0
9093.23,0.0
9093.48,0.0
9093.73,0.0
9093.98,0.0
9094.23,0.0
9094.48,0.0
9094.73,0.0
9094.98,0.0
9095.23,0.0
9095.48,0.0
9095.73,0.0
9095.98,0.0
9096.23,0.0
9096.48,0.0
9096.73,0.0
9096.98,0.0
9097.23,0.0
9097.48,0.0
9097.74,0.0
9097.99,0.0
9098.24,0.0
9098.49,0.0
9098.74,0.0
9098.99,0.0
9099.24,0.0
9099.49,0.0
9099.74,0.0
9099.99,0.0
9100.24,0.0
9100.49,0.0
9100.74,0.0
9100.99,0.0
9101.24,0.0
9101.49,0.0
9101.74,0.0
9101.99,0.0
9102.24,0.0
9102.49,0.0
9102.74,0.0
9102.99,0.0
9103.24,0.0
9103.49,0.0
9103.75,0.0
9104.00,0.0
9104.25,0.0
9104.50,0.0
9104.75,0.0
9105.00,0.0
9105.25,0.0
9105.50,0.0
9105.75,0.0
9106.00,0.0
9106.25,0.0
9106.50,0.0
9106.75,0.0
9107.00,0.0
9107.25,0.0
9107.50,0.0
9107.75,0.0
9108.00,0.0
9108.25,0.0
9108.50,0.0
9108.75,0.0
9109.00,0.0
9109.25,0.0
9109.50,0.0
9109.75,0.0
9110.00,0.0
9110.26,0.0
9110.51,0.0
9110.76,0.0
9111.01,0.0
9111.26,0.0
9111.51,0.0
9111.76,0.0
9112.01,0.0
9112.26,0.0
9112.51,0.0
9112.76,0.0
9113.01,0.0
9113.26,0.0
9113.51,0.0
9113.76,0.0
9114.01,0.0
9114.26,0.0
9114.51,0.0
9114.76,0.0
9115.01,0.0
9115.26,0.0
9115.51,0.0
9115.76,0.0
9116.01,0.0
9116.27,0.0
9116.52,0.0
9116.77,0.0
9117.02,0.0
9117.27,0.0
9117.52,0.0
9117.77,0.0
9118.02,0.0
9118.27,0.0
9118.52,0.0
9118.77,0.0
9119.02,0.0
9119.27,0.0
9119.52,0.0
9119.77,0.0
9120.02,0.0
9120.27,0.0
9120.52,0.0
9120.77,0.0
9121.02,0.0
9121.27,0.0
9121.52,0.0
9121.77,0.0
9122.02,0.0
9122.28,0.0
9122.53,0.0
9122.78,0.0
9123.03,0.0
9123.28,0.0
9123.53,0.0
9123.78,0.0
9124.03,0.0
9124.28,0.0
9124.53,0.0
9124.78,0.0
9125.03,0.0
9125.28,0.0
9125.53,0.0
9125.78,0.0
9126.03,0.0
9126.28,0.0
9126.53,0.0
9126.78,0.0
9127.03,0.0
9127.28,0.0
9127.53,0.0
9127.79,0.0
9128.04,0.0
9128.29,0.0
9128.54,0.0
9128.79,0.0
9129.04,0.0
9129.29,0.0
9129.54,0.0
9129.79,0.0
9130.04,0.0
9130.29,0.0
9130.54,0.0
9130.79,0.0
9131.04,0.0
9131.29,0.0
9131.54,0.0
9131.79,0.0
9132.04,0.0
9132.29,0.0
9132.54,0.0
9132.79,0.0
9133.04,0.0
9133.30,0.0
9133.55,0.0
9133.80,0.0
9134.05,0.0
9134.30,0.0
9134.55,0.0
9134.80,0.0
9135.05,0.0
9135.30,0.0
9135.55,0.0
9135.80,0.0
9136.05,0.0
9136.30,0.0
9136.55,0.0
9136.80,0.0
9137.05,0.0
9137.30,0.0
9137.55,0.0
9137.80,0.0
9138.05,0.0
9138.30,0.0
9138.55,0.0
9138.80,0.0
9139.05,0.0
9139.31,0.0
9139.56,0.0
9139.81,0.0
9140.06,0.0
9140.31,0.0
9140.56,0.0
9140.81,0.0
9141.06,0.0
9141.31,0.0
9141.56,0.0
9141.81,0.0
9142.06,0.0
9142.31,0.0
9142.56,0.0
9142.81,0.0
9143.06,0.0
9143.31,0.0
9143.56,0.0
9143.81,0.0
9144.06,0.0
9144.31,0.0
9144.56,0.0
9144.81,0.0
9145.07,0.0
9145.32,0.0
9145.57,0.0
9145.82,0.0
9146.07,0.0
9146.32,0.0
9146.57,0.0
9146.82,0.0
9147.07,0.0
9147.32,0.0
9147.57,0.0
9147.82,0.0
9148.07,0.0
9148.32,0.0
9148.57,0.0
9148.82,0.0
9149.07,0.0
9149.32,0.0
9149.57,0.0
9149.82,0.0
9150.07,0.0
9150.32,0.0
9150.57,0.0
9150.83,0.0
9151.08,0.0
9151.33,0.0
9151.58,0.0
9151.83,0.0
9152.08,0.0
9152.33,0.0
9152.58,0.0
9152.83,0.0
9153.08,0.0
9153.33,0.0
9153.58,0.0
9153.83,0.0
9154.08,0.0
9154.33,0.0
9154.58,0.0
9154.83,0.0
9155.08,0.0
9155.33,0.0
9155.58,0.0
9155.83,0.0
9156.08,0.0
9156.33,0.0
9156.58,0.0
9156.83,0.0
9157.08,0.0
9157.33,0.0
9157.59,0.0
9157.84,0.0
9158.09,0.0
9158.34,0.0
9158.59,0.0
9158.84,0.0
9159.09,0.0
9159.34,0.0
9159.59,0.0
9159.84,0.0
9160.09,0.0
9160.34,0.0
9160.59,0.0
9160.84,0.0
9161.09,0.0
9161.34,0.0
9161.59,0.0
9161.84,0.0
9162.09,0.0
9162.34,0.0
9162.59,0.0
9162.84,0.0
9163.09,0.0
9163.35,0.0
9163.60,0.0
9163.85,0.0
9164.10,0.0
9164.35,0.0
9164.60,0.0
9164.85,0.0
9165.10,0.0
9165.35,0.0
9165.60,0.0
9165.85,0.0
9166.10,0.0
9166.35,0.0
9166.60,0.0
9166.85,0.0
9167.10,0.0
9167.35,0.0
9167.60,0.0
9167.85,0.0
9168.10,0.0
9168.35,0.0
9168.60,0.0
9168.85,0.0
9169.10,0.0
9169.36,0.0
9169.61,0.0
9169.86,0.0
9170.11,0.0
9170.36,0.0
9170.61,0.0
9170.86,0.0
9171.11,0.0
9171.36,0.0
9171.61,0.0
9171.86,0.0
9172.11,0.0
9172.36,0.0
9172.61,0.0
9172.86,0.0
9173.11,0.0
9173.36,0.0
9173.61,0.0
9173.86,0.0
9174.11,0.0
9174.36,0.0
9174.61,0.0
9174.86,0.0
9175.12,0.0
9175.37,0.0
9175.62,0.0
9175.87,0.0
9176.12,0.0
9176.37,0.0
9176.62,0.0
9176.87,0.0
9177.12,0.0
9177.37,0.0
9177.62,0.0
9177.87,0.0
9178.12,0.0
9178.37,0.0
9178.62,0.0
9178.87,0.0
9179.12,0.0
9179.37,0.0
9179.62,0.0
9179.87,0.0
9180.12,0.0
9180.37,0.0
9180.62,0.0
9180.88,0.0
9181.12,0.0
9181.38,0.0
9181.63,0.0
9181.88,0.0
9182.13,0.0
9182.38,0.0
9182.63,0.0
9182.88,0.0
9183.13,0.0
9183.38,0.0
9183.63,0.0
9183.88,0.0
9184.13,0.0
9184.38,0.0
9184.63,0.0
9184.88,0.0
9185.13,0.0
9185.38,0.0
9185.63,0.0
9185.88,0.0
9186.13,0.0
9186.38,0.0
9186.64,0.0
9186.89,0.0
9187.14,0.0
9187.39,0.0
9187.64,0.0
9187.89,0.0
9188.14,0.0
9188.39,0.0
9188.64,0.0
9188.89,0.0
9189.14,0.0
9189.39,0.0
9189.64,0.0
9189.89,0.0
9190.14,0.0
9190.39,0.0
9190.64,0.0
9190.89,0.0
9191.14,0.0
9191.39,0.0
9191.64,0.0
9191.89,0.0
9192.14,0.0
9192.39,0.0
9192.65,0.0
9192.90,0.0
9193.15,0.0
9193.40,0.0
9193.65,0.0
9193.90,0.0
9194.15,0.0
9194.40,0.0
9194.65,0.0
9194.90,0.0
9195.15,0.0
9195.40,0.0
9195.65,0.0
9195.90,0.0
9196.15,0.0
9196.40,0.0
9196.65,0.0
9196.90,0.0
9197.15,0.0
9197.40,0.0
9197.65,0.0
9197.90,0.0
9198.15,0.0
9198.40,0.0
9198.66,0.0
9198.91,0.0
9199.16,0.0
9199.41,0.0
9199.66,0.0
9199.91,0.0
9200.16,0.0
9200.41,0.0
9200.66,0.0
9200.91,0.0
9201.16,0.0
9201.41,0.0
9201.66,0.0
9201.91,0.0
9202.16,0.0
9202.41,0.0
9202.66,0.0
9202.91,0.0
9203.16,0.0
9203.41,0.0
9203.66,0.0
9203.91,0.0
9204.16,0.0
9204.42,0.0
9204.67,0.0
9204.92,0.0
9205.17,0.0
9205.42,0.0
9205.67,0.0
9205.92,0.0
9206.17,0.0
9206.42,0.0
9206.67,0.0
9206.92,0.0
9207.17,0.0
9207.42,0.0
9207.67,0.0
9207.92,0.0
9208.17,0.0
9208.42,0.0
9208.67,0.0
9208.92,0.0
9209.17,0.0
9209.42,0.0
9209.67,0.0
9209.92,0.0
9210.17,0.0
9210.42,0.0
9210.67,0.0
9210.93,0.0
9211.18,0.0
9211.43,0.0
9211.68,0.0
9211.93,0.0
9212.18,0.0
9212.43,0.0
9212.68,0.0
9212.93,0.0
9213.18,0.0
9213.43,0.0
9213.68,0.0
9213.93,0.0
9214.18,0.0
9214.43,0.0
9214.68,0.0
9214.93,0.0
9215.18,0.0
9215.43,0.0
9215.68,0.0
9215.93,0.0
9216.18,0.0
9216.43,0.0
9216.68,0.0
9216.93,0.0
9217.19,0.0
9217.44,0.0
9217.69,0.0
9217.94,0.0
9218.19,0.0
9218.44,0.0
9218.69,0.0
9218.94,0.0
9219.19,0.0
9219.44,0.0
9219.69,0.0
9219.94,0.0
9220.19,0.0
9220.44,0.0
9220.69,0.0
9220.94,0.0
9221.19,0.0
9221.44,0.0
9221.69,0.0
9221.94,0.0
9222.19,0.0
9222.44,0.0
9222.69,0.0
9222.94,0.0
9223.20,0.0
9223.45,0.0
9223.70,0.0
9223.95,0.0
9224.20,0.0
9224.45,0.0
9224.70,0.0
9224.95,0.0
9225.20,0.0
9225.45,0.0
9225.70,0.0
9225.95,0.0
9226.20,0.0
9226.45,0.0
9226.70,0.0
9226.95,0.0
9227.20,0.0
9227.45,0.0
9227.70,0.0
9227.95,0.0
9228.20,0.0
9228.45,0.0
9228.70,0.0
9228.96,0.0
9229.21,0.0
9229.46,0.0
9229.71,0.0
9229.96,0.0
9230.21,0.0
9230.46,0.0
9230.71,0.0
9230.96,0.0
9231.21,0.0
9231.46,0.0
9231.71,0.0
9231.96,0.0
9232.21,0.0
9232.46,0.0
9232.71,0.0
9232.96,0.0
9233.21,0.0
9233.46,0.0
9233.71,0.0
9233.96,0.0
9234.22,0.0
9234.47,0.0
9234.72,0.0
9234.97,0.0
9235.22,0.0
9235.47,0.0
9235.72,0.0
9235.97,0.0
9236.22,0.0
9236.47,0.0
9236.72,0.0
9236.97,0.0
9237.22,0.0
9237.47,0.0
9237.72,0.0
9237.97,0.0
9238.22,0.0
9238.47,0.0
9238.72,0.0
9238.97,0.0
9239.22,0.0
9239.47,0.0
9239.72,0.0
9239.97,0.0
9240.23,0.0
9240.48,0.0
9240.73,0.0
9240.98,0.0
9241.23,0.0
9241.48,0.0
9241.73,0.0
9241.98,0.0
9242.23,0.0
9242.48,0.0
9242.73,0.0
9242.98,0.0
9243.23,0.0
9243.48,0.0
9243.73,0.0
9243.98,0.0
9244.23,0.0
9244.48,0.0
9244.73,0.0
9244.98,0.0
9245.23,0.0
9245.48,0.0
9245.73,0.0
9245.98,0.0
9246.24,0.0
9246.49,0.0
9246.74,0.0
9246.99,0.0
9247.24,0.0
9247.49,0.0
9247.74,0.0
9247.99,0.0
9248.24,0.0
9248.49,0.0
9248.74,0.0
9248.99,0.0
9249.24,0.0
9249.49,0.0
9249.74,0.0
9249.99,0.0
9250.24,0.0
9250.49,0.0
9250.74,0.0
9250.99,0.0
9251.24,0.0
9251.49,0.0
9251.74,0.0
9251.99,0.0
9252.25,0.0
9252.50,0.0
9252.75,0.0
9253.00,0.0
9253.25,0.0
9253.50,0.0
9253.75,0.0
9254.00,0.0
9254.25,0.0
9254.50,0.0
9254.75,0.0
9255.00,0.0
9255.25,0.0
9255.50,0.0
9255.75,0.0
9256.00,0.0
9256.25,0.0
9256.50,0.0
9256.75,0.0
9257.00,0.0
9257.25,0.0
9257.50,0.0
9257.75,0.0
9258.00,0.0
9258.25,0.0
9258.50,0.0
9258.75,0.0
9259.01,0.0
9259.26,0.0
9259.51,0.0
9259.76,0.0
9260.01,0.0
9260.26,0.0
9260.51,0.0
9260.76,0.0
9261.01,0.0
9261.26,0.0
9261.51,0.0
9261.76,0.0
9262.01,0.0
9262.26,0.0
9262.51,0.0
9262.76,0.0
9263.01,0.0
9263.26,0.0
9263.51,0.0
9263.76,0.0
9264.01,0.0
9264.26,0.0
9264.51,0.0
9264.76,0.0
9265.02,0.0
9265.27,0.0
9265.52,0.0
9265.77,0.0
9266.02,0.0
9266.27,0.0
9266.52,0.0
9266.77,0.0
9267.02,0.0
9267.27,0.0
9267.52,0.0
9267.77,0.0
9268.02,0.0
9268.27,0.0
9268.52,0.0
9268.77,0.0
9269.02,0.0
9269.27,0.0
9269.52,0.0
9269.77,0.0
9270.02,0.0
9270.27,0.0
9270.52,0.0
9270.77,0.0
9271.03,0.0
9271.28,0.0
9271.53,0.0
9271.78,0.0
9272.03,0.0
9272.28,0.0
9272.53,0.0
9272.78,0.0
9273.03,0.0
9273.28,0.0
9273.53,0.0
9273.78,0.0
9274.03,0.0
9274.28,0.0
9274.53,0.0
9274.78,0.0
9275.03,0.0
9275.28,0.0
9275.53,0.0
9275.78,0.0
9276.03,0.0
9276.28,0.0
9276.53,0.0
9276.78,0.0
9277.03,0.0
9277.29,0.0
9277.54,0.0
9277.79,0.0
9278.04,0.0
9278.29,0.0
9278.54,0.0
9278.79,0.0
9279.04,0.0
9279.29,0.0
9279.54,0.0
9279.79,0.0
9280.04,0.0
9280.29,0.0
9280.54,0.0
9280.79,0.0
9281.04,0.0
9281.29,0.0
9281.54,0.0
9281.79,0.0
9282.04,0.0
9282.29,0.0
9282.54,0.0
9282.80,0.0
9283.05,0.0
9283.30,0.0
9283.55,0.0
9283.80,0.0
9284.05,0.0
9284.30,0.0
9284.55,0.0
9284.80,0.0
9285.05,0.0
9285.30,0.0
9285.55,0.0
9285.80,0.0
9286.05,0.0
9286.30,0.0
9286.55,0.0
9286.80,0.0
9287.05,0.0
9287.30,0.0
9287.55,0.0
9287.80,0.0
9288.05,0.0
9288.30,0.0
9288.56,0.0
9288.81,0.0
9289.06,0.0
9289.31,0.0
9289.56,0.0
9289.81,0.0
9290.06,0.0
9290.31,0.0
9290.56,0.0
9290.81,0.0
9291.06,0.0
9291.31,0.0
9291.56,0.0
9291.81,0.0
9292.06,0.0
9292.31,0.0
9292.56,0.0
9292.81,0.0
9293.06,0.0
9293.31,0.0
9293.56,0.0
9293.81,0.0
9294.06,0.0
9294.31,0.0
9294.57,0.0
9294.82,0.0
9295.07,0.0
9295.32,0.0
9295.57,0.0
9295.82,0.0
9296.07,0.0
9296.32,0.0
9296.57,0.0
9296.82,0.0
9297.07,0.0
9297.32,0.0
9297.57,0.0
9297.82,0.0
9298.07,0.0
9298.32,0.0
9298.57,0.0
9298.82,0.0
9299.07,0.0
9299.32,0.0
9299.57,0.0
9299.82,0.0
9300.07,0.0
9300.32,0.0
9300.57,0.0
9300.83,0.0
9301.08,0.0
9301.33,0.0
9301.58,0.0
9301.83,0.0
9302.08,0.0
9302.33,0.0
9302.58,0.0
9302.83,0.0
9303.08,0.0
9303.33,0.0
9303.58,0.0
9303.83,0.0
9304.08,0.0
9304.33,0.0
9304.58,0.0
9304.83,0.0
9305.08,0.0
9305.33,0.0
9305.58,0.0
9305.83,0.0
9306.08,0.0
9306.33,0.0
9306.58,0.0
9306.83,0.0
9307.08,0.0
9307.34,0.0
9307.59,0.0
9307.84,0.0
9308.09,0.0
9308.34,0.0
9308.59,0.0
9308.84,0.0
9309.09,0.0
9309.34,0.0
9309.59,0.0
9309.84,0.0
9310.09,0.0
9310.34,0.0
9310.59,0.0
9310.84,0.0
9311.09,0.0
9311.34,0.0
9311.59,0.0
9311.84,0.0
9312.09,0.0
9312.34,0.0
9312.59,0.0
9312.84,0.0
9313.09,0.0
9313.34,0.0
9313.60,0.0
9313.85,0.0
9314.10,0.0
9314.35,0.0
9314.60,0.0
9314.85,0.0
9315.10,0.0
9315.35,0.0
9315.60,0.0
9315.85,0.0
9316.10,0.0
9316.35,0.0
9316.60,0.0
9316.85,0.0
9317.10,0.0
9317.35,0.0
9317.60,0.0
9317.85,0.0
9318.10,0.0
9318.35,0.0
9318.60,0.0
9318.85,0.0
9319.10,0.0
9319.35,0.0
9319.60,0.0
9319.86,0.0
9320.11,0.0
9320.36,0.0
9320.61,0.0
9320.86,0.0
9321.11,0.0
9321.36,0.0
9321.61,0.0
9321.86,0.0
9322.11,0.0
9322.36,0.0
9322.61,0.0
9322.86,0.0
9323.11,0.0
9323.36,0.0
9323.61,0.0
9323.86,0.0
9324.11,0.0
9324.36,0.0
9324.61,0.0
9324.86,0.0
9325.11,0.0
9325.36,0.0
9325.61,0.0
9325.86,0.0
9326.12,0.0
9326.37,0.0
9326.62,0.0
9326.87,0.0
9327.12,0.0
9327.37,0.0
9327.62,0.0
9327.87,0.0
9328.12,0.0
9328.37,0.0
9328.62,0.0
9328.87,0.0
9329.12,0.0
9329.37,0.0
9329.62,0.0
9329.87,0.0
9330.12,0.0
9330.37,0.0
9330.62,0.0
9330.87,0.0
9331.12,0.0
9331.37,0.0
9331.62,0.0
9331.88,0.0
9332.12,0.0
9332.38,0.0
9332.63,0.0
9332.88,0.0
9333.13,0.0
9333.38,0.0
9333.63,0.0
9333.88,0.0
9334.13,0.0
9334.38,0.0
9334.63,0.0
9334.88,0.0
9335.13,0.0
9335.38,0.0
9335.63,0.0
9335.88,0.0
9336.13,0.0
9336.38,0.0
9336.63,0.0
9336.88,0.0
9337.13,0.0
9337.38,0.0
9337.63,0.0
9337.89,0.0
9338.14,0.0
9338.39,0.0
9338.64,0.0
9338.89,0.0
9339.14,0.0
9339.39,0.0
9339.64,0.0
9339.89,0.0
9340.14,0.0
9340.39,0.0
9340.64,0.0
9340.89,0.0
9341.14,0.0
9341.39,0.0
9341.64,0.0
9341.89,0.0
9342.14,0.0
9342.39,0.0
9342.64,0.0
9342.89,0.0
9343.14,0.0
9343.39,0.0
9343.64,0.0
9343.90,0.0
9344.15,0.0
9344.40,0.0
9344.65,0.0
9344.90,0.0
9345.15,0.0
9345.40,0.0
9345.65,0.0
9345.90,0.0
9346.15,0.0
9346.40,0.0
9346.65,0.0
9346.90,0.0
9347.15,0.0
9347.40,0.0
9347.65,0.0
9347.90,0.0
9348.15,0.0
9348.40,0.0
9348.65,0.0
9348.90,0.0
9349.15,0.0
9349.40,0.0
9349.65,0.0
9349.91,0.0
9350.16,0.0
9350.41,0.0
9350.66,0.0
9350.91,0.0
9351.16,0.0
9351.41,0.0
9351.66,0.0
9351.91,0.0
9352.16,0.0
9352.41,0.0
9352.66,0.0
9352.91,0.0
9353.16,0.0
9353.41,0.0
9353.66,0.0
9353.91,0.0
9354.16,0.0
9354.41,0.0
9354.66,0.0
9354.91,0.0
9355.16,0.0
9355.41,0.0
9355.66,0.0
9355.92,0.0
9356.17,0.0
9356.42,0.0
9356.67,0.0
9356.92,0.0
9357.17,0.0
9357.42,0.0
9357.67,0.0
9357.92,0.0
9358.17,0.0
9358.42,0.0
9358.67,0.0
9358.92,0.0
9359.17,0.0
9359.42,0.0
9359.67,0.0
9359.92,0.0
9360.17,0.0
9360.42,0.0
9360.67,0.0
9360.92,0.0
9361.17,0.0
9361.42,0.0
9361.67,0.0
9361.92,0.0
9362.17,0.0
9362.43,0.0
9362.68,0.0
9362.93,0.0
9363.18,0.0
9363.43,0.0
9363.68,0.0
9363.93,0.0
9364.18,0.0
9364.43,0.0
9364.68,0.0
9364.93,0.0
9365.18,0.0
9365.43,0.0
9365.68,0.0
9365.93,0.0
9366.18,0.0
9366.43,0.0
9366.68,0.0
9366.93,0.0
9367.18,0.0
9367.43,0.0
9367.68,0.0
9367.93,0.0
9368.18,0.0
9368.44,0.0
9368.69,0.0
9368.94,0.0
9369.19,0.0
9369.44,0.0
9369.69,0.0
9369.94,0.0
9370.19,0.0
9370.44,0.0
9370.69,0.0
9370.94,0.0
9371.19,0.0
9371.44,0.0
9371.69,0.0
9371.94,0.0
9372.19,0.0
9372.44,0.0
9372.69,0.0
9372.94,0.0
9373.19,0.0
9373.44,0.0
9373.69,0.0
9373.94,0.0
9374.19,0.0
9374.45,0.0
9374.70,0.0
9374.95,0.0
9375.20,0.0
9375.45,0.0
9375.70,0.0
9375.95,0.0
9376.20,0.0
9376.45,0.0
9376.70,0.0
9376.95,0.0
9377.20,0.0
9377.45,0.0
9377.70,0.0
9377.95,0.0
9378.20,0.0
9378.45,0.0
9378.70,0.0
9378.95,0.0
9379.20,0.0
9379.45,0.0
9379.70,0.0
9379.95,0.0
9380.21,0.0
9380.46,0.0
9380.71,0.0
9380.96,0.0
9381.21,0.0
9381.46,0.0
9381.71,0.0
9381.96,0.0
9382.21,0.0
9382.46,0.0
9382.71,0.0
9382.96,0.0
9383.21,0.0
9383.46,0.0
9383.71,0.0
9383.96,0.0
9384.21,0.0
9384.46,0.0
9384.71,0.0
9384.96,0.0
9385.21,0.0
9385.46,0.0
9385.72,0.0
9385.97,0.0
9386.22,0.0
9386.47,0.0
9386.72,0.0
9386.97,0.0
9387.22,0.0
9387.47,0.0
9387.72,0.0
9387.97,0.0
9388.22,0.0
9388.47,0.0
9388.72,0.0
9388.97,0.0
9389.22,0.0
9389.47,0.0
9389.72,0.0
9389.97,0.0
9390.22,0.0
9390.47,0.0
9390.72,0.0
9390.97,0.0
9391.22,0.0
9391.47,0.0
9391.73,0.0
9391.98,0.0
9392.23,0.0
9392.48,0.0
9392.73,0.0
9392.98,0.0
9393.23,0.0
9393.48,0.0
9393.73,0.0
9393.98,0.0
9394.23,0.0
9394.48,0.0
9394.73,0.0
9394.98,0.0
9395.23,0.0
9395.48,0.0
9395.73,0.0
9395.98,0.0
9396.23,0.0
9396.48,0.0
9396.73,0.0
9396.98,0.0
9397.23,0.0
9397.48,0.0
9397.74,0.0
9397.99,0.0
9398.24,0.0
9398.49,0.0
9398.74,0.0
9398.99,0.0
9399.24,0.0
9399.49,0.0
9399.74,0.0
9399.99,0.0
9400.24,0.0
9400.49,0.0
9400.74,0.0
9400.99,0.0
9401.24,0.0
9401.49,0.0
9401.74,0.0
9401.99,0.0
9402.24,0.0
9402.49,0.0
9402.74,0.0
9402.99,0.0
9403.24,0.0
9403.49,0.0
9403.74,0.0
9404.00,0.0
9404.25,0.0
9404.50,0.0
9404.75,0.0
9405.00,0.0
9405.25,0.0
9405.50,0.0
9405.75,0.0
9406.00,0.0
9406.25,0.0
9406.50,0.0
9406.75,0.0
9407.00,0.0
9407.25,0.0
9407.50,0.0
9407.75,0.0
9408.00,0.0
9408.25,0.0
9408.50,0.0
9408.75,0.0
9409.00,0.0
9409.25,0.0
9409.50,0.0
9409.75,0.0
9410.00,0.0
9410.25,0.0
9410.50,0.0
9410.76,0.0
9411.01,0.0
9411.26,0.0
9411.51,0.0
9411.76,0.0
9412.01,0.0
9412.26,0.0
9412.51,0.0
9412.76,0.0
9413.01,0.0
9413.26,0.0
9413.51,0.0
9413.76,0.0
9414.01,0.0
9414.26,0.0
9414.51,0.0
9414.76,0.0
9415.01,0.0
9415.26,0.0
9415.51,0.0
9415.76,0.0
9416.01,0.0
9416.26,0.0
9416.51,0.0
9416.77,0.0
9417.02,0.0
9417.27,0.0
9417.52,0.0
9417.77,0.0
9418.02,0.0
9418.27,0.0
9418.52,0.0
9418.77,0.0
9419.02,0.0
9419.27,0.0
9419.52,0.0
9419.77,0.0
9420.02,0.0
9420.27,0.0
9420.52,0.0
9420.77,0.0
9421.02,0.0
9421.27,0.0
9421.52,0.0
9421.77,0.0
9422.02,0.0
9422.27,0.0
9422.52,0.0
9422.78,0.0
9423.03,0.0
9423.28,0.0
9423.53,0.0
9423.78,0.0
9424.03,0.0
9424.28,0.0
9424.53,0.0
9424.78,0.0
9425.03,0.0
9425.28,0.0
9425.53,0.0
9425.78,0.0
9426.03,0.0
9426.28,0.0
9426.53,0.0
9426.78,0.0
9427.03,0.0
9427.28,0.0
9427.53,0.0
9427.78,0.0
9428.03,0.0
9428.28,0.0
9428.53,0.0
9428.79,0.0
9429.04,0.0
9429.29,0.0
9429.54,0.0
9429.79,0.0
9430.04,0.0
9430.29,0.0
9430.54,0.0
9430.79,0.0
9431.04,0.0
9431.29,0.0
9431.54,0.0
9431.79,0.0
9432.04,0.0
9432.29,0.0
9432.54,0.0
9432.79,0.0
9433.04,0.0
9433.29,0.0
9433.54,0.0
9433.79,0.0
9434.04,0.0
9434.30,0.0
9434.55,0.0
9434.80,0.0
9435.05,0.0
9435.30,0.0
9435.55,0.0
9435.80,0.0
9436.05,0.0
9436.30,0.0
9436.55,0.0
9436.80,0.0
9437.05,0.0
9437.30,0.0
9437.55,0.0
9437.80,0.0
9438.05,0.0
9438.30,0.0
9438.55,0.0
9438.80,0.0
9439.05,0.0
9439.30,0.0
9439.55,0.0
9439.80,0.0
9440.05,0.0
9440.31,0.0
9440.56,0.0
9440.81,0.0
9441.06,0.0
9441.31,0.0
9441.56,0.0
9441.81,0.0
9442.06,0.0
9442.31,0.0
9442.56,0.0
9442.81,0.0
9443.06,0.0
9443.31,0.0
9443.56,0.0
9443.81,0.0
9444.06,0.0
9444.31,0.0
9444.56,0.0
9444.81,0.0
9445.06,0.0
9445.31,0.0
9445.56,0.0
9445.81,0.0
9446.06,0.0
9446.31,0.0
9446.56,0.0
9446.82,0.0
9447.07,0.0
9447.32,0.0
9447.57,0.0
9447.82,0.0
9448.07,0.0
9448.32,0.0
9448.57,0.0
9448.82,0.0
9449.07,0.0
9449.32,0.0
9449.57,0.0
9449.82,0.0
9450.07,0.0
9450.32,0.0
9450.57,0.0
9450.82,0.0
9451.07,0.0
9451.32,0.0
9451.57,0.0
9451.82,0.0
9452.07,0.0
9452.32,0.0
9452.57,0.0
9452.82,0.0
9453.07,0.0
9453.33,0.0
9453.58,0.0
9453.83,0.0
9454.08,0.0
9454.33,0.0
9454.58,0.0
9454.83,0.0
9455.08,0.0
9455.33,0.0
9455.58,0.0
9455.83,0.0
9456.08,0.0
9456.33,0.0
9456.58,0.0
9456.83,0.0
9457.08,0.0
9457.33,0.0
9457.58,0.0
9457.83,0.0
9458.08,0.0
9458.33,0.0
9458.58,0.0
9458.83,0.0
9459.08,0.0
9459.33,0.0
9459.58,0.0
9459.83,0.0
9460.09,0.0
9460.34,0.0
9460.59,0.0
9460.84,0.0
9461.09,0.0
9461.34,0.0
9461.59,0.0
9461.84,0.0
9462.09,0.0
9462.34,0.0
9462.59,0.0
9462.84,0.0
9463.09,0.0
9463.34,0.0
9463.59,0.0
9463.84,0.0
9464.09,0.0
9464.34,0.0
9464.59,0.0
9464.84,0.0
9465.09,0.0
9465.34,0.0
9465.59,0.0
9465.84,0.0
9466.09,0.0
9466.35,0.0
9466.60,0.0
9466.85,0.0
9467.10,0.0
9467.35,0.0
9467.60,0.0
9467.85,0.0
9468.10,0.0
9468.35,0.0
9468.60,0.0
9468.85,0.0
9469.10,0.0
9469.35,0.0
9469.60,0.0
9469.85,0.0
9470.10,0.0
9470.35,0.0
9470.60,0.0
9470.85,0.0
9471.10,0.0
9471.35,0.0
9471.60,0.0
9471.85,0.0
9472.10,0.0
9472.36,0.0
9472.61,0.0
9472.86,0.0
9473.11,0.0
9473.36,0.0
9473.61,0.0
9473.86,0.0
9474.11,0.0
9474.36,0.0
9474.61,0.0
9474.86,0.0
9475.11,0.0
9475.36,0.0
9475.61,0.0
9475.86,0.0
9476.11,0.0
9476.36,0.0
9476.61,0.0
9476.86,0.0
9477.11,0.0
9477.36,0.0
9477.61,0.0
9477.86,0.0
9478.11,0.0
9478.37,0.0
9478.62,0.0
9478.87,0.0
9479.12,0.0
9479.37,0.0
9479.62,0.0
9479.87,0.0
9480.12,0.0
9480.37,0.0
9480.62,0.0
9480.87,0.0
9481.12,0.0
9481.37,0.0
9481.62,0.0
9481.87,0.0
9482.12,0.0
9482.37,0.0
9482.62,0.0
9482.87,0.0
9483.12,0.0
9483.37,0.0
9483.62,0.0
9483.88,0.0
9484.12,0.0
9484.38,0.0
9484.63,0.0
9484.88,0.0
9485.13,0.0
9485.38,0.0
9485.63,0.0
9485.88,0.0
9486.13,0.0
9486.38,0.0
9486.63,0.0
9486.88,0.0
9487.13,0.0
9487.38,0.0
9487.63,0.0
9487.88,0.0
9488.13,0.0
9488.38,0.0
9488.63,0.0
9488.88,0.0
9489.13,0.0
9489.38,0.0
9489.63,0.0
9489.89,0.0
9490.14,0.0
9490.39,0.0
9490.64,0.0
9490.89,0.0
9491.14,0.0
9491.39,0.0
9491.64,0.0
9491.89,0.0
9492.14,0.0
9492.39,0.0
9492.64,0.0
9492.89,0.0
9493.14,0.0
9493.39,0.0
9493.64,0.0
9493.89,0.0
9494.14,0.0
9494.39,0.0
9494.64,0.0
9494.89,0.0
9495.14,0.0
9495.39,0.0
9495.64,0.0
9495.90,0.0
9496.15,0.0
9496.40,0.0
9496.65,0.0
9496.90,0.0
9497.15,0.0
9497.40,0.0
9497.65,0.0
9497.90,0.0
9498.15,0.0
9498.40,0.0
9498.65,0.0
9498.90,0.0
9499.15,0.0
9499.40,0.0
9499.65,0.0
9499.90,0.0
9500.15,0.0
9500.40,0.0
9500.65,0.0
9500.90,0.0
9501.15,0.0
9501.40,0.0
9501.66,0.0
9501.91,0.0
9502.16,0.0
9502.41,0.0
9502.66,0.0
9502.91,0.0
9503.16,0.0
9503.41,0.0
9503.66,0.0
9503.91,0.0
9504.16,0.0
9504.41,0.0
9504.66,0.0
9504.91,0.0
9505.16,0.0
9505.41,0.0
9505.66,0.0
9505.91,0.0
9506.16,0.0
9506.41,0.0
9506.66,0.0
9506.91,0.0
9507.16,0.0
9507.41,0.0
9507.66,0.0
9507.92,0.0
9508.17,0.0
9508.42,0.0
9508.67,0.0
9508.92,0.0
9509.17,0.0
9509.42,0.0
9509.67,0.0
9509.92,0.0
9510.17,0.0
9510.42,0.0
9510.67,0.0
9510.92,0.0
9511.17,0.0
9511.42,0.0
9511.67,0.0
9511.92,0.0
9512.17,0.0
9512.42,0.0
9512.67,0.0
9512.92,0.0
9513.17,0.0
9513.42,0.0
9513.67,0.0
9513.92,0.0
9514.17,0.0
9514.43,0.0
9514.68,0.0
9514.93,0.0
9515.18,0.0
9515.43,0.0
9515.68,0.0
9515.93,0.0
9516.18,0.0
9516.43,0.0
9516.68,0.0
9516.93,0.0
9517.18,0.0
9517.43,0.0
9517.68,0.0
9517.93,0.0
9518.18,0.0
9518.43,0.0
9518.68,0.0
9518.93,0.0
9519.18,0.0
9519.43,0.0
9519.68,0.0
9519.93,0.0
9520.19,0.0
9520.44,0.0
9520.69,0.0
9520.94,0.0
9521.19,0.0
9521.44,0.0
9521.69,0.0
9521.94,0.0
9522.19,0.0
9522.44,0.0
9522.69,0.0
9522.94,0.0
9523.19,0.0
9523.44,0.0
9523.69,0.0
9523.94,0.0
9524.19,0.0
9524.44,0.0
9524.69,0.0
9524.94,0.0
9525.19,0.0
9525.44,0.0
9525.69,0.0
9525.94,0.0
9526.20,0.0
9526.45,0.0
9526.70,0.0
9526.95,0.0
9527.20,0.0
9527.45,0.0
9527.70,0.0
9527.95,0.0
9528.20,0.0
9528.45,0.0
9528.70,0.0
9528.95,0.0
9529.20,0.0
9529.45,0.0
9529.70,0.0
9529.95,0.0
9530.20,0.0
9530.45,0.0
9530.70,0.0
9530.95,0.0
9531.20,0.0
9531.45,0.0
9531.70,0.0
9531.96,0.0
9532.21,0.0
9532.46,0.0
9532.71,0.0
9532.96,0.0
9533.21,0.0
9533.46,0.0
9533.71,0.0
9533.96,0.0
9534.21,0.0
9534.46,0.0
9534.71,0.0
9534.96,0.0
9535.21,0.0
9535.46,0.0
9535.71,0.0
9535.96,0.0
9536.21,0.0
9536.46,0.0
9536.71,0.0
9536.96,0.0
9537.21,0.0
9537.47,0.0
9537.72,0.0
9537.97,0.0
9538.22,0.0
9538.47,0.0
9538.72,0.0
9538.97,0.0
9539.22,0.0
9539.47,0.0
9539.72,0.0
9539.97,0.0
9540.22,0.0
9540.47,0.0
9540.72,0.0
9540.97,0.0
9541.22,0.0
9541.47,0.0
9541.72,0.0
9541.97,0.0
9542.22,0.0
9542.47,0.0
9542.72,0.0
9542.97,0.0
9543.22,0.0
9543.47,0.0
9543.72,0.0
9543.98,0.0
9544.23,0.0
9544.48,0.0
9544.73,0.0
9544.98,0.0
9545.23,0.0
9545.48,0.0
9545.73,0.0
9545.98,0.0
9546.23,0.0
9546.48,0.0
9546.73,0.0
9546.98,0.0
9547.23,0.0
9547.48,0.0
9547.73,0.0
9547.98,0.0
9548.23,0.0
9548.48,0.0
9548.73,0.0
9548.98,0.0
9549.23,0.0
9549.48,0.0
9549.73,0.0
9549.99,0.0
9550.24,0.0
9550.49,0.0
9550.74,0.0
9550.99,0.0
9551.24,0.0
9551.49,0.0
9551.74,0.0
9551.99,0.0
9552.24,0.0
9552.49,0.0
9552.74,0.0
9552.99,0.0
9553.24,0.0
9553.49,0.0
9553.74,0.0
9553.99,0.0
9554.24,0.0
9554.49,0.0
9554.74,0.0
9554.99,0.0
9555.24,0.0
9555.49,0.0
9555.75,0.0
9556.00,0.0
9556.25,0.0
9556.50,0.0
9556.75,0.0
9557.00,0.0
9557.25,0.0
9557.50,0.0
9557.75,0.0
9558.00,0.0
9558.25,0.0
9558.50,0.0
9558.75,0.0
9559.00,0.0
9559.25,0.0
9559.50,0.0
9559.75,0.0
9560.00,0.0
9560.25,0.0
9560.50,0.0
9560.75,0.0
9561.00,0.0
9561.25,0.0
9561.50,0.0
9561.75,0.0
9562.00,0.0
9562.26,0.0
9562.51,0.0
9562.76,0.0
9563.01,0.0
9563.26,0.0
9563.51,0.0
9563.76,0.0
9564.01,0.0
9564.26,0.0
9564.51,0.0
9564.76,0.0
9565.01,0.0
9565.26,0.0
9565.51,0.0
9565.76,0.0
9566.01,0.0
9566.26,0.0
9566.51,0.0
9566.76,0.0
9567.01,0.0
9567.26,0.0
9567.51,0.0
9567.76,0.0
9568.01,0.0
9568.27,0.0
9568.52,0.0
9568.77,0.0
9569.02,0.0
9569.27,0.0
9569.52,0.0
9569.77,0.0
9570.02,0.0
9570.27,0.0
9570.52,0.0
9570.77,0.0
9571.02,0.0
9571.27,0.0
9571.52,0.0
9571.77,0.0
9572.02,0.0
9572.27,0.0
9572.52,0.0
9572.77,0.0
9573.02,0.0
9573.27,0.0
9573.52,0.0
9573.77,0.0
9574.03,0.0
9574.28,0.0
9574.53,0.0
9574.78,0.0
9575.03,0.0
9575.28,0.0
9575.53,0.0
9575.78,0.0
9576.03,0.0
9576.28,0.0
9576.53,0.0
9576.78,0.0
9577.03,0.0
9577.28,0.0
9577.53,0.0
9577.78,0.0
9578.03,0.0
9578.28,0.0
9578.53,0.0
9578.78,0.0
9579.03,0.0
9579.28,0.0
9579.53,0.0
9579.78,0.0
9580.04,0.0
9580.29,0.0
9580.54,0.0
9580.79,0.0
9581.04,0.0
9581.29,0.0
9581.54,0.0
9581.79,0.0
9582.04,0.0
9582.29,0.0
9582.54,0.0
9582.79,0.0
9583.04,0.0
9583.29,0.0
9583.54,0.0
9583.79,0.0
9584.04,0.0
9584.29,0.0
9584.54,0.0
9584.79,0.0
9585.05,0.0
9585.30,0.0
9585.55,0.0
9585.80,0.0
9586.05,0.0
9586.30,0.0
9586.55,0.0
9586.80,0.0
9587.05,0.0
9587.30,0.0
9587.55,0.0
9587.80,0.0
9588.05,0.0
9588.30,0.0
9588.55,0.0
9588.80,0.0
9589.05,0.0
9589.30,0.0
9589.55,0.0
9589.80,0.0
9590.05,0.0
9590.30,0.0
9590.55,0.0
9590.81,0.0
9591.06,0.0
9591.31,0.0
9591.56,0.0
9591.81,0.0
9592.06,0.0
9592.31,0.0
9592.56,0.0
9592.81,0.0
9593.06,0.0
9593.31,0.0
9593.56,0.0
9593.81,0.0
9594.06,0.0
9594.31,0.0
9594.56,0.0
9594.81,0.0
9595.06,0.0
9595.31,0.0
9595.56,0.0
9595.81,0.0
9596.06,0.0
9596.31,0.0
9596.56,0.0
9596.82,0.0
9597.07,0.0
9597.32,0.0
9597.57,0.0
9597.82,0.0
9598.07,0.0
9598.32,0.0
9598.57,0.0
9598.82,0.0
9599.07,0.0
9599.32,0.0
9599.57,0.0
9599.82,0.0
9600.07,0.0
9600.32,0.0
9600.57,0.0
9600.82,0.0
9601.07,0.0
9601.32,0.0
9601.57,0.0
9601.82,0.0
9602.07,0.0
9602.32,0.0
9602.57,0.0
9602.83,0.0
9603.08,0.0
9603.33,0.0
9603.58,0.0
9603.83,0.0
9604.08,0.0
9604.33,0.0
9604.58,0.0
9604.83,0.0
9605.08,0.0
9605.33,0.0
9605.58,0.0
9605.83,0.0
9606.08,0.0
9606.33,0.0
9606.58,0.0
9606.83,0.0
9607.08,0.0
9607.33,0.0
9607.58,0.0
9607.83,0.0
9608.08,0.0
9608.33,0.0
9608.58,0.0
9608.83,0.0
9609.08,0.0
9609.34,0.0
9609.59,0.0
9609.84,0.0
9610.09,0.0
9610.34,0.0
9610.59,0.0
9610.84,0.0
9611.09,0.0
9611.34,0.0
9611.59,0.0
9611.84,0.0
9612.09,0.0
9612.34,0.0
9612.59,0.0
9612.84,0.0
9613.09,0.0
9613.34,0.0
9613.59,0.0
9613.84,0.0
9614.09,0.0
9614.34,0.0
9614.59,0.0
9614.84,0.0
9615.09,0.0
9615.35,0.0
9615.60,0.0
9615.85,0.0
9616.10,0.0
9616.35,0.0
9616.60,0.0
9616.85,0.0
9617.10,0.0
9617.35,0.0
9617.60,0.0
9617.85,0.0
9618.10,0.0
9618.35,0.0
9618.60,0.0
9618.85,0.0
9619.10,0.0
9619.35,0.0
9619.60,0.0
9619.85,0.0
9620.10,0.0
9620.35,0.0
9620.60,0.0
9620.85,0.0
9621.10,0.0
9621.35,0.0
9621.61,0.0
9621.86,0.0
9622.11,0.0
9622.36,0.0
9622.61,0.0
9622.86,0.0
9623.11,0.0
9623.36,0.0
9623.61,0.0
9623.86,0.0
9624.11,0.0
9624.36,0.0
9624.61,0.0
9624.86,0.0
9625.11,0.0
9625.36,0.0
9625.61,0.0
9625.86,0.0
9626.11,0.0
9626.36,0.0
9626.61,0.0
9626.86,0.0
9627.11,0.0
9627.36,0.0
9627.62,0.0
9627.87,0.0
9628.12,0.0
9628.37,0.0
9628.62,0.0
9628.87,0.0
9629.12,0.0
9629.37,0.0
9629.62,0.0
9629.87,0.0
9630.12,0.0
9630.37,0.0
9630.62,0.0
9630.87,0.0
9631.12,0.0
9631.37,0.0
9631.62,0.0
9631.87,0.0
9632.12,0.0
9632.37,0.0
9632.62,0.0
9632.87,0.0
9633.12,0.0
9633.38,0.0
9633.62,0.0
9633.88,0.0
9634.13,0.0
9634.38,0.0
9634.63,0.0
9634.88,0.0
9635.13,0.0
9635.38,0.0
9635.63,0.0
9635.88,0.0
9636.13,0.0
9636.38,0.0
9636.63,0.0
9636.88,0.0
9637.14,0.0
9637.39,0.0
9637.64,0.0
9637.89,0.0
9638.14,0.0
9638.39,0.0
9638.64,0.0
9638.89,0.0
9639.14,0.0
9639.39,0.0
9639.64,0.0
9639.89,0.0
9640.14,0.0
9640.39,0.0
9640.64,0.0
9640.89,0.0
9641.14,0.0
9641.39,0.0
9641.64,0.0
9641.89,0.0
9642.14,0.0
9642.39,0.0
9642.64,0.0
9642.89,0.0
9643.15,0.0
9643.40,0.0
9643.65,0.0
9643.90,0.0
9644.15,0.0
9644.40,0.0
9644.65,0.0
9644.90,0.0
9645.15,0.0
9645.40,0.0
9645.65,0.0
9645.90,0.0
9646.15,0.0
9646.40,0.0
9646.65,0.0
9646.90,0.0
9647.15,0.0
9647.40,0.0
9647.65,0.0
9647.90,0.0
9648.15,0.0
9648.40,0.0
9648.65,0.0
9648.90,0.0
9649.16,0.0
9649.41,0.0
9649.66,0.0
9649.91,0.0
9650.16,0.0
9650.41,0.0
9650.66,0.0
9650.91,0.0
9651.16,0.0
9651.41,0.0
9651.66,0.0
9651.91,0.0
9652.16,0.0
9652.41,0.0
9652.66,0.0
9652.91,0.0
9653.16,0.0
9653.41,0.0
9653.66,0.0
9653.91,0.0
9654.16,0.0
9654.41,0.0
9654.66,0.0
9654.92,0.0
9655.17,0.0
9655.42,0.0
9655.67,0.0
9655.92,0.0
9656.17,0.0
9656.42,0.0
9656.67,0.0
9656.92,0.0
9657.17,0.0
9657.42,0.0
9657.67,0.0
9657.92,0.0
9658.17,0.0
9658.42,0.0
9658.67,0.0
9658.92,0.0
9659.17,0.0
9659.42,0.0
9659.67,0.0
9659.92,0.0
9660.17,0.0
9660.42,0.0
9660.67,0.0
9660.92,0.0
9661.17,0.0
9661.42,0.0
9661.68,0.0
9661.93,0.0
9662.18,0.0
9662.43,0.0
9662.68,0.0
9662.93,0.0
9663.18,0.0
9663.43,0.0
9663.68,0.0
9663.93,0.0
9664.18,0.0
9664.43,0.0
9664.68,0.0
9664.93,0.0
9665.18,0.0
9665.43,0.0
9665.68,0.0
9665.93,0.0
9666.18,0.0
9666.43,0.0
9666.68,0.0
9666.93,0.0
9667.18,0.0
9667.43,0.0
9667.69,0.0
9667.94,0.0
9668.19,0.0
9668.44,0.0
9668.69,0.0
9668.94,0.0
9669.19,0.0
9669.44,0.0
9669.69,0.0
9669.94,0.0
9670.19,0.0
9670.44,0.0
9670.69,0.0
9670.94,0.0
9671.19,0.0
9671.44,0.0
9671.69,0.0
9671.94,0.0
9672.19,0.0
9672.44,0.0
9672.69,0.0
9672.94,0.0
9673.19,0.0
9673.45,0.0
9673.70,0.0
9673.95,0.0
9674.20,0.0
9674.45,0.0
9674.70,0.0
9674.95,0.0
9675.20,0.0
9675.45,0.0
9675.70,0.0
9675.95,0.0
9676.20,0.0
9676.45,0.0
9676.70,0.0
9676.95,0.0
9677.20,0.0
9677.45,0.0
9677.70,0.0
9677.95,0.0
9678.20,0.0
9678.45,0.0
9678.70,0.0
9678.95,0.0
9679.20,0.0
9679.45,0.0
9679.71,0.0
9679.96,0.0
9680.21,0.0
9680.46,0.0
9680.71,0.0
9680.96,0.0
9681.21,0.0
9681.46,0.0
9681.71,0.0
9681.96,0.0
9682.21,0.0
9682.46,0.0
9682.71,0.0
9682.96,0.0
9683.21,0.0
9683.46,0.0
9683.71,0.0
9683.96,0.0
9684.21,0.0
9684.46,0.0
9684.71,0.0
9684.97,0.0
9685.22,0.0
9685.47,0.0
9685.72,0.0
9685.97,0.0
9686.22,0.0
9686.47,0.0
9686.72,0.0
9686.97,0.0
9687.22,0.0
9687.47,0.0
9687.72,0.0
9687.97,0.0
9688.22,0.0
9688.47,0.0
9688.72,0.0
9688.97,0.0
9689.22,0.0
9689.47,0.0
9689.72,0.0
9689.97,0.0
9690.22,0.0
9690.47,0.0
9690.72,0.0
9690.97,0.0
9691.23,0.0
9691.48,0.0
9691.73,0.0
9691.98,0.0
9692.23,0.0
9692.48,0.0
9692.73,0.0
9692.98,0.0
9693.23,0.0
9693.48,0.0
9693.73,0.0
9693.98,0.0
9694.23,0.0
9694.48,0.0
9694.73,0.0
9694.98,0.0
9695.23,0.0
9695.48,0.0
9695.73,0.0
9695.98,0.0
9696.23,0.0
9696.48,0.0
9696.73,0.0
9696.98,0.0
9697.24,0.0
9697.49,0.0
9697.74,0.0
9697.99,0.0
9698.24,0.0
9698.49,0.0
9698.74,0.0
9698.99,0.0
9699.24,0.0
9699.49,0.0
9699.74,0.0
9699.99,0.0
9700.24,0.0
9700.49,0.0
9700.74,0.0
9700.99,0.0
9701.24,0.0
9701.49,0.0
9701.74,0.0
9701.99,0.0
9702.24,0.0
9702.49,0.0
9702.74,0.0
9702.99,0.0
9703.25,0.0
9703.50,0.0
9703.75,0.0
9704.00,0.0
9704.25,0.0
9704.50,0.0
9704.75,0.0
9705.00,0.0
9705.25,0.0
9705.50,0.0
9705.75,0.0
9706.00,0.0
9706.25,0.0
9706.50,0.0
9706.75,0.0
9707.00,0.0
9707.25,0.0
9707.50,0.0
9707.75,0.0
9708.00,0.0
9708.25,0.0
9708.50,0.0
9708.75,0.0
9709.00,0.0
9709.25,0.0
9709.50,0.0
9709.76,0.0
9710.01,0.0
9710.26,0.0
9710.51,0.0
9710.76,0.0
9711.01,0.0
9711.26,0.0
9711.51,0.0
9711.76,0.0
9712.01,0.0
9712.26,0.0
9712.51,0.0
9712.76,0.0
9713.01,0.0
9713.26,0.0
9713.51,0.0
9713.76,0.0
9714.01,0.0
9714.26,0.0
9714.51,0.0
9714.76,0.0
9715.01,0.0
9715.26,0.0
9715.51,0.0
9715.77,0.0
9716.02,0.0
9716.27,0.0
9716.52,0.0
9716.77,0.0
9717.02,0.0
9717.27,0.0
9717.52,0.0
9717.77,0.0
9718.02,0.0
9718.27,0.0
9718.52,0.0
9718.77,0.0
9719.02,0.0
9719.27,0.0
9719.52,0.0
9719.77,0.0
9720.02,0.0
9720.27,0.0
9720.52,0.0
9720.77,0.0
9721.02,0.0
9721.27,0.0
9721.52,0.0
9721.78,0.0
9722.03,0.0
9722.28,0.0
9722.53,0.0
9722.78,0.0
9723.03,0.0
9723.28,0.0
9723.53,0.0
9723.78,0.0
9724.03,0.0
9724.28,0.0
9724.53,0.0
9724.78,0.0
9725.03,0.0
9725.28,0.0
9725.53,0.0
9725.78,0.0
9726.03,0.0
9726.28,0.0
9726.53,0.0
9726.78,0.0
9727.03,0.0
9727.28,0.0
9727.54,0.0
9727.79,0.0
9728.04,0.0
9728.29,0.0
9728.54,0.0
9728.79,0.0
9729.04,0.0
9729.29,0.0
9729.54,0.0
9729.79,0.0
9730.04,0.0
9730.29,0.0
9730.54,0.0
9730.79,0.0
9731.04,0.0
9731.29,0.0
9731.54,0.0
9731.79,0.0
9732.04,0.0
9732.29,0.0
9732.54,0.0
9732.80,0.0
9733.05,0.0
9733.30,0.0
9733.55,0.0
9733.80,0.0
9734.05,0.0
9734.30,0.0
9734.55,0.0
9734.80,0.0
9735.05,0.0
9735.30,0.0
9735.55,0.0
9735.80,0.0
9736.05,0.0
9736.30,0.0
9736.55,0.0
9736.80,0.0
9737.05,0.0
9737.30,0.0
9737.55,0.0
9737.80,0.0
9738.05,0.0
9738.30,0.0
9738.55,0.0
9738.81,0.0
9739.06,0.0
9739.31,0.0
9739.56,0.0
9739.81,0.0
9740.06,0.0
9740.31,0.0
9740.56,0.0
9740.81,0.0
9741.06,0.0
9741.31,0.0
9741.56,0.0
9741.81,0.0
9742.06,0.0
9742.31,0.0
9742.56,0.0
9742.81,0.0
9743.06,0.0
9743.31,0.0
9743.56,0.0
9743.81,0.0
9744.06,0.0
9744.31,0.0
9744.56,0.0
9744.81,0.0
9745.07,0.0
9745.32,0.0
9745.57,0.0
9745.82,0.0
9746.07,0.0
9746.32,0.0
9746.57,0.0
9746.82,0.0
9747.07,0.0
9747.32,0.0
9747.57,0.0
9747.82,0.0
9748.07,0.0
9748.32,0.0
9748.57,0.0
9748.82,0.0
9749.07,0.0
9749.32,0.0
9749.57,0.0
9749.82,0.0
9750.07,0.0
9750.32,0.0
9750.57,0.0
9750.82,0.0
9751.07,0.0
9751.33,0.0
9751.58,0.0
9751.83,0.0
9752.08,0.0
9752.33,0.0
9752.58,0.0
9752.83,0.0
9753.08,0.0
9753.33,0.0
9753.58,0.0
9753.83,0.0
9754.08,0.0
9754.33,0.0
9754.58,0.0
9754.83,0.0
9755.08,0.0
9755.33,0.0
9755.58,0.0
9755.83,0.0
9756.08,0.0
9756.33,0.0
9756.58,0.0
9756.83,0.0
9757.08,0.0
9757.33,0.0
9757.58,0.0
9757.84,0.0
9758.09,0.0
9758.34,0.0
9758.59,0.0
9758.84,0.0
9759.09,0.0
9759.34,0.0
9759.59,0.0
9759.84,0.0
9760.09,0.0
9760.34,0.0
9760.59,0.0
9760.84,0.0
9761.09,0.0
9761.34,0.0
9761.59,0.0
9761.84,0.0
9762.09,0.0
9762.34,0.0
9762.59,0.0
9762.84,0.0
9763.09,0.0
9763.34,0.0
9763.59,0.0
9763.84,0.0
9764.10,0.0
9764.35,0.0
9764.60,0.0
9764.85,0.0
9765.10,0.0
9765.35,0.0
9765.60,0.0
9765.85,0.0
9766.10,0.0
9766.35,0.0
9766.60,0.0
9766.85,0.0
9767.10,0.0
9767.35,0.0
9767.60,0.0
9767.85,0.0
9768.10,0.0
9768.35,0.0
9768.60,0.0
9768.85,0.0
9769.10,0.0
9769.35,0.0
9769.61,0.0
9769.86,0.0
9770.11,0.0
9770.36,0.0
9770.61,0.0
9770.86,0.0
9771.11,0.0
9771.36,0.0
9771.61,0.0
9771.86,0.0
9772.11,0.0
9772.36,0.0
9772.61,0.0
9772.86,0.0
9773.11,0.0
9773.36,0.0
9773.61,0.0
9773.86,0.0
9774.11,0.0
9774.36,0.0
9774.61,0.0
9774.86,0.0
9775.11,0.0
9775.36,0.0
9775.61,0.0
9775.87,0.0
9776.12,0.0
9776.37,0.0
9776.62,0.0
9776.87,0.0
9777.12,0.0
9777.37,0.0
9777.62,0.0
9777.87,0.0
9778.12,0.0
9778.37,0.0
9778.62,0.0
9778.87,0.0
9779.12,0.0
9779.37,0.0
9779.62,0.0
9779.87,0.0
9780.12,0.0
9780.37,0.0
9780.62,0.0
9780.87,0.0
9781.12,0.0
9781.38,0.0
9781.63,0.0
9781.88,0.0
9782.13,0.0
9782.38,0.0
9782.63,0.0
9782.88,0.0
9783.13,0.0
9783.38,0.0
9783.63,0.0
9783.88,0.0
9784.13,0.0
9784.38,0.0
9784.63,0.0
9784.88,0.0
9785.13,0.0
9785.38,0.0
9785.63,0.0
9785.88,0.0
9786.13,0.0
9786.38,0.0
9786.63,0.0
9786.89,0.0
9787.14,0.0
9787.39,0.0
9787.64,0.0
9787.89,0.0
9788.14,0.0
9788.39,0.0
9788.64,0.0
9788.89,0.0
9789.14,0.0
9789.39,0.0
9789.64,0.0
9789.89,0.0
9790.14,0.0
9790.39,0.0
9790.64,0.0
9790.89,0.0
9791.14,0.0
9791.39,0.0
9791.64,0.0
9791.89,0.0
9792.14,0.0
9792.39,0.0
9792.64,0.0
9792.90,0.0
9793.15,0.0
9793.40,0.0
9793.65,0.0
9793.90,0.0
9794.15,0.0
9794.40,0.0
9794.65,0.0
9794.90,0.0
9795.15,0.0
9795.40,0.0
9795.65,0.0
9795.90,0.0
9796.15,0.0
9796.40,0.0
9796.65,0.0
9796.90,0.0
9797.15,0.0
9797.40,0.0
9797.65,0.0
9797.90,0.0
9798.15,0.0
9798.40,0.0
9798.66,0.0
9798.91,0.0
9799.16,0.0
9799.41,0.0
9799.66,0.0
9799.91,0.0
9800.16,0.0
9800.41,0.0
9800.66,0.0
9800.91,0.0
9801.16,0.0
9801.41,0.0
9801.66,0.0
9801.91,0.0
9802.16,0.0
9802.41,0.0
9802.66,0.0
9802.91,0.0
9803.16,0.0
9803.41,0.0
9803.66,0.0
9803.91,0.0
9804.16,0.0
9804.41,0.0
9804.67,0.0
9804.92,0.0
9805.17,0.0
9805.42,0.0
9805.67,0.0
9805.92,0.0
9806.17,0.0
9806.42,0.0
9806.67,0.0
9806.92,0.0
9807.17,0.0
9807.42,0.0
9807.67,0.0
9807.92,0.0
9808.17,0.0
9808.42,0.0
9808.67,0.0
9808.92,0.0
9809.17,0.0
9809.42,0.0
9809.67,0.0
9809.92,0.0
9810.17,0.0
9810.42,0.0
9810.67,0.0
9810.93,0.0
9811.18,0.0
9811.43,0.0
9811.68,0.0
9811.93,0.0
9812.18,0.0
9812.43,0.0
9812.68,0.0
9812.93,0.0
9813.18,0.0
9813.43,0.0
9813.68,0.0
9813.93,0.0
9814.18,0.0
9814.43,0.0
9814.68,0.0
9814.93,0.0
9815.18,0.0
9815.43,0.0
9815.68,0.0
9815.93,0.0
9816.18,0.0
9816.43,0.0
9816.69,0.0
9816.94,0.0
9817.19,0.0
9817.44,0.0
9817.69,0.0
9817.94,0.0
9818.19,0.0
9818.44,0.0
9818.69,0.0
9818.94,0.0
9819.19,0.0
9819.44,0.0
9819.69,0.0
9819.94,0.0
9820.19,0.0
9820.44,0.0
9820.69,0.0
9820.94,0.0
9821.19,0.0
9821.44,0.0
9821.69,0.0
9821.94,0.0
9822.19,0.0
9822.45,0.0
9822.70,0.0
9822.95,0.0
9823.20,0.0
9823.45,0.0
9823.70,0.0
9823.95,0.0
9824.20,0.0
9824.45,0.0
9824.70,0.0
9824.95,0.0
9825.20,0.0
9825.45,0.0
9825.70,0.0
9825.95,0.0
9826.20,0.0
9826.45,0.0
9826.70,0.0
9826.95,0.0
9827.20,0.0
9827.45,0.0
9827.70,0.0
9827.95,0.0
9828.20,0.0
9828.45,0.0
9828.71,0.0
9828.96,0.0
9829.21,0.0
9829.46,0.0
9829.71,0.0
9829.96,0.0
9830.21,0.0
9830.46,0.0
9830.71,0.0
9830.96,0.0
9831.21,0.0
9831.46,0.0
9831.71,0.0
9831.96,0.0
9832.21,0.0
9832.46,0.0
9832.71,0.0
9832.96,0.0
9833.21,0.0
9833.46,0.0
9833.72,0.0
9833.97,0.0
9834.22,0.0
9834.47,0.0
9834.72,0.0
9834.97,0.0
9835.22,0.0
9835.47,0.0
9835.72,0.0
9835.97,0.0
9836.22,0.0
9836.47,0.0
9836.72,0.0
9836.97,0.0
9837.22,0.0
9837.47,0.0
9837.72,0.0
9837.97,0.0
9838.22,0.0
9838.47,0.0
9838.72,0.0
9838.97,0.0
9839.22,0.0
9839.47,0.0
9839.73,0.0
9839.98,0.0
9840.23,0.0
9840.48,0.0
9840.73,0.0
9840.98,0.0
9841.23,0.0
9841.48,0.0
9841.73,0.0
9841.98,0.0
9842.23,0.0
9842.48,0.0
9842.73,0.0
9842.98,0.0
9843.23,0.0
9843.48,0.0
9843.73,0.0
9843.98,0.0
9844.23,0.0
9844.48,0.0
9844.73,0.0
9844.98,0.0
9845.23,0.0
9845.48,0.0
9845.74,0.0
9845.99,0.0
9846.24,0.0
9846.49,0.0
9846.74,0.0
9846.99,0.0
9847.24,0.0
9847.49,0.0
9847.74,0.0
9847.99,0.0
9848.24,0.0
9848.49,0.0
9848.74,0.0
9848.99,0.0
9849.24,0.0
9849.49,0.0
9849.74,0.0
9849.99,0.0
9850.24,0.0
9850.49,0.0
9850.74,0.0
9850.99,0.0
9851.24,0.0
9851.50,0.0
9851.75,0.0
9852.00,0.0
9852.25,0.0
9852.50,0.0
9852.75,0.0
9853.00,0.0
9853.25,0.0
9853.50,0.0
9853.75,0.0
9854.00,0.0
9854.25,0.0
9854.50,0.0
9854.75,0.0
9855.00,0.0
9855.25,0.0
9855.50,0.0
9855.75,0.0
9856.00,0.0
9856.25,0.0
9856.50,0.0
9856.75,0.0
9857.00,0.0
9857.25,0.0
9857.50,0.0
9857.75,0.0
9858.00,0.0
9858.26,0.0
9858.51,0.0
9858.76,0.0
9859.01,0.0
9859.26,0.0
9859.51,0.0
9859.76,0.0
9860.01,0.0
9860.26,0.0
9860.51,0.0
9860.76,0.0
9861.01,0.0
9861.26,0.0
9861.51,0.0
9861.76,0.0
9862.01,0.0
9862.26,0.0
9862.51,0.0
9862.76,0.0
9863.01,0.0
9863.26,0.0
9863.51,0.0
9863.76,0.0
9864.02,0.0
9864.27,0.0
9864.52,0.0
9864.77,0.0
9865.02,0.0
9865.27,0.0
9865.52,0.0
9865.77,0.0
9866.02,0.0
9866.27,0.0
9866.52,0.0
9866.77,0.0
9867.02,0.0
9867.27,0.0
9867.52,0.0
9867.77,0.0
9868.02,0.0
9868.27,0.0
9868.52,0.0
9868.77,0.0
9869.02,0.0
9869.27,0.0
9869.52,0.0
9869.77,0.0
9870.03,0.0
9870.28,0.0
9870.53,0.0
9870.78,0.0
9871.03,0.0
9871.28,0.0
9871.53,0.0
9871.78,0.0
9872.03,0.0
9872.28,0.0
9872.53,0.0
9872.78,0.0
9873.03,0.0
9873.28,0.0
9873.53,0.0
9873.78,0.0
9874.03,0.0
9874.28,0.0
9874.53,0.0
9874.78,0.0
9875.03,0.0
9875.28,0.0
9875.53,0.0
9875.78,0.0
9876.04,0.0
9876.29,0.0
9876.54,0.0
9876.79,0.0
9877.04,0.0
9877.29,0.0
9877.54,0.0
9877.79,0.0
9878.04,0.0
9878.29,0.0
9878.54,0.0
9878.79,0.0
9879.04,0.0
9879.29,0.0
9879.54,0.0
9879.79,0.0
9880.04,0.0
9880.29,0.0
9880.54,0.0
9880.79,0.0
9881.04,0.0
9881.30,0.0
9881.55,0.0
9881.80,0.0
9882.05,0.0
9882.30,0.0
9882.55,0.0
9882.80,0.0
9883.05,0.0
9883.30,0.0
9883.55,0.0
9883.80,0.0
9884.05,0.0
9884.30,0.0
9884.55,0.0
9884.80,0.0
9885.05,0.0
9885.30,0.0
9885.55,0.0
9885.80,0.0
9886.05,0.0
9886.30,0.0
9886.55,0.0
9886.80,0.0
9887.05,0.0
9887.31,0.0
9887.56,0.0
9887.81,0.0
9888.06,0.0
9888.31,0.0
9888.56,0.0
9888.81,0.0
9889.06,0.0
9889.31,0.0
9889.56,0.0
9889.81,0.0
9890.06,0.0
9890.31,0.0
9890.56,0.0
9890.81,0.0
9891.06,0.0
9891.31,0.0
9891.56,0.0
9891.81,0.0
9892.06,0.0
9892.31,0.0
9892.56,0.0
9892.81,0.0
9893.06,0.0
9893.31,0.0
9893.57,0.0
9893.82,0.0
9894.07,0.0
9894.32,0.0
9894.57,0.0
9894.82,0.0
9895.07,0.0
9895.32,0.0
9895.57,0.0
9895.82,0.0
9896.07,0.0
9896.32,0.0
9896.57,0.0
9896.82,0.0
9897.07,0.0
9897.32,0.0
9897.57,0.0
9897.82,0.0
9898.07,0.0
9898.32,0.0
9898.57,0.0
9898.82,0.0
9899.07,0.0
9899.32,0.0
9899.58,0.0
9899.83,0.0
9900.08,0.0
9900.33,0.0
9900.58,0.0
9900.83,0.0
9901.08,0.0
9901.33,0.0
9901.58,0.0
9901.83,0.0
9902.08,0.0
9902.33,0.0
9902.58,0.0
9902.83,0.0
9903.08,0.0
9903.33,0.0
9903.58,0.0
9903.83,0.0
9904.08,0.0
9904.33,0.0
9904.58,0.0
9904.83,0.0
9905.08,0.0
9905.33,0.0
9905.58,0.0
9905.83,0.0
9906.08,0.0
9906.34,0.0
9906.59,0.0
9906.84,0.0
9907.09,0.0
9907.34,0.0
9907.59,0.0
9907.84,0.0
9908.09,0.0
9908.34,0.0
9908.59,0.0
9908.84,0.0
9909.09,0.0
9909.34,0.0
9909.59,0.0
9909.84,0.0
9910.09,0.0
9910.34,0.0
9910.59,0.0
9910.84,0.0
9911.09,0.0
9911.34,0.0
9911.59,0.0
9911.84,0.0
9912.09,0.0
9912.35,0.0
9912.60,0.0
9912.85,0.0
9913.10,0.0
9913.35,0.0
9913.60,0.0
9913.85,0.0
9914.10,0.0
9914.35,0.0
9914.60,0.0
9914.85,0.0
9915.10,0.0
9915.35,0.0
9915.60,0.0
9915.85,0.0
9916.10,0.0
9916.35,0.0
9916.60,0.0
9916.85,0.0
9917.10,0.0
9917.35,0.0
9917.60,0.0
9917.85,0.0
9918.10,0.0
9918.36,0.0
9918.61,0.0
9918.86,0.0
9919.11,0.0
9919.36,0.0
9919.61,0.0
9919.86,0.0
9920.11,0.0
9920.36,0.0
9920.61,0.0
9920.86,0.0
9921.11,0.0
9921.36,0.0
9921.61,0.0
9921.86,0.0
9922.11,0.0
9922.36,0.0
9922.61,0.0
9922.86,0.0
9923.11,0.0
9923.36,0.0
9923.61,0.0
9923.86,0.0
9924.11,0.0
9924.36,0.0
9924.62,0.0
9924.87,0.0
9925.12,0.0
9925.37,0.0
9925.62,0.0
9925.87,0.0
9926.12,0.0
9926.37,0.0
9926.62,0.0
9926.87,0.0
9927.12,0.0
9927.37,0.0
9927.62,0.0
9927.87,0.0
9928.12,0.0
9928.37,0.0
9928.62,0.0
9928.87,0.0
9929.12,0.0
9929.37,0.0
9929.62,0.0
9929.88,0.0
9930.12,0.0
9930.38,0.0
9930.63,0.0
9930.88,0.0
9931.13,0.0
9931.38,0.0
9931.63,0.0
9931.88,0.0
9932.13,0.0
9932.38,0.0
9932.63,0.0
9932.88,0.0
9933.13,0.0
9933.38,0.0
9933.63,0.0
9933.88,0.0
9934.13,0.0
9934.38,0.0
9934.63,0.0
9934.88,0.0
9935.13,0.0
9935.38,0.0
9935.63,0.0
9935.89,0.0
9936.14,0.0
9936.39,0.0
9936.64,0.0
9936.89,0.0
9937.14,0.0
9937.39,0.0
9937.64,0.0
9937.89,0.0
9938.14,0.0
9938.39,0.0
9938.64,0.0
9938.89,0.0
9939.14,0.0
9939.39,0.0
9939.64,0.0
9939.89,0.0
9940.14,0.0
9940.39,0.0
9940.64,0.0
9940.89,0.0
9941.14,0.0
9941.39,0.0
9941.64,0.0
9941.90,0.0
9942.15,0.0
9942.40,0.0
9942.65,0.0
9942.90,0.0
9943.15,0.0
9943.40,0.0
9943.65,0.0
9943.90,0.0
9944.15,0.0
9944.40,0.0
9944.65,0.0
9944.90,0.0
9945.15,0.0
9945.40,0.0
9945.65,0.0
9945.90,0.0
9946.15,0.0
9946.40,0.0
9946.65,0.0
9946.90,0.0
9947.15,0.0
9947.40,0.0
9947.65,0.0
9947.91,0.0
9948.16,0.0
9948.41,0.0
9948.66,0.0
9948.91,0.0
9949.16,0.0
9949.41,0.0
9949.66,0.0
9949.91,0.0
9950.16,0.0
9950.41,0.0
9950.66,0.0
9950.91,0.0
9951.16,0.0
9951.41,0.0
9951.66,0.0
9951.91,0.0
9952.16,0.0
9952.41,0.0
9952.66,0.0
9952.91,0.0
9953.16,0.0
9953.41,0.0
9953.66,0.0
9953.92,0.0
9954.17,0.0
9954.42,0.0
9954.67,0.0
9954.92,0.0
9955.17,0.0
9955.42,0.0
9955.67,0.0
9955.92,0.0
9956.17,0.0
9956.42,0.0
9956.67,0.0
9956.92,0.0
9957.17,0.0
9957.42,0.0
9957.67,0.0
9957.92,0.0
9958.17,0.0
9958.42,0.0
9958.67,0.0
9958.92,0.0
9959.17,0.0
9959.42,0.0
9959.67,0.0
9959.92,0.0
9960.17,0.0
9960.43,0.0
9960.68,0.0
9960.93,0.0
9961.18,0.0
9961.43,0.0
9961.68,0.0
9961.93,0.0
9962.18,0.0
9962.43,0.0
9962.68,0.0
9962.93,0.0
9963.18,0.0
9963.43,0.0
9963.68,0.0
9963.93,0.0
9964.18,0.0
9964.43,0.0
9964.68,0.0
9964.93,0.0
9965.18,0.0
9965.43,0.0
9965.68,0.0
9965.93,0.0
9966.18,0.0
9966.44,0.0
9966.69,0.0
9966.94,0.0
9967.19,0.0
9967.44,0.0
9967.69,0.0
9967.94,0.0
9968.19,0.0
9968.44,0.0
9968.69,0.0
9968.94,0.0
9969.19,0.0
9969.44,0.0
9969.69,0.0
9969.94,0.0
9970.19,0.0
9970.44,0.0
9970.69,0.0
9970.94,0.0
9971.19,0.0
9971.44,0.0
9971.69,0.0
9971.94,0.0
9972.20,0.0
9972.45,0.0
9972.70,0.0
9972.95,0.0
9973.20,0.0
9973.45,0.0
9973.70,0.0
9973.95,0.0
9974.20,0.0
9974.45,0.0
9974.70,0.0
9974.95,0.0
9975.20,0.0
9975.45,0.0
9975.70,0.0
9975.95,0.0
9976.20,0.0
9976.45,0.0
9976.70,0.0
9976.95,0.0
9977.20,0.0
9977.45,0.0
9977.70,0.0
9977.96,0.0
9978.21,0.0
9978.46,0.0
9978.71,0.0
9978.96,0.0
9979.21,0.0
9979.46,0.0
9979.71,0.0
9979.96,0.0
9980.21,0.0
9980.46,0.0
9980.71,0.0
9980.96,0.0
9981.21,0.0
9981.46,0.0
9981.71,0.0
9981.96,0.0
9982.21,0.0
9982.46,0.0
9982.71,0.0
9982.96,0.0
9983.22,0.0
9983.47,0.0
9983.72,0.0
9983.97,0.0
9984.22,0.0
9984.47,0.0
9984.72,0.0
9984.97,0.0
9985.22,0.0
9985.47,0.0
9985.72,0.0
9985.97,0.0
9986.22,0.0
9986.47,0.0
9986.72,0.0
9986.97,0.0
9987.22,0.0
9987.47,0.0
9987.72,0.0
9987.97,0.0
9988.22,0.0
9988.47,0.0
9988.72,0.0
9988.97,0.0
9989.23,0.0
9989.48,0.0
9989.73,0.0
9989.98,0.0
9990.23,0.0
9990.48,0.0
9990.73,0.0
9990.98,0.0
9991.23,0.0
9991.48,0.0
9991.73,0.0
9991.98,0.0
9992.23,0.0
9992.48,0.0
9992.73,0.0
9992.98,0.0
9993.23,0.0
9993.48,0.0
9993.73,0.0
9993.98,0.0
9994.23,0.0
9994.48,0.0
9994.73,0.0
9994.99,0.0
9995.24,0.0
9995.49,0.0
9995.74,0.0
9995.99,0.0
9996.24,0.0
9996.49,0.0
9996.74,0.0
9996.99,0.0
9997.24,0.0
9997.49,0.0
9997.74,0.0
9997.99,0.0
9998.24,0.0
9998.49,0.0
9998.74,0.0
9998.99,0.0
9999.24,0.0
9999.49,0.0
9999.74,0.0
9999.99,0.0
10000.24,0.0
10000.50,0.0
10000.75,0.0
10001.00,0.0
10001.25,0.0
10001.50,0.0
10001.75,0.0
10002.00,0.0
10002.25,0.0
10002.50,0.0
10002.75,0.0
10003.00,0.0
10003.25,0.0
10003.50,0.0
10003.75,0.0
10004.00,0.0
10004.25,0.0
10004.50,0.0
10004.75,0.0
10005.00,0.0
10005.25,0.0
10005.50,0.0
10005.75,0.0
10006.00,0.0
10006.25,0.0
10006.50,0.0
10006.75,0.0
10007.00,0.0
10007.26,0.0
10007.51,0.0
10007.76,0.0
10008.01,0.0
10008.26,0.0
10008.51,0.0
10008.76,0.0
10009.01,0.0
10009.26,0.0
10009.51,0.0
10009.76,0.0
10010.01,0.0
10010.26,0.0
10010.51,0.0
10010.76,0.0
10011.01,0.0
10011.26,0.0
10011.51,0.0
10011.76,0.0
10012.01,0.0
10012.26,0.0
10012.51,0.0
10012.76,0.0
10013.01,0.0
10013.27,0.0
10013.52,0.0
10013.77,0.0
10014.02,0.0
10014.27,0.0
10014.52,0.0
10014.77,0.0
10015.02,0.0
10015.27,0.0
10015.52,0.0
10015.77,0.0
10016.02,0.0
10016.27,0.0
10016.52,0.0
10016.77,0.0
10017.02,0.0
10017.27,0.0
10017.52,0.0
10017.77,0.0
10018.02,0.0
10018.27,0.0
10018.52,0.0
10018.77,0.0
10019.02,0.0
10019.28,0.0
10019.53,0.0
10019.78,0.0
10020.03,0.0
10020.28,0.0
10020.53,0.0
10020.78,0.0
10021.03,0.0
10021.28,0.0
10021.53,0.0
10021.78,0.0
10022.03,0.0
10022.28,0.0
10022.53,0.0
10022.78,0.0
10023.03,0.0
10023.28,0.0
10023.53,0.0
10023.78,0.0
10024.03,0.0
10024.28,0.0
10024.53,0.0
10024.78,0.0
10025.04,0.0
10025.29,0.0
10025.54,0.0
10025.79,0.0
10026.04,0.0
10026.29,0.0
10026.54,0.0
10026.79,0.0
10027.04,0.0
10027.29,0.0
10027.54,0.0
10027.79,0.0
10028.04,0.0
10028.29,0.0
10028.54,0.0
10028.79,0.0
10029.04,0.0
10029.29,0.0
10029.54,0.0
10029.79,0.0
10030.05,0.0
10030.30,0.0
10030.55,0.0
10030.80,0.0
10031.05,0.0
10031.30,0.0
10031.55,0.0
10031.80,0.0
10032.05,0.0
10032.30,0.0
10032.55,0.0
10032.80,0.0
10033.05,0.0
10033.30,0.0
10033.55,0.0
10033.80,0.0
10034.05,0.0
10034.30,0.0
10034.55,0.0
10034.80,0.0
10035.05,0.0
10035.30,0.0
10035.55,0.0
10035.80,0.0
10036.06,0.0
10036.31,0.0
10036.56,0.0
10036.81,0.0
10037.06,0.0
10037.31,0.0
10037.56,0.0
10037.81,0.0
10038.06,0.0
10038.31,0.0
10038.56,0.0
10038.81,0.0
10039.06,0.0
10039.31,0.0
10039.56,0.0
10039.81,0.0
10040.06,0.0
10040.31,0.0
10040.56,0.0
10040.81,0.0
10041.06,0.0
10041.31,0.0
10041.56,0.0
10041.81,0.0
10042.07,0.0
10042.32,0.0
10042.57,0.0
10042.82,0.0
10043.07,0.0
10043.32,0.0
10043.57,0.0
10043.82,0.0
10044.07,0.0
10044.32,0.0
10044.57,0.0
10044.82,0.0
10045.07,0.0
10045.32,0.0
10045.57,0.0
10045.82,0.0
10046.07,0.0
10046.32,0.0
10046.57,0.0
10046.82,0.0
10047.07,0.0
10047.32,0.0
10047.57,0.0
10047.82,0.0
10048.08,0.0
10048.33,0.0
10048.58,0.0
10048.83,0.0
10049.08,0.0
10049.33,0.0
10049.58,0.0
10049.83,0.0
10050.08,0.0
10050.33,0.0
10050.58,0.0
10050.83,0.0
10051.08,0.0
10051.33,0.0
10051.58,0.0
10051.83,0.0
10052.08,0.0
10052.33,0.0
10052.58,0.0
10052.83,0.0
10053.08,0.0
10053.33,0.0
10053.58,0.0
10053.83,0.0
10054.08,0.0
10054.33,0.0
10054.59,0.0
10054.84,0.0
10055.09,0.0
10055.34,0.0
10055.59,0.0
10055.84,0.0
10056.09,0.0
10056.34,0.0
10056.59,0.0
10056.84,0.0
10057.09,0.0
10057.34,0.0
10057.59,0.0
10057.84,0.0
10058.09,0.0
10058.34,0.0
10058.59,0.0
10058.84,0.0
10059.09,0.0
10059.34,0.0
10059.59,0.0
10059.84,0.0
10060.09,0.0
10060.35,0.0
10060.60,0.0
10060.85,0.0
10061.10,0.0
10061.35,0.0
10061.60,0.0
10061.85,0.0
10062.10,0.0
10062.35,0.0
10062.60,0.0
10062.85,0.0
10063.10,0.0
10063.35,0.0
10063.60,0.0
10063.85,0.0
10064.10,0.0
10064.35,0.0
10064.60,0.0
10064.85,0.0
10065.10,0.0
10065.35,0.0
10065.60,0.0
10065.85,0.0
10066.11,0.0
10066.36,0.0
10066.61,0.0
10066.86,0.0
10067.11,0.0
10067.36,0.0
10067.61,0.0
10067.86,0.0
10068.11,0.0
10068.36,0.0
10068.61,0.0
10068.86,0.0
10069.11,0.0
10069.36,0.0
10069.61,0.0
10069.86,0.0
10070.11,0.0
10070.36,0.0
10070.61,0.0
10070.86,0.0
10071.11,0.0
10071.36,0.0
10071.62,0.0
10071.87,0.0
10072.12,0.0
10072.37,0.0
10072.62,0.0
10072.87,0.0
10073.12,0.0
10073.37,0.0
10073.62,0.0
10073.87,0.0
10074.12,0.0
10074.37,0.0
10074.62,0.0
10074.87,0.0
10075.12,0.0
10075.37,0.0
10075.62,0.0
10075.87,0.0
10076.12,0.0
10076.37,0.0
10076.62,0.0
10076.88,0.0
10077.12,0.0
10077.38,0.0
10077.63,0.0
10077.88,0.0
10078.13,0.0
10078.38,0.0
10078.63,0.0
10078.88,0.0
10079.13,0.0
10079.38,0.0
10079.63,0.0
10079.88,0.0
10080.13,0.0
10080.38,0.0
10080.63,0.0
10080.88,0.0
10081.13,0.0
10081.38,0.0
10081.63,0.0
10081.88,0.0
10082.13,0.0
10082.38,0.0
10082.64,0.0
10082.89,0.0
10083.14,0.0
10083.39,0.0
10083.64,0.0
10083.89,0.0
10084.14,0.0
10084.39,0.0
10084.64,0.0
10084.89,0.0
10085.14,0.0
10085.39,0.0
10085.64,0.0
10085.89,0.0
10086.14,0.0
10086.39,0.0
10086.64,0.0
10086.89,0.0
10087.14,0.0
10087.39,0.0
10087.64,0.0
10087.89,0.0
10088.14,0.0
10088.39,0.0
10088.65,0.0
10088.90,0.0
10089.15,0.0
10089.40,0.0
10089.65,0.0
10089.90,0.0
10090.15,0.0
10090.40,0.0
10090.65,0.0
10090.90,0.0
10091.15,0.0
10091.40,0.0
10091.65,0.0
10091.90,0.0
10092.15,0.0
10092.40,0.0
10092.65,0.0
10092.90,0.0
10093.15,0.0
10093.40,0.0
10093.65,0.0
10093.90,0.0
10094.15,0.0
10094.40,0.0
10094.65,0.0
10094.91,0.0
10095.16,0.0
10095.41,0.0
10095.66,0.0
10095.91,0.0
10096.16,0.0
10096.41,0.0
10096.66,0.0
10096.91,0.0
10097.16,0.0
10097.41,0.0
10097.66,0.0
10097.91,0.0
10098.16,0.0
10098.41,0.0
10098.66,0.0
10098.91,0.0
10099.16,0.0
10099.41,0.0
10099.66,0.0
10099.91,0.0
10100.16,0.0
10100.41,0.0
10100.67,0.0
10100.92,0.0
10101.17,0.0
10101.42,0.0
10101.67,0.0
10101.92,0.0
10102.17,0.0
10102.42,0.0
10102.67,0.0
10102.92,0.0
10103.17,0.0
10103.42,0.0
10103.67,0.0
10103.92,0.0
10104.17,0.0
10104.42,0.0
10104.67,0.0
10104.92,0.0
10105.17,0.0
10105.42,0.0
10105.67,0.0
10105.92,0.0
10106.17,0.0
10106.42,0.0
10106.67,0.0
10106.92,0.0
10107.18,0.0
10107.43,0.0
10107.68,0.0
10107.93,0.0
10108.18,0.0
10108.43,0.0
10108.68,0.0
10108.93,0.0
10109.18,0.0
10109.43,0.0
10109.68,0.0
10109.93,0.0
10110.18,0.0
10110.43,0.0
10110.68,0.0
10110.93,0.0
10111.18,0.0
10111.43,0.0
10111.68,0.0
10111.93,0.0
10112.18,0.0
10112.43,0.0
10112.68,0.0
10112.93,0.0
10113.19,0.0
10113.44,0.0
10113.69,0.0
10113.94,0.0
10114.19,0.0
10114.44,0.0
10114.69,0.0
10114.94,0.0
10115.19,0.0
10115.44,0.0
10115.69,0.0
10115.94,0.0
10116.19,0.0
10116.44,0.0
10116.69,0.0
10116.94,0.0
10117.19,0.0
10117.44,0.0
10117.69,0.0
10117.94,0.0
10118.19,0.0
10118.44,0.0
10118.69,0.0
10118.95,0.0
10119.20,0.0
10119.45,0.0
10119.70,0.0
10119.95,0.0
10120.20,0.0
10120.45,0.0
10120.70,0.0
10120.95,0.0
10121.20,0.0
10121.45,0.0
10121.70,0.0
10121.95,0.0
10122.20,0.0
10122.45,0.0
10122.70,0.0
10122.95,0.0
10123.20,0.0
10123.45,0.0
10123.70,0.0
10123.95,0.0
10124.20,0.0
10124.45,0.0
10124.71,0.0
10124.96,0.0
10125.21,0.0
10125.46,0.0
10125.71,0.0
10125.96,0.0
10126.21,0.0
10126.46,0.0
10126.71,0.0
10126.96,0.0
10127.21,0.0
10127.46,0.0
10127.71,0.0
10127.96,0.0
10128.21,0.0
10128.46,0.0
10128.71,0.0
10128.96,0.0
10129.21,0.0
10129.46,0.0
10129.72,0.0
10129.97,0.0
10130.22,0.0
10130.47,0.0
10130.72,0.0
10130.97,0.0
10131.22,0.0
10131.47,0.0
10131.72,0.0
10131.97,0.0
10132.22,0.0
10132.47,0.0
10132.72,0.0
10132.97,0.0
10133.22,0.0
10133.47,0.0
10133.72,0.0
10133.97,0.0
10134.22,0.0
10134.47,0.0
10134.72,0.0
10134.97,0.0
10135.22,0.0
10135.48,0.0
10135.73,0.0
10135.98,0.0
10136.23,0.0
10136.48,0.0
10136.73,0.0
10136.98,0.0
10137.23,0.0
10137.48,0.0
10137.73,0.0
10137.98,0.0
10138.23,0.0
10138.48,0.0
10138.73,0.0
10138.98,0.0
10139.23,0.0
10139.48,0.0
10139.73,0.0
10139.98,0.0
10140.23,0.0
10140.48,0.0
10140.73,0.0
10140.98,0.0
10141.24,0.0
10141.49,0.0
10141.74,0.0
10141.99,0.0
10142.24,0.0
10142.49,0.0
10142.74,0.0
10142.99,0.0
10143.24,0.0
10143.49,0.0
10143.74,0.0
10143.99,0.0
10144.24,0.0
10144.49,0.0
10144.74,0.0
10144.99,0.0
10145.24,0.0
10145.49,0.0
10145.74,0.0
10145.99,0.0
10146.24,0.0
10146.49,0.0
10146.74,0.0
10147.00,0.0
10147.25,0.0
10147.50,0.0
10147.75,0.0
10148.00,0.0
10148.25,0.0
10148.50,0.0
10148.75,0.0
10149.00,0.0
10149.25,0.0
10149.50,0.0
10149.75,0.0
10150.00,0.0
10150.25,0.0
10150.50,0.0
10150.75,0.0
10151.00,0.0
10151.25,0.0
10151.50,0.0
10151.75,0.0
10152.00,0.0
10152.25,0.0
10152.50,0.0
10152.75,0.0
10153.01,0.0
10153.26,0.0
10153.51,0.0
10153.76,0.0
10154.01,0.0
10154.26,0.0
10154.51,0.0
10154.76,0.0
10155.01,0.0
10155.26,0.0
10155.51,0.0
10155.76,0.0
10156.01,0.0
10156.26,0.0
10156.51,0.0
10156.76,0.0
10157.01,0.0
10157.26,0.0
10157.51,0.0
10157.76,0.0
10158.01,0.0
10158.26,0.0
10158.51,0.0
10158.77,0.0
10159.02,0.0
10159.27,0.0
10159.52,0.0
10159.77,0.0
10160.02,0.0
10160.27,0.0
10160.52,0.0
10160.77,0.0
10161.02,0.0
10161.27,0.0
10161.52,0.0
10161.77,0.0
10162.02,0.0
10162.27,0.0
10162.52,0.0
10162.77,0.0
10163.02,0.0
10163.27,0.0
10163.52,0.0
10163.77,0.0
10164.02,0.0
10164.27,0.0
10164.53,0.0
10164.78,0.0
10165.03,0.0
10165.28,0.0
10165.53,0.0
10165.78,0.0
10166.03,0.0
10166.28,0.0
10166.53,0.0
10166.78,0.0
10167.03,0.0
10167.28,0.0
10167.53,0.0
10167.78,0.0
10168.03,0.0
10168.28,0.0
10168.53,0.0
10168.78,0.0
10169.03,0.0
10169.28,0.0
10169.53,0.0
10169.78,0.0
10170.04,0.0
10170.29,0.0
10170.54,0.0
10170.79,0.0
10171.04,0.0
10171.29,0.0
10171.54,0.0
10171.79,0.0
10172.04,0.0
10172.29,0.0
10172.54,0.0
10172.79,0.0
10173.04,0.0
10173.29,0.0
10173.54,0.0
10173.79,0.0
10174.04,0.0
10174.29,0.0
10174.54,0.0
10174.79,0.0
10175.05,0.0
10175.30,0.0
10175.55,0.0
10175.80,0.0
10176.05,0.0
10176.30,0.0
10176.55,0.0
10176.80,0.0
10177.05,0.0
10177.30,0.0
10177.55,0.0
10177.80,0.0
10178.05,0.0
10178.30,0.0
10178.55,0.0
10178.80,0.0
10179.05,0.0
10179.30,0.0
10179.55,0.0
10179.80,0.0
10180.05,0.0
10180.30,0.0
10180.55,0.0
10180.81,0.0
10181.06,0.0
10181.31,0.0
10181.56,0.0
10181.81,0.0
10182.06,0.0
10182.31,0.0
10182.56,0.0
10182.81,0.0
10183.06,0.0
10183.31,0.0
10183.56,0.0
10183.81,0.0
10184.06,0.0
10184.31,0.0
10184.56,0.0
10184.81,0.0
10185.06,0.0
10185.31,0.0
10185.56,0.0
10185.81,0.0
10186.06,0.0
10186.32,0.0
10186.57,0.0
10186.82,0.0
10187.07,0.0
10187.32,0.0
10187.57,0.0
10187.82,0.0
10188.07,0.0
10188.32,0.0
10188.57,0.0
10188.82,0.0
10189.07,0.0
10189.32,0.0
10189.57,0.0
10189.82,0.0
10190.07,0.0
10190.32,0.0
10190.57,0.0
10190.82,0.0
10191.07,