time,used_memory_rss(bytes)
0.00,29130248192
0.30,29130248192
0.59,29130248192
0.89,29130248192
1.18,29130248192
1.47,29130248192
1.76,29130248192
2.05,29130248192
2.34,29130248192
2.64,29130248192
2.93,29130248192
3.23,29130248192
3.52,29130248192
3.81,29130248192
4.11,29130248192
4.40,29130248192
4.69,29130248192
4.98,29130248192
5.28,29130248192
5.57,29130248192
5.86,29130248192
6.15,29130248192
6.45,29130248192
6.74,29130248192
7.02,29130248192
7.31,29130248192
7.60,29130248192
7.89,29130248192
8.19,29135163392
8.48,29135163392
8.77,29135163392
9.06,29136048128
9.36,29136048128
9.65,29136048128
9.94,29136048128
10.23,29136048128
10.52,29136048128
10.81,29136048128
11.10,29136048128
11.39,29136048128
11.68,29136048128
11.97,29136048128
12.26,29136048128
12.55,29136048128
12.84,29136048128
13.14,29136048128
13.44,29136048128
13.71,29136048128
14.00,29136048128
14.29,29136048128
14.58,29136048128
14.87,29136048128
15.14,29136048128
15.43,29136048128
15.72,29136048128
16.02,29136048128
16.30,29136048128
16.60,29136048128
16.88,29136048128
17.16,29136048128
17.45,29136048128
17.74,29136048128
18.02,29136048128
18.32,29136048128
18.61,29136048128
18.90,29130108928
19.18,29135433728
19.47,29135433728
19.77,29135433728
20.06,29136252928
20.34,29136252928
20.62,29136252928
20.91,29136252928
21.20,29136252928
21.49,29136252928
21.79,29136252928
22.08,29136252928
22.37,29136252928
22.67,29136252928
22.96,29136252928
23.24,29136252928
23.53,29136252928
23.82,29136252928
24.11,29136252928
24.41,29136252928
24.70,29136252928
24.98,29136252928
25.27,29136252928
25.56,29136252928
25.85,29136252928
26.14,29136252928
26.43,29136252928
26.72,29136252928
27.01,29136252928
27.30,29136252928
27.59,29136252928
27.88,29136252928
28.17,29136252928
28.46,29136252928
28.75,29136252928
29.04,29134639104
29.31,29134639104
29.60,29134639104
29.89,29134639104
30.18,29134639104
30.48,29134639104
30.77,29134639104
31.06,29134639104
31.35,29134639104
31.64,29134639104
31.93,29134639104
32.23,29134639104
32.51,29134639104
32.80,29134639104
33.09,29134639104
33.39,29134639104
33.68,29134639104
33.97,29134639104
34.26,29135048704
34.56,29135048704
34.84,29135048704
35.13,29135458304
35.42,29135458304
35.71,29135458304
36.00,29135458304
36.29,29135458304
36.58,29135458304
36.86,29135458304
37.16,29135867904
37.44,29135867904
37.73,29135867904
38.02,29135867904
38.31,29135867904
38.60,29135867904
38.89,29135867904
39.19,29134405632
39.48,29134405632
39.77,29134405632
40.06,29134815232
40.35,29134815232
40.63,29134815232
40.92,29134815232
41.22,29134815232
41.51,29134815232
41.79,29134815232
42.08,29135224832
42.38,29135224832
42.66,29135224832
42.95,29135224832
43.24,29135224832
43.53,29135224832
43.82,29135224832
44.11,29135224832
44.40,29135224832
44.69,29135224832
44.98,29135224832
45.27,29135224832
45.55,29135224832
45.84,29135224832
46.14,29135224832
46.43,29135224832
46.72,29135224832
47.02,29135634432
47.30,29135634432
47.60,29135634432
47.89,29135634432
48.18,29135634432
48.47,29135634432
48.76,29135634432
49.06,29134516224
49.36,29134516224
49.65,29134516224
49.95,29134516224
50.24,29135745024
50.54,29135745024
50.83,29135745024
51.11,29135745024
51.40,29135745024
51.69,29135745024
51.98,29135745024
52.27,29135745024
52.57,29135745024
52.85,29135745024
53.15,29135745024
53.43,29135745024
53.73,29135745024
54.02,29135745024
54.30,29135745024
54.59,29135745024
54.88,29135745024
55.16,29135745024
55.45,29135745024
55.74,29135745024
56.04,29135745024
56.33,29135745024
56.62,29135745024
56.92,29135745024
57.20,29135745024
57.49,29135745024
57.78,29135745024
58.08,29135745024
58.37,29135745024
58.66,29135745024
58.96,29131853824
59.24,29134311424
59.53,29134311424
59.81,29134311424
60.10,29134311424
60.39,29134311424
60.67,29134311424
60.97,29134311424
61.26,29134311424
61.55,29134311424
61.83,29134311424
62.12,29135130624
62.40,29135130624
62.69,29135130624
62.98,29135130624
63.26,29135949824
63.55,29135949824
63.84,29135949824
64.13,29135949824
64.42,29135949824
64.71,29135949824
65.00,29135949824
65.29,29135949824
65.58,29135949824
65.87,29135949824
66.16,29135949824
66.45,29135949824
66.74,29135949824
67.03,29135949824
67.33,29135949824
67.62,29135949824
67.90,29135949824
68.19,29135949824
68.49,29135949824
68.77,29135949824
69.05,29134831616
69.33,29134831616
69.62,29134831616
69.90,29134831616
70.19,29135241216
70.48,29135241216
70.77,29135241216
71.06,29135650816
71.34,29135650816
71.62,29135650816
71.92,29135650816
72.21,29135650816
72.50,29135650816
72.79,29135650816
73.07,29135650816
73.37,29135650816
73.66,29135650816
73.95,29135650816
74.23,29135650816
74.53,29135650816
74.81,29135650816
75.09,29136060416
75.38,29136060416
75.67,29136060416
75.96,29136060416
76.25,29136060416
76.53,29136060416
76.83,29136060416
77.11,29136060416
77.40,29136060416
77.69,29136060416
77.98,29136060416
78.27,29136060416
78.56,29136060416
78.84,29136060416
79.13,29134389248
79.42,29134389248
79.70,29134389248
80.00,29130498048
80.28,29130498048
80.58,29130498048
80.87,29130498048
81.16,29133365248
81.45,29133365248
81.75,29133365248
82.05,29133774848
82.33,29133774848
82.62,29133774848
82.92,29133774848
83.21,29135003648
83.50,29135003648
83.78,29135003648
84.07,29130326016
84.36,29130326016
84.65,29130326016
84.94,29131554816
85.24,29134012416
85.53,29134012416
85.82,29134012416
86.11,29134012416
86.39,29134012416
86.67,29134012416
86.96,29134012416
87.25,29134012416
87.54,29134012416
87.83,29134012416
88.11,29134422016
88.40,29134422016
88.69,29134422016
88.98,29133635584
89.27,29134864384
89.56,29134864384
89.85,29134864384
90.15,29130309632
90.43,29130309632
90.72,29130309632
91.01,29132357632
91.30,29132357632
91.58,29132357632
91.88,29132357632
92.17,29135224832
92.46,29135224832
92.75,29135224832
93.04,29130309632
93.33,29130309632
93.62,29130309632
93.91,29130309632
94.20,29133996032
94.50,29133996032
94.80,29133996032
95.09,29134405632
95.38,29134405632
95.67,29134405632
95.95,29136453632
96.24,29130309632
96.54,29130309632
96.82,29130309632
97.11,29134815232
97.40,29134815232
97.69,29134815232
97.98,29138092032
98.26,29130309632
98.55,29130309632
98.85,29130309632
99.14,29135634432
99.43,29135634432
99.72,29135634432
100.01,29130338304
100.30,29130338304
100.59,29130338304
100.89,29130338304
101.18,29134434304
101.47,29134434304
101.76,29134434304
102.05,29135253504
102.34,29135253504
102.63,29135253504
102.92,29135663104
103.22,29130608640
103.51,29130608640
103.80,29130608640
104.09,29134295040
104.38,29134295040
104.66,29134295040
104.96,29135933440
105.24,29130338304
105.52,29130338304
105.81,29130338304
106.11,29134024704
106.40,29134024704
106.69,29134024704
106.98,29134024704
107.27,29134024704
107.56,29134024704
107.85,29134024704
108.14,29134024704
108.43,29134024704
108.72,29134024704
109.01,29134024704
109.30,29134024704
109.59,29134024704
109.88,29134024704
110.16,29134434304
110.45,29134434304
110.74,29134434304
111.03,29130338304
111.33,29130338304
111.62,29130338304
111.91,29130338304
112.20,29135253504
112.48,29135253504
112.78,29135253504
113.06,29130338304
113.35,29130338304
113.64,29130338304
113.92,29130338304
114.20,29134434304
114.48,29134434304
114.77,29134434304
115.05,29130690560
115.33,29130690560
115.61,29130690560
115.90,29130690560
116.20,29134376960
116.49,29134376960
116.78,29134376960
117.06,29130338304
117.35,29130338304
117.64,29130338304
117.92,29130338304
118.21,29134024704
118.50,29134024704
118.80,29134024704
119.08,29134999552
119.37,29134999552
119.65,29134999552
119.94,29136637952
120.24,29130440704
120.53,29130440704
120.82,29130440704
121.10,29134536704
121.39,29134536704
121.67,29134536704
121.95,29134536704
122.25,29134536704
122.54,29134536704
122.83,29134536704
123.12,29134536704
123.40,29134536704
123.69,29134536704
123.97,29137813504
124.26,29130440704
124.55,29130440704
124.84,29130440704
125.13,29134536704
125.42,29134536704
125.71,29134536704
126.00,29130440704
126.29,29130440704
126.57,29130440704
126.86,29130440704
127.14,29134127104
127.43,29134127104
127.72,29134127104
128.00,29134946304
128.29,29134946304
128.59,29134946304
128.88,29134946304
129.16,29133950976
129.46,29133950976
129.75,29133950976
130.04,29134360576
130.33,29134360576
130.63,29134360576
131.06,29134360576
131.35,29134360576
131.64,29134360576
131.94,29134360576
132.23,29134360576
132.53,29134360576
132.82,29134360576
133.12,29134360576
133.40,29134360576
133.70,29134360576
133.99,29137637376
134.28,29137637376
134.58,29137637376
134.87,29137637376
135.16,29130305536
135.45,29130305536
135.74,29130305536
136.03,29133582336
136.33,29133582336
136.63,29133582336
136.92,29133582336
137.22,29133582336
137.51,29133582336
137.80,29133582336
138.10,29133991936
138.39,29133991936
138.68,29133991936
138.98,29133299712
139.26,29134528512
139.56,29134528512
139.85,29134528512
140.14,29134938112
140.43,29134938112
140.72,29134938112
141.00,29134938112
141.32,29134938112
141.62,29134938112
141.91,29134938112
142.20,29134938112
142.50,29134938112
142.79,29134938112
143.09,29134938112
143.38,29134938112
143.67,29134938112
143.96,29134938112
144.24,29134938112
144.53,29134938112
144.82,29134938112
145.11,29134938112
145.40,29134938112
146.37,29134938112
146.65,29134938112
146.94,29134938112
147.23,29134938112
147.51,29134938112
147.81,29134938112
148.10,29134938112
148.39,29134938112
148.69,29134938112
148.98,29130104832
149.27,29130104832
149.56,29134610432
149.84,29134610432
150.13,29134610432
150.42,29134610432
150.72,29134610432
151.01,29134610432
151.30,29134610432
151.59,29135020032
151.88,29135020032
152.17,29135020032
152.46,29135020032
152.76,29135020032
153.05,29135020032
153.35,29135020032
153.63,29135020032
153.93,29135020032
154.22,29135020032
154.51,29135020032
154.81,29135020032
155.09,29135020032
155.38,29135020032
155.68,29135020032
155.97,29135020032
156.26,29135020032
156.55,29135020032
156.83,29135020032
157.11,29135020032
157.40,29135020032
157.70,29135020032
157.99,29135020032
158.27,29135020032
158.56,29135020032
158.84,29135020032
159.14,29129490432
159.43,29134815232
159.71,29134815232
160.01,29134815232
160.30,29134815232
160.59,29135634432
160.87,29135634432
161.16,29135634432
161.44,29135634432
161.74,29135634432
162.03,29135634432
162.32,29135634432
162.61,29135634432
162.90,29135634432
163.19,29135634432
163.47,29135634432
163.76,29135634432
164.05,29135634432
164.34,29135634432
164.63,29135634432
164.92,29135634432
165.20,29135634432
165.49,29135634432
165.77,29135634432
166.06,29135634432
166.34,29135634432
166.63,29135634432
166.91,29135634432
167.20,29135634432
167.49,29135634432
167.78,29135634432
168.06,29135634432
168.35,29135634432
168.64,29135634432
168.93,29135634432
169.22,29129965568
169.51,29134880768
169.79,29134880768
170.08,29134880768
170.36,29134880768
170.65,29134880768
170.93,29134880768
171.22,29134880768
171.50,29134880768
171.79,29134880768
172.08,29134880768
172.37,29134880768
172.66,29134880768
172.96,29134880768
173.25,29134880768
173.54,29134880768
173.83,29134880768
174.13,29134880768
174.42,29135290368
174.71,29135290368
175.00,29135290368
175.29,29135290368
175.58,29135699968
175.88,29135699968
176.16,29135699968
176.45,29135699968
176.74,29135699968
177.02,29135699968
177.31,29135699968
177.60,29135699968
177.89,29135699968
178.18,29135699968
178.46,29135699968
178.75,29135699968
179.03,29129875456
179.32,29129875456
179.61,29133561856
179.90,29133561856
180.19,29133561856
180.47,29133561856
180.76,29133561856
181.06,29133561856
181.34,29133561856
181.63,29135609856
181.91,29135609856
182.20,29135609856
182.49,29135609856
182.78,29135609856
183.07,29135609856
183.37,29135609856
183.66,29135609856
183.96,29135609856
184.25,29135609856
184.54,29135609856
184.83,29135609856
185.12,29135609856
185.41,29135609856
185.69,29135609856
185.97,29135609856
186.25,29135609856
186.54,29135609856
186.83,29135609856
187.12,29135609856
187.41,29135609856
187.70,29135609856
187.99,29135609856
188.27,29135609856
188.56,29135609856
188.85,29135609856
189.13,29129609216
189.42,29134524416
189.71,29134524416
190.00,29134524416
190.28,29134524416
190.57,29134524416
190.85,29134524416
191.15,29134524416
191.43,29135343616
191.72,29135343616
192.01,29135343616
192.29,29135343616
192.58,29135753216
192.87,29135753216
193.16,29135753216
193.44,29135753216
193.73,29135753216
194.02,29135753216
194.30,29135753216
194.59,29135753216
194.89,29135753216
195.18,29135753216
195.46,29135753216
195.75,29135753216
196.04,29135753216
196.33,29135753216
196.62,29135753216
196.92,29135753216
197.21,29135753216
197.50,29135753216
197.80,29135753216
198.08,29135753216
198.38,29135753216
198.68,29135753216
198.97,29135753216
199.26,29135753216
199.56,29135859712
199.85,29135859712
200.13,29135859712
200.42,29136269312
200.71,29136269312
201.00,29136269312
201.29,29136269312
201.58,29136269312
201.86,29136269312
202.15,29136269312
202.43,29136269312
202.72,29136269312
203.01,29136269312
203.30,29136269312
203.59,29136269312
203.88,29136269312
204.17,29136269312
204.46,29130153984
204.74,29130153984
205.02,29130153984
205.33,29130153984
205.62,29135069184
205.90,29135069184
206.19,29135069184
206.48,29130153984
206.77,29130153984
207.06,29130153984
207.35,29131382784
207.64,29135069184
207.93,29135069184
208.23,29135069184
208.52,29135478784
208.81,29135478784
209.10,29135478784
209.39,29133668352
209.68,29135306752
209.96,29135306752
210.25,29135306752
210.54,29135306752
210.82,29135306752
211.11,29135306752
211.41,29135306752
211.69,29135306752
211.99,29135306752
212.28,29135306752
212.57,29135306752
212.87,29135306752
213.16,29135306752
213.46,29135716352
213.75,29135716352
214.04,29135716352
214.33,29135716352
214.63,29135716352
214.92,29135716352
215.22,29135716352
215.50,29135716352
215.80,29135716352
216.10,29135716352
216.38,29135716352
216.68,29135716352
216.96,29135716352
217.25,29135716352
217.54,29135716352
217.83,29135716352
218.12,29135716352
218.41,29135716352
218.70,29136125952
218.99,29136125952
219.27,29136125952
219.56,29136134144
219.83,29136134144
220.12,29136134144
220.41,29136134144
220.70,29136134144
220.99,29136134144
221.28,29136134144
221.56,29136134144
221.85,29136134144
222.13,29136134144
222.42,29136134144
222.71,29136134144
222.99,29136134144
223.28,29136134144
223.57,29136134144
223.85,29136134144
224.14,29136134144
224.43,29136134144
224.72,29136134144
225.02,29136134144
225.30,29136134144
225.59,29136134144
225.88,29136134144
226.17,29136134144
226.46,29136134144
226.74,29136134144
227.03,29136134144
227.32,29136134144
227.61,29136134144
227.90,29136134144
228.19,29136134144
228.48,29136134144
228.77,29136134144
229.07,29136134144
229.36,29132455936
229.65,29135732736
229.93,29135732736
230.22,29135732736
230.50,29136551936
230.79,29136551936
231.08,29136551936
231.37,29136551936
231.65,29136551936
231.93,29136551936
232.22,29136551936
232.50,29136551936
232.79,29136551936
233.07,29136551936
233.37,29136551936
233.66,29136551936
233.95,29136551936
234.24,29136551936
234.53,29136551936
234.81,29136551936
235.10,29136551936
235.39,29136551936
235.68,29136551936
235.97,29136551936
236.25,29136551936
236.54,29136551936
236.82,29136551936
237.12,29136551936
237.40,29136551936
237.69,29136551936
237.99,29136551936
238.28,29136551936
238.56,29136551936
238.86,29136551936
239.15,29136551936
239.44,29130264576
239.73,29130264576
240.03,29130264576
240.32,29130264576
240.60,29135179776
240.90,29135179776
241.18,29135179776
241.47,29130665984
241.76,29130665984
242.05,29130665984
242.33,29130665984
242.62,29135581184
242.91,29135581184
243.20,29135581184
243.49,29136809984
243.78,29136809984
244.06,29136809984
244.34,29136809984
244.63,29136809984
244.91,29136809984
245.20,29136809984
245.48,29130665984
245.78,29130665984
246.06,29130665984
246.34,29131075584
246.63,29136809984
246.92,29136809984
247.21,29136809984
247.49,29130665984
247.77,29130665984
248.07,29130665984
248.35,29131485184
248.63,29135990784
248.93,29135990784
249.21,29135990784
249.50,29135953920
249.78,29135953920
250.07,29135953920
250.36,29135953920
250.65,29135953920
250.94,29135953920
251.23,29135953920
251.52,29135953920
251.81,29135953920
252.10,29135953920
252.39,29135953920
252.68,29135953920
252.97,29135953920
253.26,29135953920
253.55,29135953920
253.85,29135953920
254.14,29135953920
254.43,29135953920
254.71,29135953920
255.00,29135953920
255.30,29135953920
255.59,29135953920
255.88,29135953920
256.17,29135953920
256.46,29135953920
256.75,29135953920
257.04,29130076160
257.33,29130076160
257.62,29134991360
257.91,29134991360
258.20,29134991360
258.49,29135400960
258.78,29135400960
259.07,29135400960
259.36,29135400960
259.65,29135400960
259.94,29135400960
260.23,29135400960
260.51,29135400960
260.80,29135400960
261.09,29135400960
261.38,29135400960
261.67,29135400960
261.96,29135400960
262.25,29135400960
262.54,29135400960
262.84,29135400960
263.13,29135400960
263.42,29135400960
263.71,29135400960
264.01,29135400960
264.31,29135400960
264.60,29135400960
264.89,29135400960
265.18,29135400960
265.47,29135810560
265.76,29135810560
266.05,29135810560
266.35,29135810560
266.64,29135810560
266.94,29135810560
267.22,29130166272
267.51,29135491072
267.79,29135491072
268.09,29135491072
268.37,29135491072
268.66,29135900672
268.95,29135900672
269.24,29135900672
269.54,29135900672
269.83,29135900672
270.11,29135900672
270.40,29135900672
270.69,29136310272
270.98,29136310272
271.28,29136310272
271.58,29136310272
271.87,29136310272
272.16,29136310272
272.45,29136310272
272.74,29136310272
273.03,29136310272
273.32,29136310272
273.60,29136310272
273.89,29136310272
274.18,29136310272
274.47,29136310272
274.76,29136310272
275.04,29136310272
275.33,29136310272
275.63,29136310272
275.92,29136310272
276.19,29136310272
276.48,29136310272
276.78,29136310272
277.06,29130256384
277.35,29131894784
277.64,29136400384
277.94,29136400384
278.23,29136400384
278.51,29136400384
278.80,29136400384
279.08,29136400384
279.38,29136400384
279.67,29136400384
279.96,29136400384
280.25,29136400384
280.54,29130465280
280.83,29130465280
281.11,29130465280
281.40,29134970880
281.69,29135380480
281.98,29135380480
282.27,29135380480
282.57,29136609280
282.86,29136609280
283.15,29136609280
283.44,29130465280
283.73,29130465280
284.02,29130465280
284.31,29130465280
284.60,29135790080
284.88,29135790080
285.18,29135790080
285.48,29136199680
285.77,29136199680
286.07,29136199680
286.36,29136199680
286.65,29136199680
286.94,29136199680
287.24,29136199680
287.53,29130534912
287.83,29130534912
288.12,29130534912
288.41,29135859712
288.71,29135859712
289.01,29135859712
289.29,29135859712
289.58,29136269312
289.87,29136269312
290.30,29136269312
290.59,29136269312
290.89,29136269312
291.18,29136269312
291.48,29136269312
291.77,29136269312
292.06,29136269312
292.36,29136269312
292.64,29136269312
292.94,29136269312
293.23,29136269312
293.52,29136269312
293.81,29136269312
294.11,29136269312
294.40,29136269312
294.69,29136269312
294.97,29136269312
295.27,29136269312
295.57,29136269312
295.86,29136269312
296.15,29136269312
296.44,29136269312
296.73,29136269312
297.02,29136269312
297.31,29136269312
297.60,29135654912
297.88,29135654912
298.17,29135654912
298.45,29136474112
298.74,29136474112
299.03,29136474112
299.32,29136474112
301.63,29136474112
301.92,29136474112
302.21,29136474112
302.50,29136474112
302.78,29136474112
303.07,29136474112
303.36,29136474112
303.64,29136474112
303.93,29136474112
304.22,29136474112
304.51,29136474112
304.80,29136474112
305.09,29136474112
305.38,29136474112
305.68,29136474112
305.97,29136474112
306.26,29136474112
306.55,29136474112
306.84,29136474112
307.14,29136474112
307.43,29130190848
307.73,29134696448
308.02,29134696448
308.31,29134696448
308.60,29134696448
308.89,29135925248
309.19,29135925248
309.48,29135925248
309.77,29136334848
310.06,29136334848
310.35,29136334848
310.64,29136334848
310.92,29130309632
311.21,29130309632
311.49,29130309632
311.78,29136044032
312.07,29136044032
312.36,29136044032
312.65,29136044032
312.93,29130309632
313.22,29130309632
313.52,29130309632
313.82,29136044032
314.11,29136044032
314.40,29136044032
314.69,29136044032
314.98,29136044032
315.27,29136044032
315.56,29136044032
315.85,29130309632
316.14,29130309632
316.44,29130309632
316.73,29135224832
317.01,29135224832
317.30,29135224832
317.59,29129981952
317.88,29135306752
318.17,29135306752
318.47,29135306752
318.76,29130289152
319.05,29130289152
319.33,29130289152
319.62,29131927552
319.91,29135613952
320.20,29135613952
320.48,29135613952
320.77,29130289152
321.06,29130289152
321.34,29130289152
321.63,29132746752
321.92,29130289152
322.21,29130289152
322.50,29130289152
322.80,29136023552
323.08,29136023552
323.37,29136023552
323.66,29136023552
323.95,29130289152
324.24,29130289152
324.53,29130289152
324.83,29135204352
325.12,29135204352
325.41,29135204352
325.70,29136023552
325.99,29136023552
326.29,29136023552
326.58,29136023552
326.86,29130289152
327.15,29130289152
327.44,29130289152
327.73,29136023552
328.03,29136023552
328.32,29136023552
328.61,29136023552
328.89,29130403840
329.19,29130403840
329.48,29130403840
329.76,29130403840
330.05,29130403840
330.34,29130403840
330.63,29132861440
330.92,29136138240
331.21,29136138240
331.50,29136138240
331.78,29130403840
332.07,29130403840
332.36,29130403840
332.65,29134499840
332.94,29136138240
333.23,29136138240
333.53,29136138240
333.82,29136547840
334.11,29136547840
334.41,29136547840
334.70,29130403840
335.00,29130403840
335.29,29130403840
335.58,29130403840
335.86,29130403840
336.15,29130403840
336.44,29130403840
336.73,29135728640
337.02,29135728640
337.31,29135728640
337.61,29131497472
337.91,29131497472
338.20,29131497472
338.49,29131497472
338.79,29135593472
339.07,29135593472
339.37,29135593472
339.66,29135593472
339.95,29135593472
340.24,29135593472
340.53,29135593472
340.83,29135593472
341.12,29135593472
341.40,29135593472
341.70,29135593472
341.99,29135593472
342.28,29135593472
342.57,29135593472
342.87,29135593472
343.16,29135593472
343.45,29135593472
343.74,29135593472
344.04,29135593472
344.33,29135593472
344.64,29135593472
344.93,29135593472
345.23,29135593472
345.52,29135593472
345.82,29135593472
346.11,29135593472
346.41,29135593472
346.71,29135593472
347.00,29135593472
347.30,29135593472
347.59,29135593472
347.88,29134946304
348.18,29134946304
348.47,29134946304
348.76,29135355904
349.05,29135355904
349.34,29135355904
349.62,29135355904
349.92,29135355904
350.20,29135355904
350.50,29135355904
350.79,29135765504
351.08,29135765504
351.37,29135765504
351.66,29135765504
351.95,29135765504
352.25,29135765504
352.54,29135765504
352.83,29135765504
353.12,29135765504
353.41,29135765504
353.70,29135765504
353.99,29135765504
354.29,29135765504
354.58,29135765504
354.88,29135765504
355.17,29135765504
355.45,29135765504
355.75,29135765504
356.03,29135765504
356.33,29135765504
356.61,29135765504
356.90,29135765504
357.19,29135765504
357.48,29135765504
357.77,29135212544
358.06,29135212544
358.35,29135212544
358.63,29135212544
358.92,29135212544
359.21,29135212544
359.50,29135212544
359.79,29135212544
360.07,29135212544
360.36,29135212544
360.65,29135212544
360.94,29135212544
361.23,29135212544
361.52,29135212544
361.81,29135622144
362.10,29135622144
362.40,29135622144
362.69,29135622144
362.97,29135622144
363.26,29135622144
363.55,29135622144
363.84,29135622144
364.13,29135622144
364.42,29135622144
364.72,29135622144
365.00,29135622144
365.29,29135622144
365.58,29135622144
365.87,29135622144
366.16,29135622144
366.45,29135622144
366.75,29135622144
367.03,29135622144
367.32,29135622144
367.62,29131526144
367.91,29134393344
368.20,29134393344
368.48,29134393344
368.78,29134802944
369.07,29134802944
369.36,29134802944
369.65,29134802944
369.93,29134802944
370.23,29134802944
370.51,29134802944
370.80,29129633792
371.09,29129633792
371.38,29129633792
371.67,29134139392
371.96,29134139392
372.25,29134139392
372.55,29134139392
372.84,29134548992
373.14,29134548992
373.43,29134548992
373.72,29134548992
374.01,29134548992
374.30,29134548992
374.59,29134548992
374.88,29135368192
375.18,29135368192
375.47,29135368192
375.75,29135368192
376.04,29135368192
376.32,29135368192
376.60,29135368192
376.90,29135368192
377.20,29135368192
377.49,29135368192
377.78,29135097856
378.07,29135097856
378.35,29135097856
378.64,29135097856
378.94,29129867264
379.23,29129867264
379.51,29129867264
379.80,29134372864
380.08,29134372864
380.37,29134372864
380.66,29134372864
380.94,29136011264
381.24,29136011264
381.52,29136011264
381.81,29136011264
382.10,29136011264
382.39,29136011264
382.68,29136011264
382.97,29136011264
383.27,29136011264
383.56,29136011264
383.85,29136011264
384.15,29136011264
384.44,29136011264
384.74,29136011264
385.02,29136011264
385.31,29136011264
385.60,29136011264
385.89,29136011264
386.18,29136011264
386.48,29136011264
386.77,29136011264
387.06,29136011264
387.35,29136011264
387.64,29136011264
387.93,29136011264
388.21,29136011264
388.50,29136011264
388.79,29136011264
389.08,29136011264
389.37,29136011264
389.67,29136011264
389.95,29136011264
390.25,29136011264
390.53,29136011264
390.81,29136011264
391.11,29136011264
391.39,29136011264
391.68,29136011264
391.97,29136011264
392.26,29136011264
392.55,29136011264
392.84,29136011264
393.13,29136011264
393.42,29136011264
393.71,29136011264
393.99,29136011264
394.29,29136011264
394.58,29136011264
394.87,29136011264
395.15,29129723904
395.44,29129723904
395.72,29133819904
396.01,29133819904
396.30,29133819904
396.59,29133819904
396.88,29135458304
397.16,29135458304
397.46,29135458304
397.75,29135458304
398.04,29135458304
398.33,29135458304
398.62,29135458304
398.91,29135867904
399.20,29135867904
399.48,29135867904
399.77,29135867904
400.05,29135867904
400.34,29135867904
400.63,29135867904
400.93,29135867904
401.21,29135867904
401.51,29135867904
401.80,29135867904
402.10,29135867904
402.39,29135867904
402.67,29135867904
402.96,29135867904
403.25,29135867904
403.54,29135867904
403.82,29135867904
404.11,29135867904
404.40,29135867904
404.69,29135867904
404.99,29135867904
405.28,29129801728
405.57,29129801728
405.86,29135945728
406.15,29135945728
406.45,29135945728
406.74,29130313728
407.03,29130313728
407.32,29130313728
407.61,29131132928
407.90,29136048128
408.19,29136048128
408.47,29136048128
408.76,29136048128
409.05,29136048128
409.34,29136048128
409.63,29136048128
409.91,29136048128
410.20,29136048128
410.49,29136048128
410.79,29130313728
411.08,29130313728
411.36,29130313728
411.64,29133590528
411.93,29135228928
412.22,29135228928
412.50,29135228928
412.79,29130313728
413.08,29130313728
413.38,29130313728
413.66,29135638528
413.96,29136048128
414.25,29136048128
414.55,29136048128
414.83,29130313728
415.13,29130313728
415.41,29130313728
415.70,29136048128
415.98,29136048128
416.28,29136048128
416.57,29136048128
416.86,29136457728
417.14,29136457728
417.44,29136457728
417.73,29136457728
418.02,29130096640
418.31,29130096640
418.60,29130506240
418.89,29136240640
419.18,29136240640
419.47,29136240640
419.76,29136240640
420.06,29136240640
420.35,29136240640
420.64,29136240640
420.93,29136240640
421.22,29136240640
421.50,29136240640
421.80,29136240640
422.09,29136240640
422.37,29136240640
422.67,29136240640
422.96,29136240640
423.25,29136240640
423.54,29136240640
423.83,29136240640
424.12,29136240640
424.41,29136240640
424.70,29136240640
424.99,29136240640
425.29,29136240640
425.57,29136240640
425.85,29136240640
426.15,29136240640
426.44,29136240640
426.73,29136240640
427.01,29136240640
427.31,29136240640
427.60,29136240640
427.89,29136240640
428.18,29130301440
428.46,29130301440
428.76,29136445440
429.05,29136445440
429.35,29136445440
429.63,29136445440
429.92,29136445440
430.20,29136445440
430.49,29136445440
430.78,29136445440
431.07,29136445440
431.36,29136445440
431.64,29136445440
431.93,29130547200
432.21,29130547200
432.50,29130547200
432.78,29135872000
433.08,29135872000
433.36,29135872000
433.64,29135872000
433.93,29135872000
434.22,29135872000
434.51,29135872000
434.80,29135872000
435.09,29135872000
435.38,29135872000
435.67,29135872000
435.95,29135872000
436.24,29135872000
436.52,29135872000
436.81,29135872000
437.09,29135872000
437.37,29135872000
437.66,29135872000
437.95,29135872000
438.24,29130035200
438.52,29130035200
438.81,29135360000
439.11,29135360000
439.40,29135360000
439.69,29136179200
439.98,29136179200
440.27,29136179200
440.56,29136179200
440.85,29136179200
441.13,29136179200
441.42,29136179200
441.70,29136179200
442.00,29136179200
442.29,29136179200
442.58,29136179200
442.87,29136179200
443.16,29136179200
443.45,29136179200
443.74,29136179200
444.02,29136179200
444.32,29136179200
444.61,29136179200
444.90,29136179200
445.19,29136179200
445.47,29136179200
445.77,29136179200
446.06,29136179200
446.34,29136179200
446.63,29136179200
446.92,29136179200
447.19,29136179200
447.48,29136179200
447.76,29136179200
448.04,29136179200
448.33,29136179200
448.63,29132599296
448.92,29134237696
449.20,29134237696
449.49,29134237696
449.77,29135056896
450.06,29135056896
450.35,29135056896
450.64,29135056896
450.92,29135056896
451.20,29135056896
451.50,29135056896
451.78,29135876096
452.07,29135876096
452.36,29135876096
452.65,29135876096
452.94,29135876096
453.23,29135876096
453.52,29135876096
453.81,29135876096
454.10,29135876096
454.39,29135876096
454.69,29135876096
454.98,29135876096
455.27,29135876096
455.56,29135876096
455.86,29135876096
456.16,29135876096
456.45,29135876096
456.75,29135876096
457.04,29135876096
457.33,29135876096
457.63,29135876096
457.92,29135876096
458.22,29135876096
458.51,29135876096
458.80,29135876096
459.09,29135876096
459.38,29135876096
459.68,29135876096
459.97,29135876096
460.26,29135876096
460.56,29135876096
460.85,29135876096
461.14,29135876096
461.44,29135876096
461.73,29135876096
462.02,29135876096
462.31,29135876096
462.60,29135876096
462.89,29135876096
463.19,29135876096
463.48,29135876096
463.77,29135876096
464.06,29135876096
464.36,29135876096
464.65,29135876096
464.94,29135876096
465.24,29135876096
465.53,29135876096
465.82,29136285696
466.12,29136285696
466.40,29130346496
466.70,29135261696
466.99,29135261696
467.29,29135261696
467.57,29135261696
467.87,29135671296
468.15,29135671296
468.44,29135671296
468.74,29135671296
469.03,29135671296
469.32,29135671296
469.60,29135671296
469.90,29135671296
470.19,29135671296
470.49,29135671296
470.78,29135671296
471.08,29135671296
471.36,29135671296
471.66,29135671296
471.95,29135671296
472.24,29135671296
472.53,29135671296
472.83,29135671296
473.11,29135671296
473.40,29135671296
473.69,29136080896
473.99,29136080896
474.28,29136080896
474.57,29136080896
474.87,29136490496
475.16,29136490496
475.45,29136490496
475.74,29136490496
476.03,29136490496
476.32,29130551296
476.61,29132189696
476.91,29135466496
477.19,29135466496
477.49,29135466496
477.77,29135466496
478.06,29135466496
478.36,29135466496
478.64,29135466496
478.93,29135466496
479.22,29135466496
479.51,29135466496
479.80,29135876096
480.09,29135876096
480.38,29135876096
480.67,29135876096
480.96,29135876096
481.25,29135876096
481.54,29135876096
481.83,29135876096
482.13,29135876096
482.42,29135876096
482.70,29136285696
482.99,29136285696
483.28,29136285696
483.58,29136285696
483.86,29136285696
484.15,29136285696
484.44,29136285696
484.74,29136285696
485.03,29136285696
485.31,29136285696
485.60,29136285696
485.89,29136285696
486.18,29136285696
486.47,29130383360
486.76,29135708160
487.05,29135708160
487.34,29135708160
487.63,29135708160
487.92,29135708160
488.20,29135708160
488.49,29135708160
488.78,29135708160
489.06,29135708160
489.36,29135708160
489.64,29135708160
489.93,29135708160
490.21,29135708160
490.50,29135708160
490.80,29130547200
491.08,29130547200
491.37,29130547200
491.66,29133414400
491.95,29133414400
492.25,29133414400
492.54,29133414400
492.83,29135872000
493.12,29135872000
493.41,29135872000
493.70,29135872000
493.99,29135872000
494.28,29135872000
494.57,29135872000
494.85,29135872000
495.14,29135872000
495.43,29135872000
495.71,29136281600
496.00,29136281600
496.29,29136281600
496.58,29136281600
496.86,29135978496
497.15,29135978496
497.44,29135978496
497.72,29136388096
498.00,29136388096
498.30,29136388096
498.58,29136388096
498.88,29136388096
499.18,29136388096
499.46,29136388096
499.74,29136388096
500.04,29136388096
500.33,29136388096
500.62,29136388096
500.91,29136388096
501.20,29136388096
501.50,29136388096
501.79,29136388096
502.07,29136388096
502.37,29136388096
502.66,29136388096
502.95,29136388096
503.24,29136388096
503.54,29136388096
503.83,29136388096
504.12,29136388096
504.42,29136388096
504.71,29136388096
505.01,29136388096
505.30,29136388096
505.59,29136388096
505.88,29136388096
506.17,29136388096
506.46,29136388096
506.75,29135503360
507.04,29135503360
507.33,29135503360
507.62,29135503360
507.91,29135503360
508.20,29135503360
508.49,29135503360
508.78,29135503360
509.07,29135503360
509.37,29135503360
509.66,29135503360
509.95,29135912960
510.25,29135912960
510.54,29135912960
510.82,29135912960
511.11,29135912960
511.41,29135912960
511.69,29136322560
511.98,29136322560
512.27,29136322560
512.56,29136322560
512.85,29136322560
513.14,29136322560
513.43,29136322560
513.71,29136322560
514.00,29136322560
514.30,29136322560
514.58,29136322560
514.87,29136322560
515.16,29136322560
515.46,29136322560
515.75,29136322560
516.04,29136322560
516.33,29136322560
516.62,29132140544
516.91,29134598144
517.20,29134598144
517.50,29134598144
517.78,29135007744
518.08,29135007744
518.38,29135007744
518.66,29135417344
518.95,29135417344
519.24,29135417344
519.53,29135417344
519.82,29135417344
520.10,29135417344
520.39,29135417344
520.68,29135826944
520.97,29135826944
521.25,29135826944
521.54,29135826944
521.84,29135826944
522.13,29135826944
522.42,29135826944
522.72,29135826944
523.01,29135826944
523.29,29135826944
523.58,29135826944
523.87,29135826944
524.16,29135826944
524.45,29135826944
524.74,29136236544
525.03,29136236544
525.32,29136236544
525.61,29136236544
525.89,29136236544
526.17,29136236544
526.47,29136236544
526.76,29135130624
527.06,29135130624
527.36,29135130624
527.65,29139636224
527.95,29130694656
528.24,29130694656
528.53,29130694656
528.82,29136019456
529.12,29136019456
529.41,29136019456
529.70,29130694656
530.00,29130694656
530.29,29130694656
530.58,29130694656
530.87,29135609856
531.16,29135609856
531.45,29135609856
531.74,29135609856
532.03,29135609856
532.32,29135609856
532.61,29135609856
532.90,29135609856
533.19,29135609856
533.48,29135609856
533.76,29135609856
534.05,29135609856
534.33,29135609856
534.62,29135609856
534.90,29135609856
535.20,29135609856
535.49,29135609856
535.79,58268127232
536.07,58268127232
536.36,58268127232
536.65,58263384064
536.94,58263384064
537.23,58263384064
537.52,58264612864
537.82,58265841664
538.10,58265841664
538.40,58265841664
538.69,58265841664
538.98,58265841664
539.26,58265841664
539.55,58265841664
539.84,58266251264
540.12,58266251264
540.41,58266251264
540.70,58266251264
540.99,58266251264
541.28,58266251264
541.58,58266251264
541.87,58266251264
542.15,58266251264
542.44,58266251264
542.74,58266660864
543.03,58266660864
543.32,58266660864
543.61,58266660864
543.91,58266660864
544.19,58266660864
544.48,58266660864
544.78,58266660864
545.06,58266660864
545.35,58266660864
545.64,58266660864
545.93,58266660864
546.23,58266660864
546.53,58266660864
546.82,58266660864
547.11,58266660864
547.40,58266660864
547.69,58266021888
547.97,58266021888
548.27,58266021888
548.55,58266431488
548.85,58266431488
549.14,58266431488
549.43,58266431488
549.72,58266431488
550.00,58266431488
550.29,58266431488
550.57,58266431488
550.87,58266431488
551.15,58266431488
551.44,58266431488
551.72,58266841088
552.00,58266841088
552.28,58266841088
552.56,58266841088
552.85,58266841088
553.14,58266841088
553.42,58266841088
553.72,58266841088
554.01,58266841088
554.31,58266841088
554.59,58266841088
554.88,58266841088
555.17,58266841088
555.46,58266841088
555.76,58266841088
556.04,58266841088
556.33,58266841088
556.62,58266841088
556.91,58266841088
557.20,58266841088
557.49,58266841088
557.77,58266210304
558.07,58266210304
558.36,58266210304
558.66,58266619904
558.95,58266619904
559.24,58266619904
559.53,58266619904
559.82,58267029504
560.11,58267029504
560.40,58267029504
560.70,58267029504
560.99,58267029504
561.28,58267029504
561.58,58267029504
561.86,58267029504
562.16,58267029504
562.45,58267029504
562.74,58267029504
563.03,58267029504
563.32,58267029504
563.62,58267029504
563.91,58267029504
564.20,58267029504
564.50,58267029504
564.79,58267029504
565.08,58267029504
565.37,58267029504
565.66,58267029504
565.96,58267029504
566.25,58267029504
566.54,58267029504
566.83,58267029504
567.12,58267029504
567.41,58267029504
567.70,58267029504
567.99,58267029504
568.29,58267029504
568.57,58267029504
568.87,58267029504
569.15,58267029504
569.44,58267029504
569.73,58267029504
570.02,58267029504
570.31,58267029504
570.60,58267029504
570.88,58267029504
571.18,58267029504
571.47,58267029504
571.76,58267029504
572.05,58267029504
572.34,58267029504
572.63,58267029504
572.92,58267029504
573.21,58267029504
573.50,58267029504
573.79,58267029504
574.07,58267029504
574.36,58267029504
574.65,58267029504
574.94,58267029504
575.23,58267029504
575.51,58267029504
575.80,58267029504
576.09,58267029504
576.37,58267029504
576.66,58267439104
576.96,58267439104
577.24,58267439104
577.53,58267439104
577.82,58267439104
578.11,58267439104
578.39,58267439104
578.68,58267439104
578.97,58267439104
579.26,58267439104
579.54,58267439104
579.84,58268258304
580.12,58268258304
580.42,58268258304
580.71,58268258304
581.00,58268258304
581.30,58268258304
581.60,58268258304
581.88,58268258304
582.17,58268258304
582.46,58268258304
582.75,58268258304
583.04,58268258304
583.33,58268258304
583.62,58268258304
583.91,58268258304
584.21,58268258304
584.51,58268258304
584.79,58268258304
585.07,58268258304
585.36,58268258304
585.65,58268258304
585.93,58268258304
586.22,58268258304
586.50,58268258304
586.79,58268258304
587.08,58268258304
587.37,58268258304
587.65,58267324416
587.94,58267324416
588.22,58267324416
588.51,58267324416
588.80,58267324416
589.09,58267324416
589.38,58267324416
589.67,58267324416
589.96,58267324416
590.25,58267324416
590.54,58267324416
590.83,58267324416
591.11,58267324416
591.39,58267324416
591.68,58267324416
591.97,58267324416
592.25,58267324416
592.54,58267324416
592.83,58267324416
593.12,58267324416
593.41,58267324416
593.70,58267324416
593.98,58267324416
594.27,58267324416
594.55,58267324416
594.85,58267324416
595.14,58267324416
595.43,58267324416
595.72,58267324416
596.00,58267324416
596.32,58267324416
596.61,58267324416
596.90,58267324416
597.18,58267324416
597.47,58267324416
597.75,58267324416
598.05,58267324416
598.34,58267324416
598.62,58267324416
598.90,58267324416
599.20,58267324416
599.49,58267324416
599.77,58267324416
600.06,58267324416
600.35,58267324416
600.64,58267324416
600.92,58267324416
601.24,58267324416
601.53,58267324416
601.82,58267324416
602.11,58267324416
602.40,58267324416
602.68,58267324416
602.97,58267324416
603.26,58267324416
603.55,58267324416
603.84,58267734016
604.14,58267734016
604.42,58267734016
604.71,58267734016
605.00,58267734016
605.29,58267734016
605.59,58267734016
605.87,58267734016
606.16,58267734016
606.45,58267734016
606.74,58267734016
607.02,58267734016
607.32,58267734016
607.61,58267734016
607.90,58267734016
608.19,58267734016
608.47,58267734016
608.75,58268143616
609.04,58268143616
609.33,58268143616
609.61,58268143616
610.65,58268143616
610.95,58268143616
611.24,58268143616
611.52,58268143616
611.81,58268143616
612.10,58268143616
612.39,58268143616
612.68,58268143616
612.98,58268143616
613.26,58268143616
613.55,58268143616
613.83,58268143616
614.12,58268143616
614.42,58268143616
614.73,58268143616
615.02,58268143616
615.32,58268143616
615.61,58268143616
615.90,58268143616
616.20,58268143616
616.49,58268143616
616.78,58268143616
617.07,58268143616
617.36,58268143616
617.64,58267664384
617.92,58267664384
618.21,58267664384
618.50,58267664384
618.79,58267664384
619.08,58267664384
619.36,58267664384
619.65,58267664384
619.93,58267664384
620.22,58267664384
620.50,58267664384
620.79,58267664384
621.08,58267664384
621.37,58267664384
621.66,58267664384
621.94,58267664384
622.24,58267664384
622.52,58267664384
622.81,58267664384
623.09,58267664384
623.39,58267664384
623.68,58267664384
623.98,58267664384
624.26,58267664384
624.55,58267664384
624.84,58267664384
625.13,58267664384
625.42,58267664384
625.71,58267664384
626.00,58267664384
626.28,58267664384
626.57,58267664384
626.86,58267664384
627.15,58267664384
627.44,58267664384
627.72,58268073984
628.02,58268073984
628.31,58268073984
628.60,58268483584
628.88,58268483584
629.17,58268483584
629.46,58268483584
629.76,58268483584
630.05,58268483584
630.34,58268483584
630.63,58268483584
630.92,58268483584
631.21,58268483584
631.50,58268483584
631.79,58268483584
632.08,58268483584
632.37,58268483584
632.65,58268483584
632.94,58268483584
633.23,58268483584
633.51,58268483584
633.80,58268483584
634.09,58268483584
634.38,58268483584
634.66,58268483584
634.94,58268483584
635.23,58268483584
635.52,58268483584
635.80,58268483584
636.09,58268483584
636.38,58268483584
636.68,58268483584
636.97,58268483584
637.27,58268483584
637.56,58268483584
637.85,58263552000
638.13,58263552000
638.42,58263552000
638.71,58267648000
639.00,58267648000
639.29,58267648000
639.58,58267648000
639.86,58267648000
640.15,58267648000
640.44,58267648000
640.74,58267648000
641.02,58267648000
641.31,58267648000
641.60,58267648000
641.88,58267648000
642.16,58267648000
642.45,58267648000
642.73,58267648000
643.02,58267648000
643.31,58267648000
643.60,58267648000
643.88,58267648000
644.18,58267648000
644.47,58267648000
644.76,58267648000
645.05,58267648000
645.33,58267648000
645.61,58267648000
645.91,58267648000
646.20,58267648000
646.49,58267648000
646.79,58267648000
647.08,58267648000
647.37,58267648000
647.66,58263175168
647.95,58263175168
648.23,58263175168
648.52,58265223168
648.81,58267271168
649.11,58267271168
649.40,58267271168
649.69,58267271168
649.97,58267271168
650.26,58267271168
650.54,58267271168
650.83,58267271168
651.12,58267271168
651.40,58267271168
651.68,58267271168
651.98,58267271168
652.27,58267271168
652.56,58267271168
652.84,58267680768
653.13,58267680768
653.43,58267680768
653.71,58268499968
654.00,58268499968
654.28,58268499968
654.57,58268499968
654.86,58268499968
655.15,58268499968
655.44,58268499968
655.74,58268499968
656.02,58268499968
656.31,58268499968
656.60,58268499968
656.89,58268499968
657.17,58268499968
657.46,58268499968
657.75,58263216128
658.05,58263216128
658.34,58263216128
658.63,58267312128
658.91,58267312128
659.20,58267312128
659.48,58267312128
659.77,58267721728
660.07,58267721728
660.35,58267721728
660.64,58267721728
660.92,58267721728
661.21,58267721728
661.51,58267721728
661.81,58267721728
662.10,58267721728
662.39,58267721728
662.68,58268131328
662.97,58268131328
663.26,58268131328
663.55,58268131328
663.84,58268131328
664.13,58268131328
664.43,58268131328
664.72,58268131328
665.01,58268131328
665.30,58268131328
665.59,58268131328
665.88,58268131328
666.16,58268131328
666.45,58268131328
666.74,58268131328
667.03,58268131328
667.32,58268131328
667.61,58268540928
667.90,58263433216
668.18,58263433216
668.47,58263433216
668.75,58267938816
669.05,58267938816
669.34,58267938816
669.63,58268758016
669.93,58268758016
670.22,58268758016
670.52,58268758016
670.82,58268758016
671.12,58268758016
671.41,58268758016
671.70,58268758016
672.00,58268758016
672.29,58268758016
672.58,58268758016
672.87,58268758016
673.15,58268758016
673.45,58268758016
673.74,58268758016
674.02,58268758016
674.31,58268758016
674.97,58268758016
675.25,58268758016
675.53,58268758016
675.82,58268758016
676.11,58268758016
676.40,58268758016
676.69,58268758016
676.97,58268758016
677.26,58268758016
677.55,58268758016
677.83,58263351296
678.12,58267447296
678.40,58267447296
678.70,58267447296
678.99,58267447296
679.28,58267856896
679.57,58267856896
679.86,58267856896
680.15,58267856896
680.45,58267856896
680.74,58267856896
681.03,58267856896
681.32,58267856896
681.61,58267856896
681.89,58267856896
682.18,58267856896
682.47,58267856896
682.77,58267856896
683.05,58267856896
683.34,58267856896
683.64,58267856896
683.93,58267856896
684.22,58267856896
684.51,58267856896
684.80,58267856896
685.09,58267856896
685.38,58267856896
685.67,58267856896
685.95,58267856896
686.23,58268676096
686.53,58268676096
686.82,58268676096
687.11,58268676096
687.39,58268676096
687.68,58268676096
687.97,58265329664
688.26,58267787264
688.55,58267787264
688.84,58267787264
689.13,58268196864
689.42,58268196864
689.71,58268196864
690.00,58268196864
690.28,58268196864
690.57,58268196864
690.86,58268196864
691.15,58268196864
691.44,58268196864
691.73,58268196864
692.02,58268196864
692.31,58268196864
692.60,58268196864
692.88,58067222528
693.17,58067222528
693.47,58067222528
693.76,58067222528
694.05,58067222528
694.34,58067222528
694.63,58067222528
694.91,58067222528
695.20,58067222528
695.49,58067222528
695.78,58067222528
696.08,58068041728
696.36,58068041728
696.64,58068041728
696.93,58068041728
697.22,58068041728
697.51,58068041728
697.80,58068041728
698.10,58066866176
698.38,58066866176
698.68,58066866176
698.97,58066866176
699.26,58066866176
699.56,58066866176
699.85,58066866176
700.14,58066866176
700.42,58066866176
700.71,58066866176
701.00,58066866176
701.29,58066866176
701.58,58066866176
701.88,58066866176
702.17,58066866176
702.46,58066866176
702.75,58066866176
703.04,58066866176
703.34,58066866176
703.63,58066866176
703.92,58066866176
704.21,58066866176
704.51,58066866176
704.80,58066866176
705.09,58066866176
705.37,58066866176
705.66,58066866176
705.95,58066866176
706.24,58066866176
706.52,58066866176
706.81,58066866176
707.11,58066866176
707.40,58066866176
707.69,58066866176
707.98,58065215488
708.27,58066034688
708.56,58066034688
708.85,58066034688
709.14,58066853888
709.44,58066853888
709.73,58066853888
710.03,58066853888
710.32,58066853888
710.62,58066853888
710.91,58066853888
711.20,58066853888
711.49,58066853888
711.78,58066853888
712.07,58066853888
712.35,58066853888
712.64,58066853888
712.93,58066853888
713.21,58066853888
713.50,58066853888
713.78,58066853888
714.07,58066853888
714.35,58066853888
714.63,58066853888
714.91,58066853888
715.21,58066853888
715.50,58066853888
715.78,58066853888
716.07,58066853888
716.36,58066853888
716.65,58066853888
716.93,58066853888
717.22,58066853888
717.51,58066853888
717.79,58066853888
718.08,58066804736
718.38,58066804736
718.67,58066804736
718.96,58066804736
719.25,58068033536
719.54,58068033536
719.84,58068033536
720.13,58068033536
720.42,58068033536
720.71,58068033536
721.00,58068033536
721.29,58068033536
721.58,58068033536
721.86,58068033536
722.15,58068443136
722.44,58068443136
722.73,58068443136
723.01,58068443136
723.30,58068443136
723.59,58068443136
723.88,58068443136
724.17,58068443136
724.46,58068443136
724.75,58068443136
725.04,58068443136
725.34,58068443136
725.62,58068443136
725.91,58068443136
726.20,58068443136
726.49,58068443136
726.77,58068443136
727.06,58068443136
727.34,58068443136
727.63,58068443136
727.91,58068443136
728.20,58067992576
728.49,58067992576
728.77,58067992576
729.05,58068402176
729.34,58068402176
729.64,58068402176
729.93,58068402176
730.22,58068402176
730.50,58068402176
730.79,58068402176
731.08,58068402176
731.37,58068402176
731.66,58068402176
731.95,58068402176
732.25,58068402176
732.54,58068402176
732.83,58068402176
733.12,58068402176
733.41,58068402176
733.70,58068402176
733.99,58068402176
734.28,58068402176
734.57,58068402176
734.86,58068402176
735.15,58068402176
735.44,58068402176
735.73,58068402176
736.01,58068402176
736.30,58068402176
736.59,58068402176
736.88,58068402176
737.17,58068402176
737.46,58068402176
737.75,58068402176
738.04,58066186240
738.33,58066186240
738.62,58066186240
738.90,58066186240
739.19,58068643840
739.48,58068643840
739.76,58068643840
740.05,58069872640
740.34,58069872640
740.62,58069872640
740.91,58069872640
741.20,58069872640
741.49,58069872640
741.77,58069872640
742.06,58069872640
742.36,58069872640
742.64,58069872640
742.93,58069872640
743.22,58069872640
743.50,58069872640
743.78,58069872640
744.07,58069872640
744.35,58069872640
744.64,58069872640
744.93,58069872640
745.22,58069872640
745.50,58069872640
745.79,58069872640
746.07,58069872640
746.37,58069872640
746.66,58069872640
746.94,58069872640
747.22,58069872640
747.50,58069872640
747.80,58069872640
748.08,58066759680
748.37,58066759680
748.65,58066759680
748.95,58066759680
749.23,58070036480
749.52,58070036480
749.80,58070036480
750.09,58070036480
750.38,58070036480
750.68,58070036480
750.97,58070036480
751.24,58062503936
751.53,58062503936
751.83,58062503936
752.11,58065780736
752.40,58065780736
752.69,58065780736
752.98,58065780736
753.26,58065780736
753.55,58065780736
753.84,58065780736
754.13,58066190336
754.42,58066190336
754.72,58066190336
755.01,58066190336
755.30,58066190336
755.60,58066190336
755.89,58066190336
756.18,58066190336
756.47,58066190336
756.76,58066190336
757.05,58066599936
757.34,58066599936
757.62,58066599936
757.91,58066599936
758.19,58065530880
758.48,58065530880
758.78,58065530880
759.07,58066350080
759.36,58066350080
759.65,58066350080
759.94,58066350080
760.23,58066350080
760.53,58066350080
760.82,58066350080
761.11,58066350080
761.41,58066350080
761.70,58066350080
761.99,58066350080
762.28,58066350080
762.57,58066350080
762.86,58066350080
763.15,58066350080
763.43,58066350080
763.71,58066350080
764.00,58066350080
764.28,58066350080
764.56,58066350080
764.85,58066350080
765.14,58066350080
765.42,58066350080
765.71,58066350080
766.00,58066350080
766.29,58066350080
766.58,58066350080
766.86,58066350080
767.16,58066350080
767.44,58066350080
767.73,58066350080
768.02,58065616896
768.31,58065616896
768.59,58065616896
768.88,58065616896
769.17,58066026496
769.46,58066026496
769.74,58066026496
770.02,58066026496
770.31,58066026496
770.60,58066026496
770.88,58066026496
771.17,58066845696
771.46,58066845696
771.75,58066845696
772.05,58066845696
772.34,58066845696
772.62,58066845696
772.91,58066845696
773.20,58066845696
773.50,58066845696
773.79,58066845696
774.08,58066845696
774.37,58066845696
774.65,58066845696
774.95,58066845696
775.23,58066845696
775.52,58066845696
775.81,58066845696
776.10,58067255296
776.39,58067255296
776.68,58067255296
776.98,58067255296
777.27,58067255296
777.56,58067255296
777.85,58067255296
778.13,58066485248
778.42,58066485248
778.71,58066485248
779.00,58066894848
779.29,58066894848
779.58,58066894848
779.87,58066894848
780.15,58066894848
780.44,58066894848
780.73,58066894848
781.02,58066894848
781.31,58066894848
781.59,58066894848
781.88,58066894848
782.18,58066894848
782.46,58066894848
782.75,58066894848
783.04,58066894848
783.33,58066894848
783.61,58066894848
783.89,58066894848
784.19,58066894848
784.47,58066894848
784.76,58066894848
785.05,58066894848
785.33,58066894848
785.63,58066894848
785.91,58066894848
786.20,58066894848
786.48,58066894848
786.77,58066894848
787.06,58066894848
787.35,58066894848
787.64,58066894848
787.94,29135351808
788.22,29130739712
788.51,29130739712
788.80,29130739712
789.09,29135245312
789.38,29135245312
789.67,29135245312
789.96,29135245312
790.25,29135654912
790.53,29135654912
790.82,29135654912
791.11,29135654912
791.40,29135654912
791.69,29135654912
791.98,29135654912
792.26,29135654912
792.54,29135654912
792.82,29135654912
793.11,29136064512
793.40,29136064512
793.68,29136064512
793.97,29136064512
794.26,29136064512
794.56,29136064512
794.85,29136064512
795.14,29136064512
795.43,29136064512
795.72,29136064512
796.00,29136064512
796.29,29136474112
796.58,29136474112
796.87,29136474112
797.15,29136474112
797.45,29136474112
797.73,29136474112
798.02,29136474112
798.31,29136474112
798.60,29136474112
798.89,29136474112
799.18,29136474112
799.46,29136474112
799.75,29136474112
800.04,29136474112
800.33,29136474112
800.61,29136474112
800.90,29136474112
801.19,29136474112
801.47,29136474112
801.76,29130670080
802.05,29134766080
802.34,29134766080
802.63,29134766080
802.91,29134766080
803.20,29135585280
803.49,29135585280
803.78,29135585280
804.07,29135585280
804.36,29135585280
804.66,29135585280
804.95,29135585280
805.24,29135994880
805.53,29135994880
805.83,29135994880
806.11,29135994880
806.40,29135994880
806.69,29135994880
806.98,29135994880
807.27,29135994880
807.56,29135994880
807.84,29135994880
808.12,29135994880
808.41,29135994880
808.69,29135994880
808.98,29135994880
809.27,29136404480
809.55,29136404480
809.84,29136404480
810.12,29136404480
810.41,29136404480
810.70,29136404480
810.99,29136404480
811.27,29136404480
811.57,29130698752
811.86,29130698752
812.14,29135613952
812.43,29135613952
812.72,29135613952
813.01,29135613952
813.29,29135613952
813.59,29135613952
813.88,29135613952
814.17,29135613952
814.46,29135613952
814.75,29135613952
815.04,29135613952
815.34,29135613952
815.62,29135613952
815.91,29135613952
816.20,29135613952
816.49,29135613952
816.78,29135613952
817.08,29136023552
817.37,29136023552
817.66,29136023552
817.95,29136023552
818.23,29136023552
818.52,29136023552
818.81,29136023552
819.10,29136023552
819.40,29136023552
819.70,29136023552
819.99,29136023552
820.28,29136023552
820.58,29136023552
820.88,29136023552
821.17,29136023552
821.45,29136023552
821.74,29130764288
822.03,29135679488
822.33,29135679488
822.62,29135679488
822.92,29135679488
823.21,29135679488
823.50,29135679488
823.80,29135679488
824.09,29135679488
824.38,29135679488
824.67,29135679488
824.96,29135679488
825.25,29135679488
825.54,29135679488
825.83,29135679488
826.11,29136089088
826.40,29136089088
826.69,29136089088
826.98,29136089088
827.27,29130960896
827.56,29130960896
827.85,29130960896
828.13,29135056896
828.42,29135056896
828.71,29135056896
829.00,29135056896
829.28,29135876096
829.57,29135876096
829.85,29135876096
830.15,29136285696
830.44,29136285696
830.72,29136285696
831.01,29136285696
831.30,29136285696
831.59,29130932224
831.89,29130932224
832.18,29135847424
832.47,29135847424
832.75,29135847424
833.04,29135847424
833.33,29135847424
833.62,29135847424
833.91,29135847424
834.20,29135847424
834.48,29135847424
834.77,29135847424
835.07,29135847424
835.36,29135847424
835.64,29135847424
835.93,29135847424
836.22,29135847424
836.51,29135847424
836.79,29135847424
837.08,29135847424
837.36,29135847424
837.65,29135847424
837.94,29135847424
838.24,29135847424
838.52,29135847424
838.81,29135847424
839.10,29135847424
839.39,29135847424
839.67,29135847424
839.96,29135847424
840.26,29135847424
840.55,29135847424
840.84,29135847424
841.13,29135847424
841.41,29135847424
841.69,29135847424
841.97,29133238272
842.27,29135286272
842.56,29135286272
842.85,29135286272
843.14,29135286272
843.43,29135286272
843.72,29135286272
844.01,29135695872
844.30,29135695872
844.60,29135695872
844.88,29135695872
845.17,29135695872
845.47,29135695872
845.76,29135695872
846.05,29135695872
846.35,29135695872
846.64,29135695872
846.93,29135695872
847.23,29136105472
847.51,29136105472
847.80,29136105472
848.09,29136105472
848.39,29136105472
848.68,29136105472
848.97,29136105472
849.26,29136105472
849.55,29136105472
849.83,29136105472
850.13,29136105472
850.42,29136105472
850.70,29136105472
850.99,29136105472
851.29,29136105472
851.58,29136105472
851.86,29136105472
852.15,29135638528
852.44,29135638528
852.74,29135638528
853.02,29136048128
853.31,29136048128
853.60,29136048128
853.89,29136048128
854.18,29136048128
854.48,29136048128
854.77,29136048128
855.07,29136048128
855.36,29136048128
855.65,29136048128
855.94,29136048128
856.23,29136048128
856.52,29136048128
856.81,29136048128
857.10,29136048128
857.39,29136048128
857.69,29136048128
857.98,29136048128
858.26,29136048128
858.55,29136048128
858.84,29136048128
859.14,29136048128
859.43,29136048128
859.73,29136048128
860.02,29136048128
860.31,29136048128
860.60,29136048128
860.90,29136048128
861.19,29136048128
861.47,29136048128
861.76,29136048128
862.06,29136048128
862.35,29136048128
862.64,29136048128
862.93,29136048128
863.22,29136048128
863.50,29136048128
863.79,29136048128
864.08,29136457728
864.37,29136457728
864.66,29136457728
864.94,29136457728
865.23,29136457728
865.52,29136457728
865.81,29136457728
866.10,29136457728
866.38,29136457728
866.67,29136457728
866.96,29136457728
867.25,29136457728
867.53,29136457728
867.82,29136457728
868.11,29136457728
868.40,29136457728
868.69,29136457728
868.98,29136457728
869.27,29136457728
869.56,29136457728
869.84,29136457728
870.13,29136457728
870.42,29136457728
870.71,29136457728
870.98,29136457728
871.27,29136457728
871.56,29136457728
871.85,29136457728
872.14,29130518528
872.43,29130518528
872.72,29130518528
873.01,29136252928
873.30,29136252928
873.60,29136252928
873.88,29136252928
874.17,29136252928
874.47,29136252928
874.76,29136252928
875.05,29136252928
875.34,29136252928
875.63,29136252928
875.92,29136252928
876.22,29136252928
876.51,29136252928
876.79,29136252928
877.08,29136252928
877.37,29136252928
877.65,29136252928
877.95,29136252928
878.24,29136662528
878.53,29136662528
878.82,29136662528
879.11,29136662528
879.39,29136662528
879.69,29136662528
879.98,29136662528
880.27,29136662528
880.56,29136662528
880.85,29136662528
881.14,29136662528
881.43,29136662528
881.72,29136662528
882.01,29136662528
882.28,29136662528
882.57,29136662528
882.85,29136662528
883.14,29136662528
883.44,29136662528
883.73,29136662528
884.01,29136662528
884.30,29136662528
884.59,29136662528
884.88,29136662528
885.17,29136662528
885.47,29136662528
885.75,29136662528
886.04,29136662528
886.33,29136662528
886.62,29136662528
886.91,29136662528
887.21,29136662528
887.50,29136662528
887.79,29136662528
888.09,29136662528
888.38,29136662528
888.66,29136662528
888.95,29136662528
889.25,29136662528
889.54,29136662528
889.83,29136662528
890.12,29136662528
890.41,29136662528
890.70,29136662528
890.99,29136662528
891.28,29137072128
891.58,29137072128
891.86,29137072128
892.14,29131001856
892.43,29131001856
892.73,29131001856
893.02,29135917056
893.31,29135917056
893.60,29135917056
893.89,29135917056
894.18,29131321344
894.48,29131321344
894.77,29131321344
895.06,29136236544
895.35,29136236544
895.63,29136236544
895.91,29136236544
896.20,29136646144
896.49,29136646144
896.78,29136646144
897.07,29136646144
897.36,29136646144
897.65,29136646144
897.94,29136646144
898.23,29136646144
898.51,29136646144
898.81,29136646144
899.10,29136646144
899.39,29136646144
899.68,29136646144
899.97,29136646144
900.26,29136646144
900.55,29136646144
900.84,29136646144
901.13,29136646144
901.41,29136646144
901.70,29136646144
901.99,29136646144
902.28,29130457088
902.57,29130457088
902.86,29130457088
903.15,29135781888
903.44,29135781888
903.73,29135781888
904.02,29130960896
904.31,29130960896
904.59,29130960896
904.88,29130960896
905.17,29135056896
905.46,29135056896
905.76,29135056896
906.05,29135056896
906.34,29135056896
906.62,29135056896
906.91,29135056896
907.20,29135876096
907.49,29135876096
907.78,29135876096
908.07,29135876096
908.36,29135876096
908.65,29135876096
908.94,29135876096
909.23,29136285696
909.52,29136285696
909.81,29136285696
910.11,29136285696
910.40,29136285696
910.69,29136285696
910.98,29136285696
911.26,29136285696
911.55,29136285696
911.84,29136285696
912.14,29136285696
912.43,29130510336
912.71,29130510336
913.00,29135015936
913.29,29136244736
913.57,29136244736
913.86,29136244736
914.14,29136244736
914.43,29136244736
914.72,29136244736
915.00,29136244736
915.28,29136244736
915.57,29136244736
915.86,29136244736
916.15,29136244736
916.44,29136244736
916.72,29136244736
917.01,29136244736
917.30,29136244736
917.59,29136244736
917.88,29136244736
918.16,29136244736
918.45,29136244736
918.74,29136244736
919.02,29136244736
919.32,29136244736
919.61,29136244736
919.89,29136244736
920.18,29136244736
920.48,29136244736
920.76,29136244736
921.05,29136244736
921.34,29136244736
921.63,29136244736
921.93,29136244736
922.21,29130776576
922.50,29130776576
922.79,29130776576
923.08,29135282176
923.38,29135282176
923.67,29135282176
923.96,29135282176
924.24,29136101376
924.53,29136101376
924.81,29136101376
925.10,29136101376
925.39,29136101376
925.68,29136101376
925.98,29136101376
926.27,29136101376
926.55,29136101376
926.84,29136101376
927.12,29136101376
927.41,29136101376
927.70,29136101376
928.00,29136101376
928.28,29136101376
928.58,29136101376
928.87,29136101376
929.16,29136101376
929.45,29136101376
929.74,29136101376
930.02,29136101376
930.32,29136101376
930.61,29136101376
930.90,29136101376
931.20,29136101376
931.49,29136101376
931.77,29136101376
932.06,29136101376
932.34,29130559488
932.64,29130559488
932.93,29130559488
933.22,29136293888
933.51,29136293888
933.80,29136293888
934.09,29136703488
934.38,29136703488
934.67,29136703488
934.96,29136703488
935.25,29137113088
935.54,29137113088
935.83,29137113088
936.12,29137113088
936.41,29137113088
936.70,29137113088
936.99,29137113088
937.28,29137113088
937.57,29137113088
937.86,29137113088
938.15,29137113088
938.43,29137113088
938.73,29137113088
939.01,29137113088
939.30,29137113088
939.59,29137113088
939.88,29137113088
940.17,29137113088
940.47,29137113088
940.75,29137113088
941.04,29137113088
941.33,29137113088
941.61,29137113088
941.89,29137113088
942.18,29137113088
942.47,29137113088
942.75,29137113088
943.05,29135781888
943.33,29135781888
943.62,29135781888
943.90,29135781888
944.19,29135781888
944.49,29135781888
944.78,29135781888
945.08,29135781888
945.37,29135781888
945.66,29135781888
945.95,29135781888
946.25,29135781888
946.54,29135781888
946.83,29135781888
947.12,29135781888
947.41,29135781888
947.70,29135781888
947.99,29135781888
948.28,29135781888
948.56,29135781888
948.85,29135781888
949.14,29135781888
949.43,29135781888
949.72,29135781888
950.00,29135781888
950.29,29135781888
950.57,29135781888
950.87,29135781888
951.16,29135781888
951.44,29135781888
951.72,29135781888
952.01,29135781888
952.30,29135781888
952.59,29135781888
952.88,29135781888
953.17,29134848000
953.46,29134848000
953.74,29134848000
954.02,29135257600
954.32,29135257600
954.61,29135257600
954.90,29135257600
955.19,29135667200
955.47,29135667200
955.76,29135667200
956.05,29135667200
956.35,29135667200
956.64,29135667200
956.93,29135667200
957.21,29135667200
957.50,29135667200
957.79,29135667200
958.08,29135667200
958.36,29135667200
958.65,29135667200
958.93,29135667200
959.22,29135667200
959.51,29135667200
959.79,29135667200
960.07,29135667200
960.36,29135667200
960.64,29135667200
960.94,29135667200
961.23,29136486400
961.52,29136486400
961.80,29136486400
962.09,29136486400
962.39,29136486400
962.67,29136486400
962.96,29131550720
963.24,29135646720
963.52,29135646720
963.81,29135646720
964.11,29136465920
964.40,29136465920
964.69,29136465920
964.98,29136465920
965.26,29136465920
965.56,29136465920
965.85,29136465920
966.15,29136465920
966.44,29136465920
966.73,29136465920
967.03,29130960896
967.32,29130960896
967.60,29130960896
967.89,29130960896
968.19,29135466496
968.49,29135466496
968.78,29135466496
969.07,29135876096
969.36,29135876096
969.65,29135876096
969.93,29135876096
970.22,29135876096
970.51,29135876096
970.80,29135876096
971.09,29135876096
971.38,29135876096
971.67,29135876096
971.96,29135876096
972.26,29135876096
972.56,29135876096
972.85,29135876096
973.15,29130743808
973.44,29130743808
973.73,29130743808
974.02,29135659008
974.31,29135659008
974.61,29135659008
974.90,29135659008
975.19,29136068608
975.48,29136068608
975.77,29136068608
976.07,29136887808
976.35,29136887808
976.64,29136887808
976.93,29136887808
977.22,29136887808
977.51,29136887808
977.80,29136887808
978.10,29136887808
978.39,29136887808
978.68,29136887808
978.98,29136887808
979.27,29136887808
979.55,29136887808
979.85,29136887808
980.14,29136887808
980.43,29136887808
980.72,29136887808
981.00,29136887808
981.29,29136887808
981.58,29136887808
981.87,29136887808
982.17,29136887808
982.46,29136887808
982.74,29136887808
983.01,29136887808
983.30,29130948608
983.58,29130948608
983.87,29130948608
984.16,29136273408
984.45,29136273408
984.74,29136273408
985.01,29136683008
985.30,29136683008
985.59,29136683008
985.88,29136683008
986.17,29136683008
986.46,29136683008
986.75,29136683008
987.03,29137092608
987.33,29137092608
987.62,29137092608
987.90,29137092608
988.20,29137092608
988.49,29137092608
988.78,29137092608
989.07,29137092608
989.35,29137092608
989.65,29137092608
989.94,29137092608
990.23,29137092608
990.52,29137092608
990.80,29137092608
991.09,29137092608
991.38,29137092608
991.66,29137092608
991.95,29137092608
992.23,29137092608
992.51,29137092608
992.80,29137092608
993.09,29137092608
993.38,29137092608
993.66,29137092608
993.95,29131714560
994.24,29134991360
994.51,29134991360
994.80,29134991360
995.10,29135810560
995.39,29135810560
995.67,29135810560
995.97,29135810560
996.25,29135810560
996.55,29135810560
996.84,29135810560
997.13,29136220160
997.41,29136220160
997.71,29136220160
997.99,29136220160
998.28,29136220160
998.57,29136220160
998.85,29136220160
999.14,29136220160
999.43,29136220160
999.72,29136220160
1000.00,29136220160
1000.28,29136220160
1000.57,29136220160
1000.85,29136220160
1001.14,29136629760
1001.42,29136629760
1001.72,29136629760
1002.00,29136629760
1002.29,29136629760
1002.57,29136629760
1002.85,29136629760
1003.13,29136629760
1003.42,29136629760
1003.71,29136629760
1004.00,29134508032
1004.30,29134508032
1004.59,29134508032
1004.87,29134508032
1005.16,29131010048
1005.44,29131010048
1005.73,29131010048
1006.02,29135925248
1006.31,29135925248
1006.59,29135925248
1006.88,29135925248
1007.17,29136744448
1007.46,29136744448
1007.75,29136744448
1008.04,29136744448
1008.33,29136744448
1008.62,29136744448
1008.90,29136744448
1009.19,29136744448
1009.47,29136744448
1009.76,29136744448
1010.06,29136744448
1010.35,29136744448
1010.64,29136744448
1010.93,29136744448
1011.22,29136744448
1011.50,29136744448
1011.79,29136744448
1012.09,29136744448
1012.38,29136744448
1012.66,29136744448
1012.95,29136744448
1013.24,29136744448
1013.53,29136744448
1013.83,29136744448
1014.12,29136490496
1014.40,29136490496
1014.69,29136490496
1014.99,29136490496
1015.28,29136490496
1015.57,29136490496
1015.85,29136490496
1016.14,29136490496
1016.44,29136490496
1016.74,29136490496
1017.03,29136490496
1017.33,29136490496
1017.62,29136490496
1017.91,29136490496
1018.20,29136490496
1018.49,29136490496
1018.78,29136490496
1019.07,29136900096
1019.35,29136900096
1019.64,29136900096
1019.94,29136900096
1020.23,29136900096
1020.52,29136900096
1020.81,29136900096
1021.10,29136900096
1021.39,29136900096
1021.69,29136900096
1021.98,29136900096
1022.27,29136900096
1022.56,29136900096
1022.84,29136900096
1023.12,29136900096
1023.41,29136900096
1023.70,29136900096
1023.99,29135065088
1024.28,29136293888
1024.57,29136293888
1024.86,29136293888
1025.15,29131046912
1025.45,29131046912
1025.74,29131046912
1026.03,29135962112
1026.32,29135962112
1026.60,29135962112
1026.89,29135962112
1027.18,29135962112
1027.47,29135962112
1027.75,29135962112
1028.05,29135962112
1028.33,29135962112
1028.62,29135962112
1028.90,29135962112
1029.19,29135962112
1029.48,29135962112
1029.77,29135962112
1030.07,29136371712
1030.36,29136371712
1030.65,29136371712
1030.94,29136371712
1031.23,29136371712
1031.51,29136371712
1031.80,29136371712
1032.09,29136371712
1032.38,29136371712
1032.68,29136371712
1032.96,29136371712
1033.26,29136371712
1033.54,29136371712
1033.82,29136371712
1034.11,29136654336
1034.39,29136654336
1034.67,29136654336
1034.95,29136654336
1035.24,29136654336
1035.53,29136654336
1035.81,29136654336
1036.10,29136654336
1036.38,29136654336
1036.68,29136654336
1036.96,29136654336
1037.25,29136654336
1037.54,29136654336
1037.82,29136654336
1038.12,29136654336
1038.40,29136654336
1038.69,29136654336
1038.98,29136654336
1039.27,29136654336
1039.56,29136654336
1039.85,29136654336
1040.13,29136654336
1040.42,29136654336
1040.70,29136654336
1040.99,29136654336
1041.28,29136654336
1041.57,29136654336
1041.86,29136654336
1042.15,29136654336
1042.43,29136654336
1042.72,29136654336
1043.01,29136654336
1043.30,29136654336
1043.58,29136654336
1043.88,29136654336
1044.17,29135564800
1044.45,29135564800
1044.74,29135564800
1045.03,29135564800
1045.31,29135564800
1045.61,29135564800
1045.89,29135564800
1046.18,29135564800
1046.47,29135564800
1046.76,29135564800
1047.06,29135974400
1047.34,29135974400
1047.63,29135974400
1047.93,29135974400
1048.22,29135974400
1048.51,29135974400
1048.81,29135974400
1049.10,29136793600
1049.39,29136793600
1049.68,29136793600
1049.97,29136793600
1050.26,29136793600
1050.55,29136793600
1050.84,29136793600
1051.13,29136793600
1051.42,29136793600
1051.70,29136793600
1052.00,29136793600
1052.29,29136793600
1052.58,29136793600
1052.87,29136793600
1053.15,29136793600
1053.44,29136793600
1053.74,29136793600
1054.03,29135896576
1054.33,29135896576
1054.62,29135896576
1054.91,29135896576
1055.19,29130977280
1055.49,29130977280
1055.77,29130977280
1056.07,29135892480
1056.36,29135892480
1056.64,29135892480
1056.93,29135892480
1057.22,29130977280
1057.51,29130977280
1057.81,29130977280
1058.10,29135482880
1058.38,29135482880
1058.67,29135482880
1058.96,29137121280
1059.25,29130977280
1059.54,29130977280
1059.83,29130977280
1060.11,29135892480
1060.40,29135892480
1060.69,29135892480
1060.98,29137940480
1061.26,29130977280
1061.55,29130977280
1061.84,29130977280
1062.13,29136711680
1062.42,29136711680
1062.71,29136711680
1063.01,29142036480
1063.30,29130977280
1063.59,29130977280
1063.88,29130977280
1064.17,29136302080
1064.46,29136302080
1064.74,29136302080
1065.03,29136302080
1065.31,29136302080
1065.61,29136302080
1065.90,29136302080
1066.19,29136302080
1066.48,29136302080
1066.77,29136302080
1067.07,29136711680
1067.36,29136711680
1067.65,29136711680
1067.94,29136711680
1068.23,29136711680
1068.53,29136711680
1068.81,29136711680
1069.11,29136711680
1069.40,29136711680
1069.69,29136711680
1069.98,29136711680
1070.27,29136711680
1070.57,29136711680
1070.86,29136711680
1071.15,29136711680
1071.44,29136711680
1071.73,29136711680
1072.03,29136711680
1072.32,29136711680
1072.61,29136711680
1072.89,29136711680
1073.18,29136711680
1073.47,29130510336
1073.77,29130919936
1074.06,29131030528
1074.34,29131030528
1074.63,29131030528
1074.92,29131030528
1075.21,29136355328
1075.50,29136355328
1075.79,29136355328
1076.09,29136355328
1076.38,29136355328
1076.67,29136355328
1076.96,29136355328
1077.24,29136764928
1077.53,29136764928
1077.82,29136764928
1078.11,29136764928
1078.40,29136764928
1078.69,29136764928
1078.98,29136764928
1079.27,29136764928
1079.56,29136764928
1079.86,29136764928
1080.15,29136764928
1080.44,29136764928
1080.74,29136764928
1081.02,29136764928
1081.32,29136764928
1081.60,29136764928
1081.89,29136764928
1082.18,29136764928
1082.48,29136764928
1082.76,29136764928
1083.06,29136764928
1083.35,29130756096
1083.64,29130756096
1083.94,29130756096
1084.23,29136490496
1084.52,29136490496
1084.82,29136490496
1085.11,29131141120
1085.40,29131141120
1085.70,29131141120
1085.99,29134827520
1086.29,29135646720
1086.57,29135646720
1086.87,29135646720
1087.15,29136056320
1087.44,29136056320
1087.73,29136056320
1088.02,29136056320
1088.31,29136056320
1088.60,29136056320
1088.89,29136056320
1089.18,29136056320
1089.47,29136056320
1089.76,29136056320
1090.06,29136056320
1090.34,29136056320
1090.63,29136056320
1090.93,29136056320
1091.22,29136465920
1091.51,29136465920
1091.80,29136465920
1092.09,29136875520
1092.38,29136875520
1092.68,29136875520
1092.97,29136875520
1093.26,29136875520
1093.56,29136875520
1093.85,29130891264
1094.14,29135806464
1094.42,29135806464
1094.71,29135806464
1095.00,29135806464
1095.28,29137035264
1095.58,29137035264
1095.87,29137035264
1096.14,29131075584
1096.43,29131075584
1096.72,29131075584
1097.01,29135990784
1097.30,29136809984
1097.59,29136809984
1097.88,29136809984
1098.16,29136809984
1098.45,29136809984
1098.74,29136809984
1099.04,29136809984
1099.33,29136809984
1099.61,29136809984
1099.90,29136809984
1100.19,29136809984
1100.48,29136809984
1100.77,29136809984
1101.06,29136809984
1101.36,29136809984
1101.65,29136809984
1101.93,29136809984
1102.22,29136809984
1102.52,29136809984
1102.81,29136809984
1103.10,29136809984
1103.39,29136809984
1103.68,29136809984
1103.98,29133934592
1104.27,29136801792
1104.55,29136801792
1104.84,29136801792
1105.13,29136801792
1105.43,29136801792
1105.71,29136801792
1106.00,29136801792
1106.30,29137211392
1106.59,29137211392
1106.89,29137211392
1107.18,29137211392
1107.46,29137211392
1107.75,29137211392
1108.04,29137211392
1108.33,29137211392
1108.63,29137211392
1108.92,29137211392
1109.21,29137211392
1109.51,29137211392
1109.80,29137211392
1110.10,29137211392
1110.39,29137211392
1110.68,29137211392
1110.97,29137211392
1111.26,29131309056
1111.55,29131309056
1111.85,29131309056
1112.14,29136633856
1112.43,29136633856
1112.72,29136633856
1113.01,29136633856
1113.30,29136633856
1113.59,29136633856
1113.88,29136633856
1114.17,29136683008
1114.45,29136683008
1114.75,29136683008
1115.03,29136683008
1115.32,29136683008
1115.61,29136683008
1115.90,29136683008
1116.19,29137092608
1116.48,29137092608
1116.77,29137092608
1117.06,29137092608
1117.35,29137092608
1117.63,29137092608
1117.93,29137092608
1118.22,29137092608
1118.52,29137092608
1118.81,29137092608
1119.11,29137092608
1119.40,29137092608
1119.69,29137092608
1119.98,29137092608
1120.26,29131423744
1120.55,29131423744
1120.84,29131423744
1121.12,29137158144
1121.41,29137158144
1121.70,29137158144
1121.99,29137158144
1122.28,29137391616
1122.57,29137391616
1122.85,29137391616
1123.14,29137391616
1123.42,29137391616
1123.72,29137391616
1124.01,29135982592
1124.30,29135982592
1124.59,29135982592
1124.89,29135982592
1125.17,29136392192
1125.47,29136392192
1125.76,29136392192
1126.04,29130964992
1126.34,29130964992
1126.62,29130964992
1126.91,29130964992
1127.20,29136699392
1127.48,29136699392
1127.78,29136699392
1128.07,29136699392
1128.36,29136699392
1128.65,29136699392
1128.94,29136699392
1129.23,29136699392
1129.51,29136699392
1129.81,29136699392
1130.10,29136699392
1130.38,29136699392
1130.67,29136699392
1130.97,29136699392
1131.25,29136699392
1131.54,29136699392
1131.83,29136699392
1132.12,29136699392
1132.40,29136699392
1132.70,29136699392
1132.99,29136699392
1133.27,29136699392
1133.56,29136699392
1133.85,29136699392
1134.14,29135888384
1134.43,29135888384
1134.71,29135888384
1134.99,29136297984
1135.28,29136707584
1135.56,29136707584
1135.85,29136707584
1136.14,29136707584
1136.43,29136707584
1136.71,29136707584
1137.01,29136707584
1137.29,29136707584
1137.58,29136707584
1137.86,29136707584
1138.14,29136707584
1138.43,29136707584
1138.73,29136707584
1139.01,29136707584
1139.29,29136707584
1139.58,29136707584
1139.87,29136707584
1140.17,29136707584
1140.46,29136707584
1140.75,29136707584
1141.04,29136707584
1141.33,29136707584
1141.62,29136707584
1141.91,29136707584
1142.20,29136707584
1142.48,29136707584
1142.78,29136707584
1143.06,29136707584
1143.35,29136707584
1143.63,29136707584
1143.93,29136707584
1144.21,29135478784
1144.51,29135478784
1144.80,29135478784
1145.10,29136707584
1145.38,29136707584
1145.67,29136707584
1145.96,29136707584
1146.25,29136707584
1146.55,29136707584
1146.83,29136707584
1147.12,29137117184
1147.42,29137117184
1147.71,29137117184
1147.99,29137117184
1148.29,29137117184
1148.58,29137117184
1148.87,29137117184
1149.17,29137117184
1149.46,29137117184
1149.75,29137117184
1150.05,29137117184
1150.35,29137117184
1150.64,29137117184
1150.93,29137117184
1151.22,29137117184
1151.51,29137117184
1151.80,29137117184
1152.10,29137117184
1152.38,29137117184
1152.68,29137117184
1152.98,29137117184
1153.27,29137117184
1153.56,29137117184
1153.86,29137117184
1154.15,29137117184
1154.45,29137117184
1154.74,29137117184
1155.04,29137117184
1155.33,29130596352
1155.63,29130596352
1155.92,29130596352
1156.21,29135511552
1156.50,29135511552
1156.80,29135511552
1157.09,29136330752
1157.38,29136330752
1157.67,29136330752
1157.96,29136330752
1158.25,29136330752
1158.55,29136330752
1158.83,29136330752
1159.12,29136330752
1159.41,29136330752
1159.71,29136330752
1160.00,29136330752
1160.30,29136740352
1160.59,29136740352
1160.88,29136740352
1161.18,29136740352
1161.47,29136740352
1161.77,29136740352
1162.06,29136740352
1162.34,29136740352
1162.63,29136740352
1162.92,29136740352
1163.21,29136740352
1163.50,29136740352
1163.79,29136740352
1164.08,29137149952
1164.38,29137149952
1164.67,29137149952
1164.96,29137149952
1165.25,29137149952
1165.54,29131210752
1165.83,29131210752
1166.12,29135716352
1166.41,29135716352
1166.70,29135716352
1166.99,29135716352
1167.28,29135716352
1167.56,29135716352
1167.85,29135716352
1168.13,29136535552
1168.42,29136535552
1168.71,29136535552
1169.00,29136535552
1169.29,29136535552
1169.59,29136535552
1169.88,29136535552
1170.18,29137354752
1170.47,29137354752
1170.75,29137354752
1171.04,29137354752
1171.32,29137354752
1171.61,29137354752
1171.90,29137354752
1172.18,29137354752
1172.47,29137354752
1172.77,29137354752
1173.04,29137354752
1173.33,29137354752
1173.62,29137354752
1173.90,29137354752
1174.20,29131370496
1174.49,29131370496
1174.77,29131370496
1175.06,29136695296
1175.35,29136695296
1175.64,29136695296
1175.93,29136695296
1176.22,29137104896
1176.51,29137104896
1176.81,29137104896
1177.10,29137104896
1177.39,29137104896
1177.68,29137104896
1177.96,29137104896
1178.25,29137514496
1178.54,29137514496
1178.83,29137514496
1179.12,29137514496
1179.41,29137514496
1179.71,29137514496
1180.01,29137514496
1180.30,29131370496
1180.59,29131370496
1180.87,29131370496
1181.16,29137104896
1181.46,29137104896
1181.76,29137104896
1182.05,29137104896
1182.34,29137104896
1182.63,29137104896
1182.92,29137104896
1183.21,29131370496
1183.50,29131370496
1183.79,29131370496
1184.08,29135876096
1184.37,29135876096
1184.66,29135876096
1184.95,29135876096
1185.24,29136695296
1185.53,29136695296
1185.82,29136695296
1186.10,29135306752
1186.40,29135306752
1186.68,29135306752
1186.97,29135306752
1187.26,29135716352
1187.55,29135716352
1187.84,29135716352
1188.14,29136125952
1188.44,29136125952
1188.73,29136125952
1189.03,29136945152
1189.32,29136945152
1189.61,29136945152
1189.90,29136945152
1190.19,29136945152
1190.48,29136945152
1190.77,29136945152
1191.06,29136945152
1191.34,29136945152
1191.63,29136945152
1191.92,29136945152
1192.20,29136945152
1192.49,29136945152
1192.78,29136945152
1193.06,29136945152
1193.36,29136945152
1193.64,29136945152
1193.93,29136945152
1194.22,29136945152
1194.51,29136945152
1194.80,29136945152
1195.09,29136945152
1195.38,29136945152
1195.67,29136945152
1195.96,29132738560
1196.25,29136424960
1196.54,29136424960
1196.84,29136424960
1197.13,29136424960
1197.42,29136424960
1197.72,29136424960
1198.01,29136834560
1198.30,29136834560
1198.59,29136834560
1198.89,29136834560
1199.18,29136834560
1199.48,29136834560
1199.77,29136834560
1200.06,29136834560
1200.36,29136834560
1200.65,29136834560
1200.94,29136834560
1201.24,29136834560
1201.53,29136834560
1201.82,29136834560
1202.11,29136834560
1202.40,29136834560
1202.69,29136834560
1202.99,29136834560
1203.28,29131079680
1203.56,29131079680
1203.85,29131079680
1204.13,29137223680
1204.43,29137223680
1204.71,29137223680
1204.99,29137223680
1205.28,29137223680
1205.58,29137223680
1205.86,29137223680
1206.15,29136125952
1206.44,29136125952
1206.72,29136125952
1207.01,29136125952
1207.29,29136125952
1207.59,29136125952
1207.88,29136125952
1208.17,29136125952
1208.45,29136125952
1208.74,29136125952
1209.03,29136945152
1209.31,29136945152
1209.59,29136945152
1209.88,29136945152
1210.17,29136945152
1210.45,29136945152
1210.74,29136945152
1211.02,29136945152
1211.31,29136945152
1211.59,29136945152
1211.88,29136945152
1212.18,29130964992
1212.47,29130964992
1212.76,29130964992
1213.05,29136699392
1213.34,29136699392
1213.62,29136699392
1213.91,29136699392
1214.20,29130964992
1214.49,29130964992
1214.79,29130964992
1215.07,29136289792
1215.36,29136289792
1215.65,29136289792
1215.94,29130862592
1216.23,29136596992
1216.52,29136596992
1216.81,29136596992
1217.10,29137006592
1217.39,29137006592
1217.68,29137006592
1217.96,29137006592
1218.25,29130964992
1218.55,29130964992
1218.84,29130964992
1219.13,29136289792
1219.42,29136289792
1219.71,29136289792
1220.00,29136289792
1220.29,29136289792
1220.58,29136289792
1220.87,29136289792
1221.15,29136699392
1221.43,29136699392
1221.72,29136699392
1222.00,29136699392
1222.30,29136699392
1222.59,29136699392
1222.87,29136699392
1223.16,29130964992
1223.45,29130964992
1223.74,29130964992
1224.03,29135060992
1224.32,29135060992
1224.60,29135060992
1224.89,29135060992
1225.18,29130964992
1225.47,29130964992
1225.76,29130964992
1226.05,29130964992
1226.35,29130964992
1226.63,29130964992
1226.93,29130964992
1227.21,29136699392
1227.51,29136699392
1227.80,29136699392
1228.10,29131046912
1228.38,29131046912
1228.68,29131046912
1228.97,29133914112
1229.27,29136781312
1229.56,29136781312
1229.85,29136781312
1230.14,29137190912
1230.43,29137190912
1230.72,29137190912
1231.01,29137190912
1231.31,29137190912
1231.60,29137190912
1231.89,29137190912
1232.18,29137190912
1232.48,29137190912
1232.77,29137190912
1233.06,29131046912
1233.35,29131046912
1233.64,29131046912
1233.93,29131046912
1234.22,29136371712
1234.51,29136371712
1234.80,29136371712
1235.08,29136781312
1235.37,29136781312
1235.66,29136781312
1235.96,29132660736
1236.25,29136756736
1236.54,29136756736
1236.83,29136756736
1237.12,29131149312
1237.41,29131149312
1237.70,29131149312
1237.99,29134835712
1238.28,29136883712
1238.57,29136883712
1238.86,29136883712
1239.15,29136883712
1239.44,29136883712
1239.73,29136883712
1240.03,29136883712
1240.32,29136883712
1240.60,29136883712
1240.89,29136883712
1241.19,29136883712
1241.48,29136883712
1241.77,29136883712
1242.06,29136883712
1242.35,29136883712
1242.64,29136883712
1242.93,29136883712
1243.22,29136883712
1243.51,29136883712
1243.80,29136883712
1244.10,29136883712
1244.39,29136883712
1244.68,29136883712
1244.97,29136883712
1245.26,29136883712
1245.56,29136883712
1245.84,29136883712
1246.13,29135888384
1246.41,29135888384
1246.70,29135888384
1246.98,29135888384
1247.27,29136707584
1247.56,29136707584
1247.85,29136707584
1248.14,29136707584
1248.43,29136707584
1248.72,29136707584
1249.01,29136707584
1249.31,29136707584
1249.60,29136707584
1249.89,29136707584
1250.19,29136707584
1250.48,29136707584
1250.77,29136707584
1251.06,29137117184
1251.34,29137117184
1251.63,29137117184
1251.92,29137117184
1252.21,29131218944
1252.50,29131218944
1252.79,29131218944
1253.08,29136953344
1253.38,29136953344
1253.67,29136953344
1253.96,29136953344
1254.25,29136953344
1254.54,29136953344
1254.84,29136953344
1255.13,29136953344
1255.42,29136953344
1255.71,29136953344
1256.00,29135593472
1256.29,29136003072
1256.59,29136003072
1256.88,29136003072
1257.17,29131251712
1257.46,29131251712
1257.75,29131251712
1258.04,29135757312
1258.33,29135757312
1258.63,29135757312
1258.93,29135757312
1259.22,29131251712
1259.51,29131251712
1259.80,29131251712
1260.09,29136166912
1260.38,29136166912
1260.67,29136166912
1260.97,29136166912
1261.26,29131251712
1261.56,29131251712
1261.84,29131251712
1262.13,29136166912
1262.43,29136166912
1262.72,29136166912
1263.01,29141491712
1263.30,29131403264
1263.59,29131403264
1263.88,29131403264
1264.17,29136728064
1264.46,29136728064
1264.75,29136728064
1265.04,29131251712
1265.33,29131251712
1265.62,29131251712
1265.92,29131251712
1266.21,29136568320
1266.50,29136568320
1266.79,29136568320
1267.08,29136568320
1267.37,29136568320
1267.65,29136568320
1267.94,29136568320
1268.23,29130964992
1268.52,29130964992
1268.81,29130964992
1269.11,29136289792
1269.40,29136289792
1269.69,29136289792
1269.98,29136289792
1270.28,29136699392
1270.57,29136699392
1270.86,29136699392
1271.15,29136699392
1271.44,29136699392
1271.72,29136699392
1272.01,29136699392
1272.31,29130964992
1272.59,29130964992
1272.88,29130964992
1273.17,29136699392
1273.46,29136699392
1273.76,29136699392
1274.05,29137108992
1274.33,29137108992
1274.63,29137108992
1274.91,29137108992
1275.21,29130964992
1275.50,29130964992
1275.78,29130964992
1276.07,29136289792
1276.36,29136289792
1276.65,29136289792
1276.94,29136289792
1277.24,29136289792
1277.53,29136289792
1277.82,29136289792
1278.12,29136699392
1278.40,29136699392
1278.69,29136699392
1278.99,29136699392
1279.27,29136699392
1279.57,29136699392
1279.86,29136699392
1280.15,29136699392
1280.44,29136699392
1280.73,29136699392
1281.02,29136699392
1281.30,29136699392
1281.59,29136699392
1281.88,29136699392
1282.17,29136699392
1282.46,29136699392
1282.76,29136699392
1283.05,29136699392
1283.34,29136699392
1283.63,29130760192
1283.92,29130760192
1284.21,29135675392
1284.50,29135675392
1284.79,29135675392
1285.09,29135675392
1285.38,29135675392
1285.67,29135675392
1285.95,29135675392
1286.24,29135675392
1286.53,29135675392
1286.82,29135675392
1287.10,29136494592
1287.39,29136494592
1287.67,29136494592
1287.96,29136494592
1288.24,29136494592
1288.54,29136494592
1288.83,29136494592
1289.11,29136494592
1289.40,29136494592
1289.69,29136494592
1289.98,29136494592
1290.28,29136494592
1290.58,29136494592
1290.87,29136494592
1291.16,29136494592
1291.44,29136494592
1291.74,29136494592
1292.02,29136494592
1292.31,29136494592
1292.59,29136494592
1292.88,29136494592
1293.17,29136494592
1293.46,29136494592
1293.76,29130797056
1294.05,29135712256
1294.34,29135712256
1294.63,29135712256
1294.93,29135712256
1295.22,29136531456
1295.51,29136531456
1295.80,29136531456
1296.10,29131079680
1296.39,29131079680
1296.68,29131079680
1296.98,29133127680
1297.26,29136814080
1297.55,29136814080
1297.84,29136814080
1298.13,29136814080
1298.43,29136814080
1298.72,29136814080
1299.02,29136814080
1299.31,29136814080
1299.61,29136814080
1299.90,29136814080
1300.19,29131079680
1300.47,29131079680
1300.76,29131079680
1301.05,29136404480
1301.34,29136404480
1301.63,29136404480
1301.93,29136404480
1302.22,29136814080
1302.51,29136814080
1302.80,29136814080
1303.09,29136814080
1303.38,29136814080
1303.67,29136814080
1303.96,29132709888
1304.25,29136805888
1304.54,29136805888
1304.83,29136805888
1305.13,29131227136
1305.42,29131227136
1305.71,29131227136
1306.01,29136142336
1306.30,29136551936
1306.58,29136551936
1306.87,29136551936
1307.16,29137371136
1307.45,29137371136
1307.74,29137371136
1308.04,29137371136
1308.33,29137371136
1308.63,29137371136
1308.92,29137371136
1309.21,29137371136
1309.50,29137371136
1309.79,29137371136
1310.08,29137371136
1310.37,29137371136
1310.66,29137371136
1310.95,29137371136
1311.24,29137371136
1311.54,29137371136
1311.83,29137371136
1312.12,29137371136
1312.40,29137371136
1312.69,29137371136
1312.98,29137371136
1313.27,29131309056
1313.56,29131309056
1313.86,29131309056
1314.15,29136207872
1314.44,29136207872
1314.73,29136207872
1315.02,29136646144
1315.31,29136646144
1315.60,29136646144
1315.89,29136646144
1316.18,29136646144
1316.47,29136646144
1316.76,29136646144
1317.05,29130964992
1317.34,29130964992
1317.63,29130964992
1317.92,29130964992
1318.21,29130964992
1318.51,29130964992
1318.80,29130964992
1319.08,29136699392
1319.38,29136699392
1319.67,29136699392
1319.96,29136699392
1320.25,29137108992
1320.55,29137108992
1320.84,29137108992
1321.13,29137108992
1321.42,29137108992
1321.71,29137108992
1322.00,29137108992
1322.29,29130964992
1322.58,29130964992
1322.88,29130964992
1323.17,29130964992
1323.46,29130964992
1323.75,29130964992
1324.04,29135470592
1324.33,29135470592
1324.62,29135470592
1324.91,29130629120
1325.20,29135953920
1325.50,29135953920
1325.79,29135953920
1326.08,29136773120
1326.37,29136773120
1326.66,29136773120
1326.96,29136773120
1327.25,29136773120
1327.54,29136773120
1327.83,29136773120
1328.12,29136773120
1328.41,29136773120
1328.70,29136773120
1328.98,29136773120
1329.28,29136773120
1329.56,29136773120
1329.85,29136773120
1330.14,29136773120
1330.43,29136773120
1330.72,29136773120
1331.01,29136773120
1331.31,29136773120
1331.60,29136773120
1331.89,29136773120
1332.18,29136773120
1332.47,29136773120
1332.76,29136773120
1333.05,29136773120
1333.34,29136773120
1333.63,29136773120
1333.93,29136773120
1334.22,29136773120
1334.51,29136773120
1334.81,29136773120
1335.10,29135863808
1335.39,29135863808
1335.68,29135863808
1335.97,29135863808
1336.28,29136683008
1336.57,29136683008
1336.87,29136683008
1337.16,29136683008
1337.44,29136683008
1337.73,29136683008
1338.02,29136683008
1338.31,29136683008
1338.60,29136683008
1338.89,29136683008
1339.18,29131091968
1339.47,29131091968
1339.76,29131091968
1340.05,29135597568
1340.33,29135597568
1340.62,29135597568
1340.90,29135597568
1341.20,29136826368
1341.48,29136826368
1341.77,29136826368
1342.06,29136826368
1342.35,29136826368
1342.63,29136826368
1342.92,29136826368
1343.21,29136826368
1343.49,29136826368
1343.77,29136826368
1344.07,29137235968
1344.35,29137235968
1344.65,29137235968
1344.94,29131055104
1345.24,29136379904
1345.53,29136379904
1345.82,29136379904
1346.11,29136789504
1346.41,29136789504
1346.70,29136789504
1346.98,29136789504
1347.27,29136789504
1347.56,29136789504
1347.85,29136789504
1348.14,29136789504
1348.43,29136789504
1348.72,29136789504
1349.01,29136789504
1349.30,29136789504
1349.59,29136789504
1349.88,29136789504
1350.17,29136789504
1350.46,29136789504
1350.75,29136789504
1351.03,29136789504
1351.33,29136789504
1351.62,29136789504
1351.91,29136789504
1352.20,29136789504
1352.49,29136789504
1352.78,29136789504
1353.06,29136789504
1353.36,29136789504
1353.65,29136789504
1353.93,29136789504
1354.22,29136789504
1354.50,29136789504
1354.80,29136789504
1355.09,29136666624
1355.38,29136666624
1355.68,29136666624
1355.97,29136666624
1356.26,29131300864
1356.54,29131300864
1356.83,29131300864
1357.11,29136216064
1357.40,29136216064
1357.69,29136216064
1357.97,29136216064
1358.26,29136216064
1358.55,29136216064
1358.84,29136216064
1359.13,29136216064
1359.41,29136216064
1359.71,29136216064
1360.00,29136216064
1360.29,29136216064
1360.58,29136216064
1360.87,29136216064
1361.16,29136625664
1361.45,29136625664
1361.74,29136625664
1362.03,29136625664
1362.32,29136625664
1362.62,29136625664
1362.91,29136625664
1363.21,29136625664
1363.50,29136625664
1363.79,29136625664
1364.08,29136625664
1364.36,29136625664
1364.64,29136625664
1364.93,29136625664
1365.22,29136101376
1365.50,29136101376
1365.79,29136101376
1366.09,29136510976
1366.37,29136510976
1366.66,29136510976
1366.95,29136510976
1367.24,29136510976
1367.52,29136510976
1367.81,29136510976
1368.09,29136510976
1368.38,29136510976
1368.67,29136510976
1368.96,29136510976
1369.26,29136510976
1369.56,29136510976
1369.84,29136510976
1370.13,29131079680
1370.42,29131079680
1370.71,29131079680
1371.00,29135585280
1371.29,29136404480
1371.59,29136404480
1371.88,29136404480
1372.17,29136404480
1372.46,29136404480
1372.76,29136404480
1373.05,29136814080
1373.34,29136814080
1373.63,29136814080
1373.92,29136814080
1374.21,29136814080
1374.50,29136814080
1374.78,29136814080
1375.07,29136814080
1375.35,29136814080
1375.64,29136814080
1375.93,29136814080
1376.22,29136814080
1376.51,29136814080
1376.81,29136814080
1377.10,29136814080
1377.40,29136814080
1377.69,29136814080
1377.98,29136814080
1378.27,29136814080
1378.57,29136814080
1378.85,29136814080
1379.15,29136814080
1379.44,29136814080
1379.72,29136814080
1380.01,29136814080
1380.30,29136814080
1380.58,29136814080
1380.87,29136814080
1381.15,29136814080
1381.45,29136814080
1381.74,29136814080
1382.02,29136814080
1382.31,29136814080
1382.60,29136814080
1382.89,29136814080
1383.19,29136814080
1383.48,29136814080
1383.77,29136814080
1384.06,29136814080
1384.35,29136814080
1384.64,29136814080
1384.94,29136814080
1385.23,29136814080
1385.52,29136814080
1385.81,29136814080
1386.11,29136814080
1386.39,29136814080
1386.69,29136814080
1386.97,29136814080
1387.27,29136814080
1387.55,29136814080
1387.85,29136814080
1388.14,29136814080
1388.43,29136814080
1388.73,29136814080
1389.01,29136814080
1389.30,29136814080
1389.59,29136814080
1389.88,29136814080
1390.16,29136814080
1390.44,29136814080
1390.73,29136814080
1391.01,29136814080
1391.30,29136814080
1391.58,29136814080
1391.87,29136814080
1392.16,29136814080
1392.45,29136814080
1392.74,29136814080
1393.03,29136814080
1393.31,29136814080
1393.60,29136814080
1393.88,29136814080
1394.17,29136814080
1394.46,29136814080
1394.75,29136814080
1395.04,29130629120
1395.33,29130629120
1395.62,29130629120
1395.91,29130629120
1396.20,29130629120
1396.49,29130629120
1396.78,29130629120
1397.06,29130629120
1397.35,29130629120
1397.64,29130629120
1397.93,29130629120
1398.21,29130629120
1398.51,29130629120
1398.80,29130629120
1399.09,29130629120
1399.38,29130629120
1399.67,58260385792
1399.96,58271035392
1400.25,58282913792
1400.54,58258325504
1400.83,58259963904
1401.12,58259963904
1401.41,58259963904
1401.70,58259963904
1401.99,58259963904
1402.28,58259963904
1402.57,58259963904
1402.85,58260783104
1403.14,58260783104
1403.43,58260783104
1403.72,58260783104
1404.02,58260783104
1404.29,58260783104
1404.58,58260783104
1404.87,58260783104
1405.16,58258157568
1405.45,58258157568
1405.74,58260205568
1406.03,58260205568
1406.31,58260205568
1406.60,58260205568
1406.88,58261024768
1407.17,58261024768
1407.45,58261024768
1407.74,58261024768
1408.03,58261024768
1408.32,58261024768
1408.61,58261024768
1408.89,58261024768
1409.18,58261024768
1409.48,58261024768
1409.76,58261024768
1410.04,58261024768
1410.33,58261024768
1410.62,58261024768
1410.91,58261024768
1411.20,58261024768
1411.49,58261024768
1411.77,58261024768
1412.06,58261024768
1412.35,58261024768
1412.63,58261024768
1412.93,58261024768
1413.22,58261024768
1413.52,58261024768
1413.81,58261024768
1414.10,58261024768
1414.39,58261024768
1414.68,58261024768
1414.97,58261434368
1415.26,58261434368
1415.55,58261434368
1415.84,58261221376
1416.13,58261221376
1416.42,58261221376
1416.70,58261221376
1417.00,58261221376
1417.29,58261221376
1417.59,58261221376
1417.88,58261221376
1418.18,58261221376
1418.47,58261221376
1418.76,58261221376
1419.05,58261221376
1419.34,58261221376
1419.64,58261221376
1419.93,58261221376
1420.21,58261221376
1420.50,58261221376
1420.80,58261221376
1421.09,58261221376
1421.38,58261221376
1421.67,58261221376
1421.97,58261221376
1422.26,58261221376
1422.55,58261221376
1422.83,58261630976
1423.13,58261630976
1423.45,58261630976
1423.74,58261630976
1424.03,58261630976
1424.32,58261630976
1424.61,58261630976
1424.90,58261630976
1425.20,58261630976
1425.49,58261630976
1425.78,58261270528
1426.07,58261270528
1426.36,58261270528
1426.64,58261270528
1426.93,58261270528
1427.22,58261270528
1427.50,58261270528
1427.79,58261270528
1428.08,58261270528
1428.36,58261270528
1428.65,58261270528
1428.94,58261270528
1429.23,58261270528
1429.52,58261270528
1429.82,58261270528
1430.10,58261270528
1430.40,58261270528
1430.69,58261270528
1430.98,58261270528
1431.27,58261270528
1431.56,58261270528
1431.86,58261680128
1432.14,58261680128
1432.43,58261680128
1432.72,58261680128
1433.02,58261680128
1433.31,58261680128
1433.60,58261680128
1433.89,58261680128
1434.18,58261680128
1434.47,58261680128
1434.76,58261680128
1435.05,58261680128
1435.34,58261680128
1435.62,58258485248
1435.91,58260533248
1436.20,58260533248
1436.50,58260533248
1436.79,58260942848
1437.08,58260942848
1437.37,58260942848
1437.66,58260942848
1437.95,58260942848
1438.24,58260942848
1438.52,58260942848
1438.81,58260942848
1439.10,58260942848
1439.39,58260942848
1439.68,58261352448
1439.97,58261352448
1440.27,58261352448
1440.56,58261352448
1440.85,58261762048
1441.13,58261762048
1441.42,58261762048
1441.71,58261762048
1442.00,58261762048
1442.28,58261762048
1442.57,58261762048
1442.85,58261762048
1443.14,58261762048
1443.42,58261762048
1443.71,58261762048
1444.00,58261762048
1444.29,58261762048
1444.58,58261762048
1444.88,58261762048
1445.17,58261762048
1445.46,58261762048
1445.75,58261770240
1446.03,58261770240
1446.33,58261770240
1446.60,58261770240
1446.89,58261770240
1447.18,58261770240
1447.47,58261770240
1447.76,58262589440
1448.05,58262589440
1448.35,58262589440
1448.64,58262589440
1448.93,58262589440
1449.22,58262589440
1449.51,58262589440
1449.80,58262589440
1450.08,58262589440
1450.37,58262589440
1450.66,58262589440
1450.95,58262589440
1451.24,58262589440
1451.53,58262589440
1451.82,58262589440
1452.11,58262589440
1452.41,58262589440
1452.70,58262589440
1452.98,58262589440
1453.28,58262589440
1453.57,58262589440
1453.86,58262589440
1454.15,58262589440
1454.44,58262589440
1454.73,58262589440
1455.02,58262589440
1455.32,58262589440
1455.61,58262589440
1455.90,58261622784
1456.19,58261622784
1456.48,58261622784
1456.77,58262441984
1457.07,58262441984
1457.36,58262441984
1457.65,58262441984
1457.95,58262441984
1458.24,58262441984
1458.54,58262441984
1458.83,58262441984
1459.12,58262441984
1459.41,58262441984
1459.71,58262851584
1459.99,58262851584
1460.28,58262851584
1460.57,58262851584
1460.86,58262851584
1461.15,58262851584
1461.44,58262851584
1461.73,58262851584
1462.03,58262851584
1462.31,58262851584
1462.60,58262851584
1462.90,58262851584
1463.19,58262851584
1463.48,58262851584
1463.78,58262851584
1464.07,58262851584
1464.36,58262851584
1464.65,58262851584
1464.93,58262851584
1465.22,58262851584
1465.51,58262851584
1465.81,58260951040
1466.10,58260951040
1466.40,58260951040
1466.69,58261770240
1466.98,58261770240
1467.27,58261770240
1467.57,58261770240
1467.86,58261770240
1468.14,58261770240
1468.44,58261770240
1468.73,58261770240
1469.03,58261770240
1469.32,58261770240
1469.62,58261770240
1469.91,58261770240
1470.20,58261770240
1470.49,58261770240
1470.78,58261770240
1471.07,58261770240
1471.37,58261770240
1471.66,58261770240
1471.95,58261770240
1472.24,58261770240
1472.54,58261770240
1472.83,58261770240
1473.12,58261770240
1473.41,58261770240
1473.71,58261770240
1473.99,58261770240
1474.28,58261770240
1474.57,58261770240
1474.86,58261770240
1475.15,58261770240
1475.44,58261770240
1475.73,58261401600
1476.03,58261401600
1476.32,58261401600
1476.62,58261401600
1476.91,58261401600
1477.20,58261401600
1477.48,58261401600
1477.77,58261401600
1478.06,58261401600
1478.35,58261401600
1478.64,58261401600
1478.94,58262220800
1479.23,58262220800
1479.51,58262220800
1479.80,58262220800
1480.09,58262220800
1480.38,58262220800
1480.68,58262220800
1480.97,58262220800
1481.26,58262220800
1481.54,58262220800
1481.83,58262220800
1482.12,58262220800
1482.41,58262220800
1482.70,58262220800
1482.99,58262220800
1483.28,58262220800
1483.57,58262220800
1483.85,58262220800
1484.14,58262220800
1484.42,58262220800
1484.71,58262220800
1485.01,58262220800
1485.30,58262220800
1485.59,58262220800
1485.88,58262282240
1486.17,58262282240
1486.46,58262282240
1486.74,58262282240
1487.04,58262282240
1487.33,58262282240
1487.62,58262282240
1487.91,58262282240
1488.21,58262282240
1488.50,58262282240
1488.79,58262282240
1489.08,58262282240
1489.37,58262282240
1489.66,58262282240
1489.95,58262282240
1490.24,58262282240
1490.54,58262282240
1490.83,58262282240
1491.13,58262282240
1491.42,58262282240
1491.71,58262282240
1492.01,58262282240
1492.30,58262282240
1492.60,58262282240
1492.89,58262282240
1493.19,58262282240
1493.48,58262282240
1493.77,58262282240
1494.06,58262282240
1494.35,58262282240
1494.64,58262282240
1494.93,58262282240
1495.23,58262282240
1495.52,58262282240
1495.81,58261262336
1496.10,58261262336
1496.39,58261262336
1496.68,58261671936
1496.97,58261671936
1497.26,58261671936
1497.55,58261671936
1497.84,58262081536
1498.12,58262081536
1498.41,58262081536
1498.70,58262081536
1498.99,58262081536
1499.28,58262081536
1499.57,58262081536
1499.85,58262081536
1500.14,58262081536
1500.43,58262081536
1500.72,58262491136
1501.01,58262491136
1501.30,58262491136
1501.59,58262491136
1501.88,58262491136
1502.17,58262491136
1502.45,58262491136
1502.74,58262491136
1503.02,58262491136
1503.32,58262491136
1503.60,58262491136
1503.89,58262491136
1504.19,58262491136
1504.48,58262491136
1504.78,58262491136
1505.07,58262491136
1505.36,58262491136
1505.65,58260332544
1505.95,58261561344
1506.24,58261561344
1506.53,58261561344
1506.83,58261970944
1507.11,58261970944
1507.41,58261970944
1507.69,58261970944
1507.98,58261970944
1508.27,58261970944
1508.56,58261970944
1508.84,58261970944
1509.13,58261970944
1509.42,58261970944
1509.72,58261970944
1510.01,58261970944
1510.30,58261970944
1510.59,58261970944
1510.88,58261970944
1511.16,58261970944
1511.45,58261970944
1511.73,58261970944
1512.03,58261970944
1512.32,58261970944
1512.60,58261970944
1512.89,58261970944
1513.19,58261970944
1513.48,58261970944
1513.77,58261970944
1514.07,58261970944
1514.36,58261970944
1514.66,58261970944
1514.94,58261970944
1515.24,58261970944
1515.53,58261970944
1515.82,58261970944
1516.11,58261970944
1516.39,58261970944
1516.68,58261970944
1516.98,58262380544
1517.26,58262380544
1517.55,58262380544
1517.84,58262380544
1518.13,58262380544
1518.42,58262380544
1518.71,58262380544
1519.00,58262380544
1519.30,58262380544
1519.59,58262380544
1519.88,58262380544
1520.16,58262380544
1520.46,58262380544
1520.74,58262380544
1521.03,58262380544
1521.33,58262380544
1521.62,58262380544
1521.91,58262380544
1522.20,58262380544
1522.49,58262380544
1522.79,58262380544
1523.09,58262380544
1523.37,58262380544
1523.67,58262380544
1523.95,58262380544
1524.24,58262380544
1524.53,58262380544
1524.83,58262380544
1525.12,58262380544
1525.41,58262380544
1525.70,58257895424
1525.99,58257895424
1526.29,58257895424
1526.58,58257895424
1526.87,58261991424
1527.17,58261991424
1527.46,58261991424
1527.76,58261991424
1528.05,58261991424
1528.35,58261991424
1528.63,58261991424
1528.93,58261991424
1529.22,58261991424
1529.52,58261991424
1529.82,58261991424
1530.11,58261991424
1530.40,58261991424
1530.69,58261991424
1530.97,58261991424
1531.26,58261991424
1531.55,58261991424
1531.83,58261991424
1532.13,58261991424
1532.42,58261991424
1532.72,58261991424
1533.01,58261991424
1533.30,58261991424
1533.59,58261991424
1533.88,58261991424
1534.16,58261991424
1534.46,58261991424
1534.75,58261991424
1535.04,58261991424
1535.34,58261991424
1535.63,58261991424
1535.92,58258558976
1536.21,58258558976
1536.49,58258558976
1536.79,58262245376
1537.08,58262245376
1537.38,58262245376
1537.67,58262245376
1537.96,58262654976
1538.25,58262654976
1538.55,58262654976
1538.84,58262654976
1539.13,58262654976
1539.42,58262654976
1539.71,58262654976
1540.00,58262654976
1540.29,58262654976
1540.59,58262654976
1540.88,58262654976
1541.17,58262654976
1541.46,58262654976
1541.75,58262654976
1542.04,58262654976
1542.33,58262654976
1542.62,58262654976
1542.91,58262654976
1543.20,58262654976
1543.49,58262654976
1543.79,58262654976
1544.08,58262654976
1544.37,58262654976
1544.66,58262654976
1544.95,58262654976
1545.25,58262654976
1545.54,58262654976
1545.84,58258141184
1546.13,58258141184
1546.42,58258141184
1546.71,58262237184
1547.00,58262237184
1547.28,58262237184
1547.57,58262237184
1547.87,58262237184
1548.16,58262237184
1548.45,58262237184
1548.74,58262237184
1549.03,58262237184
1549.32,58262237184
1549.61,58262237184
1549.90,58262237184
1550.20,58262237184
1550.48,58262237184
1550.78,58262237184
1551.06,58262237184
1551.35,58262237184
1551.64,58262237184
1551.92,58262237184
1552.22,58262237184
1552.51,58262237184
1552.81,58262237184
1553.10,58262237184
1553.40,58262237184
1553.69,58262237184
1553.99,58262237184
1554.28,58262237184
1554.58,58262237184
1554.86,58262237184
1555.15,58262237184
1555.44,58262237184
1555.73,58262237184
1556.03,58057424896
1556.33,58057424896
1556.62,58057424896
1556.91,58059472896
1557.21,58059472896
1557.51,58059472896
1557.80,58061111296
1558.10,58061111296
1558.40,58061111296
1558.68,58061520896
1558.97,58061520896
1559.26,58061520896
1559.56,58061520896
1559.85,58061520896
1560.14,58061520896
1560.43,58061520896
1560.72,58061520896
1561.02,58061520896
1561.31,58061520896
1561.61,58061520896
1561.90,58061520896
1562.20,58061520896
1562.49,58061520896
1562.79,58061520896
1563.08,58061520896
1563.37,58061520896
1563.65,58061520896
1563.94,58061520896
1564.23,58061520896
1564.52,58061520896
1564.82,58061520896
1565.10,58061520896
1565.39,58061520896
1565.68,58061520896
1565.97,58061520896
1566.26,58061520896
1566.56,58061520896
1566.85,58061565952
1567.14,58061565952
1567.44,58061565952
1567.72,58061565952
1568.02,58061565952
1568.31,58061565952
1568.60,58061565952
1568.89,58061565952
1569.18,58061565952
1569.47,58061565952
1569.77,58061565952
1570.06,58061565952
1570.35,58061565952
1570.64,58061565952
1570.94,58061565952
1571.23,58061565952
1571.52,58061565952
1571.81,58061565952
1572.11,58061565952
1572.40,58061565952
1572.69,58061565952
1572.98,58061565952
1573.27,58061565952
1573.57,58061565952
1573.86,58061565952
1574.15,58061565952
1574.44,58061565952
1574.73,58061565952
1575.03,58061565952
1575.32,58061565952
1575.60,58061565952
1575.90,58061565952
1576.19,58061565952
1576.48,58061565952
1576.76,58060836864
1577.04,58060836864
1577.33,58060836864
1577.62,58060836864
1577.91,58060836864
1578.20,58060836864
1578.49,58060836864
1578.79,58060836864
1579.09,58060836864
1579.38,58060836864
1579.67,58060836864
1579.96,58061246464
1580.25,58061246464
1580.54,58061246464
1580.83,58061246464
1581.12,58061246464
1581.41,58061246464
1581.71,58061246464
1581.99,58061246464
1582.29,58061246464
1582.58,58061246464
1582.87,58061246464
1583.16,58061246464
1583.45,58061246464
1583.74,58061246464
1584.03,58061246464
1584.32,58061246464
1584.61,58061246464
1584.91,58061246464
1585.19,58061246464
1585.49,58061246464
1585.78,58061656064
1586.08,58061656064
1586.37,58061656064
1586.66,58059919360
1586.95,58060738560
1587.24,58060738560
1587.53,58060738560
1587.82,58060738560
1588.11,58060738560
1588.40,58060738560
1588.68,58061557760
1588.97,58057310208
1589.27,58057310208
1589.56,58057310208
1589.85,58060996608
1590.13,58060996608
1590.42,58060996608
1590.70,58060996608
1590.99,58060996608
1591.28,58060996608
1591.57,58060996608
1591.85,58060996608
1592.13,58060996608
1592.42,58060996608
1592.71,58061815808
1593.00,58061815808
1593.28,58061815808
1593.58,58061815808
1593.86,58061815808
1594.14,58061815808
1594.43,58061815808
1594.70,58061815808
1594.99,58061815808
1595.27,58061815808
1595.55,58061815808
1595.84,58061815808
1596.13,58061815808
1596.43,58061815808
1596.72,58060857344
1597.02,58060857344
1597.31,58060857344
1597.59,58060857344
1597.88,58061266944
1598.18,58061266944
1598.47,58061266944
1598.76,58061266944
1599.05,58061266944
1599.33,58061266944
1599.63,58061266944
1599.92,58061266944
1600.21,58061266944
1600.50,58061266944
1600.79,58061266944
1601.09,58061266944
1601.38,58061266944
1601.68,58061266944
1601.97,58061266944
1602.27,58061266944
1602.56,58061266944
1602.85,58061266944
1603.14,58061266944
1603.43,58061266944
1603.72,58061266944
1604.01,58061266944
1604.30,58061266944
1604.60,58061266944
1604.89,58061266944
1605.18,58061266944
1605.47,58061266944
1605.76,58061266944
1606.05,58061266944
1606.35,58061266944
1606.64,58058244096
1606.93,58060292096
1607.23,58060292096
1607.51,58060292096
1607.80,58060701696
1608.09,58060701696
1608.39,58060701696
1608.67,58060701696
1608.96,58060701696
1609.25,58060701696
1609.55,58060701696
1609.85,58060701696
1610.14,58060701696
1610.43,58060701696
1610.72,58061111296
1611.02,58061111296
1611.31,58061111296
1611.60,58061111296
1611.89,58061111296
1612.18,58061111296
1612.47,58061111296
1612.77,58061111296
1613.06,58061111296
1613.34,58061111296
1613.64,58061111296
1613.93,58061111296
1614.22,58061111296
1614.52,58061111296
1614.81,58061111296
1615.10,58061111296
1615.39,58061111296
1615.68,58061111296
1615.97,58061111296
1616.26,58061111296
1616.55,58061111296
1616.85,58061111296
1617.14,58061111296
1617.43,58061111296
1617.72,58061111296
1618.01,58061111296
1618.31,58061111296
1618.60,58061111296
1618.88,58061111296
1619.18,58061111296
1619.47,58061111296
1619.77,58061111296
1620.06,58061111296
1620.35,58061111296
1620.64,58061111296
1620.93,58061111296
1621.21,58061111296
1621.50,58061111296
1621.78,58061111296
1622.07,58061111296
1622.37,58061111296
1622.65,58061111296
1622.94,58061111296
1623.23,58061111296
1623.52,58061111296
1623.80,58061111296
1624.09,58061111296
1624.38,58061111296
1624.67,58061111296
1624.96,58061111296
1625.26,58061111296
1625.55,58061111296
1625.84,58061111296
1626.13,58061111296
1626.43,58061111296
1626.72,58057302016
1627.01,58057302016
1627.31,58057302016
1627.60,58057302016
1627.88,58060578816
1628.17,58060578816
1628.45,58060578816
1628.75,58060988416
1629.04,58060988416
1629.33,58060988416
1629.61,58060988416
1629.90,58061398016
1630.19,58061398016
1630.48,58061398016
1630.77,58061807616
1631.07,58061807616
1631.36,58061807616
1631.66,58061807616
1631.95,58061807616
1632.24,58061807616
1632.53,58061807616
1632.82,58061807616
1633.11,58061807616
1633.40,58061807616
1633.69,58061807616
1633.98,58061807616
1634.28,58061807616
1634.57,58061807616
1634.87,58061807616
1635.16,58061807616
1635.45,58061807616
1635.75,58061807616
1636.04,58061807616
1636.33,58061807616
1636.62,58061807616
1636.91,58056957952
1637.20,58056957952
1637.49,58056957952
1637.78,58060644352
1638.08,58060644352
1638.37,58060644352
1638.66,58060644352
1638.96,58060644352
1639.25,58060644352
1639.53,58060644352
1639.82,58060644352
1640.11,58060644352
1640.40,58060644352
1640.70,58061463552
1640.98,58061463552
1641.28,58061463552
1641.57,58061463552
1641.87,58061463552
1642.16,58061463552
1642.46,58061463552
1642.75,58061463552
1643.05,58061463552
1643.34,58061463552
1643.63,58061463552
1643.92,58061463552
1644.21,58061463552
1644.50,58061463552
1644.79,58061463552
1645.07,58061463552
1645.37,58061463552
1645.67,58061463552
1645.96,58061463552
1646.25,58061463552
1646.54,58061463552
1646.83,58061463552
1647.12,58061463552
1647.41,58061463552
1647.71,58061873152
1648.00,58061873152
1648.29,58061873152
1648.59,58061873152
1648.88,58061873152
1649.17,58061873152
1649.46,58061873152
1649.75,58061873152
1650.04,58061873152
1650.32,58061873152
1650.61,58061873152
1650.90,58061873152
1651.19,58061873152
1651.48,58061873152
1651.77,29135544320
1652.06,29135544320
1652.35,29135544320
1652.65,29135544320
1652.94,29135544320
1653.23,29135544320
1653.52,29135544320
1653.81,29135544320
1654.10,29135544320
1654.39,29135544320
1654.68,29135544320
1654.97,29135953920
1655.26,29135953920
1655.55,29135953920
1655.84,29135953920
1656.13,29135953920
1656.43,29135953920
1656.71,29135892480
1657.00,29136302080
1657.29,29136302080
1657.57,29136302080
1657.86,29136302080
1658.15,29136302080
1658.44,29136302080
1658.74,29136302080
1659.03,29136302080
1659.31,29136302080
1659.61,29136302080
1659.90,29136302080
1660.19,29136302080
1660.49,29136302080
1660.77,29136302080
1661.07,29136302080
1661.35,29136302080
1661.65,29136302080
1661.94,29136302080
1662.22,29136302080
1662.51,29136302080
1662.80,29136302080
1663.09,29136302080
1663.39,29136302080
1663.68,29136302080
1663.98,29136302080
1664.28,29136302080
1664.57,29136302080
1664.87,29136302080
1665.16,29136302080
1665.44,29136302080
1665.74,29136302080
1666.03,29136302080
1666.32,29136302080
1666.62,29136302080
1666.92,29130752000
1667.21,29130752000
1667.49,29130752000
1667.78,29135257600
1668.07,29135257600
1668.37,29135257600
1668.66,29135257600
1668.94,29135667200
1669.23,29135667200
1669.52,29135667200
1669.80,29135667200
1670.09,29135667200
1670.38,29135667200
1670.66,29135667200
1670.95,29135667200
1671.24,29135667200
1671.53,29135667200
1671.81,29135667200
1672.11,29135667200
1672.39,29135667200
1672.68,29135667200
1672.97,29136076800
1673.26,29136076800
1673.54,29136076800
1673.83,29136076800
1674.11,29136076800
1674.40,29136076800
1674.68,29136076800
1674.97,29136076800
1675.26,29136076800
1675.55,29136076800
1675.83,29136486400
1676.13,29136486400
1676.41,29136486400
1676.70,29136486400
1677.00,29136486400
1677.29,29136486400
1677.58,29136486400
1677.87,29136486400
1678.16,29136486400
1678.45,29136486400
1678.75,29136486400
1679.04,29136486400
1679.33,29136486400
1679.62,29136486400
1679.91,29136486400
1680.20,29136486400
1680.49,29136486400
1680.78,29136486400
1681.07,29136486400
1681.37,29136486400
1681.66,29136486400
1681.95,29136486400
1682.24,29136486400
1682.53,29136486400
1682.82,29136486400
1683.11,29136486400
1683.40,29136486400
1683.69,29136486400
1683.98,29136486400
1684.27,29136486400
1684.56,29136486400
1684.85,29136486400
1685.14,29136486400
1685.43,29136486400
1685.72,29136486400
1686.01,29136486400
1686.30,29136486400
1686.59,29136486400
1686.87,29130727424
1687.15,29130727424
1687.44,29130727424
1687.73,29136461824
1688.01,29136461824
1688.30,29136461824
1688.59,29136461824
1688.88,29136461824
1689.16,29136461824
1689.45,29136461824
1689.74,29136461824
1690.03,29136461824
1690.31,29136461824
1690.60,29136461824
1690.89,29136461824
1691.18,29136461824
1691.48,29136461824
1691.77,29136461824
1692.06,29136461824
1692.35,29136461824
1692.64,29136461824
1692.93,29136461824
1693.22,29136461824
1693.51,29136461824
1693.80,29136461824
1694.10,29136461824
1694.39,29136461824
1694.68,29136461824
1694.97,29136461824
1695.26,29136461824
1695.55,29136461824
1695.84,29136461824
1696.13,29136461824
1696.42,29136461824
1696.72,29130743808
1696.99,29130743808
1697.29,29130743808
1697.58,29130743808
1697.87,29136068608
1698.15,29136068608
1698.43,29136068608
1698.72,29136068608
1699.00,29136068608
1699.29,29136068608
1699.58,29136068608
1699.86,29136478208
1700.15,29136478208
1700.44,29136478208
1700.72,29136478208
1701.02,29136478208
1701.30,29136478208
1701.59,29136478208
1701.88,29136478208
1702.17,29136478208
1702.45,29136478208
1702.75,29136478208
1703.03,29136478208
1703.33,29136478208
1703.62,29136478208
1703.91,29136478208
1704.19,29136478208
1704.48,29136478208
1704.77,29136478208
1705.06,29136478208
1705.34,29136478208
1705.63,29136478208
1705.92,29136478208
1706.21,29136478208
1706.51,29136478208
1706.80,29136478208
1707.10,29136478208
1707.39,29136478208
1707.68,29136887808
1707.98,29136887808
1708.28,29136887808
1708.57,29136887808
1708.85,29136887808
1709.17,29136887808
1709.46,29136887808
1709.76,29136887808
1710.05,29136887808
1710.34,29136887808
1710.62,29136887808
1710.92,29136887808
1711.21,29136887808
1711.50,29136887808
1711.79,29136887808
1712.08,29136887808
1712.37,29136887808
1712.65,29136887808
1712.94,29136887808
1713.23,29136887808
1713.52,29136887808
1713.81,29136887808
1714.10,29136887808
1714.40,29136887808
1714.68,29136887808
1714.97,29136887808
1715.26,29136887808
1715.55,29136887808
1715.84,29136887808
1716.13,29136887808
1716.42,29136887808
1716.71,29130817536
1717.00,29130817536
1717.28,29130817536
1717.57,29130817536
1717.86,29131182080
1718.15,29131182080
1718.44,29131182080
1718.73,29136506880
1719.02,29136506880
1719.31,29136506880
1719.59,29136506880
1719.88,29137326080
1720.17,29137326080
1720.46,29137326080
1720.75,29137326080
1721.04,29137326080
1721.34,29137326080
1721.62,29137326080
1721.91,29137326080
1722.20,29137326080
1722.49,29137326080
1722.78,29137326080
1723.07,29137326080
1723.35,29137326080
1723.65,29137326080
1723.94,29137326080
1724.23,29137326080
1724.53,29137326080
1724.82,29137326080
1725.11,29137326080
1725.40,29137326080
1725.70,29137326080
1725.99,29137326080
1726.29,29137326080
1726.58,29137326080
1726.87,29131186176
1727.16,29131186176
1727.45,29131186176
1727.74,29136101376
1728.04,29136101376
1728.33,29136101376
1728.63,29136101376
1728.91,29136920576
1729.20,29136920576
1729.49,29136920576
1729.77,29136920576
1730.06,29136920576
1730.35,29136920576
1730.65,29136920576
1730.94,29136920576
1731.23,29136920576
1731.51,29136920576
1731.80,29136920576
1732.09,29136920576
1732.37,29136920576
1732.66,29136920576
1732.95,29136920576
1733.24,29136920576
1733.52,29136920576
1733.80,29137330176
1734.09,29137330176
1734.38,29137330176
1734.67,29137330176
1734.96,29137330176
1735.25,29137330176
1735.54,29137330176
1735.83,29137330176
1736.12,29137330176
1736.41,29137330176
1736.70,29137330176
1737.00,29137330176
1737.28,29137330176
1737.58,29131104256
1737.86,29136019456
1738.15,29136019456
1738.45,29136019456
1738.73,29136429056
1739.03,29136429056
1739.32,29136429056
1739.61,29136429056
1739.90,29136838656
1740.19,29136838656
1740.49,29136838656
1740.78,29136838656
1741.07,29136838656
1741.36,29136838656
1741.65,29136838656
1741.94,29136838656
1742.24,29136838656
1742.52,29136838656
1742.81,29136838656
1743.09,29136838656
1743.38,29136838656
1743.68,29136838656
1743.97,29136838656
1744.26,29136838656
1744.54,29136838656
1744.83,29136838656
1745.12,29136838656
1745.41,29136838656
1745.69,29136838656
1745.98,29136838656
1746.27,29136838656
1746.56,29136838656
1746.85,29136838656
1747.15,29136838656
1747.44,29136838656
1747.73,29136146432
1748.01,29136146432
1748.30,29136146432
1748.60,29136146432
1748.89,29136146432
1749.18,29136146432
1749.46,29136146432
1749.74,29136146432
1750.04,29136146432
1750.32,29136146432
1750.62,29136146432
1750.91,29136556032
1751.19,29136556032
1751.48,29136556032
1751.78,29136556032
1752.08,29136556032
1752.37,29136556032
1752.66,29136556032
1752.95,29136556032
1753.24,29136556032
1753.54,29136556032
1753.82,29136556032
1754.11,29136556032
1754.40,29136556032
1754.69,29136965632
1754.98,29136965632
1755.27,29136965632
1755.55,29136965632
1755.85,29136965632
1756.14,29136965632
1756.43,29136965632
1756.71,29136965632
1757.01,29136965632
1757.30,29136965632
1757.60,29136965632
1757.88,29136408576
1758.18,29136408576
1758.47,29136408576
1758.77,29136408576
1759.05,29136408576
1759.34,29136408576
1759.62,29136408576
1759.91,29137227776
1760.20,29137227776
1760.49,29137227776
1760.78,29137227776
1761.08,29137227776
1761.37,29137227776
1761.66,29137227776
1761.96,29137227776
1762.24,29137227776
1762.53,29137227776
1762.82,29137227776
1763.11,29137227776
1763.40,29137227776
1763.69,29137227776
1763.98,29137227776
1764.27,29137227776
1764.57,29137227776
1764.86,29137227776
1765.15,29137227776
1765.44,29137227776
1765.73,29137227776
1766.03,29137227776
1766.31,29137227776
1766.60,29137227776
1766.89,29137227776
1767.17,29137227776
1767.46,29137227776
1767.75,29136158720
1768.04,29136158720
1768.33,29136158720
1768.62,29136158720
1768.90,29136158720
1769.19,29136158720
1769.48,29136158720
1769.76,29136568320
1770.06,29136568320
1770.35,29136568320
1770.64,29136568320
1770.93,29136568320
1771.21,29136568320
1771.51,29136568320
1771.80,29130981376
1772.09,29130981376
1772.38,29130981376
1772.67,29134667776
1772.96,29136306176
1773.25,29136306176
1773.54,29136306176
1773.83,29136715776
1774.12,29136715776
1774.42,29136715776
1774.71,29137125376
1775.00,29137125376
1775.29,29137125376
1775.59,29137125376
1775.88,29137125376
1776.17,29137125376
1776.47,29137125376
1776.76,29137125376
1777.06,29137125376
1777.34,29137125376
1777.63,29131927552
1777.92,29136433152
1778.21,29136433152
1778.50,29136433152
1778.79,29136842752
1779.08,29136842752
1779.38,29136842752
1779.67,29136842752
1779.96,29136842752
1780.25,29136842752
1780.55,29136842752
1780.84,29136842752
1781.13,29136842752
1781.43,29136842752
1781.72,29136842752
1782.02,29136842752
1782.31,29136842752
1782.60,29136842752
1782.90,29136842752
1783.19,29136842752
1783.48,29136842752
1783.77,29131096064
1784.06,29131096064
1784.36,29131096064
1784.64,29133553664
1784.94,29136830464
1785.23,29136830464
1785.53,29136830464
1785.82,29136830464
1786.11,29136830464
1786.39,29136830464
1786.67,29136830464
1786.96,29136830464
1787.25,29136830464
1787.54,29136830464
1787.83,29136199680
1788.12,29136199680
1788.41,29136199680
1788.70,29130899456
1788.99,29130899456
1789.29,29130899456
1789.58,29130899456
1789.88,29136224256
1790.16,29136224256
1790.46,29136224256
1790.75,29136224256
1791.04,29136224256
1791.33,29136224256
1791.62,29136224256
1791.92,29136224256
1792.21,29136224256
1792.50,29136224256
1792.80,29136224256
1793.09,29136224256
1793.38,29136224256
1793.67,29136224256
1793.97,29136224256
1794.26,29136224256
1794.55,29136224256
1794.84,29136224256
1795.13,29136224256
1795.42,29136224256
1795.71,29136224256
1795.99,29136224256
1796.29,29136224256
1796.57,29136224256
1796.86,29136633856
1797.15,29136633856
1797.45,29136633856
1797.74,29136363520
1798.03,29136363520
1798.33,29136363520
1798.61,29136363520
1798.89,29136773120
1799.17,29136773120
1799.47,29136773120
1799.76,29131034624
1800.05,29131034624
1800.34,29131034624
1800.62,29131034624
1800.91,29136769024
1801.18,29136769024
1801.47,29136769024
1801.76,29136769024
1802.06,29136769024
1802.35,29136769024
1802.64,29136769024
1802.93,29136769024
1803.22,29136769024
1803.51,29136769024
1803.79,29136769024
1804.09,29136769024
1804.38,29136769024
1804.67,29136769024
1804.96,29136769024
1805.25,29136769024
1805.54,29136769024
1805.83,29136769024
1806.11,29136769024
1806.40,29136769024
1806.69,29136769024
1806.97,29136769024
1807.26,29136769024
1807.55,29136769024
1807.83,29134675968
1808.12,29134675968
1808.42,29134675968
1808.70,29136723968
1808.99,29136723968
1809.27,29136723968
1809.56,29136723968
1809.84,29136723968
1810.13,29136723968
1810.41,29136723968
1810.70,29136723968
1810.98,29136723968
1811.27,29136723968
1811.56,29136723968
1811.84,29136723968
1812.13,29136723968
1812.42,29136723968
1812.70,29136723968
1813.00,29136723968
1813.29,29136723968
1813.57,29136723968
1813.87,29136723968
1814.15,29136723968
1814.44,29136723968
1814.72,29136723968
1815.01,29136723968
1815.30,29136723968
1815.59,29136723968
1815.88,29137133568
1816.17,29137133568
1816.46,29137133568
1816.75,29137133568
1817.03,29137133568
1817.32,29137133568
1817.61,29137133568
1817.89,29135503360
1818.19,29135503360
1818.48,29135503360
1818.76,29136322560
1819.06,29136322560
1819.35,29136322560
1819.64,29136322560
1819.93,29136322560
1820.23,29136322560
1820.52,29136322560
1820.81,29136732160
1821.10,29136732160
1821.39,29136732160
1821.69,29136732160
1821.98,29136732160
1822.28,29136732160
1822.57,29136732160
1822.86,29136732160
1823.16,29136732160
1823.45,29136732160
1823.74,29136732160
1824.02,29136732160
1824.31,29136732160
1824.60,29136732160
1824.89,29136732160
1825.18,29136732160
1825.48,29136732160
1825.77,29136732160
1826.06,29136732160
1826.35,29136732160
1826.63,29136732160
1826.93,29136732160
1827.21,29136732160
1827.50,29136732160
1827.79,29136732160
1828.09,29136732160
1828.37,29136732160
1828.66,29137141760
1828.95,29131112448
1829.24,29131112448
1829.54,29131112448
1829.84,29136027648
1830.13,29136027648
1830.42,29136027648
1830.72,29136437248
1831.01,29136437248
1831.30,29136437248
1831.59,29136437248
1831.88,29136437248
1832.18,29136437248
1832.47,29136437248
1832.76,29136437248
1833.05,29136437248
1833.34,29136437248
1833.63,29136437248
1833.92,29136437248
1834.21,29136437248
1834.50,29136437248
1834.79,29136437248
1835.08,29136437248
1835.37,29136437248
1835.66,29136437248
1835.95,29136437248
1836.24,29136437248
1836.53,29136437248
1836.82,29136846848
1837.11,29136846848
1837.40,29136846848
1837.70,29136846848
1837.99,29136846848
1838.28,29136846848
1838.57,29136846848
1838.87,29136846848
1839.16,29136846848
1839.45,29136846848
1839.74,29136846848
1840.03,29136846848
1840.32,29136846848
1840.61,29136846848
1840.90,29136846848
1841.19,29136846848
1841.48,29136846848
1841.78,29136846848
1842.07,29136846848
1842.36,29136846848
1842.65,29136846848
1842.95,29136846848
1843.24,29136846848
1843.54,29136846848
1843.82,29137256448
1844.12,29137256448
1844.41,29137256448
1844.70,29131243520
1844.99,29131243520
1845.28,29131243520
1845.58,29131243520
1845.86,29137387520
1846.16,29137387520
1846.44,29137387520
1846.73,29131243520
1847.02,29131243520
1847.32,29131243520
1847.61,29131243520
1847.89,29130776576
1848.19,29130776576
1848.48,29130776576
1848.77,29136920576
1849.06,29136920576
1849.35,29136920576
1849.65,29136920576
1849.93,29131243520
1850.23,29131243520
1850.52,29131243520
1850.81,29131243520
1851.10,29131243520
1851.39,29131243520
1851.69,29136977920
1851.98,29137387520
1852.26,29137387520
1852.55,29137387520
1852.84,29137387520
1853.13,29137387520
1853.43,29137387520
1853.72,29137387520
1854.01,29137387520
1854.30,29137387520
1854.59,29137387520
1854.88,29137387520
1855.17,29137387520
1855.47,29137387520
1855.76,29131243520
1856.06,29131243520
1856.35,29131243520
1856.65,29133291520
1856.93,29131243520
1857.22,29131243520
1857.52,29131243520
1857.80,29131243520
1858.10,29131243520
1858.39,29131243520
1858.69,29137797120
1858.98,29131358208
1859.28,29131358208
1859.57,29131358208
1859.86,29131358208
1860.15,29131358208
1860.44,29131358208
1860.73,29131358208
1861.02,29131358208
1861.31,29131358208
1861.61,29131358208
1861.90,29137502208
1862.19,29137502208
1862.48,29137502208
1862.77,29137690624
1863.06,29137690624
1863.36,29137690624
1863.64,29137690624
1863.93,29137690624
1864.22,29137690624
1864.51,29137690624
1864.80,29137633280
1865.10,29137633280
1865.39,29137633280
1865.67,29137633280
1865.97,29137633280
1866.27,29137633280
1866.56,29137633280
1866.86,29137633280
1867.15,29137633280
1867.44,29137633280
1867.73,29130768384
1868.02,29130768384
1868.32,29130768384
1868.60,29130768384
1868.89,29131587584
1869.18,29131587584
1869.47,29131587584
1869.76,29131997184
1870.05,29131997184
1870.34,29131997184
1870.64,29131997184
1870.92,29131997184
