time,used_memory_rss(bytes)
0.00,27864223744
0.28,27864223744
0.56,27864223744
0.84,27864223744
1.12,27864223744
1.41,55725244416
1.69,55725244416
1.97,55725375488
2.26,55725375488
2.54,55725375488
2.82,55726424064
3.10,55726555136
3.38,55726555136
3.66,55718375424
3.95,55696355328
4.23,55674335232
4.50,55652052992
4.79,55628460032
5.07,55609323520
5.36,55592415232
5.63,55572230144
5.92,55548637184
6.20,55525437440
6.48,55518097408
6.76,55505383424
7.05,55483494400
7.33,55464226816
7.61,55447056384
7.88,55424118784
8.16,55400525824
8.45,55376277504
8.73,55353077760
9.01,55336824832
9.29,55315984384
9.58,55292260352
9.86,55268929536
10.13,55244419072
10.42,55220039680
10.70,55195004928
10.98,55172591616
11.26,55149391872
11.53,55125016576
11.81,55102210048
12.09,55079665664
12.37,55056334848
12.65,55033659392
12.93,55009804288
13.21,54985687040
13.50,54962094080
13.78,54937059328
14.07,54919888896
14.35,54896558080
14.64,54873489408
14.92,54850027520
15.20,54826303488
15.49,54802186240
15.77,54777544704
16.05,54753165312
16.34,54729179136
16.62,54704799744
16.91,54681075712
17.19,54658138112
17.46,54638084096
17.75,54614491136
18.03,54589980672
18.31,54565076992
18.59,54540304384
18.88,54516187136
19.16,54496002048
19.45,54472015872
19.73,54453534720
20.02,54429810688
20.30,54406610944
20.58,54383673344
20.86,54359556096
21.15,54336356352
21.43,54312468480
21.71,54288089088
22.00,54270263296
22.28,54247194624
22.56,54225698816
22.84,54201843712
23.13,54177857536
23.42,54154919936
23.70,54134079488
23.98,54112845824
24.26,54089646080
24.55,54066446336
24.83,54047571968
25.12,54023979008
25.40,54002089984
25.69,53978103808
25.97,53954772992
26.25,53931966464
26.53,53907718144
26.81,53884256256
27.10,53864857600
27.37,53850963968
27.66,53827633152
27.94,53805088768
28.23,53781889024
28.51,53758820352
28.80,53735227392
29.08,53712683008
29.36,53689221120
29.64,53666283520
29.92,53643739136
30.20,53620539392
30.49,53596946432
30.78,53574008832
31.06,53551333376
31.34,53528096768
31.62,53504765952
31.90,53481304064
32.18,53460070400
32.46,53437001728
32.75,53413408768
33.03,53391650816
33.32,53368844288
33.60,53345513472
33.89,53323493376
34.17,53300817920
34.45,53281681408
34.73,53259792384
35.01,53237116928
35.30,53214179328
35.58,53191110656
35.87,53171449856
36.15,53156376576
36.43,53131866112
36.71,53112598528
37.00,53089923072
37.29,53068558336
37.57,53054795776
37.86,53034217472
38.14,53011542016
38.42,52988342272
38.71,52964618240
38.99,52943122432
39.27,52921495552
39.55,52899213312
39.84,52876800000
40.12,52858580992
40.39,52839313408
40.68,52817555456
40.96,52795142144
41.24,52772990976
41.52,52749664256
41.80,52727906304
42.08,52706279424
42.37,52687798272
42.65,52665647104
42.92,52642709504
43.20,52620558336
43.48,52598276096
43.76,52575338496
44.05,52552531968
44.33,52530774016
44.62,52507181056
44.90,52484374528
45.19,52465762304
45.47,52444659712
45.76,52422115328
46.04,52400095232
46.32,52378075136
46.60,52355923968
46.89,52333641728
47.17,52312932352
47.45,52293271552
47.73,52270333952
48.02,52249231360
48.30,52226555904
48.59,52209647616
48.87,52195098624
49.15,52174127104
49.44,52152631296
49.72,52136378368
50.00,52115013632
50.28,52095090688
50.57,52071366656
50.85,52048691200
51.14,52025229312
51.43,52006354944
51.72,51987611648
52.00,51968212992
52.28,51944620032
52.56,51922993152
52.84,51901497344
53.12,51878035456
53.41,51854966784
53.69,51832422400
53.97,51809222656
54.24,51786547200
54.52,51764920320
54.81,51743031296
55.09,51720093696
55.37,51698204672
55.66,51676708864
55.94,51655344128
56.22,51630833664
56.51,51611435008
56.79,51592036352
57.07,51568050176
57.35,51544457216
57.63,51523092480
57.92,51508805632
58.20,51489538048
58.48,51467911168
58.76,51444973568
59.04,51422822400
59.32,51400671232
59.60,51378126848
59.89,51355975680
60.17,51333955584
60.45,51311935488
60.74,51289522176
61.02,51270385664
61.30,51248627712
61.58,51225690112
61.87,51203932160
62.15,51180863488
62.43,51158974464
62.72,51137478656
63.00,51115589632
63.28,51093569536
63.56,51071549440
63.84,51049398272
64.12,51028688896
64.40,51006668800
64.68,50989105152
64.95,50968133632
65.23,50946113536
65.51,50925273088
65.79,50903252992
66.07,50881363968
66.35,50858950656
66.64,50837848064
66.91,50815434752
67.20,50794856448
67.48,50771656704
67.76,50750423040
68.04,50728009728
68.32,50707038208
68.60,50685542400
68.89,50662998016
69.16,50641764352
69.44,50620006400
69.72,50597593088
70.00,50579636224
70.29,50559844352
70.57,50537299968
70.85,50515148800
71.13,50493259776
71.41,50472157184
71.69,50451054592
71.97,50429296640
72.25,50406227968
72.54,50384207872
72.82,50362187776
73.10,50340036608
73.38,50316967936
73.67,50294030336
73.95,50272665600
74.23,50250776576
74.52,50228232192
74.80,50205949952
75.08,50184192000
75.36,50165972992
75.64,50146574336
75.92,50124161024
76.20,50102009856
76.48,50085494784
76.76,50064654336
77.04,50041716736
77.33,50019041280
77.61,49997283328
77.89,49975525376
78.16,49952718848
78.44,49930960896
78.72,49907499008
79.00,49885609984
79.28,49862541312
79.56,49847205888
79.84,49840521216
80.12,49840521216
80.41,49835409408
80.69,49814831104
80.97,49799233536
81.25,49776295936
81.52,49754275840
81.80,49736187904
82.08,49715740672
82.36,49692803072
82.64,49676681216
82.92,49658724352
83.20,49643388928
83.47,49628839936
83.75,49607737344
84.03,49584930816
84.32,49563041792
84.60,49541414912
84.88,49519394816
85.16,49501437952
85.44,49486757888
85.72,49465917440
86.00,49443504128
86.28,49420697600
86.57,49397628928
86.86,49373642752
87.14,49351229440
87.42,49328553984
87.71,49305354240
87.99,49286873088
88.27,49267212288
88.55,49252401152
88.83,49233788928
89.12,49218715648
89.40,49200103424
89.68,49185947648
89.96,49168908288
90.25,49146232832
90.53,49128538112
90.81,49105862656
91.09,49083318272
91.37,49060380672
91.65,49037705216
91.93,49019748352
92.21,48996155392
92.49,48977281024
92.78,48955129856
93.06,48934813696
93.35,48911220736
93.63,48887627776
93.91,48865738752
94.19,48843980800
94.47,48820125696
94.75,48797057024
95.03,48773332992
95.32,48752492544
95.61,48729030656
95.89,48706617344
96.18,48683679744
96.46,48660742144
96.74,48641998848
97.02,48619323392
97.30,48596254720
97.58,48573579264
97.87,48550117376
98.15,48527704064
98.43,48504766464
98.71,48481566720
98.99,48459284480
99.27,48439492608
99.55,48425205760
99.84,48410656768
100.11,48390209536
100.39,48367271936
100.67,48344596480
100.96,48321921024
101.25,48298328064
101.53,48274337792
101.81,48250875904
102.10,48227938304
102.38,48211816448
102.67,48188354560
102.95,48164892672
103.24,48142610432
103.52,48119803904
103.80,48096997376
104.07,48077598720
104.35,48055840768
104.63,48032116736
104.92,48008785920
105.20,47985324032
105.48,47961731072
105.75,47942201344
106.04,47918477312
106.33,47895277568
106.61,47872339968
106.89,47848878080
107.17,47825285120
107.45,47807852544
107.73,47785832448
108.01,47762894848
108.29,47740874752
108.57,47717150720
108.85,47701946368
109.13,47678484480
109.41,47655940096
109.70,47632084992
109.98,47610458112
110.26,47588044800
110.54,47571529728
110.81,47547936768
111.09,47524737024
111.38,47504875520
111.65,47482724352
111.94,47460573184
112.22,47437504512
112.50,47414829056
112.78,47396872192
113.06,47375507456
113.34,47352832000
113.62,47329501184
113.91,47306694656
114.19,47284936704
114.47,47261474816
114.75,47238930432
115.03,47215337472
115.32,47195807744
115.60,47176671232
115.88,47153602560
116.16,47131451392
116.44,47112445952
116.72,47090032640
117.00,47067619328
117.29,47044157440
117.57,47021219840
117.86,46998151168
118.14,46975213568
118.42,46952275968
118.71,46928683008
118.99,46904565760
119.28,46880841728
119.56,46858035200
119.83,46834704384
120.11,46816354304
120.39,46794596352
120.68,46770741248
120.96,46747672576
121.24,46724341760
121.52,46700736512
121.81,46677536768
122.09,46654599168
122.37,46631399424
122.65,46608461824
122.93,46585524224
123.21,46562586624
123.50,46538993664
123.78,46516187136
124.06,46492332032
124.34,46472802304
124.62,46453010432
124.90,46435184640
125.18,46412378112
125.46,46389702656
125.74,46373318656
126.02,46351298560
126.30,46327312384
126.58,46304112640
126.87,46280912896
127.15,46261514240
127.44,46240804864
127.72,46217998336
128.00,46198075392
128.29,46175793152
128.57,46155739136
128.85,46135816192
129.13,46115368960
129.42,46094266368
129.70,46070542336
129.99,46047080448
130.26,46025191424
130.54,46001074176
130.83,45980758016
131.11,45959000064
131.39,45935407104
131.68,45912600576
131.96,45890187264
132.24,45867642880
132.52,45845098496
132.80,45826093056
133.09,45807742976
133.37,45785591808
133.65,45766455296
133.93,45743386624
134.22,45720580096
134.50,45696724992
134.79,45675622400
135.07,45656879104
135.35,45636169728
135.63,45619785728
135.92,45598158848
136.20,45575745536
136.49,45553201152
136.77,45531312128
137.05,45508374528
137.33,45485568000
137.61,45461843968
137.90,45441658880
138.18,45419507712
138.47,45397749760
138.76,45375991808
139.04,45353054208
139.32,45334704128
139.60,45313732608
139.88,45290795008
140.17,45267595264
140.45,45244788736
140.73,45221064704
141.01,45197864960
141.29,45175058432
141.57,45154480128
141.86,45132853248
142.14,45112143872
142.42,45090910208
142.71,45069807616
142.98,45048573952
143.27,45026160640
143.55,45003354112
143.82,44982906880
144.11,44963115008
144.38,44945158144
144.66,44928774144
144.95,44914225152
145.23,44895219712
145.51,44878442496
145.79,44875821056
146.08,44871364608
146.35,44860354560
146.64,44860354560
146.92,27879686144
147.20,27879686144
147.48,27879686144
147.76,27879686144
148.05,27879817216
148.33,27879817216
148.62,27879817216
148.89,27879817216
149.17,27879817216
149.46,27879817216
149.74,27879817216
150.01,27879817216
150.30,27879817216
150.58,27880079360
150.87,27880079360
151.15,27880079360
151.44,27880210432
151.72,27880210432
152.00,27880210432
152.28,27880210432
152.57,27880472576
152.85,27880472576
153.13,27880472576
153.42,27880472576
153.70,27880472576
153.98,27880603648
154.26,27880603648
154.54,27880603648
154.83,27880603648
155.10,27880603648
155.39,27880603648
155.67,27880603648
155.95,27880603648
156.23,27880865792
156.52,27880865792
156.79,27880996864
157.07,27880996864
157.36,27880996864
157.64,27880996864
157.92,27880996864
158.20,27880996864
158.48,27880996864
158.76,27880996864
159.04,27881259008
159.33,27881259008
159.60,27881259008
159.88,27881259008
160.17,27881390080
160.45,27881521152
160.74,27881521152
161.02,27881521152
161.30,27881521152
161.58,27881402368
161.87,27881402368
162.15,27881664512
162.43,27881664512
162.71,27881664512
162.98,27881664512
163.27,27881664512
163.56,27881664512
163.84,27881664512
164.12,27881664512
164.39,27881664512
164.67,27881795584
164.96,27881926656
165.24,27881926656
165.52,27882057728
165.80,27882057728
166.08,27882057728
166.36,27882057728
166.65,27882057728
166.93,27882057728
167.21,27882057728
167.49,27882319872
167.77,27882319872
168.05,27882319872
168.33,27882450944
168.61,27882450944
168.89,27882450944
169.18,27882450944
169.46,27882450944
169.75,27882450944
170.03,27882450944
170.31,27882450944
170.59,27882450944
170.88,27882713088
171.16,27882713088
171.44,27882844160
171.72,27882844160
172.01,27882844160
172.29,27882844160
172.57,27882844160
172.85,27882844160
173.13,27882844160
173.41,27882844160
173.69,27882844160
173.97,27882844160
174.25,27882844160
174.52,27883106304
174.81,27883106304
175.09,27883237376
175.38,27883237376
175.66,27883237376
175.94,27883237376
176.22,27883237376
176.51,27883237376
176.79,27883237376
177.07,27883237376
177.35,27883237376
177.63,27883368448
177.91,27883499520
178.20,27883499520
178.48,27883499520
178.76,27883630592
179.04,27883630592
179.32,27883630592
179.60,27883630592
179.88,27883761664
180.16,27883761664
180.44,27883761664
180.72,27883892736
181.00,27883892736
181.28,27883892736
181.56,27883892736
181.84,27883892736
182.12,27883892736
182.40,27883892736
182.68,27884023808
182.97,27884023808
183.25,27884023808
183.53,27884023808
183.81,27884023808
184.08,27884023808
184.36,27884154880
184.64,27884154880
184.93,27884285952
185.20,27884285952
185.49,27884285952
185.77,27884285952
186.05,27884285952
186.33,27884417024
186.61,27884417024
186.88,27884417024
187.16,27884417024
187.45,27884417024
187.73,27884417024
188.02,27884417024
188.30,27884548096
188.58,27884548096
188.86,27884679168
189.14,27884679168
189.42,27884679168
189.70,27884679168
189.98,27884810240
190.27,27884810240
190.54,27884810240
190.82,27884810240
191.11,27884810240
191.38,27884810240
191.66,27885072384
191.95,27885072384
192.23,27885072384
192.51,27885072384
192.79,27885072384
193.07,27885072384
193.35,27885203456
193.62,27885203456
193.90,27885203456
194.18,27885203456
194.47,27885203456
194.75,27885203456
195.04,27885203456
195.32,27885203456
195.60,27885334528
195.88,27885334528
196.17,27885334528
196.45,27885465600
196.73,27885596672
197.01,27885596672
197.30,27885596672
197.57,27885596672
197.85,27885596672
198.14,27885596672
198.42,27885596672
198.70,27885596672
198.99,27885596672
199.27,27885596672
199.55,27885596672
199.83,27885596672
200.12,27885596672
200.39,27885596672
200.67,27885596672
200.96,27885727744
201.24,27885727744
201.51,27885858816
201.79,27885989888
202.08,27885989888
202.36,27885989888
202.64,27885989888
202.93,27885989888
203.20,27885989888
203.49,27885989888
203.77,27886120960
204.04,27886120960
204.32,27886120960
204.60,27886120960
204.88,27886120960
205.16,27886120960
205.44,27886120960
205.72,27886252032
206.00,27886252032
206.28,27886252032
206.56,27886252032
206.84,27886252032
207.12,27886252032
207.41,27886252032
207.68,27886252032
207.96,27886252032
208.24,27886383104
208.53,27886383104
208.81,27886383104
209.09,27886514176
209.37,27886645248
209.65,27886645248
209.92,27886645248
210.21,27886645248
210.49,27886645248
210.77,27886645248
211.05,27886645248
211.33,27886645248
211.61,27886907392
211.90,27886907392
212.18,27886907392
212.46,27886907392
212.74,27886907392
213.01,27886907392
213.29,27887038464
213.57,27887038464
213.85,27887038464
214.13,27887038464
214.41,27887038464
214.69,27887038464
214.97,27887038464
215.26,27887038464
215.54,27887038464
215.82,27887038464
216.10,27887300608
216.38,27887431680
216.66,27887431680
216.94,27887431680
217.23,27887431680
217.51,27887431680
217.79,27887431680
218.07,27887431680
218.35,27887431680
218.63,27887431680
218.91,27887431680
219.19,27887431680
219.48,27887431680
219.76,27887431680
220.04,27887431680
220.32,27887431680
220.61,27887693824
220.89,27887693824
221.17,27887693824
221.46,27887693824
221.74,27887693824
222.02,27887824896
222.31,27887824896
222.60,27887824896
222.88,27887824896
223.16,27887824896
223.44,27887824896
223.72,27887824896
224.00,27887824896
224.28,27887824896
224.56,27887824896
224.84,27887824896
225.12,27887955968
225.41,27888087040
225.69,27888087040
225.97,27888087040
226.25,27888087040
226.53,27888087040
226.81,27888218112
227.09,27888218112
227.38,27888218112
227.66,27888218112
227.93,27888218112
228.21,27888218112
228.50,27888218112
228.78,27888218112
229.05,27888218112
229.33,27888218112
229.62,27888218112
229.90,27888480256
230.18,27888480256
230.46,27888480256
230.73,27888480256
231.02,27888611328
231.29,27888611328
231.57,27888480256
231.85,27888480256
232.13,27888480256
232.41,27888480256
232.69,27888480256
232.97,27888480256
233.26,27888480256
233.54,27888480256
233.82,27888480256
234.10,27888742400
234.38,27888742400
234.66,27888742400
234.95,27888873472
235.23,27888873472
235.51,27888873472
235.79,27888873472
236.06,27888873472
236.34,27888873472
236.62,27888873472
236.90,27888873472
237.19,27888873472
237.47,27888873472
237.75,27888873472
238.03,27888873472
238.31,27888873472
238.60,27888873472
238.88,27888873472
239.16,27888873472
239.44,27888873472
239.73,27888873472
240.01,27888873472
240.30,27889004544
240.58,27889135616
240.86,27889266688
241.15,27889266688
241.43,27889266688
241.71,27889266688
241.99,27889266688
242.27,27889266688
242.55,27889397760
242.84,27889397760
243.12,27889397760
243.40,27889397760
243.69,27889397760
243.97,27889528832
244.25,27889528832
244.54,27889528832
244.82,27889659904
245.09,27889659904
245.37,27889659904
245.66,27889659904
245.94,27889659904
246.23,27889659904
246.51,27889659904
246.79,27889659904
247.08,27889659904
247.36,27889659904
247.64,27889659904
247.92,27889659904
248.20,27889790976
248.49,27889790976
248.77,27889922048
249.05,27889922048
249.33,27889922048
249.61,27889922048
249.89,27890053120
250.17,27890053120
250.45,27890053120
250.74,27890053120
251.01,27890053120
251.30,27890053120
251.58,27890053120
251.86,27890053120
252.15,27890053120
252.42,27890053120
252.70,27890053120
252.99,27890053120
253.27,27890053120
253.55,27890315264
253.83,27890315264
254.12,27890315264
254.40,27890315264
254.68,27890315264
254.97,27890446336
255.25,27890446336
255.53,27890446336
255.81,27890446336
256.10,27890446336
256.38,27890446336
256.66,27890446336
256.94,27890446336
257.23,27890446336
257.50,27890446336
257.78,27890446336
258.05,27890446336
258.34,27890446336
258.62,27890446336
258.90,27890708480
259.18,27890708480
259.46,27890708480
259.74,27890839552
260.02,27890839552
260.31,27890839552
260.58,27890839552
260.87,27890839552
261.15,27890839552
261.44,27890839552
261.73,27890839552
262.01,27890839552
262.29,27890839552
262.57,27890839552
262.85,27890839552
263.13,27890839552
263.41,27890970624
263.70,27891101696
263.98,27891101696
264.26,27891101696
264.55,27891101696
264.83,27891232768
265.11,27891232768
265.39,27891232768
265.67,27891232768
265.95,27891232768
266.24,27891232768
266.53,27891232768
266.81,27891232768
267.09,27891232768
267.37,27891232768
267.66,27891232768
267.94,27891232768
268.22,27891232768
268.50,27891232768
268.78,27891232768
269.06,27891494912
269.34,27891494912
269.62,27891494912
269.90,27891625984
270.19,27891625984
270.47,27891625984
270.75,27891625984
271.03,27891625984
271.32,27891625984
271.60,27891625984
271.88,27891625984
272.17,27891625984
272.45,27891625984
272.74,27891625984
273.02,27891888128
273.31,27891888128
273.59,27891888128
273.87,27891888128
274.16,27891888128
274.44,27891888128
274.72,27891888128
275.00,27891888128
275.29,27892019200
275.57,27892019200
275.85,27892019200
276.13,27892019200
276.42,27892019200
276.69,27892019200
276.98,27892019200
277.26,27892019200
277.55,27892019200
277.83,27892019200
278.11,27892019200
278.40,27892019200
278.68,27892019200
278.96,27892019200
279.24,27892019200
279.52,27892019200
279.80,27892019200
280.08,27892281344
280.36,27892281344
280.65,27892281344
280.93,27892281344
281.21,27892281344
281.50,27892150272
281.78,27892150272
282.06,27892281344
282.35,27892281344
282.63,27892281344
282.91,27892281344
283.19,27892281344
283.48,27892281344
283.75,27892281344
284.04,27892281344
284.32,27892281344
284.60,27892281344
284.88,27892281344
285.16,27892281344
285.44,27892543488
285.73,27892543488
286.01,27892543488
286.28,27892543488
286.56,27892543488
286.84,27892543488
287.13,27892543488
287.41,27892543488
287.69,27892674560
287.97,27892674560
288.25,27892674560
288.53,27892674560
288.81,27892674560
289.09,27892674560
289.38,27892674560
289.66,27892674560
289.94,27892674560
290.22,27892674560
290.50,27892674560
290.78,27892674560
291.06,27892674560
291.34,27892805632
291.62,27892936704
291.91,27893198848
292.19,27893198848
292.47,27893198848
292.75,27893198848
293.03,27893198848
293.31,27893198848
293.59,27893198848
293.87,27893198848
294.15,27893198848
294.44,27893198848
294.72,27893198848
295.00,27893198848
295.29,27893198848
295.57,27893198848
295.86,27893198848
296.14,27893198848
296.43,27893198848
296.71,27893329920
296.99,27893329920
297.27,27893329920
297.55,27893329920
297.83,27893460992
298.11,27893592064
298.39,27893592064
298.68,27893592064
298.96,27893592064
299.24,27893592064
299.52,27893592064
299.80,27893592064
300.09,27893592064
300.37,27893592064
300.65,27893592064
300.93,27893592064
301.21,27893592064
301.50,27893723136
301.78,27893723136
302.06,27893723136
302.35,27893723136
302.63,27893854208
302.91,27893854208
303.19,27893854208
303.48,27893854208
303.76,27893854208
304.04,27893854208
304.32,27893854208
304.60,27893854208
304.88,27893854208
305.16,27893854208
305.44,27893854208
305.72,27893854208
306.00,27893854208
306.28,27893854208
306.56,27893854208
306.84,27893854208
307.12,27893854208
307.40,27893854208
307.68,27894116352
307.96,27894116352
308.24,27894116352
308.53,27894116352
308.81,27894116352
309.09,27894116352
309.37,27894116352
309.65,27894116352
309.94,27894116352
310.22,27894116352
310.50,27894116352
310.78,27894116352
311.07,27894116352
311.35,27894079488
311.64,27894210560
311.92,27894210560
312.20,27894210560
312.49,27894210560
312.77,27894210560
313.06,27894341632
313.34,27894341632
313.62,27894341632
313.90,27894341632
314.18,27894341632
314.46,27894341632
314.75,27894341632
315.03,27894341632
315.31,27894341632
315.59,27894341632
315.88,27894341632
316.15,27894341632
316.44,27894341632
316.72,27894603776
317.01,27894603776
317.29,27894603776
317.56,27894603776
317.85,27894734848
318.13,27894734848
318.42,27894734848
318.69,27894865920
318.98,27894865920
319.26,27894865920
319.55,27894865920
319.83,27894865920
320.12,27894865920
320.40,27894865920
320.68,27894865920
320.97,27894865920
321.25,27894865920
321.53,27894763520
321.82,27894894592
322.11,27894894592
322.39,27895025664
322.68,27895025664
322.96,27895025664
323.24,27895025664
323.53,27895025664
323.81,27895025664
324.09,27895025664
324.37,27895025664
324.66,27895025664
324.94,27895025664
325.23,27895025664
325.50,27895025664
325.79,27895025664
326.07,27895025664
326.36,27895025664
326.63,27895025664
326.92,27895287808
327.20,27895287808
327.48,27895287808
327.76,27895287808
328.05,27895287808
328.33,27895287808
328.62,27895287808
328.90,27895287808
329.18,27895287808
329.46,27895418880
329.74,27895418880
330.02,27895418880
330.30,27895418880
330.59,27895418880
330.87,27895418880
331.16,27895418880
331.43,27895189504
331.72,27895582720
332.00,27895844864
332.28,27895844864
332.56,27895844864
332.85,27895844864
333.14,27895844864
333.42,27895844864
333.71,27895844864
333.99,27895844864
334.28,27895844864
334.56,27895844864
334.84,27895844864
335.13,27895844864
335.41,27895844864
335.69,27895844864
335.97,27895844864
336.25,27895844864
336.53,27895844864
336.81,27895844864
337.08,27895844864
337.37,27895844864
337.65,27895844864
337.94,27895844864
338.22,27895844864
338.50,27895844864
338.78,27895844864
339.07,27895844864
339.35,27895844864
339.62,27895844864
339.90,27895844864
340.18,27895844864
340.46,27895844864
340.75,27895844864
341.03,27895844864
341.31,27895844864
341.60,27895844864
341.88,27896107008
342.16,27896107008
342.44,27896107008
342.73,27896107008
343.01,27896107008
343.29,27896107008
343.58,27896107008
343.86,27896107008
344.14,27896107008
344.42,27896107008
344.69,27896107008
344.98,27896238080
345.26,27896238080
345.55,27896238080
345.83,27896238080
346.12,27896238080
346.40,27896238080
346.69,27896238080
346.97,27896238080
347.25,27896238080
347.53,27896238080
347.81,27896238080
348.09,27896369152
348.37,27896369152
348.65,27896369152
348.93,27896369152
349.21,27896369152
349.49,27896369152
349.77,27896369152
350.06,27896500224
350.34,27896500224
350.62,27896500224
350.90,27896500224
351.19,27896500224
351.48,27896434688
351.76,27896434688
352.05,27896434688
352.33,27896434688
352.61,27896434688
352.89,27896434688
353.17,27896434688
353.45,27896434688
353.73,27896434688
354.01,27896434688
354.30,27896434688
354.58,27896434688
354.87,27896434688
355.15,27896434688
355.44,27896696832
355.71,27896696832
356.00,27896696832
356.27,27896696832
356.55,27896696832
356.83,27896696832
357.11,27896696832
357.39,27896696832
357.67,27896827904
357.95,27896827904
358.24,27896827904
358.51,27896827904
358.80,27896827904
359.08,27896827904
359.36,27896827904
359.65,27896827904
359.93,27896827904
360.21,27896827904
360.50,27896827904
360.78,27896827904
361.06,27896827904
361.34,27896827904
361.62,27896827904
361.91,27897090048
362.19,27897090048
362.47,27897090048
362.76,27897090048
363.04,27897090048
363.32,27897090048
363.61,27897090048
363.88,27897090048
364.16,27897221120
364.44,27897221120
364.72,27897221120
365.00,27897221120
365.28,27897221120
365.57,27897221120
365.85,27897221120
366.13,27897221120
366.41,27897221120
366.70,27897221120
366.98,27897221120
367.26,27897221120
367.54,27897221120
367.82,27897221120
368.10,27897221120
368.38,27897221120
368.66,27897221120
368.94,27897352192
369.22,27897483264
369.50,27897483264
369.78,27897483264
370.06,27897483264
370.35,27897483264
370.63,27897483264
370.91,27897483264
371.19,27897483264
371.48,27897483264
371.76,27897483264
372.04,27897483264
372.32,27897483264
372.61,27897483264
372.89,27897483264
373.17,27897483264
373.45,27897483264
373.73,27897483264
374.01,27897483264
374.30,27897483264
374.59,27897483264
374.87,27897483264
375.15,27897483264
375.43,27897483264
375.71,27897483264
375.99,27897483264
376.27,27897483264
376.56,27897483264
376.84,27897483264
377.12,27897483264
377.41,27897483264
377.69,27897483264
377.97,27897483264
378.26,27897483264
378.53,27897483264
378.82,27897483264
379.10,27897483264
379.38,27897483264
379.67,27897483264
379.95,27897745408
380.23,27897876480
380.52,27897876480
380.80,27897876480
381.08,27897876480
381.37,27897876480
381.65,27897876480
381.93,27897876480
382.21,27897876480
382.50,27897876480
382.78,27897876480
383.06,27897876480
383.35,27897876480
383.63,27897876480
383.92,27897876480
384.20,27897876480
384.48,27897876480
384.76,27897876480
385.04,27897876480
385.32,27897876480
385.60,27897876480
385.88,27897876480
386.16,27897876480
386.44,27897876480
386.72,27897876480
387.00,27897876480
387.28,27898269696
387.56,27898269696
387.84,27898269696
388.12,27898269696
388.40,27898400768
388.68,27898400768
388.97,27898400768
389.25,27898400768
389.53,27898400768
389.81,27898400768
390.10,27898400768
390.38,27898400768
390.66,27898400768
390.94,27898400768
391.22,27898531840
391.50,27898138624
391.78,27898269696
392.07,27898269696
392.35,27898269696
392.64,27898269696
392.92,27898531840
393.21,27898531840
393.50,27898531840
393.77,27898531840
394.06,27898531840
394.33,27898531840
394.61,27898662912
394.89,27898662912
395.18,27898662912
395.46,27898662912
395.74,27898662912
396.02,27898662912
396.31,27898662912
396.59,27898662912
396.87,27898662912
397.15,27898662912
397.43,27898662912
397.71,27898662912
398.00,27898662912
398.28,27898662912
398.57,27898662912
398.85,27898662912
399.14,27898662912
399.42,27898662912
399.70,27898662912
399.99,27898662912
400.27,27898662912
400.56,27898662912
400.84,27898662912
401.12,27898662912
401.40,27898572800
401.68,27898703872
401.96,27898834944
402.24,27898834944
402.52,27898834944
402.81,27898834944
403.09,27898834944
403.37,27898834944
403.65,27898834944
403.93,27898834944
404.21,27898834944
404.50,27898834944
404.77,27898834944
405.05,27898966016
405.33,27898966016
405.61,27898966016
405.89,27898966016
406.17,27898966016
406.45,27898966016
406.73,27898966016
407.01,27898966016
407.29,27898966016
407.57,27898966016
407.86,27898966016
408.14,27898966016
408.42,27898966016
408.70,27898966016
408.98,27898966016
409.26,27898966016
409.54,27898966016
409.83,27898966016
410.11,27898966016
410.40,27898966016
410.67,27898966016
410.96,27899097088
411.24,27899097088
411.52,27899043840
411.81,27899043840
412.08,27899043840
412.36,27899043840
412.64,27899043840
412.93,27899174912
413.21,27899174912
413.50,27899174912
413.77,27899174912
414.05,27899174912
414.33,27899174912
414.61,27899174912
414.89,27899174912
415.17,27899305984
415.45,27899305984
415.74,27899305984
416.02,27899305984
416.30,27899305984
416.58,27899305984
416.87,27899305984
417.14,27899305984
417.43,27899305984
417.71,27899305984
417.99,27899305984
418.27,27899305984
418.55,27899305984
418.83,27899305984
419.10,27899305984
419.38,27899305984
419.66,27899305984
419.94,27899305984
420.23,27899305984
420.50,27899305984
420.79,27899305984
421.07,27899568128
421.35,27899568128
421.63,27899568128
421.91,27899568128
422.19,27899568128
422.48,27899568128
422.75,27899568128
423.04,27899568128
423.32,27899568128
423.61,27899568128
423.88,27899568128
424.17,27899568128
424.45,27899568128
424.73,27899568128
425.01,27899568128
425.29,27899568128
425.57,27899699200
425.86,27899699200
426.14,27899699200
426.42,27899699200
426.70,27899699200
426.99,27899699200
427.27,27899699200
427.55,27899699200
427.83,27899699200
428.11,27899699200
428.39,27899699200
428.68,27899699200
428.95,27899699200
429.23,27899699200
429.51,27899699200
429.79,27899699200
430.07,27899699200
430.36,27899699200
430.64,27899699200
430.92,27899699200
431.20,27899699200
431.48,27899830272
431.76,27899961344
432.05,27899961344
432.33,27899961344
432.60,27899961344
432.89,27899961344
433.17,27899961344
433.45,27899961344
433.73,27899961344
434.00,27900092416
434.28,27900092416
434.56,27900092416
434.85,27900092416
435.13,27900092416
435.41,27900092416
435.69,27900092416
435.97,27900092416
436.25,27900092416
436.54,27900092416
436.82,27900092416
437.10,27900092416
437.39,27900092416
437.68,27900092416
437.96,27900092416
438.24,27900092416
438.52,27900092416
438.80,27900092416
439.08,27900092416
439.36,27900092416
439.64,27900092416
439.92,27900092416
440.20,27900354560
440.49,27900354560
440.77,27900354560
441.06,27900354560
441.34,27899957248
441.62,27899957248
441.90,27899957248
442.18,27899957248
442.46,27899957248
442.75,27899957248
443.03,27899957248
443.31,27899957248
443.59,27899957248
443.87,27899957248
444.16,27899957248
444.44,27899957248
444.73,27899957248
445.01,27899957248
445.29,27899957248
445.58,27899957248
445.86,27899957248
446.14,27899957248
446.42,27899957248
446.71,27899957248
446.99,27899957248
447.27,27899957248
447.56,27899957248
447.85,27899957248
448.13,27899957248
448.41,27899957248
448.70,27899957248
448.98,27899957248
449.26,27899957248
449.55,27899957248
449.83,55797002240
450.12,55797002240
450.40,55797002240
450.68,55796871168
450.97,55773802496
451.25,55757287424
451.52,55735660544
451.80,55714295808
452.08,55691227136
452.37,55668944896
452.64,55644565504
452.93,55621234688
453.21,55596724224
453.49,55573917696
453.77,55550586880
454.05,55531974656
454.33,55508774912
454.61,55484264448
454.89,55462113280
455.17,55439044608
455.45,55415189504
455.73,55391989760
456.01,55369183232
456.29,55346769920
456.57,55324356608
456.84,55301419008
457.13,55281233920
457.41,55258558464
457.69,55235489792
457.97,55212552192
458.25,55188959232
458.54,55164710912
458.83,55141511168
459.11,55117524992
459.39,55093669888
459.67,55069683712
459.95,55045959680
460.23,55026036736
460.51,55001919488
460.80,54979244032
461.08,54955651072
461.36,54931595264
461.64,54907740160
461.93,54882967552
462.21,54859243520
462.49,54834470912
462.77,54811402240
463.05,54787547136
463.33,54762774528
463.62,54739705856
463.90,54714802176
464.18,54696189952
464.46,54671941632
464.74,54647300096
465.02,54623444992
465.31,54600376320
465.59,54576390144
465.87,54553976832
466.16,54529990656
466.44,54506266624
466.72,54481362944
467.01,54459342848
467.29,54435356672
467.57,54410715136
467.85,54387253248
468.14,54363136000
468.42,54339149824
468.70,54315032576
468.99,54291046400
469.27,54267453440
469.56,54243205120
469.84,54219087872
470.12,54193922048
470.40,54174654464
470.69,54151323648
470.97,54127337472
471.25,54104924160
471.53,54079639552
471.81,54057488384
472.09,54033371136
472.37,54008991744
472.66,53983432704
472.95,53965475840
473.23,53945683968
473.51,53923926016
473.80,53900464128
474.08,53877919744
474.37,53855637504
474.65,53832568832
474.93,53809238016
475.21,53791019008
475.49,53771096064
475.78,53748813824
476.06,53725876224
476.34,53702807552
476.63,53679738880
476.91,53656670208
477.20,53640810496
477.48,53618528256
477.76,53594673152
478.05,53571342336
478.33,53546700800
478.62,53525204992
478.90,53501218816
479.18,53477888000
479.47,53454557184
479.75,53439483904
480.03,53421527040
480.31,53398720512
480.59,53376831488
480.88,53353762816
481.16,53330038784
481.44,53305790464
481.73,53282459648
482.01,53259259904
482.30,53236715520
482.58,53219938304
482.86,53202374656
483.14,53179043840
483.42,53157548032
483.70,53133299712
483.99,53109313536
484.27,53085720576
484.55,53062258688
484.83,53039321088
485.12,53015990272
485.40,52993314816
485.68,52970115072
485.96,52947701760
486.24,52924239872
486.51,52900646912
486.80,52877971456
487.08,52859883520
487.36,52836552704
487.64,52813090816
487.92,52790153216
488.20,52767346688
488.48,52746506240
488.76,52726059008
489.04,52709281792
489.32,52685295616
489.59,52661833728
489.87,52638371840
490.16,52623560704
490.44,52604162048
490.72,52579913728
491.00,52556058624
491.29,52531810304
491.57,52507660288
491.86,52484722688
492.14,52463226880
492.41,52440551424
492.69,52417482752
492.98,52394414080
493.25,52370427904
493.54,52345917440
493.83,52321931264
494.11,52304236544
494.39,52280512512
494.67,52256657408
494.95,52232933376
495.23,52209340416
495.51,52184961024
495.80,52162547712
496.08,52139479040
496.37,52117196800
496.65,52092162048
496.93,52069617664
497.21,52046680064
497.49,52022824960
497.78,52000018432
498.05,51984683008
498.33,51961483264
498.61,51939069952
498.89,51914952704
499.17,51892801536
499.46,51868815360
499.74,51845615616
500.02,51824119808
500.30,51800920064
500.58,51777982464
500.86,51755044864
501.14,51732500480
501.43,51709210624
501.71,51686273024
501.99,51666612224
502.27,51650097152
502.56,51632140288
502.83,51611037696
503.12,51588100096
503.40,51569356800
503.68,51549564928
503.96,51528462336
504.24,51505393664
504.52,51482193920
504.80,51460042752
505.08,51438809088
505.36,51420327936
505.65,51396866048
505.93,51373928448
506.21,51351646208
506.49,51336835072
506.77,51313766400
507.06,51290173440
507.34,51267366912
507.62,51251113984
507.90,51229356032
508.18,51207073792
508.46,51183349760
508.75,51161722880
509.03,51137736704
509.32,51118338048
509.61,51098284032
509.88,51075346432
510.17,51051884544
510.45,51029995520
510.72,51010072576
511.00,50993557504
511.29,50976780288
511.57,50953605120
511.85,50930012160
512.13,50905370624
512.41,50881646592
512.70,50857267200
512.98,50839441408
513.26,50816634880
513.55,50793041920
513.83,50769186816
514.12,50746380288
514.39,50723573760
514.68,50700898304
514.96,50676387840
515.25,50652139520
515.53,50628939776
515.81,50606395392
516.09,50587783168
516.37,50565763072
516.65,50542563328
516.93,50519232512
517.21,50495901696
517.49,50473357312
517.77,50450550784
518.05,50428006400
518.33,50404675584
518.61,50381475840
518.89,50359062528
519.17,50344644608
519.45,50324590592
519.74,50306502656
520.02,50283040768
520.30,50259185664
520.59,50236116992
520.87,50213572608
521.15,50189455360
521.44,50166648832
521.72,50148167680
522.00,50124050432
522.28,50099277824
522.57,50076078080
522.85,50052878336
523.13,50030465024
523.41,50006609920
523.70,49982754816
523.99,49959686144
524.27,49935962112
524.55,49913024512
524.83,49889824768
525.11,49875800064
525.39,49860988928
525.67,49839099904
525.95,49816031232
526.24,49793093632
526.52,49769500672
526.80,49752985600
527.09,49733455872
527.37,49716285440
527.66,49692823552
527.94,49671196672
528.22,49650356224
528.50,49629122560
528.78,49606971392
529.07,49584033792
529.36,49561358336
529.64,49538682880
529.92,49514565632
530.20,49490841600
530.49,49470525440
530.77,49446277120
531.05,49423077376
531.33,49399742464
531.61,49375887360
531.90,49352163328
532.18,49328177152
532.47,49304846336
532.75,49285709824
533.03,49265262592
533.31,49242980352
533.59,49219780608
533.87,49196187648
534.15,49172856832
534.43,49149526016
534.71,49126457344
534.99,49103519744
535.27,49085825024
535.55,49068523520
535.83,49045716992
536.12,49024483328
536.39,49003773952
536.67,48991453184
536.96,48972185600
537.24,48966156288
537.52,48966156288
537.81,48946495488
538.09,48923820032
538.38,48901144576
538.65,48876896256
538.94,48853434368
539.22,48830103552
539.50,48806510592
539.78,48783966208
540.06,48763912192
540.35,48741236736
540.63,48718954496
540.91,48695885824
541.19,48673341440
541.47,48649355264
541.75,48625238016
542.04,48602300416
542.32,48580804608
542.60,48557998080
542.88,48534929408
543.16,48511336448
543.44,48488792064
543.72,48465854464
544.01,48441868288
544.29,48418013184
544.57,48394289152
544.85,48370958336
545.13,48354836480
545.41,48336224256
545.69,48314073088
545.97,48290349056
546.26,48268066816
546.53,48245129216
546.82,48221667328
547.11,48197287936
547.39,48174219264
547.68,48152068096
547.96,48129785856
548.23,48115892224
548.51,48101343232
548.78,48084828160
549.06,48063856640
549.34,48041705472
549.62,48019554304
549.90,47997009920
550.19,47980363776
550.48,47958474752
550.76,47936061440
551.04,47914565632
551.31,47892414464
551.59,47872073728
551.88,47848742912
552.17,47825936384
552.45,47804178432
552.73,47780847616
553.01,47757910016
553.29,47734185984
553.58,47712428032
553.86,47689621504
554.14,47669436416
554.42,47652397056
554.71,47628148736
554.99,47604555776
555.28,47580831744
555.57,47556976640
555.85,47532335104
556.14,47509790720
556.42,47485804544
556.70,47461163008
556.98,47437307904
557.26,47413190656
557.54,47390253056
557.82,47369543680
558.10,47354732544
558.38,47333892096
558.66,47314755584
558.94,47292997632
559.22,47270060032
559.50,47248826368
559.79,47231000576
560.07,47208456192
560.36,47186436096
560.64,47163498496
560.93,47146983424
561.20,47125356544
561.48,47102812160
561.77,47084593152
562.05,47062179840
562.33,47039111168
562.62,47016828928
562.89,46992973824
563.18,46975148032
563.47,46953652224
563.74,46930976768
564.02,46906597376
564.30,46882742272
564.58,46861639680
564.86,46842765312
565.14,46823104512
565.42,46800429056
565.70,46777622528
565.98,46755209216
566.26,46732009472
566.54,46710513664
566.83,46693736448
567.11,46670536704
567.39,46648123392
567.67,46625316864
567.96,46602641408
568.23,46579572736
568.51,46557028352
568.79,46534221824
569.08,46510628864
569.36,46487560192
569.64,46464884736
569.92,46442471424
570.20,46420451328
570.48,46397906944
570.76,46373789696
571.05,46354784256
571.33,46334337024
571.62,46318739456
571.90,46296850432
572.18,46275354624
572.46,46253596672
572.74,46230528000
573.02,46207852544
573.31,46185308160
573.58,46162239488
573.87,46139826176
574.16,46118723584
574.43,46096441344
574.72,46074683392
575.00,46054891520
575.27,46037327872
575.56,46015700992
575.84,45992370176
576.12,45969039360
576.41,45946363904
576.69,45924081664
576.97,45901537280
577.25,45878861824
577.53,45856710656
577.81,45833510912
578.09,45809917952
578.38,45788422144
578.65,45765222400
578.94,45746085888
579.22,45723934720
579.50,45700210688
579.79,45683433472
580.07,45661675520
580.35,45639000064
580.63,45615013888
580.92,45592731648
581.20,45570449408
581.48,45547794432
581.76,45523415040
582.05,45500084224
582.33,45477539840
582.61,45454602240
582.88,45434679296
583.16,45416853504
583.45,45393653760
583.72,45370322944
584.01,45347385344
584.28,45324447744
584.57,45301510144
584.84,45281587200
585.13,45258780672
585.41,45234794496
585.70,45212119040
585.97,45190098944
586.25,45167554560
586.54,45145141248
586.82,45122859008
587.09,45103591424
587.37,45085896704
587.65,45070430208
587.92,45047230464
588.21,45024555008
588.48,45002665984
588.76,44985626624
589.05,44969635840
589.33,44945911808
589.61,44922843136
589.90,44905410560
590.18,44905410560
590.47,27902939136
590.75,27902939136
591.03,27902939136
591.31,27902939136
591.60,27902939136
591.88,27902939136
592.16,27902939136
592.45,27902939136
592.73,27902939136
593.01,27902939136
593.29,27902939136
593.57,27902939136
593.85,27902939136
594.13,27902939136
594.41,27902939136
594.69,27902939136
594.98,27902939136
595.26,27902939136
595.54,27902939136
595.83,27902939136
596.11,27902939136
596.39,27902939136
596.68,27902939136
596.96,27902939136
597.24,27903201280
597.52,27903201280
597.80,27903201280
598.08,27903201280
598.37,27903201280
598.65,27903201280
598.93,27903201280
599.21,27903201280
599.48,27903201280
599.76,27903201280
600.05,27903201280
600.33,27903201280
600.61,27903201280
600.89,27903201280
601.17,27903201280
601.46,27903201280
601.74,27903332352
602.02,27903332352
602.30,27903332352
602.58,27903332352
602.87,27903332352
603.16,27903332352
603.44,27903332352
603.72,27903332352
604.00,27903332352
604.29,27903332352
604.57,27903332352
604.85,27903332352
605.14,27903332352
605.42,27903332352
605.70,27903332352
605.98,27903332352
606.26,27903332352
606.54,27903332352
606.82,27903332352
607.10,27903332352
607.39,27903332352
607.67,27903332352
607.95,27903332352
608.24,27903332352
608.52,27903332352
608.80,27903332352
609.09,27903332352
609.37,27903332352
609.65,27903594496
609.93,27903594496
610.21,27903594496
610.50,27903594496
610.78,27903594496
611.07,27903594496
611.36,27903594496
611.64,27903594496
611.93,27903594496
612.21,27903594496
612.49,27903594496
612.77,27903594496
613.05,27903594496
613.34,27903594496
613.63,27903594496
613.91,27903594496
614.20,27903594496
614.48,27903594496
614.76,27903594496
615.04,27903594496
615.32,27903725568
615.60,27903725568
615.88,27903725568
616.17,27903725568
616.45,27903725568
616.73,27903725568
617.01,27903725568
617.29,27903725568
617.57,27903725568
617.84,27903725568
618.13,27903725568
618.41,27903725568
618.69,27903725568
618.98,27903725568
619.25,27903725568
619.54,27903725568
619.82,27903725568
620.11,27903725568
620.38,27903725568
620.67,27903725568
620.95,27903725568
621.24,27903725568
621.52,27903610880
621.80,27903610880
622.08,27903610880
622.37,27903610880
622.65,27903873024
622.93,27903873024
623.21,27903873024
623.49,27903873024
623.77,27903873024
624.05,27903873024
624.34,27903873024
624.61,27903873024
624.90,27903873024
625.18,27903873024
625.47,27903873024
625.74,27903873024
626.02,27903873024
626.29,27903873024
626.58,27904004096
626.86,27904004096
627.14,27904004096
627.42,27904004096
627.71,27904004096
627.99,27904004096
628.28,27904004096
628.56,27904004096
628.85,27904004096
629.13,27904004096
629.41,27904004096
629.69,27904004096
629.97,27904004096
630.26,27904004096
630.54,27904004096
630.83,27904004096
631.11,27904004096
631.39,27904004096
631.67,27904004096
631.96,27904004096
632.24,27904004096
632.52,27904004096
632.81,27904004096
633.10,27904004096
633.38,27904004096
633.66,27904004096
633.94,27904004096
634.23,27904004096
634.51,27904004096
634.79,27904004096
635.08,27904004096
635.36,27904004096
635.64,27904004096
635.92,27904004096
636.19,27904004096
636.47,27904004096
636.75,27904004096
637.04,27904004096
637.32,27904004096
637.61,27904004096
637.89,27904135168
638.17,27904135168
638.46,27904135168
638.74,27904135168
639.02,27904135168
639.30,27904135168
639.58,27904135168
639.87,27904266240
640.15,27904266240
640.43,27904266240
640.71,27904266240
641.00,27904266240
641.28,27904266240
641.56,27904266240
641.84,27904266240
642.12,27904266240
642.40,27904397312
642.69,27904397312
642.97,27904397312
643.26,27904397312
643.54,27904397312
643.82,27904397312
644.10,27904397312
644.37,27904397312
644.66,27904397312
644.94,27904397312
645.22,27904397312
645.50,27904397312
645.78,27904397312
646.07,27904397312
646.35,27904397312
646.64,27904397312
646.92,27904397312
647.20,27904397312
647.48,27904397312
647.76,27904397312
648.04,27904397312
648.33,27904397312
648.61,27904397312
648.89,27904397312
649.18,27904397312
649.46,27904397312
649.74,27904397312
650.02,27904397312
650.30,27904397312
650.59,27904397312
650.87,27904397312
651.15,27904397312
651.43,27904262144
651.72,27904262144
652.00,27904262144
652.29,27904262144
652.57,27904524288
652.85,27904524288
653.13,27904524288
653.41,27904524288
653.69,27904524288
653.98,27904524288
654.26,27904524288
654.54,27904524288
654.82,27904524288
655.11,27904524288
655.39,27904524288
655.67,27904524288
655.96,27904524288
656.24,27904524288
656.52,27904524288
656.81,27904524288
657.09,27904655360
657.37,27904655360
657.65,27904655360
657.93,27904655360
658.22,27904655360
658.50,27904655360
658.78,27904655360
659.06,27904655360
659.34,27904655360
659.62,27904655360
659.91,27904655360
660.19,27904655360
660.48,27904655360
660.76,27904655360
661.03,27904655360
661.31,27904655360
661.59,27904655360
661.87,27904655360
662.15,27904655360
662.43,27904655360
662.71,27904655360
662.98,27904655360
663.27,27904655360
663.55,27904655360
663.83,27904655360
664.12,27904655360
664.40,27904655360
664.68,27904655360
664.97,27904655360
665.25,27904655360
665.54,27904655360
665.82,27904655360
666.11,27904655360
666.39,27904655360
666.68,27904655360
666.95,27904655360
667.24,27904655360
667.52,27904655360
667.79,27904655360
668.07,27904655360
668.36,27904655360
668.64,27904655360
668.92,27904655360
669.20,27904655360
669.48,27904655360
669.77,27904655360
670.05,27904655360
670.33,27904655360
670.62,27904655360
670.90,27904655360
671.18,27904655360
671.46,27904659456
671.74,27904790528
672.03,27904790528
672.31,27904921600
672.60,27904921600
672.88,27904921600
673.16,27904921600
673.45,27904921600
673.74,27904921600
674.01,27904921600
674.30,27904921600
674.58,27904921600
674.87,27904921600
675.15,27904921600
675.43,27904921600
675.71,27904921600
675.99,27904921600
676.27,27904921600
676.56,27904921600
676.84,27904921600
677.13,27904921600
677.41,27904921600
677.70,27904921600
677.99,27905052672
678.27,27905052672
678.55,27905052672
678.83,27905052672
679.11,27905052672
679.39,27905052672
679.67,27905052672
679.95,27905052672
680.24,27905052672
680.52,27905052672
680.79,27905052672
681.07,27905052672
681.36,27905052672
681.64,27905052672
681.92,27905052672
682.20,27905052672
682.49,27905052672
682.77,27905052672
683.05,27905052672
683.33,27905052672
683.62,27905052672
683.90,27905052672
684.18,27905052672
684.46,27905052672
684.75,27905052672
685.03,27905052672
685.30,27905052672
685.59,27905052672
685.87,27905052672
686.16,27905052672
686.43,27905052672
686.71,27905052672
687.00,27905052672
687.28,27905052672
687.56,27905052672
687.84,27905052672
688.12,27905052672
688.40,27905052672
688.68,27905052672
688.96,27905052672
689.25,27905052672
689.52,27905052672
689.81,27905052672
690.09,27905052672
690.37,27905314816
690.65,27905314816
690.93,27905314816
691.22,27905314816
691.50,27904983040
691.79,27904983040
692.07,27904983040
692.35,27905245184
692.63,27905245184
692.92,27905245184
693.20,27905245184
693.48,27905245184
693.76,27905245184
694.04,27905245184
694.32,27905245184
694.60,27905245184
694.88,27905245184
695.16,27905245184
695.45,27905245184
695.73,27905245184
696.00,27905376256
696.29,27905376256
696.56,27905376256
696.84,27905376256
697.12,27905376256
697.40,27905376256
697.68,27905376256
697.96,27905376256
698.25,27905376256
698.53,27905376256
698.81,27905376256
699.08,27905376256
699.36,27905376256
699.64,27905376256
699.92,27905376256
700.21,27905376256
700.49,27905376256
700.78,27905376256
701.06,27905376256
701.34,27905085440
701.62,27905085440
701.90,27905085440
702.18,27905085440
702.47,27905085440
702.76,27905085440
703.04,27905085440
703.33,27905216512
703.62,27905216512
703.90,27905216512
704.18,27905216512
704.46,27905216512
704.74,27905216512
705.03,27905216512
705.31,27905216512
705.59,27905216512
705.87,27905216512
706.15,27905216512
706.44,27905216512
706.72,27905216512
707.00,27905216512
707.28,27905216512
707.56,27905347584
707.84,27905478656
708.13,27905478656
708.41,27905478656
708.70,27905478656
708.98,27905478656
709.26,27905478656
709.53,27905478656
709.82,27905478656
710.10,27905478656
710.38,27905478656
710.66,27905478656
710.95,27905478656
711.23,27905478656
711.51,27905609728
711.79,27905609728
712.08,27905609728
712.36,27905609728
712.64,27905609728
712.93,27905609728
713.21,27905609728
713.49,27905609728
713.78,27905609728
714.06,27905609728
714.35,27905609728
714.63,27905609728
714.91,27905609728
715.20,27905609728
715.49,27905609728
715.77,27905609728
716.05,27905609728
716.33,27905609728
716.61,27905609728
716.90,27905609728
717.18,27905609728
717.46,27905609728
717.74,27905609728
718.02,27905609728
718.30,27905609728
718.59,27905609728
718.87,27905609728
719.15,27905609728
719.43,27905609728
719.72,27905609728
720.00,27905609728
720.28,27905609728
720.56,27905609728
720.84,27905609728
721.12,27905609728
721.40,27905396736
721.69,27905396736
721.97,27905396736
722.25,27905527808
722.53,27905527808
722.82,27905527808
723.09,27905527808
723.38,27905527808
723.66,27905527808
723.94,27905527808
724.23,27905789952
724.51,27905789952
724.80,27905789952
725.08,27905789952
725.37,27905789952
725.65,27905789952
725.93,27905789952
726.21,27905789952
726.49,27905789952
726.77,27905789952
727.06,27905789952
727.34,27905789952
727.62,27905789952
727.90,27905789952
728.19,27905789952
728.47,27905789952
728.74,27905789952
729.02,27905789952
729.31,27905789952
729.60,27905789952
729.88,27905789952
730.16,27905789952
730.45,27905789952
730.73,27905789952
731.01,27905789952
731.29,27905789952
731.57,27905789952
731.86,27905789952
732.14,27905789952
732.43,27905789952
732.70,27905789952
732.99,27905789952
733.28,27905789952
733.57,27905789952
733.85,27905789952
734.13,27905789952
734.41,27905789952
734.69,27905789952
734.97,27905789952
735.26,27905789952
735.54,27905789952
735.81,27905789952
736.10,27905789952
736.39,27905789952
736.67,27905789952
736.96,27905789952
737.24,27905789952
737.53,27905789952
737.81,27905789952
738.09,27905789952
738.37,27905789952
738.65,27905789952
738.93,27905789952
739.22,27905789952
739.50,27905789952
739.79,27905789952
740.07,27905789952
740.35,27905789952
740.63,27905789952
740.91,27905789952
741.20,27905789952
741.48,27905740800
741.76,27905740800
742.04,27905740800
742.33,27905740800
742.61,27905740800
742.89,27905740800
743.18,27905740800
743.46,27905740800
743.74,27905740800
744.03,27905871872
744.31,27905871872
744.60,27905871872
744.88,27905871872
745.16,27905871872
745.44,27905871872
745.72,27905871872
746.00,27905871872
746.28,27905871872
746.56,27905871872
746.85,27905871872
747.13,27906002944
747.41,27906002944
747.70,27906002944
747.99,27906002944
748.27,27906002944
748.55,27906002944
748.84,27906002944
749.12,27906002944
749.40,27906002944
749.68,27906002944
749.97,27906002944
750.25,27906002944
750.53,27906002944
750.82,27906002944
751.10,27906002944
751.38,27906002944
751.65,27906002944
751.94,27906002944
752.22,27906002944
752.50,27906002944
752.79,27906002944
753.07,27906002944
753.36,27906002944
753.64,27906002944
753.92,27906002944
754.21,27906002944
754.49,27906002944
754.76,27906002944
755.04,27906002944
755.32,27906002944
755.61,27906002944
755.89,27906002944
756.17,27906002944
756.45,27906002944
756.73,27906002944
757.01,27906002944
757.29,27906002944
757.57,27906002944
757.85,27906002944
758.12,27906002944
758.40,27906002944
758.68,27906002944
758.97,27906002944
759.25,27906002944
759.54,27906002944
759.82,27906002944
760.10,27906002944
760.38,27906002944
760.66,27906002944
760.95,27906002944
761.23,27906002944
761.51,27906002944
761.79,27906002944
762.07,27906002944
762.34,27906002944
762.63,27906002944
762.92,27906002944
763.21,27906002944
763.49,27906002944
763.77,27906002944
764.06,27906002944
764.34,27906002944
764.62,27906002944
764.90,27906002944
765.19,27906002944
765.48,27906002944
765.76,27906002944
766.04,27906002944
766.33,27906002944
766.61,27906002944
766.90,27906002944
767.18,27906002944
767.46,27906002944
767.75,27906002944
768.03,27906002944
768.32,27906002944
768.60,27906002944
768.88,27906002944
769.16,27906002944
769.45,27906002944
769.73,27906002944
770.01,27906002944
770.29,27906002944
770.57,27906002944
770.85,27906002944
771.13,27906002944
771.42,27906002944
771.71,27906265088
771.99,27906265088
772.27,27906265088
772.55,27906265088
772.83,27906265088
773.11,27906265088
773.39,27906265088
773.67,27906265088
773.96,27906265088
774.24,27906265088
774.52,27906265088
774.81,27906265088
775.09,27906265088
775.37,27906265088
775.65,27906265088
775.94,27906265088
776.22,27906265088
776.50,27906265088
776.78,27906265088
777.06,27906265088
777.34,27906265088
777.62,27906265088
777.90,27906265088
778.18,27906265088
778.47,27906265088
778.75,27906265088
779.03,27906265088
779.31,27906265088
779.60,27906265088
779.88,27906265088
780.16,27906265088
780.45,27906265088
780.73,27906265088
781.01,27906265088
781.29,27906265088
781.58,27906031616
781.86,27906162688
782.15,27906162688
782.43,27906162688
782.71,27906162688
783.00,27906162688
783.29,27906162688
783.57,27906293760
783.85,27906293760
784.13,27906424832
784.41,27906424832
784.69,27906424832
784.97,27906424832
785.26,27906424832
785.54,27906424832
785.82,27906424832
786.10,27906424832
786.39,27906424832
786.67,27906424832
786.96,27906424832
787.24,27906424832
787.52,27906424832
787.80,27906424832
788.08,27906424832
788.36,27906424832
788.64,27906424832
788.93,27906424832
789.21,27906424832
789.49,27906424832
789.78,27906424832
790.06,27906424832
790.34,27906424832
790.63,27906424832
790.91,27906424832
791.18,27906424832
791.47,27906269184
791.75,27906269184
792.04,27906269184
792.33,27906269184
792.61,27906269184
792.89,27906269184
793.18,27906269184
793.46,27906269184
793.74,27906269184
794.02,27906269184
794.30,27906269184
794.58,27906400256
794.86,27906400256
795.14,27906400256
795.41,27906400256
795.70,27906531328
795.98,27906531328
796.27,27906531328
796.55,27906531328
796.83,27906531328
797.12,27906531328
797.40,27906531328
797.68,27906531328
797.96,27906531328
798.24,27906531328
798.52,27906531328
798.81,27906531328
799.10,27906531328
799.38,27906531328
799.66,27906531328
799.94,27906531328
800.23,27906531328
800.51,27906531328
800.79,27906531328
801.08,27906531328
801.36,27906531328
801.64,27906531328
801.93,27906531328
802.21,27906531328
802.49,27906531328
802.77,27906531328
803.05,27906531328
803.33,27906531328
803.62,27906531328
803.91,27906531328
804.19,27906531328
804.47,27906531328
804.75,27906531328
805.04,27906531328
805.32,27906531328
805.60,27906531328
805.89,27906531328
806.18,27906531328
806.47,27906531328
806.74,27906531328
807.03,27906531328
807.31,27906531328
807.60,27906531328
807.88,27906531328
808.16,27906531328
808.45,27906531328
808.73,27906531328
809.01,27906531328
809.30,27906531328
809.59,27906531328
809.87,27906531328
810.15,27906531328
810.44,27906531328
810.72,27906531328
811.01,27906531328
811.29,27906531328
811.57,27906531328
811.85,27906531328
812.13,27906531328
812.42,27906531328
812.70,27906531328
812.99,27906531328
813.26,27906531328
813.54,27906531328
813.83,27906531328
814.10,27906531328
814.39,27906531328
814.68,27906531328
814.96,27906531328
815.24,27906531328
815.52,27906531328
815.80,27906531328
816.09,27906531328
816.37,27906531328
816.65,27906531328
816.94,27906531328
817.22,27906531328
817.51,27906531328
817.79,27906531328
818.07,27906531328
818.36,27906531328
818.63,27906531328
818.92,27906531328
819.20,27906531328
819.49,27906662400
819.77,27906662400
820.05,27906662400
820.34,27906662400
820.62,27906662400
820.90,27906662400
821.18,27906662400
821.47,27906408448
821.75,27906408448
822.03,27906408448
822.31,27906408448
822.60,27906408448
822.88,27906408448
823.16,27906408448
823.44,27906408448
823.72,27906408448
824.01,27906408448
824.29,27906408448
824.57,27906539520
824.86,27906539520
825.14,27906539520
825.42,27906539520
825.71,27906539520
825.99,27906539520
826.27,27906539520
826.54,27906539520
826.83,27906539520
827.12,27906539520
827.39,27906539520
827.68,27906539520
827.96,27906539520
828.25,27906539520
828.52,27906539520
828.81,27906539520
829.09,27906539520
829.37,27906539520
829.66,27906539520
829.94,27906539520
830.22,27906539520
830.50,27906670592
830.79,27906670592
831.06,27906670592
831.35,27906486272
831.62,27906486272
831.91,27906617344
832.20,27906879488
832.48,27906879488
832.76,27906879488
833.04,27906879488
833.32,27906879488
833.61,27906879488
833.89,27906879488
834.17,27906879488
834.45,27906879488
834.74,27906879488
835.02,27906879488
835.31,27906879488
835.59,27906879488
835.87,27906879488
836.15,27906879488
836.44,27906879488
836.72,27906879488
837.00,27906879488
837.28,27906879488
837.57,27906879488
837.85,27906879488
838.14,27906879488
838.42,27906879488
838.71,27906879488
838.99,27906879488
839.28,27906879488
839.56,27906879488
839.85,27906879488
840.13,27906879488
840.41,27906879488
840.70,27906879488
840.98,27906879488
841.27,27906879488
841.54,27906539520
841.83,27906670592
842.11,27906670592
842.39,27906670592
842.67,27906670592
842.94,27906932736
843.23,27906932736
843.50,27906932736
843.78,27906932736
844.07,27906932736
844.34,27906932736
844.62,27906932736
844.91,27906932736
845.19,27906932736
845.47,27906932736
845.75,27906932736
846.03,27906932736
846.31,27906932736
846.59,27906932736
846.88,27906932736
847.16,27906932736
847.45,27906932736
847.74,27906932736
848.02,27906932736
848.31,27906932736
848.59,27906932736
848.87,27906932736
849.16,27906932736
849.43,27906932736
849.71,27906932736
850.00,27906932736
850.28,27906932736
850.56,27906932736
850.84,27906932736
851.13,27906932736
851.41,27906625536
851.69,27906625536
851.97,27906625536
852.26,27906625536
852.54,27906756608
852.82,27906756608
853.11,27906756608
853.40,27906756608
853.68,27906756608
853.97,27906756608
854.24,27906756608
854.52,27906756608
854.81,27906756608
855.09,27906756608
855.37,27906756608
855.65,27906756608
855.93,27906887680
856.21,27906887680
856.48,27906887680
856.76,27906887680
857.05,27906887680
857.33,27906887680
857.61,27906887680
857.89,27906887680
858.17,27906887680
858.45,27906887680
858.74,27906887680
859.01,27906887680
859.29,27906887680
859.57,27906887680
859.86,27907018752
860.14,27907018752
860.42,27907018752
860.70,27907018752
860.99,27907018752
861.27,27907018752
861.55,27906719744
861.84,27906719744
862.12,27906719744
862.40,27906719744
862.69,27906719744
862.97,27906719744
863.25,27906719744
863.54,27906719744
863.82,27906719744
864.11,27906719744
864.39,27906719744
864.67,27906719744
864.95,27906719744
865.23,27906719744
865.50,27906719744
865.78,27906719744
866.07,27906719744
866.35,27906719744
866.63,27906981888
866.92,27906981888
867.20,27906981888
867.49,27906981888
867.76,27906981888
868.05,27906981888
868.33,27906981888
868.61,27906981888
868.89,27906981888
869.17,27906981888
869.46,27906981888
869.74,27906981888
870.02,27906981888
870.30,27906981888
870.58,27906981888
870.87,27906981888
871.15,27906981888
871.43,27906981888
871.72,27906981888
872.01,27906981888
872.29,27906981888
872.57,27906981888
872.85,27906981888
873.13,27906981888
873.42,27906981888
873.70,27906981888
873.99,27906981888
874.27,27906981888
874.55,27906981888
874.83,27906981888
875.10,27906981888
875.39,27906981888
875.67,27906981888
875.95,27906981888
876.23,27906981888
876.52,27906981888
876.80,27906981888
877.09,27906981888
877.37,27906981888
877.65,27906981888
877.93,27907112960
878.21,27907112960
878.50,27907112960
878.78,27907112960
879.07,27907112960
879.34,27907112960
879.63,27907112960
879.91,27907112960
880.20,27907112960
880.48,27907112960
880.76,27907112960
881.04,27907112960
881.32,27907112960
881.61,27906883584
881.89,27907145728
882.18,27907145728
882.47,27907145728
882.75,27907145728
883.03,27907145728
883.31,27907145728
883.59,27907145728
883.87,27907145728
884.16,27907145728
884.45,27907145728
884.73,27907145728
885.01,27907145728
885.29,27907145728
885.57,27907145728
885.86,27907145728
886.14,27907145728
886.42,27907145728
886.71,27907145728
886.99,27907145728
887.27,27907145728
887.55,27907145728
887.84,27907145728
888.12,27907145728
888.40,27907145728
888.69,27907145728
888.98,27907145728
889.26,27907145728
889.55,27907145728
889.83,27907145728
890.11,27907145728
890.39,27907145728
890.67,27907145728
890.96,27907145728
891.24,27907145728
891.52,27907145728
891.81,27907145728
892.10,27907145728
892.38,27907145728
892.66,27907145728
892.94,27907145728
893.23,27907145728
893.51,27907145728
893.79,27907145728
894.07,27907145728
894.36,27907145728
894.64,27907145728
894.93,27907145728
895.21,27907145728
895.49,27907145728
895.77,27907145728
896.06,27907145728
896.34,27907145728
896.63,27907145728
896.91,27907145728
897.19,27907145728
897.47,27907145728
897.75,27907145728
898.03,27907145728
898.31,27907145728
898.59,27907145728
898.88,27907145728
899.15,27907145728
899.44,27907145728
899.73,27907145728
900.01,27907145728
900.29,27907145728
900.57,27907145728
900.86,27907145728
901.13,27907145728
901.42,27906867200
901.70,27906998272
901.98,27906998272
902.27,27906998272
902.55,27906998272
902.83,27906998272
903.11,27906998272
903.39,27906998272
903.68,27906998272
903.96,27906998272
904.23,27907129344
904.51,27907129344
904.80,27907129344
905.09,27907129344
905.37,27907129344
905.65,27907129344
905.93,27907129344
906.21,27907129344
906.49,27907129344
906.77,27907129344
907.05,27907129344
907.34,27907129344
907.62,27907129344
907.90,27907129344
908.17,27907129344
908.46,27907129344
908.74,27907129344
909.03,27907129344
909.31,27907129344
909.59,27907129344
909.88,27907129344
910.16,27907129344
910.44,27907129344
910.72,27907129344
911.01,27907129344
911.29,27907129344
911.57,27906998272
911.86,27906998272
912.15,27907129344
912.43,27907260416
912.71,27907260416
912.99,27907260416
913.27,27907260416
913.55,27907260416
913.84,27907260416
914.12,27907260416
914.40,27907260416
914.69,27907260416
914.97,27907260416
915.25,27907260416
915.53,27907260416
915.82,27907260416
916.10,27907260416
916.40,27907260416
916.68,27907260416
916.96,27907260416
917.24,27907260416
917.52,27907260416
917.80,27907260416
918.09,27907260416
918.37,27907260416
918.65,27907260416
918.94,27907260416
919.22,27907260416
919.51,27907260416
919.79,27907260416
920.07,27907260416
920.35,27907260416
920.63,27907260416
920.91,27907260416
921.19,27907260416
921.47,27907063808
921.75,27907063808
922.03,27907063808
922.32,27907063808
922.60,27907063808
922.88,27907063808
923.16,27907063808
923.44,27907063808
923.73,27907063808
924.01,27907063808
924.29,27907063808
924.58,27907063808
924.86,27907063808
925.14,27907063808
925.42,27907325952
925.71,27907325952
925.99,27907325952
926.28,27907325952
926.57,27907325952
926.85,27907325952
927.13,27907325952
927.42,27907325952
927.70,27907325952
927.98,27907325952
928.27,27907325952
928.56,27907325952
928.83,27907325952
929.12,27907325952
929.41,27907325952
929.69,27907325952
929.98,27907325952
930.26,27907325952
930.55,27907325952
930.83,27907325952
931.12,27907325952
931.40,27907325952
931.68,27907325952
931.96,27907325952
932.25,27907325952
932.53,27907325952
932.82,27907325952
933.11,27907325952
933.39,27907325952
933.67,27907325952
933.95,27907325952
934.23,27907325952
934.51,27907325952
934.79,27907325952
935.08,27907325952
935.37,27907325952
935.65,27907325952
935.94,27907325952
936.23,27907325952
936.51,27907325952
936.79,27907325952
937.07,27907325952
937.35,27907325952
937.64,27907325952
937.92,27907325952
938.20,27907325952
938.48,27907325952
938.76,27907325952
939.05,27907325952
939.33,27907325952
939.61,27907325952
939.89,27907325952
940.17,27907325952
940.45,27907325952
940.74,27907325952
941.02,27907325952
941.30,27907325952
941.58,27907325952
941.86,27907325952
942.14,27907325952
942.43,27907325952
942.71,27907325952
943.00,27907325952
943.28,27907325952
943.57,27907325952
943.86,27907325952
944.14,27907325952
944.42,27907325952
944.70,27907325952
944.99,27907325952
945.27,27907325952
945.55,27907325952
945.83,27907325952
946.11,27907325952
946.40,27907325952
946.68,27907325952
946.96,27907325952
947.25,27907325952
947.53,27907325952
947.81,27907325952
948.10,27907325952
948.38,27907325952
948.66,27907325952
948.95,27907325952
949.23,27907325952
949.51,27907325952
949.78,27907325952
950.07,27907325952
950.35,27907325952
950.63,27907325952
950.92,27907325952
951.20,27907325952
951.48,27907268608
951.77,27907268608
952.05,27907268608
952.33,27907268608
952.61,27907268608
952.89,27907268608
953.17,27907268608
953.45,27907268608
953.73,27907268608
954.01,27907268608
954.29,27907268608
954.58,27907268608
954.86,27907268608
955.14,27907268608
955.43,27907268608
955.71,27907268608
956.00,27907268608
956.28,27907268608
956.56,27907268608
956.85,27907268608
957.12,27907268608
957.40,27907268608
957.69,27907268608
957.97,27907268608
958.25,27907268608
958.53,27907268608
958.80,27907268608
959.08,27907268608
959.36,27907530752
959.64,27907530752
959.93,27907530752
960.21,27907530752
960.50,27907530752
960.78,27907530752
961.06,27907530752
961.35,27907276800
961.62,27907276800
961.91,27907276800
962.19,27907276800
962.48,27907407872
962.75,27907407872
963.04,27907538944
963.32,27907538944
963.60,27907538944
963.88,27907538944
964.16,27907538944
964.44,27907538944
964.72,27907538944
965.00,27907538944
965.29,27907538944
965.58,27907538944
965.86,27907538944
966.14,27907538944
966.42,27907538944
966.71,27907538944
967.00,27907538944
967.28,27907538944
967.57,27907538944
967.85,27907538944
968.14,27907538944
968.42,27907538944
968.70,27907538944
968.99,27907538944
969.27,27907538944
969.54,27907538944
969.83,27907538944
970.11,27907538944
970.38,27907538944
970.66,27907538944
970.95,27907538944
971.24,27907538944
971.52,27907538944
971.80,27907538944
972.09,27907538944
972.37,27907538944
972.64,27907538944
972.93,27907538944
973.21,27907538944
973.49,27907538944
973.77,27907538944
974.06,27907538944
974.34,27907538944
974.62,27907538944
974.91,27907538944
975.19,27907538944
975.47,27907538944
975.75,27907538944
976.03,27907538944
976.31,27907538944
976.59,27907538944
976.87,27907538944
977.15,27907538944
977.44,27907538944
977.72,27907538944
978.00,27907538944
978.29,27907538944
978.57,27907538944
978.85,27907538944
979.14,27907538944
979.42,27907538944
979.70,27907538944
979.99,27907538944
980.27,27907538944
980.55,27907538944
980.83,27907538944
981.11,27907538944
981.40,27907330048
981.68,27907330048
981.97,27907330048
982.25,27907330048
982.53,27907330048
982.81,27907330048
983.09,27907330048
983.38,27907330048
983.66,27907330048
983.95,27907330048
984.22,27907330048
984.51,27907330048
984.79,27907330048
985.07,27907330048
985.36,27907330048
985.65,27907330048
985.93,27907330048
986.22,27907330048
986.50,27907330048
986.78,27907330048
987.07,27907330048
987.35,27907330048
987.64,27907592192
987.92,27907592192
988.20,27907592192
988.49,27907592192
988.77,27907592192
989.06,27907592192
989.34,27907592192
989.62,27907592192
989.90,27907592192
990.18,27907592192
990.46,27907592192
990.75,27907592192
991.03,27907592192
991.30,27907592192
991.58,27907592192
991.87,27907592192
992.15,27907592192
992.44,27907592192
992.72,27907592192
993.00,27907592192
993.27,27907592192
993.56,27907592192
993.84,27907592192
994.12,27907592192
994.39,27907592192
994.67,27907592192
994.95,27907592192
995.22,27907592192
995.50,27907592192
995.78,27907592192
996.06,27907592192
996.34,27907592192
996.62,27907592192
996.90,27907592192
997.18,27907592192
997.47,27907592192
997.75,27907592192
998.04,27907592192
998.32,27907592192
998.61,27907592192
998.89,27907592192
999.18,27907592192
999.46,27907592192
999.75,27907592192
1000.03,27907592192
1000.32,27907592192
1000.60,27907592192
1000.88,27907592192
1001.16,27907592192
1001.44,27907358720
1001.72,27907358720
1002.00,27907358720
1002.29,27907358720
1002.57,27907358720
1002.85,27907358720
1003.12,27907358720
1003.40,27907358720
1003.69,27907358720
1003.98,27907358720
1004.25,27907358720
1004.53,27907358720
1004.81,27907358720
1005.09,27907358720
1005.37,27907358720
1005.65,27907358720
1005.94,27907358720
1006.22,27907358720
1006.50,27907620864
1006.78,27907620864
1007.06,27907620864
1007.35,27907620864
1007.62,27907620864
1007.90,27907620864
1008.18,27907620864
1008.46,27907620864
1008.74,27907620864
1009.02,27907620864
1009.30,27907620864
1009.58,27907620864
1009.87,27907620864
1010.15,27907620864
1010.43,27907620864
1010.72,27907620864
1011.00,27907620864
1011.27,27907620864
1011.56,27907440640
1011.84,27907440640
1012.12,27907440640
1012.40,27907440640
1012.68,27907440640
1012.97,27907440640
1013.25,27907440640
1013.52,27907440640
1013.82,27907440640
1014.10,27907440640
1014.38,27907440640
1014.67,27907440640
1014.95,27907440640
1015.24,27907440640
1015.53,27907440640
1015.82,27907440640
1016.10,27907440640
1016.38,27907440640
1016.66,27907440640
1016.95,27907440640
1017.23,27907440640
1017.52,27907440640
1017.80,27907440640
1018.08,27907440640
1018.37,27907440640
1018.64,27907440640
1018.93,27907440640
1019.21,27907440640
1019.49,27907440640
1019.77,27907440640
1020.06,27907440640
1020.34,27907440640
1020.61,27907440640
1020.89,27907440640
1021.18,27907440640
1021.47,27907170304
1021.75,27907170304
1022.02,27907432448
1022.30,27907432448
1022.58,27907432448
1022.86,27907432448
1023.14,27907432448
1023.42,27907432448
1023.70,27907432448
1023.98,27907432448
1024.26,27907432448
1024.54,27907432448
1024.82,27907432448
1025.11,27907432448
1025.39,27907432448
1025.67,27907432448
1025.95,27907432448
1026.23,27907432448
1026.52,27907432448
1026.80,27907432448
1027.09,27907432448
1027.36,27907432448
1027.64,27907432448
1027.92,27907432448
1028.20,27907432448
1028.48,27907432448
1028.76,27907432448
1029.05,27907694592
1029.33,27907694592
1029.61,27907694592
1029.90,27907694592
1030.18,27907694592
1030.46,27907694592
1030.74,27907694592
1031.03,27907694592
1031.32,27907694592
1031.60,27907305472
1031.89,27907436544
1032.18,27907436544
1032.45,27907436544
1032.74,27907436544
1033.02,27907436544
1033.30,27907436544
1033.59,27907436544
1033.87,27907436544
1034.15,27907436544
1034.43,27907436544
1034.71,27907436544
1034.99,27907436544
1035.28,27907436544
1035.57,27907436544
1035.84,27907436544
1036.13,27907436544
1036.41,27907436544
1036.69,27907436544
1036.98,27907436544
1037.26,27907436544
1037.54,27907436544
1037.82,27907436544
1038.11,27907436544
1038.39,27907436544
1038.67,27907436544
1038.95,27907436544
1039.23,27907436544
1039.52,27907436544
1039.80,27907436544
1040.08,27907436544
1040.36,27907436544
1040.64,27907436544
1040.92,27907436544
1041.21,27907436544
1041.49,27907203072
1041.77,27907203072
1042.05,27907203072
1042.33,27907203072
1042.62,27907203072
1042.91,27907203072
1043.19,27907203072
1043.47,27907203072
1043.76,27907596288
1044.04,27907727360
1044.32,27907727360
1044.60,27907727360
1044.88,27907727360
1045.16,27907727360
1045.43,27907727360
1045.70,27907727360
1045.98,27907727360
1046.26,27907727360
1046.54,27907727360
1046.81,27907727360
1047.09,27907727360
1047.37,27907727360
1047.65,27907727360
1047.93,27907727360
1048.21,27907727360
1048.50,27907727360
1048.78,27907727360
1049.06,27907727360
1049.33,27907727360
1049.61,27907727360
1049.88,27907727360
1050.16,27907727360
1050.44,27907727360
1050.72,27907727360
1051.00,27907727360
1051.29,27907727360
1051.57,27907235840
1051.85,27907235840
1052.13,27907235840
1052.40,27907497984
1052.69,27907497984
1052.97,27907497984
1053.25,27907497984
1053.54,27907497984
1053.82,27907497984
1054.10,27907497984
1054.38,27907497984
1054.65,27907497984
1054.93,27907497984
1055.21,27907497984
1055.49,27907629056
1055.77,27907629056
1056.05,27907629056
1056.33,27907629056
1056.62,27907629056
1056.90,27907629056
1057.18,27907629056
1057.47,27907629056
1057.75,27907629056
1058.03,27907629056
1058.31,27907629056
1058.59,27907629056
1058.86,27907629056
1059.15,27907629056
1059.43,27907629056
1059.71,27907629056
1060.00,27907629056
1060.29,27907629056
1060.57,27907629056
1060.85,27907629056
1061.13,27907629056
1061.41,27907403776
1061.70,27907665920
1061.98,27907665920
1062.26,27907665920
1062.54,27907665920
1062.82,27907665920
1063.10,27907796992
1063.38,27907796992
1063.66,27907796992
1063.94,27907796992
1064.23,27907796992
1064.51,27907796992
1064.79,27907796992
1065.08,27907796992
1065.36,27907796992
1065.64,27907796992
1065.93,27907796992
1066.21,27907796992
1066.49,27907796992
1066.77,27907796992
1067.05,27907796992
1067.33,27907796992
1067.61,27907796992
1067.89,27907796992
1068.17,27907796992
1068.46,27907796992
1068.74,27907796992
1069.03,27907796992
1069.31,27907796992
1069.60,27907796992
1069.88,27907796992
1070.16,27907796992
1070.44,27907796992
1070.72,27907796992
1071.00,27907796992
1071.28,27907796992
1071.57,27907358720
1071.85,27907358720
1072.13,27907358720
1072.41,27907358720
1072.68,27907358720
1072.96,27907620864
1073.24,27907620864
1073.52,27907620864
1073.81,27907620864
1074.09,27907620864
1074.37,27907620864
1074.65,27907620864
1074.93,27907620864
1075.22,27907620864
1075.50,27907620864
1075.79,27907620864
1076.07,27907620864
1076.36,27907620864
1076.64,27907620864
1076.93,27907620864
1077.22,27907620864
1077.50,27907620864
1077.78,27907620864
1078.07,27907620864
1078.35,27907620864
1078.64,27907620864
1078.91,27907620864
1079.20,27907620864
1079.47,27907620864
1079.76,27907620864
1080.04,27907620864
1080.32,27907620864
1080.61,27907620864
1080.89,27907620864
1081.17,27907620864
1081.46,27907649536
1081.74,27907911680
1082.02,27907911680
1082.31,27907911680
1082.59,27907911680
1082.87,27907911680
1083.15,27907911680
1083.43,27907911680
1083.71,27907911680
1083.99,27907911680
1084.27,27907911680
1084.55,27907911680
1084.83,27907911680
1085.11,27907911680
1085.38,27907911680
1085.67,27907911680
1085.96,27907911680
1086.24,27907911680
1086.51,27907911680
1086.79,27907911680
1087.07,27907911680
1087.35,27907911680
1087.63,27907911680
1087.92,27907911680
1088.20,27907911680
1088.48,27907911680
1088.76,27907911680
1089.04,27907911680
1089.33,27907911680
1089.61,27907911680
1089.89,27907911680
1090.17,27907911680
1090.45,27907911680
1090.73,27907911680
1091.02,27907911680
1091.30,27907911680
1091.58,27907379200
1091.86,27907379200
1092.14,27907510272
1092.42,27907510272
1092.70,27907510272
1092.98,27907510272
1093.27,27907510272
1093.55,27907510272
1093.83,27907510272
1094.12,27907510272
1094.40,27907510272
1094.69,27907510272
1094.97,27907510272
1095.25,27907510272
1095.54,27907510272
1095.82,27907510272
1096.10,27907510272
1096.39,27907510272
1096.67,27907510272
1096.95,27907510272
1097.23,27907510272
1097.52,27907510272
1097.80,27907510272
1098.08,27907510272
1098.37,27907510272
1098.65,27907510272
1098.94,27907510272
1099.22,27907510272
1099.51,27907510272
1099.79,27907510272
1100.07,27907510272
1100.34,27907772416
1100.62,27907772416
1100.90,27907772416
1101.18,27907772416
1101.46,27907325952
1101.75,27907325952
1102.03,27907325952
1102.32,27907325952
1102.60,27907325952
1102.88,27907325952
1103.16,27907457024
1103.45,27907719168
1103.73,27907719168
1104.01,27907719168
1104.29,27907719168
1104.57,27907719168
1104.86,27907719168
1105.14,27907719168
1105.43,27907719168
1105.71,27907719168
1105.99,27907719168
1106.27,27907719168
1106.55,27907719168
1106.84,27907719168
1107.12,27907719168
1107.41,27907719168
1107.69,27907719168
1107.97,27907719168
1108.26,27907719168
1108.54,27907719168
1108.83,27907719168
1109.11,27907719168
1109.39,27907719168
1109.67,27907719168
1109.95,27907719168
1110.24,27907719168
1110.52,27907719168
1110.80,27907719168
1111.08,27907719168
1111.37,27907457024
1111.65,27907457024
1111.94,27907457024
1112.22,27907457024
1112.50,27907588096
1112.79,27907588096
1113.07,27907588096
1113.35,27907588096
1113.63,27907588096
1113.91,27907588096
1114.19,27907588096
1114.47,27907588096
1114.76,27907588096
1115.04,27907588096
1115.33,27907588096
1115.61,27907588096
1115.90,27907588096
1116.18,27907588096
1116.46,27907588096
1116.74,27907588096
1117.03,27907588096
1117.31,27907588096
1117.60,27907588096
1117.88,27907588096
1118.17,27907588096
1118.45,27907588096
1118.73,27907588096
1119.02,27907588096
1119.30,27907588096
1119.59,27907588096
1119.88,27907588096
1120.16,27907588096
1120.44,27907588096
1120.73,27907588096
1121.01,27907588096
1121.29,27907588096
1121.56,27907579904
1121.84,27907579904
1122.13,27907579904
1122.41,27907579904
1122.69,27907579904
1122.97,27907579904
1123.26,27907579904
1123.54,27907579904
1123.82,27907579904
1124.11,27907579904
1124.39,27907579904
1124.67,27907579904
1124.97,27907579904
1125.25,27907579904
1125.53,27907579904
1125.82,27907579904
1126.10,27907579904
1126.38,27907579904
1126.67,27907579904
1126.95,27907579904
1127.23,27907579904
1127.52,27907579904
1127.80,27907579904
1128.08,27907579904
1128.37,27907579904
1128.65,27907579904
1128.94,27907579904
1129.22,27907579904
1129.51,27907579904
1129.79,27907579904
1130.07,27907579904
1130.35,27907710976
1130.62,27907710976
1130.90,27907710976
1131.18,27907710976
1131.46,27907297280
1131.74,27907297280
1132.02,27907297280
1132.31,27907297280
1132.60,27907297280
1132.88,27907297280
1133.16,27907297280
1133.45,27907297280
1133.72,27907559424
1134.01,27907559424
1134.29,27907559424
1134.57,27907559424
1134.86,27907559424
1135.14,27907559424
1135.42,27907559424
1135.70,27907559424
1135.98,27907559424
1136.26,27907559424
1136.54,27907559424
1136.82,27907559424
1137.11,27907559424
1137.39,27907559424
1137.68,27907559424
1137.97,27907559424
1138.25,27907559424
1138.54,27907559424
1138.82,27907559424
1139.10,27907559424
1139.38,27907559424
1139.66,27907559424
1139.95,27907559424
1140.23,27907559424
1140.52,27907559424
1140.79,27907559424
1141.08,27907559424
1141.36,27907559424
1141.65,27907559424
1141.93,27907559424
1142.21,27907559424
1142.49,27907559424
1142.78,27907559424
1143.06,27907559424
1143.34,27907690496
1143.62,27907690496
1143.90,27907690496
1144.18,27907690496
1144.46,27907690496
1144.74,27907690496
1145.03,27907690496
1145.31,27907690496
1145.60,27907690496
1145.88,27907690496
1146.16,27907690496
1146.44,27907690496
1146.72,27907690496
1147.01,27907690496
1147.29,27907690496
1147.57,27907690496
1147.85,27907690496
1148.13,27907690496
1148.41,27907952640
1148.70,27907952640
1148.99,27907952640
1149.27,27907952640
1149.55,27907952640
1149.83,27907952640
1150.12,27907952640
1150.40,27907952640
1150.68,27907952640
1150.96,27907952640
1151.25,27907952640
1151.53,27907780608
1151.81,27907780608
1152.09,27907780608
1152.37,27907780608
1152.65,27907780608
1152.94,27907780608
1153.21,27907780608
1153.50,27907780608
1153.79,27907780608
1154.07,27907780608
1154.36,27907780608
1154.64,27907780608
1154.92,27907780608
1155.21,27907780608
1155.48,27907780608
1155.77,27907780608
1156.05,27907780608
1156.33,27907780608
1156.61,27907780608
1156.89,27907780608
1157.18,27907780608
1157.46,27907780608
1157.74,27907780608
1158.02,27907780608
1158.31,27907780608
1158.59,27907780608
1158.87,27907780608
1159.16,27907780608
1159.44,27907780608
1159.72,27907780608
1160.00,27907780608
1160.29,27907780608
1160.57,27907780608
1160.86,27907780608
1161.14,27907780608
1161.43,27907579904
1161.70,27907579904
1161.99,27907579904
1162.27,27907842048
1162.55,27907973120
1162.83,27907973120
1163.11,27907973120
1163.39,27907973120
1163.66,27907973120
1163.94,27907973120
1164.22,27907973120
1164.50,27907973120
1164.78,27907973120
1165.06,27907973120
1165.35,27907973120
1165.63,27907973120
1165.92,27907973120
1166.20,27907973120
1166.48,27907973120
1166.77,27907973120
1167.06,27907973120
1167.33,27907973120
1167.61,27908235264
1167.89,27908235264
1168.17,27908235264
1168.45,27908235264
1168.73,27908235264
1169.01,27908235264
1169.30,27908235264
1169.58,27908235264
1169.86,27908235264
1170.15,27908235264
1170.43,27908235264
1170.71,27908235264
1170.99,27908235264
1171.27,27908235264
1171.55,27907768320
1171.83,27907899392
1172.12,27908030464
1172.40,27908030464
1172.68,27908030464
1172.96,27908030464
1173.24,27908030464
1173.53,27908030464
1173.82,27908030464
1174.10,27908030464
1174.38,27908030464
1174.66,27908030464
1174.94,27908030464
1175.23,27908030464
1175.51,27908030464
1175.79,27908030464
1176.07,27908030464
1176.35,27908030464
1176.63,27908030464
1176.91,27908030464
1177.19,27908030464
1177.46,27908030464
1177.74,27908030464
1178.02,27908030464
1178.31,27908030464
1178.60,27908030464
1178.88,27908030464
1179.15,27908030464
1179.43,27908030464
1179.71,27908030464
1179.99,27908030464
1180.27,27908030464
1180.56,27908030464
1180.85,27908030464
1181.13,27908030464
1181.41,27907891200
1181.70,27908022272
1181.98,27908022272
1182.26,27908022272
1182.54,27908022272
1182.82,27908022272
1183.10,27908022272
1183.38,27908022272
1183.66,27908022272
1183.94,27908022272
1184.22,27908022272
1184.51,27908022272
1184.79,27908022272
1185.08,27908022272
1185.36,27908022272
1185.64,27908022272
1185.92,27908022272
1186.20,27908022272
1186.48,27908022272
1186.76,27908022272
1187.03,27908022272
1187.32,27908022272
1187.60,27908022272
1187.88,27908022272
1188.17,27908022272
1188.45,27908022272
1188.73,27908022272
1189.01,27908022272
1189.29,27908022272
1189.58,27908022272
1189.86,27908022272
1190.14,27908022272
1190.42,27908022272
1190.71,27908022272
1191.00,27908022272
1191.28,27908022272
1191.57,27908087808
1191.85,27908218880
1192.13,27908218880
1192.42,27908218880
1192.69,27908218880
1192.98,27908218880
1193.26,27908218880
1193.54,27908218880
1193.82,27908218880
1194.11,27908218880
1194.39,27908218880
1194.68,27908218880
1194.97,27908218880
1195.24,27908218880
1195.53,27908218880
1195.81,27908218880
1196.10,27908218880
1196.38,27908218880
1196.65,27908218880
1196.93,27908218880
1197.21,27908218880
1197.50,27908218880
1197.79,27908218880
1198.08,27908218880
1198.37,27908218880
1198.65,27908218880
1198.93,27908218880
1199.22,27908218880
1199.49,27908218880
1199.78,27908218880
1200.06,27908218880
1200.34,27908218880
1200.61,27908218880
1200.89,27908218880
1201.17,27908218880
1201.46,27907895296
1201.74,27908026368
1202.02,27908026368
1202.29,27908026368
1202.57,27908157440
1202.86,27908157440
1203.14,27908157440
1203.42,27908157440
1203.70,27908157440
1203.98,27908157440
1204.27,27908157440
1204.55,27908157440
1204.83,27908157440
1205.11,27908157440
1205.39,27908157440
1205.67,27908157440
1205.95,27908157440
1206.23,27908157440
1206.51,27908157440
1206.80,27908157440
1207.08,27908157440
1207.36,27908157440
1207.64,27908157440
1207.92,27908157440
1208.21,27908157440
1208.49,27908157440
1208.77,27908157440
1209.05,27908157440
1209.33,27908157440
1209.61,27908157440
1209.89,27908157440
1210.16,27908157440
1210.45,27908157440
1210.73,27908157440
1211.02,27908157440
1211.30,27908157440
1211.58,27907706880
1211.87,27907969024
1212.14,27907969024
1212.42,27907969024
1212.71,27907969024
1212.99,27907969024
1213.27,27907969024
1213.56,27907969024
1213.84,27907969024
1214.12,27907969024
1214.41,27907969024
1214.69,27907969024
1214.98,27907969024
1215.25,27907969024
1215.54,27907969024
1215.83,27907969024
1216.12,27907969024
1216.40,27907969024
1216.67,27907969024
1216.95,27907969024
1217.23,27907969024
1217.51,27907969024
1217.79,27907969024
1218.07,27907969024
1218.35,27907969024
1218.63,27907969024
1218.92,27907969024
1219.20,27907969024
1219.48,27907969024
1219.77,27907969024
1220.05,27907969024
1220.33,27907969024
1220.61,27907969024
1220.89,27907969024
1221.17,27907969024
1221.45,27907969024
1221.73,27907969024
1222.02,27907969024
1222.30,27907969024
1222.59,27907969024
1222.87,27907969024
1223.15,27907969024
1223.44,27907969024
1223.72,27907969024
1224.00,27907969024
1224.29,27907969024
1224.56,27907969024
1224.85,27907969024
1225.13,27907969024
1225.42,27907969024
1225.70,27908100096
1225.98,27908100096
1226.27,27908100096
1226.55,27908100096
1226.83,27908100096
1227.11,27908100096
1227.40,27908100096
1227.68,27908100096
1227.96,27908100096
1228.24,27908100096
1228.52,27908100096
1228.80,27908100096
1229.08,27908100096
1229.36,27908100096
1229.63,27908100096
1229.92,27908100096
1230.20,27908100096
1230.48,27908100096
1230.76,27908100096
1231.04,27908100096
1231.33,27908100096
1231.61,27907850240
1231.89,27907850240
1232.17,27907850240
1232.45,27907850240
1232.73,27907850240
1233.02,27907850240
1233.30,27907850240
1233.59,27907850240
1233.87,27907850240
1234.15,27907850240
1234.44,27907850240
1234.72,27907850240
1235.00,27907850240
1235.28,27907850240
1235.56,27907850240
1235.84,27907850240
1236.11,27907850240
1236.39,27907850240
1236.67,27907850240
1236.96,27907850240
1237.23,27907850240
1237.51,27907850240
1237.79,27907850240
1238.08,27907981312
1238.36,27907981312
1238.65,27907981312
1238.93,27907981312
1239.21,27907981312
1239.50,27907981312
1239.79,27907981312
1240.07,27907981312
1240.35,27907981312
1240.63,27907981312
1240.91,27907981312
1241.19,27907981312
1241.47,27907624960
1241.76,27907624960
1242.04,27907624960
1242.32,27907624960
1242.60,27907624960
1242.88,27907624960
1243.16,27907756032
1243.44,27907756032
1243.72,27907756032
1244.00,27907756032
1244.28,27907756032
1244.56,27907756032
1244.85,27907887104
1245.13,27907887104
1245.41,27907887104
1245.69,27907887104
1245.96,27907887104
1246.24,27907887104
1246.53,27907887104
1246.81,27907887104
1247.09,27907887104
1247.38,27907887104
1247.67,27907887104
1247.94,27907887104
1248.22,27907887104
1248.51,27907887104
1248.79,27907887104
1249.07,27907887104
1249.35,27907887104
1249.62,27907887104
1249.90,27907887104
1250.18,27907887104
1250.46,27907887104
1250.75,27907887104
1251.02,27907887104
1251.30,27907887104
1251.58,27907887104
1251.86,27907887104
1252.14,27907887104
1252.42,27908149248
1252.70,27908149248
1252.99,27908149248
1253.27,27908149248
1253.55,27908149248
1253.84,27908149248
1254.12,27908149248
1254.39,27908149248
1254.67,27908149248
1254.95,27908149248
1255.23,27908149248
1255.51,27908149248
1255.79,27908149248
1256.07,27908149248
1256.35,27908149248
1256.63,27908280320
1256.91,27908280320
1257.19,27908280320
1257.47,27908280320
1257.76,27908280320
1258.04,27908280320
1258.32,27908280320
1258.60,27908280320
1258.88,27908280320
1259.17,27908280320
1259.45,27908280320
1259.73,27908280320
1260.02,27908280320
1260.29,27908280320
1260.58,27908280320
1260.86,27908280320
1261.14,27908280320
1261.43,27907772416
1261.70,27907772416
1261.98,27907772416
1262.26,27907772416
1262.54,27907772416
1262.83,27907772416
1263.11,27907772416
1263.39,27907772416
1263.68,27907772416
1263.96,27907772416
1264.25,27907772416
1264.53,27907772416
1264.82,27907772416
1265.10,27907772416
1265.39,27907772416
1265.67,27907772416
1265.95,27907772416
1266.24,27907772416
1266.52,27907772416
1266.80,27907772416
1267.09,27907772416
1267.37,27907772416
1267.65,27907772416
1267.93,27907772416
1268.22,27907772416
1268.50,27907772416
1268.79,27907772416
1269.07,27907772416
1269.36,27907772416
1269.64,27907772416
1269.92,27907772416
1270.21,27907772416
1270.49,27907772416
1270.78,27907772416
1271.06,27907772416
1271.35,27907772416
1271.63,27907772416
1271.91,27907772416
1272.19,27907772416
1272.48,27907772416
1272.76,27907772416
1273.05,27907772416
1273.33,27907772416
1273.61,27907772416
1273.89,27907772416
1274.18,27907772416
1274.46,27907772416
1274.74,27907772416
1275.03,27907772416
1275.31,27907772416
1275.59,27907772416
1275.87,27907772416
1276.16,27907772416
1276.44,27907772416
1276.73,27907772416
1277.01,55812849664
1277.29,55812849664
1277.57,55812849664
1277.85,55810883584
1278.13,55788339200
1278.42,55769726976
1278.70,55745609728
1278.98,55722541056
1279.27,55702355968
1279.55,55677976576
1279.84,55653072896
1280.13,55628693504
1280.41,55604707328
1280.69,55581114368
1280.97,55557652480
1281.25,55534059520
1281.53,55509942272
1281.80,55487791104
1282.08,55463673856
1282.37,55440343040
1282.65,55416356864
1282.93,55394074624
1283.21,55369302016
1283.49,55344660480
1283.78,55320936448
1284.06,55297998848
1284.35,55273750528
1284.63,55255924736
1284.91,55232593920
1285.19,55209787392
1285.48,55186063360
1285.76,55162994688
1286.04,55139926016
1286.32,55115022336
1286.61,55091429376
1286.89,55067836416
1287.17,55042932736
1287.46,55022354432
1287.74,55003086848
1288.02,54980280320
1288.30,54957211648
1288.58,54934011904
1288.86,54910681088
1289.14,54887874560
1289.42,54863364096
1289.70,54846062592
1289.99,54830202880
1290.27,54815260672
1290.55,54799138816
1290.83,54782885888
1291.11,54768074752
1291.39,54746185728
1291.67,54722199552
1291.95,54697951232
1292.23,54674227200
1292.51,54650109952
1292.80,54626779136
1293.08,54603186176
1293.36,54579724288
1293.65,54556786688
1293.93,54533455872
1294.21,54509993984
1294.49,54486007808
1294.77,54462939136
1295.06,54439739392
1295.34,54416408576
1295.62,54392553472
1295.90,54370533376
1296.18,54347202560
1296.46,54323609600
1296.74,54304079872
1297.03,54280916992
1297.31,54257455104
1297.59,54234779648
1297.86,54211710976
1298.15,54189166592
1298.43,54165311488
1298.71,54142242816
1298.99,54119305216
1299.27,54095319040
1299.56,54073430016
1299.84,54050361344
1300.12,54026113024
1300.41,54003568640
1300.69,53980368896
1300.97,53956775936
1301.25,53933051904
1301.54,53909852160
1301.82,53887438848
1302.10,53866336256
1302.39,53851262976
1302.67,53834747904
1302.95,53811154944
1303.23,53787168768
1303.52,53762002944
1303.80,53737099264
1304.07,53713113088
1304.36,53689257984
1304.64,53664485376
1304.92,53642858496
1305.20,53618872320
1305.49,53595279360
1305.78,53571162112
1306.06,53547700224
1306.34,53524631552
1306.62,53501169664
1306.90,53476528128
1307.19,53452886016
1307.47,53429555200
1307.76,53406748672
1308.04,53390757888
1308.32,53369917440
1308.61,53352484864
1308.88,53328498688
1309.17,53305167872
1309.45,53290356736
1309.73,53272006656
1310.02,53248151552
1310.30,53224558592
1310.58,53200703488
1310.86,53176848384
1311.15,53152862208
1311.43,53129269248
1311.71,53110788096
1311.99,53088374784
1312.28,53065699328
1312.56,53042630656
1312.85,53019037696
1313.13,52997410816
1313.41,52973162496
1313.69,52949438464
1313.97,52928073728
1314.25,52913393664
1314.53,52893208576
1314.82,52870139904
1315.11,52855459840
1315.38,52835536896
1315.66,52812599296
1315.94,52789923840
1316.22,52766724096
1316.50,52743786496
1316.78,52720848896
1317.07,52697681920
1317.35,52675006464
1317.63,52651282432
1317.91,52627951616
1318.19,52604489728
1318.47,52581683200
1318.75,52558483456
1319.04,52536594432
1319.32,52512870400
1319.60,52494258176
1319.89,52473286656
1320.17,52450349056
1320.45,52427411456
1320.73,52404211712
1321.01,52381798400
1321.30,52358860800
1321.58,52335923200
1321.86,52313116672
1322.14,52289785856
1322.42,52265275392
1322.71,52242468864
1322.99,52219662336
1323.27,52195938304
1323.55,52171952128
1323.84,52148097024
1324.12,52124504064
1324.40,52101173248
1324.68,52077187072
1324.96,52054118400
1325.24,52035637248
1325.53,52011257856
1325.81,51987533824
1326.10,51964334080
1326.38,51941134336
1326.66,51920162816
1326.94,51906138112
1327.22,51884728320
1327.51,51860348928
1327.79,51836755968
1328.08,51813031936
1328.36,51790094336
1328.64,51767418880
1328.92,51744612352
1329.21,51721805824
1329.49,51703324672
1329.77,51687727104
1330.06,51666755584
1330.34,51641720832
1330.62,51617603584
1330.90,51599908864
1331.19,51576709120
1331.48,51553378304
1331.76,51529523200
1332.05,51505405952
1332.33,51484041216
1332.61,51461234688
1332.90,51439214592
1333.18,51416014848
1333.46,51393208320
1333.75,51368828928
1334.03,51349561344
1334.32,51325181952
1334.60,51302113280
1334.88,51277602816
1335.17,51254665216
1335.45,51231596544
1335.74,51207872512
1336.03,51187949568
1336.31,51167240192
1336.59,51144433664
1336.88,51120840704
1337.16,51101454336
1337.44,51078385664
1337.73,51058462720
1338.01,51034345472
1338.29,51011276800
1338.58,50988208128
1338.86,50965139456
1339.15,50942332928
1339.42,50919919616
1339.70,50896850944
1339.98,50874437632
1340.25,50850975744
1340.53,50828169216
1340.82,50806018048
1341.09,50782818304
1341.38,50759618560
1341.66,50737336320
1341.94,50718593024
1342.22,50697097216
1342.51,50674421760
1342.78,50651746304
1343.06,50628284416
1343.34,50605215744
1343.62,50582147072
1343.90,50559602688
1344.18,50536009728
1344.46,50513072128
1344.75,50489479168
1345.03,50466148352
1345.31,50443210752
1345.59,50420535296
1345.88,50396942336
1346.16,50373480448
1346.45,50350542848
1346.72,50327080960
1347.00,50306232320
1347.28,50287489024
1347.56,50264682496
1347.84,50247118848
1348.12,50223919104
1348.41,50202947584
1348.68,50182238208
1348.97,50157727744
1349.25,50138591232
1349.54,50116308992
1349.82,50093633536
1350.10,50071613440
1350.39,50049200128
1350.67,50026524672
1350.95,50001883136
1351.24,49979469824
1351.52,49964134400
1351.81,49948930048
1352.09,49931104256
1352.38,49907904512
1352.66,49884442624
1352.94,49860587520
1353.23,49841975296
1353.51,49825853440
1353.79,49806061568
1354.07,49786138624
1354.35,49765560320
1354.63,49741574144
1354.91,49724796928
1355.19,49700286464
1355.47,49677086720
1355.75,49653624832
1356.03,49629507584
1356.32,49606438912
1356.60,49582714880
1356.88,49559777280
1357.16,49535733760
1357.44,49511354368
1357.73,49488023552
1358.02,49470066688
1358.30,49446604800
1358.59,49422356480
1358.87,49399287808
1359.15,49376219136
1359.43,49353805824
1359.72,49330868224
1360.00,49307275264
1360.29,49283813376
1360.57,49261006848
1360.85,49236758528
1361.14,49212772352
1361.42,49187868672
1361.71,49164406784
1361.99,49141075968
1362.27,49116827648
1362.56,49097297920
1362.84,49073442816
1363.12,49049325568
1363.41,49025732608
1363.70,49001091072
1363.98,48976711680
1364.27,48955084800
1364.55,48931753984
1364.84,48907636736
1365.12,48884043776
1365.41,48861368320
1365.69,48840527872
1365.97,48816672768
1366.26,48800026624
1366.54,48800026624
1366.82,48796225536
1367.11,48772558848
1367.39,48748834816
1367.67,48724586496
1367.96,48701386752
1368.24,48679628800
1368.53,48655773696
1368.82,48638078976
1369.10,48620384256
1369.39,48600068096
1369.67,48579620864
1369.95,48557862912
1370.23,48536498176
1370.52,48513953792
1370.80,48491540480
1371.08,48468471808
1371.36,48444878848
1371.65,48420892672
1371.92,48397430784
1372.20,48373182464
1372.49,48352604160
1372.77,48329535488
1373.05,48305811456
1373.34,48281825280
1373.62,48258363392
1373.90,48235163648
1374.18,48213405696
1374.46,48191516672
1374.74,48168448000
1375.02,48147214336
1375.30,48125980672
1375.58,48104353792
1375.87,48082202624
1376.14,48061493248
1376.43,48040783872
1376.70,48022827008
1376.98,48001654784
1377.26,47982256128
1377.54,47960891392
1377.83,47939395584
1378.11,47915278336
1378.39,47892209664
1378.68,47868747776
1378.96,47844499456
1379.25,47821430784
1379.53,47798755328
1379.82,47782764544
1380.10,47767429120
1380.39,47745015808
1380.67,47722340352
1380.96,47700058112
1381.24,47676727296
1381.52,47655100416
1381.81,47632424960
1382.09,47609880576
1382.37,47586418688
1382.66,47563481088
1382.94,47540412416
1383.22,47517212672
1383.51,47494275072
1383.80,47471730688
1384.07,47450890240
1384.35,47428739072
1384.64,47406850048
1384.92,47384174592
1385.21,47362416640
1385.49,47339610112
1385.77,47316934656
1386.05,47293865984
1386.33,47270797312
1386.62,47247597568
1386.90,47223087104
1387.19,47199948800
1387.47,47178190848
1387.75,47154466816
1388.03,47131660288
1388.31,47109640192
1388.59,47087095808
1388.87,47063764992
1389.14,47045152768
1389.42,47022084096
1389.70,46998360064
1389.99,46976471040
1390.27,46953271296
1390.55,46930857984
1390.82,46907920384
1391.10,46885900288
1391.38,46862045184
1391.66,46838976512
1391.95,46816563200
1392.22,46793756672
1392.51,46770425856
1392.80,46747619328
1393.08,46728089600
1393.35,46707380224
1393.64,46684180480
1393.92,46661373952
1394.19,46636863488
1394.48,46612877312
1394.77,46589808640
1395.05,46571065344
1395.33,46550355968
1395.61,46527025152
1395.89,46504218624
1396.18,46480625664
1396.47,46460702720
1396.75,46437371904
1397.04,46412951552
1397.32,46390145024
1397.60,46366420992
1397.88,46343090176
1398.17,46320283648
1398.45,46296166400
1398.74,46275981312
1399.02,46255665152
1399.30,46232596480
1399.59,46208610304
1399.87,46186328064
1400.15,46164307968
1400.43,46145957888
1400.71,46128394240
1400.99,46105325568
1401.28,46081994752
1401.56,46060892160
1401.84,46044246016
1402.11,46026289152
1402.39,46004924416
1402.68,45981724672
1402.96,45959573504
1403.24,45937684480
1403.52,45915926528
1403.80,45893906432
1404.08,45870444544
1404.37,45846458368
1404.65,45823258624
1404.93,45803204608
1405.21,45780267008
1405.49,45764014080
1405.77,45745008640
1406.05,45725085696
1406.34,45701754880
1406.63,45679472640
1406.91,45656666112
1407.19,45637361664
1407.47,45613768704
1407.75,45590437888
1408.03,45573660672
1408.31,45550198784
1408.59,45526081536
1408.88,45502619648
1409.16,45479419904
1409.44,45455564800
1409.73,45431185408
1410.01,45412048896
1410.29,45389635584
1410.57,45366173696
1410.85,45342580736
1411.13,45318201344
1411.42,45299326976
1411.69,45280321536
1411.98,45257515008
1412.27,45237854208
1412.55,45214523392
1412.83,45191323648
1413.12,45170089984
1413.40,45146365952
1413.68,45123035136
1413.96,45100097536
1414.24,45077159936
1414.53,45053960192
1414.82,45030105088
1415.10,45005725696
1415.38,44983312384
1415.67,44959981568
1415.95,44941369344
1416.23,44917776384
1416.51,44915548160
1416.79,27908321280
1417.07,27908161536
1417.36,27908292608
1417.64,27908292608
1417.92,27908292608
1418.20,27908292608
1418.48,27908292608
1418.76,27908292608
1419.05,27908292608
1419.33,27908292608
1419.61,27908292608
1419.89,27908292608
1420.17,27908292608
1420.45,27908292608
1420.72,27908292608
1421.00,27908292608
1421.28,27908292608
1421.56,27908292608
1421.84,27908292608
1422.12,27908292608
1422.41,27908292608
1422.69,27908292608
1422.97,27908292608
1423.25,27908292608
1423.54,27908292608
1423.82,27908292608
1424.09,27908292608
1424.37,27908292608
1424.66,27908292608
1424.94,27908292608
1425.22,27908292608
1425.50,27908292608
1425.79,27908292608
1426.07,27908292608
1426.35,27908292608
1426.63,27908292608
1426.91,27908292608
1427.19,27908096000
1427.47,27908096000
1427.75,27908358144
1428.03,27908358144
1428.31,27908358144
1428.59,27908358144
1428.87,27908358144
1429.16,27908358144
1429.44,27908358144
1429.72,27908358144
1430.00,27908358144
1430.29,27908358144
1430.57,27908358144
1430.86,27908358144
1431.14,27908358144
1431.42,27908358144
1431.71,27908358144
1431.99,27908358144
1432.28,27908358144
1432.56,27908358144
1432.84,27908358144
1433.12,27908358144
1433.41,27908358144
1433.70,27908358144
1433.98,27908358144
1434.26,27908358144
1434.54,27908358144
1434.83,27908358144
1435.11,27908358144
1435.39,27908358144
1435.67,27908358144
1435.95,27908358144
1436.23,27908358144
1436.52,27908358144
1436.80,27908358144
1437.08,27908124672
1437.37,27908124672
1437.65,27908124672
1437.93,27908124672
1438.22,27908124672
1438.51,27908124672
1438.79,27908124672
1439.07,27908124672
1439.35,27908124672
1439.63,27908124672
1439.91,27908255744
1440.19,27908255744
1440.48,27908255744
1440.76,27908255744
1441.05,27908255744
1441.33,27908255744
1441.61,27908255744
1441.89,27908255744
1442.18,27908255744
1442.46,27908255744
1442.75,27908255744
1443.03,27908255744
1443.32,27908255744
1443.61,27908255744
1443.89,27908255744
1444.18,27908255744
1444.45,27908255744
1444.73,27908255744
1445.02,27908255744
1445.30,27908255744
1445.58,27908255744
1445.87,27908255744
1446.14,27908255744
1446.43,27908255744
1446.71,27908255744
1447.00,27908255744
1447.28,27908255744
1447.56,27908255744
1447.84,27908255744
1448.12,27908386816
1448.41,27908386816
1448.69,27908386816
1448.97,27908386816
1449.25,27908386816
1449.53,27908386816
1449.81,27908386816
1450.09,27908386816
1450.37,27908386816
1450.65,27908386816
1450.93,27908386816
1451.22,27908386816
1451.50,27908386816
1451.78,27908386816
1452.06,27908386816
1452.34,27908386816
1452.63,27908386816
1452.90,27908386816
1453.19,27908386816
1453.48,27908386816
1453.77,27908386816
1454.05,27908386816
1454.33,27908386816
1454.62,27908386816
1454.90,27908386816
1455.18,27908386816
1455.46,27908386816
1455.74,27908386816
1456.02,27908386816
1456.31,27908386816
1456.59,27908386816
1456.87,27908386816
1457.14,27908182016
1457.43,27908182016
1457.72,27908182016
1458.00,27908182016
1458.28,27908182016
1458.56,27908182016
1458.84,27908182016
1459.12,27908444160
1459.40,27908444160
1459.69,27908444160
1459.98,27908444160
1460.25,27908444160
1460.54,27908444160
1460.82,27908444160
1461.10,27908444160
1461.39,27908444160
1461.67,27908444160
1461.95,27908444160
1462.23,27908444160
1462.52,27908444160
1462.80,27908444160
1463.09,27908444160
1463.37,27908444160
1463.66,27908444160
1463.94,27908444160
1464.22,27908444160
1464.50,27908444160
1464.79,27908444160
1465.07,27908444160
1465.35,27908444160
1465.63,27908444160
1465.92,27908444160
1466.20,27908444160
1466.48,27908444160
1466.76,27908444160
1467.05,27908251648
1467.33,27908251648
1467.62,27908251648
1467.90,27908251648
1468.18,27908251648
1468.46,27908251648
1468.75,27908251648
1469.03,27908251648
1469.32,27908251648
1469.60,27908251648
1469.89,27908251648
1470.17,27908251648
1470.45,27908382720
1470.73,27908382720
1471.02,27908382720
1471.31,27908382720
1471.59,27908382720
1471.87,27908382720
1472.16,27908382720
1472.44,27908382720
1472.73,27908382720
1473.01,27908382720
1473.29,27908382720
1473.57,27908382720
1473.85,27908382720
1474.14,27908382720
1474.42,27908382720
1474.71,27908382720
1474.99,27908382720
1475.28,27908382720
1475.56,27908382720
1475.84,27908382720
1476.13,27908382720
1476.41,27908382720
1476.69,27908382720
1476.98,27908202496
1477.27,27908202496
1477.55,27908202496
1477.84,27908202496
1478.12,27908202496
1478.41,27908202496
1478.69,27908464640
1478.97,27908464640
1479.25,27908464640
1479.54,27908464640
1479.83,27908464640
1480.11,27908464640
1480.40,27908464640
1480.68,27908464640
1480.96,27908464640
1481.24,27908464640
1481.53,27908464640
1481.81,27908464640
1482.09,27908464640
1482.37,27908464640
1482.65,27908464640
1482.94,27908464640
1483.22,27908464640
1483.51,27908464640
1483.79,27908464640
1484.07,27908464640
1484.35,27908464640
1484.63,27908464640
1484.92,27908464640
1485.20,27908464640
1485.49,27908464640
1485.77,27908464640
1486.05,27908464640
1486.33,27908464640
1486.62,27908464640
1486.90,27908464640
1487.18,27908390912
1487.46,27908390912
1487.74,27908390912
1488.02,27908390912
1488.30,27908390912
1488.57,27908390912
1488.86,27908390912
1489.14,27908390912
1489.42,27908390912
1489.70,27908390912
1489.98,27908390912
1490.26,27908390912
1490.55,27908390912
1490.84,27908390912
1491.12,27908390912
1491.40,27908390912
1491.68,27908390912
1491.96,27908390912
1492.24,27908390912
1492.52,27908390912
1492.81,27908390912
1493.09,27908390912
1493.37,27908390912
1493.66,27908390912
1493.93,27908390912
1494.21,27908390912
1494.48,27908390912
1494.76,27908390912
1495.05,27908390912
1495.33,27908390912
1495.61,27908390912
1495.89,27908390912
1496.17,27908390912
1496.46,27908390912
1496.75,27908390912
1497.03,27908182016
1497.32,27908313088
1497.60,27908313088
1497.88,27908313088
1498.17,27908313088
1498.45,27908313088
1498.74,27908313088
1499.02,27908313088
1499.31,27908313088
1499.59,27908313088
1499.87,27908313088
1500.16,27908313088
1500.44,27908313088
1500.72,27908313088
1501.01,27908313088
1501.29,27908313088
1501.58,27908313088
1501.86,27908313088
1502.14,27908313088
1502.42,27908444160
1502.70,27908444160
1502.98,27908444160
1503.26,27908444160
1503.54,27908444160
1503.83,27908444160
1504.11,27908444160
1504.39,27908444160
1504.68,27908444160
1504.96,27908444160
1505.25,27908444160
1505.53,27908444160
1505.81,27908444160
1506.10,27908444160
1506.38,27908444160
1506.66,27908444160
1506.94,27908444160
1507.22,27908247552
1507.50,27908378624
1507.78,27908378624
1508.06,27908378624
1508.34,27908378624
1508.62,27908378624
1508.91,27908378624
1509.19,27908378624
1509.48,27908378624
1509.76,27908378624
1510.05,27908509696
1510.32,27908509696
1510.61,27908509696
1510.89,27908509696
1511.18,27908509696
1511.46,27908509696
1511.74,27908509696
1512.03,27908509696
1512.31,27908509696
1512.59,27908509696
1512.88,27908509696
1513.16,27908509696
1513.44,27908509696
1513.73,27908509696
1514.02,27908509696
1514.30,27908509696
1514.58,27908509696
1514.87,27908509696
1515.15,27908509696
1515.43,27908509696
1515.72,27908509696
1516.01,27908509696
1516.29,27908509696
1516.58,27908509696
1516.86,27908509696
1517.15,27908304896
1517.42,27908304896
1517.71,27908304896
1517.99,27908304896
1518.27,27908304896
1518.56,27908304896
1518.84,27908304896
1519.13,27908304896
1519.41,27908304896
1519.69,27908304896
1519.98,27908304896
1520.26,27908304896
1520.55,27908304896
1520.83,27908304896
1521.11,27908304896
1521.39,27908304896
1521.67,27908304896
1521.96,27908304896
1522.24,27908304896
1522.52,27908304896
1522.80,27908304896
1523.09,27908304896
1523.37,27908304896
1523.65,27908304896
1523.93,27908304896
1524.22,27908304896
1524.50,27908304896
1524.78,27908304896
1525.07,27908304896
1525.34,27908304896
1525.62,27908304896
1525.90,27908304896
1526.19,27908304896
1526.47,27908304896
1526.75,27908304896
1527.04,27908292608
1527.32,27908292608
1527.60,27908292608
1527.88,27908292608
1528.16,27908292608
1528.45,27908292608
1528.73,27908292608
1529.01,27908292608
1529.30,27908292608
1529.58,27908292608
1529.86,27908292608
1530.15,27908292608
1530.43,27908292608
1530.71,27908292608
1530.99,27908292608
1531.27,27908292608
1531.56,27908292608
1531.84,27908292608
1532.13,27908292608
1532.41,27908292608
1532.69,27908292608
1532.97,27908292608
1533.25,27908292608
1533.53,27908292608
1533.81,27908292608
1534.09,27908292608
1534.37,27908292608
1534.65,27908292608
1534.93,27908292608
1535.22,27908292608
1535.50,27908292608
1535.78,27908292608
1536.06,27908292608
1536.34,27908292608
1536.63,27908292608
1536.90,27908292608
1537.18,27908284416
1537.47,27908284416
1537.75,27908284416
1538.03,27908284416
1538.32,27908284416
1538.60,27908284416
1538.88,27908284416
1539.16,27908284416
1539.45,27908284416
1539.73,27908284416
1540.01,27908284416
1540.29,27908284416
1540.57,27908284416
1540.85,27908284416
1541.13,27908284416
1541.41,27908284416
1541.69,27908284416
1541.97,27908284416
1542.26,27908284416
1542.54,27908284416
1542.82,27908284416
1543.10,27908284416
1543.37,27908284416
1543.66,27908284416
1543.93,27908284416
1544.22,27908284416
1544.51,27908284416
1544.79,27908284416
1545.07,27908284416
1545.35,27908415488
1545.63,27908415488
1545.91,27908415488
1546.19,27908415488
1546.47,27908415488
1546.76,27908415488
1547.03,27908239360
1547.32,27908239360
1547.60,27908239360
1547.88,27908239360
1548.17,27908501504
1548.45,27908501504
1548.73,27908501504
1549.01,27908501504
1549.30,27908501504
1549.57,27908501504
1549.86,27908501504
1550.14,27908501504
1550.42,27908501504
1550.70,27908501504
1550.98,27908501504
1551.26,27908501504
1551.54,27908501504
1551.82,27908501504
1552.11,27908501504
1552.39,27908501504
1552.67,27908501504
1552.95,27908501504
1553.24,27908501504
1553.52,27908501504
1553.80,27908501504
1554.09,27908501504
1554.37,27908501504
1554.66,27908501504
1554.94,27908501504
1555.21,27908501504
1555.49,27908501504
1555.77,27908501504
1556.05,27908501504
1556.32,27908501504
1556.61,27908501504
1556.88,27908501504
1557.17,27908296704
1557.45,27908296704
1557.74,27908296704
1558.02,27908296704
1558.31,27908296704
1558.59,27908427776
1558.87,27908427776
1559.15,27908427776
1559.44,27908427776
1559.73,27908427776
1560.00,27908427776
1560.29,27908427776
1560.57,27908427776
1560.85,27908427776
1561.13,27908427776
1561.41,27908427776
1561.70,27908427776
1561.98,27908427776
