time,used_memory_rss(bytes)
0.00,27742986240
0.27,27742986240
0.56,27742986240
0.83,27742986240
1.11,27742986240
1.39,27742986240
1.67,55484239872
1.96,55484239872
2.24,55484239872
2.52,55484239872
2.79,55484239872
3.08,55484239872
3.36,55485419520
3.65,55485419520
3.92,55485419520
4.20,55478341632
4.48,55455535104
4.77,55433777152
5.05,55412936704
5.33,55392096256
5.60,55368765440
5.88,55346089984
6.17,55330361344
6.45,55305981952
6.74,55282782208
7.02,55261548544
7.30,55242936320
7.58,55219736576
7.87,55195488256
8.15,55172157440
8.43,55148564480
8.71,55123791872
9.00,55101247488
9.27,55080800256
9.56,55056683008
9.84,55032958976
10.13,55009497088
10.41,54985641984
10.69,54961524736
10.97,54937669632
11.25,54912897024
11.54,54887768064
11.82,54864044032
12.10,54840713216
12.38,54816464896
12.66,54796410880
12.94,54773604352
13.22,54753419264
13.51,54735462400
13.79,54710951936
14.07,54687096832
14.36,54663897088
14.63,54648168448
14.91,54624444416
15.19,54601900032
15.47,54577782784
15.76,54554189824
16.04,54530203648
16.31,54507397120
16.59,54484197376
16.87,54460735488
17.15,54438715392
17.43,54420758528
17.72,54396248064
18.00,54372917248
18.28,54348013568
18.57,54324158464
18.85,54301614080
19.14,54278676480
19.42,54255869952
19.71,54232670208
19.99,54209994752
20.27,54186270720
20.56,54162546688
20.85,54138691584
21.13,54115098624
21.41,54092292096
21.69,54074019840
21.97,54051082240
22.25,54027227136
22.53,54003765248
22.82,53980041216
23.10,53959725056
23.38,53937442816
23.66,53915029504
23.94,53890519040
24.22,53866270720
24.51,53843202048
24.79,53819478016
25.07,53795753984
25.36,53773078528
25.64,53749616640
25.91,53727727616
26.19,53717372928
26.48,53717372928
26.76,53717372928
27.05,53704790016
27.32,53684604928
27.61,53661274112
27.89,53638467584
28.18,53614088192
28.46,53592068096
28.75,53569130496
29.04,53546455040
29.32,53522862080
29.60,53499400192
29.88,53482098688
30.17,53458636800
30.45,53433995264
30.74,53409353728
31.03,53385891840
31.31,53361381376
31.59,53337853952
31.88,53314129920
32.16,53290274816
32.44,53266550784
32.73,53242957824
33.01,53220282368
33.28,53201408000
33.57,53177683968
33.85,53153566720
34.14,53130891264
34.41,53107036160
34.70,53083443200
34.98,53058670592
35.27,53034684416
35.55,53012795392
35.83,52988940288
36.11,52965216256
36.40,52941361152
36.68,52917112832
36.96,52894437376
37.24,52871761920
37.53,52853280768
37.80,52836110336
38.09,52812517376
38.38,52789841920
38.65,52766511104
38.94,52748292096
39.22,52729548800
39.50,52706611200
39.78,52682493952
40.06,52659556352
40.34,52635832320
40.62,52611846144
40.90,52587073536
41.18,52563087360
41.46,52537081856
41.75,52514144256
42.02,52491206656
42.31,52466827264
42.59,52441399296
42.88,52417019904
43.16,52393033728
43.44,52369047552
43.72,52344668160
44.00,52318715904
44.29,52294205440
44.57,52269432832
44.86,52245053440
45.14,52221067264
45.42,52197212160
45.71,52178075648
45.99,52154613760
46.27,52131545088
46.55,52107689984
46.84,52083572736
47.12,52059979776
47.41,52036255744
47.68,52011876352
47.96,51987628032
48.25,51964297216
48.53,51940573184
48.81,51916324864
49.09,51893125120
49.37,51870056448
49.65,51845414912
49.93,51821297664
50.22,51797049344
50.50,51773587456
50.78,51749732352
51.06,51726270464
51.34,51701760000
51.62,51677245440
51.91,51653521408
52.18,51630190592
52.47,51606204416
52.75,51581038592
53.03,51555741696
53.32,51530444800
53.61,51506065408
53.89,51481423872
54.17,51462549504
54.45,51437907968
54.73,51413921792
55.01,51390459904
55.29,51366342656
55.58,51341570048
55.86,51316535296
56.14,51295039488
56.42,51271184384
56.70,51246411776
56.99,51223080960
57.27,51203944448
57.55,51180351488
57.83,51156365312
58.11,51133034496
58.40,51110359040
58.67,51087028224
58.96,51062648832
59.24,51039842304
59.52,51017035776
59.81,50992263168
60.09,50967490560
60.38,50943111168
60.66,50924367872
60.94,50903658496
61.22,50880327680
61.50,50856284160
61.78,50832429056
62.06,50809360384
62.34,50786029568
62.62,50761388032
62.91,50738450432
63.19,50714726400
63.46,50692444160
63.75,50674487296
64.03,50650238976
64.31,50625335296
64.59,50601218048
64.88,50577231872
65.16,50553376768
65.44,50528473088
65.72,50511433728
66.00,50487447552
66.28,50463330304
66.57,50439344128
66.84,50415882240
67.12,50392027136
67.40,50369744896
67.68,50346414080
67.96,50323607552
68.24,50302373888
68.52,50281271296
68.80,50263052288
69.08,50238410752
69.36,50213769216
69.64,50190176256
69.93,50166583296
70.21,50142203904
70.50,50119266304
70.78,50094755840
71.06,50071031808
71.35,50047963136
71.63,50022797312
71.91,49998155776
72.20,49974038528
72.49,49950052352
72.77,49926983680
73.06,49910337536
73.33,49887924224
73.62,49865248768
73.90,49842704384
74.18,49819242496
74.46,49795125248
74.75,49772711936
75.03,49750429696
75.31,49726836736
75.59,49708486656
75.88,49690529792
76.15,49675194368
76.43,49651077120
76.71,49626435584
77.00,49602580480
77.28,49579118592
77.56,49559851008
77.85,49537175552
78.13,49514237952
78.42,49490382848
78.70,49467445248
78.99,49443590144
79.26,49420652544
79.55,49396797440
79.83,49372942336
80.11,49349349376
80.39,49328377856
80.67,49306357760
80.95,49284337664
81.24,49261137920
81.52,49236619264
81.80,49212895232
82.08,49191792640
82.36,49173573632
82.64,49152339968
82.92,49138184192
83.20,49119703040
83.48,49100304384
83.76,49085755392
84.05,49070682112
84.33,49056002048
84.61,49043943424
84.89,49043943424
85.17,49038045184
85.46,49014845440
85.74,48991514624
86.02,48967659520
86.30,48943804416
86.58,48921522176
86.86,48897929216
87.14,48879972352
87.42,48856772608
87.69,48835145728
87.98,48817713152
88.25,48795693056
88.54,48773672960
88.83,48751521792
89.11,48729763840
89.39,48706695168
89.67,48683495424
89.95,48660164608
90.23,48636047360
90.51,48612847616
90.80,48590041088
91.07,48565923840
91.36,48543641600
91.63,48518938624
91.92,48495607808
92.20,48473063424
92.49,48449994752
92.77,48424828928
93.06,48402153472
93.33,48383410176
93.62,48362438656
93.91,48340025344
94.18,48316432384
94.47,48291266560
94.75,48268066816
95.03,48245260288
95.31,48221929472
95.59,48199254016
95.87,48177102848
96.15,48153640960
96.43,48130834432
96.71,48107634688
96.99,48085614592
97.27,48067657728
97.55,48051011584
97.83,48027287552
98.11,48008544256
98.39,47988883456
98.68,47966732288
98.96,47945498624
99.24,47923871744
99.52,47901196288
99.80,47878258688
100.09,47854665728
100.37,47832645632
100.65,47809839104
100.93,47786901504
101.22,47765667840
101.50,47741476864
101.78,47718932480
102.06,47695863808
102.35,47672401920
102.63,47649071104
102.91,47627182080
103.19,47604375552
103.48,47580651520
103.75,47562694656
104.03,47538839552
104.32,47514853376
104.60,47491522560
104.89,47469502464
105.17,47446433792
105.45,47422971904
105.74,47400034304
106.02,47377489920
106.30,47354159104
106.58,47331483648
106.85,47309201408
107.13,47286919168
107.41,47264243712
107.69,47245107200
107.98,47222824960
108.26,47199494144
108.54,47177605120
108.81,47154536448
109.09,47130681344
109.37,47106826240
109.66,47083495424
109.94,47060033536
110.23,47040897024
110.51,47025168384
110.79,47003279360
111.07,46980210688
111.36,46957535232
111.63,46935093248
111.91,46920675328
112.20,46898786304
112.47,46874800128
112.76,46851469312
113.05,46829187072
113.33,46805331968
113.61,46783311872
113.90,46760636416
114.18,46737698816
114.46,46713712640
114.73,46691168256
115.02,46667706368
115.30,46644244480
115.58,46621306880
115.86,46597320704
116.14,46572941312
116.42,46549348352
116.70,46526410752
116.98,46509371392
117.26,46486827008
117.54,46462971904
117.82,46438592512
118.11,46415523840
118.39,46393372672
118.67,46370959360
118.95,46345924608
119.24,46322331648
119.52,46298476544
119.80,46275407872
120.08,46252601344
120.35,46229401600
120.64,46206070784
120.92,46183002112
121.20,46159015936
121.49,46135754752
121.77,46112292864
122.05,46090272768
122.33,46070087680
122.61,46051213312
122.89,46028144640
123.18,46004551680
123.47,45982138368
123.75,45957758976
124.04,45933772800
124.32,45911097344
124.61,45888421888
124.89,45864042496
125.17,45842546688
125.45,45824327680
125.73,45801521152
126.01,45778845696
126.29,45755121664
126.57,45730873344
126.86,45707411456
127.13,45683818496
127.41,45659963392
127.69,45641482240
127.98,45618151424
128.26,45594820608
128.54,45571883008
128.83,45547896832
129.11,45524434944
129.39,45501235200
129.67,45477511168
129.96,45454573568
130.23,45430587392
130.52,45406994432
130.79,45383925760
131.07,45360201728
131.36,45336739840
131.64,45318320128
131.93,45296037888
132.20,45273624576
132.49,45249638400
132.77,45232599040
133.05,45207826432
133.34,45184626688
133.62,45161426944
133.90,45137965056
134.19,45114634240
134.47,45095628800
134.75,45074264064
135.03,45050933248
135.31,45026684928
135.60,45004533760
135.88,44981071872
136.16,44956430336
136.44,44932575232
136.72,44908851200
137.00,44883947520
137.29,44860354560
137.57,44835975168
137.85,44812382208
138.13,44788264960
138.41,44765851648
138.70,44741603328
138.98,44717355008
139.26,44692844544
139.55,44669906944
139.83,44645920768
140.12,44622589952
140.40,44598341632
140.68,44587200512
140.96,44587200512
141.24,27743117312
141.52,27743076352
141.80,27743076352
142.08,27743076352
142.37,27743076352
142.65,27743076352
142.93,27743076352
143.21,27743076352
143.50,27743076352
143.78,27743076352
144.06,27743076352
144.34,27743076352
144.62,27743076352
144.91,27743076352
145.20,27743076352
145.48,27743076352
145.75,27743076352
146.04,27743076352
146.32,27743076352
146.61,27743076352
146.89,27743076352
147.17,27743076352
147.46,27743076352
147.74,27743076352
148.02,27743076352
148.30,27743076352
148.59,27743076352
148.88,27743076352
149.16,27743076352
149.44,27743076352
149.72,27743076352
150.00,27743076352
150.28,27743076352
150.57,27743076352
150.85,27743076352
151.13,27743076352
151.41,27742883840
151.70,27742883840
151.98,27742883840
152.26,27742883840
152.54,27742883840
152.82,27742883840
153.11,27742883840
153.39,27742883840
153.67,27743145984
153.96,27743145984
154.24,27743145984
154.51,27743145984
154.80,27743145984
155.08,27743145984
155.36,27743145984
155.64,27743145984
155.92,27743145984
156.21,27743145984
156.49,27743145984
156.77,27743145984
157.05,27743145984
157.33,27743145984
157.62,27743145984
157.89,27743145984
158.18,27743145984
158.46,27743145984
158.75,27743145984
159.03,27743145984
159.32,27743145984
159.60,27743145984
159.88,27743145984
160.17,27743145984
160.46,27743145984
160.74,27743145984
161.02,27743145984
161.30,27743145984
161.58,27742953472
161.86,27743084544
162.15,27743084544
162.43,27743084544
162.71,27743084544
162.99,27743084544
163.27,27743084544
163.56,27743084544
163.84,27743084544
164.12,27743084544
164.40,27743084544
164.68,27743084544
164.96,27743084544
165.23,27743084544
165.52,27743084544
165.80,27743084544
166.08,27743084544
166.36,27743084544
166.65,27743084544
166.93,27743084544
167.21,27743084544
167.49,27743084544
167.78,27743084544
168.06,27743084544
168.35,27743084544
168.63,27743084544
168.91,27743084544
169.20,27743084544
169.48,27743084544
169.77,27743084544
170.04,27743084544
170.33,27743084544
170.61,27743084544
170.89,27743084544
171.16,27743084544
171.44,27743084544
171.72,27743084544
172.00,27743084544
172.28,27743084544
172.56,27743084544
172.85,27743084544
173.13,27743084544
173.41,27743084544
173.70,27743084544
173.98,27743084544
174.27,27743084544
174.54,27743084544
174.83,27743084544
175.11,27743084544
175.38,27743084544
175.67,27743084544
175.95,27743084544
176.23,27743084544
176.51,27743084544
176.79,27743084544
177.06,27743084544
177.34,27743084544
177.62,27743084544
177.90,27743084544
178.18,27743084544
178.46,27743084544
178.74,27743084544
179.02,27743084544
179.30,27743084544
179.58,27743084544
179.86,27743084544
180.14,27743084544
180.41,27743084544
180.69,27743084544
180.97,27743084544
181.26,27743084544
181.54,27742842880
181.82,27742842880
182.10,27742842880
182.38,27742842880
182.66,27743105024
182.95,27743105024
183.22,27743105024
183.50,27743105024
183.79,27743105024
184.07,27743105024
184.35,27743105024
184.63,27743105024
184.91,27743105024
185.19,27743105024
185.47,27743105024
185.75,27743105024
186.03,27743105024
186.31,27743105024
186.59,27743105024
186.86,27743105024
187.15,27743105024
187.43,27743105024
187.71,27743105024
187.99,27743105024
188.27,27743105024
188.55,27743105024
188.83,27743105024
189.12,27743105024
189.40,27743105024
189.68,27743105024
189.96,27743105024
190.24,27743105024
190.53,27743105024
190.80,27743105024
191.09,27743105024
191.36,27743105024
191.64,27742904320
191.92,27743166464
192.19,27743166464
192.47,27743166464
192.75,27743166464
193.03,27743166464
193.31,27743166464
193.59,27743166464
193.87,27743166464
194.15,27743166464
194.43,27743166464
194.71,27743166464
195.00,27743166464
195.28,27743166464
195.56,27743166464
195.83,27743166464
196.11,27743166464
196.38,27743166464
196.67,27743166464
196.95,27743166464
197.23,27743166464
197.51,27743166464
197.78,27743166464
198.06,27743166464
198.34,27743166464
198.63,27743166464
198.92,27743166464
199.19,27743166464
199.48,27743166464
199.76,27743166464
200.04,27743166464
200.32,27743166464
200.60,27743166464
200.89,27743166464
201.17,27743166464
201.45,27742961664
201.73,27742961664
202.02,27742961664
202.30,27742961664
202.58,27743092736
202.86,27743092736
203.14,27743223808
203.43,27743223808
203.70,27743223808
203.99,27743223808
204.28,27743223808
204.56,27743223808
204.86,27743223808
205.14,27743223808
205.42,27743223808
205.70,27743223808
205.98,27743223808
206.27,27743223808
206.54,27743223808
206.83,27743223808
207.12,27743223808
207.40,27743223808
207.68,27743223808
207.96,27743223808
208.24,27743223808
208.53,27743223808
208.81,27743223808
209.09,27743223808
209.37,27743223808
209.65,27743223808
209.93,27743223808
210.22,27743223808
210.50,27743223808
210.79,27743223808
211.07,27743223808
211.36,27743223808
211.65,27743039488
211.93,27743039488
212.21,27743170560
212.49,27743170560
212.77,27743170560
213.06,27743170560
213.34,27743170560
213.62,27743170560
213.90,27743170560
214.18,27743170560
214.46,27743170560
214.74,27743170560
215.03,27743170560
215.31,27743170560
215.59,27743170560
215.88,27743170560
216.16,27743170560
216.44,27743170560
216.72,27743170560
217.00,27743170560
217.28,27743170560
217.56,27743170560
217.84,27743170560
218.13,27743170560
218.41,27743170560
218.69,27743170560
218.98,27743170560
219.26,27743170560
219.54,27743170560
219.82,27743170560
220.10,27743170560
220.38,27743170560
220.66,27743170560
220.94,27743170560
221.22,27743170560
221.51,27742982144
221.78,27742982144
222.06,27742982144
222.35,27742982144
222.63,27742982144
222.90,27742982144
223.19,27742982144
223.47,27743113216
223.75,27743113216
224.03,27743113216
224.31,27743113216
224.60,27743113216
224.87,27743113216
225.16,27743113216
225.44,27743113216
225.72,27743113216
226.00,27743113216
226.28,27743113216
226.56,27743113216
226.85,27743113216
227.13,27743113216
227.41,27743113216
227.69,27743113216
227.97,27743113216
228.25,27743113216
228.53,27743113216
228.81,27743113216
229.10,27743113216
229.38,27743113216
229.66,27743113216
229.94,27743113216
230.22,27743113216
230.50,27743113216
230.78,27743113216
231.07,27743113216
231.35,27743113216
231.63,27742924800
231.91,27742924800
232.19,27742924800
232.47,27742924800
232.75,27742924800
233.03,27743186944
233.31,27743186944
233.59,27743186944
233.87,27743186944
234.15,27743186944
234.43,27743186944
234.71,27743186944
234.99,27743186944
235.27,27743186944
235.55,27743186944
235.84,27743186944
236.12,27743186944
236.40,27743186944
236.68,27743186944
236.95,27743186944
237.23,27743186944
237.51,27743186944
237.79,27743186944
238.06,27743186944
238.35,27743186944
238.63,27743186944
238.91,27743186944
239.19,27743186944
239.48,27743186944
239.76,27743186944
240.04,27743186944
240.32,27743186944
240.61,27743186944
240.89,27743186944
241.18,27743186944
241.46,27742986240
241.74,27743117312
242.02,27743117312
242.30,27743117312
242.58,27743117312
242.86,27743117312
243.15,27743117312
243.43,27743117312
243.71,27743117312
244.00,27743117312
244.28,27743117312
244.55,27743117312
244.83,27743117312
245.11,27743117312
245.39,27743117312
245.67,27743117312
245.96,27743117312
246.24,27743117312
246.52,27743117312
246.80,27743117312
247.08,27743117312
247.37,27743117312
247.65,27743117312
247.93,27743117312
248.20,27743117312
248.49,27743117312
248.77,27743117312
249.05,27743117312
249.34,27743117312
249.62,27743117312
249.91,27743117312
250.19,27743117312
250.47,27743117312
250.75,27743117312
251.03,27743117312
251.32,27743117312
251.60,27742912512
251.88,27743174656
252.16,27743174656
252.44,27743174656
252.73,27743174656
253.01,27743174656
253.29,27743174656
253.57,27743174656
253.85,27743174656
254.14,27743174656
254.42,27743174656
254.71,27743174656
254.99,27743174656
255.27,27743174656
255.56,27743174656
255.83,27743174656
256.12,27743174656
256.40,27743174656
256.68,27743174656
256.97,27743174656
257.25,27743174656
257.53,27743174656
257.81,27743174656
258.09,27743174656
258.37,27743174656
258.65,27743174656
258.93,27743174656
259.21,27743174656
259.50,27743174656
259.78,27743174656
260.06,27743174656
260.34,27743174656
260.63,27743174656
260.91,27743174656
261.19,27743174656
261.47,27743174656
261.75,27743174656
262.04,27743174656
262.32,27743174656
262.61,27743174656
262.90,27743174656
263.18,27743174656
263.46,27743174656
263.75,27743174656
264.03,27743174656
264.32,27743174656
264.60,27743174656
264.88,27743174656
265.16,27743174656
265.44,27743174656
265.72,27743174656
266.00,27743174656
266.28,27743174656
266.57,27743174656
266.85,27743174656
267.13,27743174656
267.41,27743174656
267.69,27743174656
267.98,27743174656
268.26,27743174656
268.54,27743174656
268.82,27743174656
269.10,27743174656
269.38,27743174656
269.66,27743174656
269.95,27743174656
270.23,27743174656
270.51,27743174656
270.80,27743174656
271.07,27743174656
271.36,27743174656
271.64,27743100928
271.92,27743100928
272.21,27743100928
272.49,27743100928
272.77,27743100928
273.06,27743100928
273.34,27743100928
273.62,27743100928
273.91,27743100928
274.19,27743100928
274.48,27743100928
274.76,27743100928
275.04,27743100928
275.32,27743100928
275.60,27743100928
275.88,27743100928
276.17,27743100928
276.45,27743100928
276.73,27743100928
277.01,27743100928
277.30,27743100928
277.58,27743100928
277.87,27743100928
278.15,27743100928
278.44,27743100928
278.72,27743100928
279.00,27743100928
279.29,27743100928
279.57,27743100928
279.86,27743100928
280.13,27743100928
280.42,27743100928
280.70,27743100928
280.98,27743100928
281.26,27743100928
281.55,27742904320
281.83,27743166464
282.11,27743166464
282.40,27743166464
282.68,27743166464
282.97,27743166464
283.25,27743166464
283.53,27743166464
283.82,27743166464
284.11,27743166464
284.39,27743166464
284.68,27743166464
284.97,27743166464
285.25,27743166464
285.54,27743166464
285.82,27743166464
286.10,27743166464
286.38,27743166464
286.66,27743166464
286.95,27743166464
287.23,27743166464
287.51,27743166464
287.80,27743166464
288.08,27743166464
288.36,27743166464
288.64,27743166464
288.91,27743166464
289.19,27743166464
289.48,27743166464
289.75,27743166464
290.04,27743166464
290.32,27743166464
290.60,27743166464
290.88,27743166464
291.16,27743166464
291.45,27742982144
291.73,27742982144
292.02,27742982144
292.30,27743113216
292.58,27743113216
292.86,27743113216
293.15,27743113216
293.43,27743113216
293.71,27743113216
293.99,27743113216
294.27,27743113216
294.56,27743113216
294.85,27743113216
295.13,27743113216
295.41,27743113216
295.70,27743113216
295.98,27743113216
296.27,27743113216
296.55,27743113216
296.83,27743113216
297.12,27743113216
297.41,27743113216
297.69,27743113216
297.98,27743113216
298.26,27743113216
298.54,27743113216
298.83,27743113216
299.11,27743113216
299.39,27743113216
299.67,27743113216
299.95,27743113216
300.23,27743113216
300.52,27743113216
300.80,27743113216
301.09,27743113216
301.37,27743113216
301.65,27742924800
301.94,27742924800
302.22,27742924800
302.50,27742924800
302.79,27742924800
303.08,27743055872
303.36,27743055872
303.64,27743055872
303.93,27743055872
304.21,27743055872
304.49,27743055872
304.77,27743055872
305.05,27743055872
305.33,27743055872
305.62,27743055872
305.91,27743055872
306.19,27743055872
306.47,27743055872
306.75,27743055872
307.03,27743055872
307.31,27743055872
307.59,27743055872
307.87,27743055872
308.15,27743055872
308.43,27743055872
308.71,27743055872
309.00,27743055872
309.28,27743055872
309.56,27743055872
309.84,27743055872
310.13,27743055872
310.41,27743055872
310.69,27743055872
310.97,27743055872
311.25,27743055872
311.53,27742863360
311.81,27742863360
312.09,27743125504
312.37,27743125504
312.66,27743125504
312.93,27743125504
313.21,27743125504
313.50,27743125504
313.78,27743125504
314.06,27743125504
314.34,27743125504
314.63,27743125504
314.90,27743125504
315.19,27743125504
315.46,27743125504
315.75,27743125504
316.03,27743125504
316.32,27743125504
316.60,27743125504
316.88,27743125504
317.17,27743125504
317.45,27743125504
317.74,27743125504
318.02,27743125504
318.30,27743125504
318.58,27743125504
318.87,27743125504
319.15,27743125504
319.43,27743125504
319.71,27743125504
319.99,27743125504
320.28,27743125504
320.56,27743125504
320.85,27743125504
321.13,27743125504
321.42,27742941184
321.71,27742941184
321.99,27743072256
322.27,27743072256
322.56,27743072256
322.83,27743072256
323.11,27743072256
323.39,27743072256
323.68,27743072256
323.97,27743072256
324.25,27743072256
324.54,27743072256
324.82,27743072256
325.10,27743072256
325.38,27743072256
325.67,27743072256
325.95,27743072256
326.23,27743072256
326.52,27743072256
326.81,27743072256
327.09,27743072256
327.37,27743072256
327.65,27743072256
327.93,27743072256
328.22,27743072256
328.50,27743072256
328.78,27743072256
329.07,27743072256
329.35,27743072256
329.63,27743072256
329.91,27743072256
330.20,27743072256
330.48,27743072256
330.76,27743072256
331.05,27743072256
331.33,27743072256
331.61,27742887936
331.89,27742887936
332.18,27742887936
332.46,27742887936
332.74,27743150080
333.02,27743150080
333.30,27743150080
333.58,27743150080
333.86,27743150080
334.14,27743150080
334.43,27743150080
334.71,27743150080
334.99,27743150080
335.27,27743150080
335.55,27743150080
335.83,27743150080
336.11,27743150080
336.39,27743150080
336.67,27743150080
336.95,27743150080
337.23,27743150080
337.51,27743150080
337.80,27743150080
338.07,27743150080
338.35,27743150080
338.63,27743150080
338.91,27743150080
339.19,27743150080
339.48,27743150080
339.76,27743150080
340.04,27743150080
340.33,27743150080
340.61,27743150080
340.90,27743150080
341.18,27743150080
341.46,27719090176
341.76,27718828032
342.04,27718959104
342.32,27718959104
342.60,27718959104
342.88,27718959104
343.17,27718959104
343.45,27718959104
343.73,27718959104
344.02,27717779456
344.30,27717779456
344.58,27717779456
344.86,27717779456
345.14,27717779456
345.43,27717779456
345.71,27717779456
345.99,27717779456
346.28,27717779456
346.56,27717779456
346.84,27717779456
347.12,27717779456
347.41,27717779456
347.69,27717779456
347.97,27717779456
348.26,27717779456
348.54,27717779456
348.82,27717779456
349.11,27717779456
349.39,27717779456
349.67,27717779456
349.96,27717779456
350.24,27717779456
350.52,27717779456
350.81,27717779456
351.10,27717779456
351.38,27717779456
351.67,27717304320
351.95,27717304320
352.24,27717304320
352.52,27717304320
352.81,27717304320
353.09,27717304320
353.37,27717304320
353.66,27717304320
353.94,27717304320
354.22,27717304320
354.50,27717304320
354.78,27717304320
355.06,27717304320
355.35,27717304320
355.63,27717304320
355.92,27717304320
356.20,27717304320
356.48,27717304320
356.76,27717304320
357.05,27717304320
357.33,27717304320
357.61,55432933376
357.89,55432933376
358.18,55432933376
358.45,55415631872
358.74,55392038912
359.02,55372115968
359.31,55352848384
359.60,55329124352
359.87,55304876032
360.16,55281020928
360.44,55256772608
360.72,55232262144
361.00,55208931328
361.29,55185076224
361.57,55161569280
361.85,55137845248
362.13,55114383360
362.42,55091576832
362.69,55069949952
362.98,55045832704
363.26,55021453312
363.55,54997991424
363.83,54972694528
364.11,54953689088
364.40,54931013632
364.68,54905585664
364.96,54880550912
365.25,54856957952
365.53,54834937856
365.81,54815014912
366.09,54791028736
366.38,54767697920
366.66,54743056384
366.94,54719070208
367.22,54696656896
367.50,54672408576
367.78,54649602048
368.06,54625615872
368.34,54600974336
368.63,54576988160
368.91,54552084480
369.20,54528491520
369.48,54503849984
369.77,54484844544
370.05,54461906944
370.33,54439231488
370.61,54415769600
370.89,54391390208
371.17,54366486528
371.45,54342160384
371.73,54317649920
372.01,54293008384
372.30,54275969024
372.58,54251458560
372.86,54228127744
373.14,54203092992
373.42,54178320384
373.70,54154727424
373.98,54132051968
374.26,54107672576
374.54,54084603904
374.82,54060748800
375.10,54042529792
375.38,54019592192
375.66,53995343872
375.94,53971357696
376.23,53947240448
376.51,53924564992
376.79,53909098496
377.07,53893763072
377.35,53870563328
377.64,53847363584
377.92,53823901696
378.20,53799391232
378.48,53774487552
378.76,53753122816
379.04,53730578432
379.32,53706330112
379.61,53683523584
379.89,53660717056
380.18,53636206592
380.46,53611433984
380.74,53586661376
381.02,53562937344
381.30,53538951168
381.58,53515751424
381.86,53493469184
382.13,53471580160
382.42,53447987200
382.70,53425704960
382.98,53405257728
383.26,53384941568
383.54,53361872896
383.83,53338673152
384.10,53315866624
384.39,53291749376
384.67,53268025344
384.96,53244432384
385.24,53219921920
385.52,53196066816
385.81,53172080640
386.09,53149143040
386.38,53125943296
386.65,53102612480
386.93,53078102016
387.21,53054509056
387.49,53035765760
387.78,53012041728
388.06,52988186624
388.34,52964069376
388.62,52939427840
388.90,52923305984
389.19,52904562688
389.47,52885950464
389.75,52865110016
390.04,52841910272
390.32,52817137664
390.61,52796821504
390.90,52775063552
391.19,52753305600
391.47,52730036224
391.75,52706443264
392.03,52683636736
392.32,52659781632
392.60,52636319744
392.88,52612595712
393.17,52590051328
393.44,52571439104
393.73,52547059712
394.01,52524122112
394.30,52504854528
394.58,52482572288
394.86,52458323968
395.14,52434862080
395.43,52415856640
395.71,52392656896
396.00,52370112512
396.28,52345995264
396.56,52322271232
396.84,52300120064
397.12,52276002816
397.41,52253196288
397.69,52230258688
397.97,52211122176
398.26,52191985664
398.54,52170620928
398.82,52146765824
399.10,52126580736
399.39,52103118848
399.67,52080181248
399.95,52058816512
400.23,52035747840
400.51,52010844160
400.80,51986857984
401.08,51963265024
401.36,51941244928
401.64,51918245888
401.92,51902386176
402.21,51878924288
402.49,51858870272
402.77,51839471616
403.06,51815747584
403.35,51791892480
403.63,51768692736
403.91,51750080512
404.19,51725701120
404.47,51702370304
404.76,51679039488
405.04,51655577600
405.31,51631591424
405.60,51614814208
405.88,51597643776
406.16,51575623680
406.45,51552292864
406.73,51530141696
407.01,51506941952
407.29,51483217920
407.57,51459493888
407.85,51436818432
408.13,51413225472
408.41,51390025728
408.69,51365253120
408.98,51341791232
409.26,51323441152
409.55,51299717120
409.83,51275599872
410.12,51251482624
410.40,51226841088
410.69,51204689920
410.97,51181228032
411.25,51158290432
411.52,51135287296
411.81,51112087552
412.09,51089281024
412.37,51068702720
412.65,51046289408
412.94,51023220736
413.22,51000152064
413.50,50981015552
413.78,50962141184
414.06,50938679296
414.35,50916659200
414.62,50894114816
414.91,50871570432
415.19,50849288192
415.47,50830938112
415.76,50807738368
416.04,50784407552
416.32,50761338880
416.60,50738270208
416.89,50719789056
417.18,50696982528
417.45,50673258496
417.73,50649665536
418.01,50627252224
418.30,50603921408
418.57,50584653824
418.85,50561454080
419.13,50537598976
419.41,50513350656
419.69,50489495552
419.97,50465247232
420.26,50440867840
420.54,50418192384
420.82,50396565504
421.10,50372841472
421.38,50350166016
421.67,50325975040
421.96,50303692800
422.24,50280230912
422.52,50256900096
422.81,50233831424
423.09,50210107392
423.38,50187563008
423.67,50164494336
423.95,50142081024
424.23,50119667712
424.50,50096992256
424.78,50074578944
425.06,50056491008
425.35,50033291264
425.62,50010877952
425.90,49988202496
426.18,49965133824
426.46,49941409792
426.75,49917423616
427.04,49897369600
427.32,49877184512
427.60,49855426560
427.87,49840353280
428.16,49824231424
428.44,49800769536
428.73,49777963008
429.01,49756073984
429.29,49733267456
429.57,49715965952
429.85,49692635136
430.14,49669173248
430.42,49645973504
430.70,49622904832
430.99,49599442944
431.27,49576767488
431.55,49557315584
431.83,49534640128
432.12,49511440384
432.40,49488896000
432.69,49465827328
432.97,49445511168
433.25,49422573568
433.53,49399111680
433.81,49374339072
434.10,49351401472
434.39,49329119232
434.67,49305657344
434.96,49283506176
435.24,49260830720
435.52,49238941696
435.80,49220198400
436.08,49197785088
436.37,49173929984
436.65,49150074880
436.94,49126744064
437.21,49108262912
437.50,49088077824
437.78,49065926656
438.05,49050591232
438.33,49035124736
438.62,49017561088
438.90,48993050624
439.18,48969719808
439.47,48948879360
439.75,48927514624
440.03,48906149888
440.31,48882556928
440.60,48859619328
440.88,48838123520
441.16,48815054848
441.45,48791793664
441.73,48775540736
442.02,48752865280
442.30,48730320896
442.57,48711839744
442.86,48711970816
443.14,48711970816
443.42,48691654656
443.70,48675270656
443.98,48653643776
444.26,48630575104
444.54,48608292864
444.82,48586403840
445.10,48563990528
445.38,48541315072
445.67,48518508544
445.95,48496095232
446.23,48472895488
446.51,48450351104
446.79,48427544576
447.07,48404738048
447.35,48380489728
447.63,48357945344
447.92,48335925248
448.20,48318361600
448.48,48296734720
448.77,48273141760
449.06,48251645952
449.34,48229625856
449.62,48207212544
449.90,48183226368
450.19,48161075200
450.47,48137351168
450.75,48118607872
451.03,48100913152
451.31,48078761984
451.59,48055246848
451.87,48032309248
452.16,48009764864
452.44,47985778688
452.72,47962447872
453.00,47939772416
453.29,47915655168
453.57,47893635072
453.85,47876202496
454.14,47859687424
454.42,47838060544
454.71,47815516160
454.98,47793233920
455.26,47771213824
455.54,47754305536
455.83,47731630080
456.11,47708823552
456.39,47686541312
456.68,47664521216
456.96,47641714688
457.24,47618908160
457.52,47596363776
457.81,47573295104
458.09,47551406080
458.37,47528075264
458.65,47504875520
458.94,47483904000
459.22,47460835328
459.50,47437766656
459.78,47413780480
460.06,47390580736
460.35,47365939200
460.64,47344050176
460.92,47321243648
461.21,47299223552
461.49,47275950080
461.77,47252881408
462.06,47228895232
462.34,47206744064
462.62,47183413248
462.90,47160475648
463.19,47137406976
463.47,47115255808
463.75,47097823232
464.04,47075016704
464.32,47052865536
464.60,47030190080
464.88,47007383552
465.16,46985101312
465.44,46961901568
465.73,46939226112
466.01,46916288512
466.29,46893613056
466.57,46875000832
466.85,46851670016
467.14,46828339200
467.43,46805663744
467.70,46784036864
467.98,46760443904
468.27,46737768448
468.55,46715224064
468.83,46692548608
469.11,46669742080
469.39,46647721984
469.67,46623997952
469.96,46600929280
470.24,46577991680
470.52,46554529792
470.80,46531854336
471.08,46508523520
471.36,46484537344
471.65,46461657088
471.93,46438588416
472.21,46415912960
472.49,46392844288
472.77,46368727040
473.06,46345396224
473.35,46328619008
473.63,46304632832
473.91,46284578816
474.19,46261903360
474.48,46238441472
474.76,46215503872
475.05,46193614848
475.32,46175526912
475.60,46151933952
475.89,46128209920
476.17,46106189824
476.45,46083121152
476.73,46059134976
477.01,46036983808
477.30,46018109440
477.58,45995040768
477.86,45975642112
478.14,45951918080
478.43,45929373696
478.71,45906305024
478.99,45883367424
479.27,45864493056
479.56,45842079744
479.83,45818748928
480.12,45795287040
480.40,45770907648
480.69,45747707904
480.97,45730275328
481.26,45707862016
481.54,45684330496
481.82,45660999680
482.11,45638455296
482.39,45614731264
482.68,45591269376
482.96,45567676416
483.24,45544869888
483.52,45522063360
483.80,45499650048
484.08,45475663872
484.36,45455085568
484.65,45438439424
484.93,45414715392
485.22,45391384576
485.50,45368315904
485.78,45345902592
486.06,45323227136
486.34,45300682752
486.62,45277745152
486.90,45255462912
487.18,45231345664
487.47,45208801280
487.75,45186256896
488.04,45162795008
488.33,45141168128
488.61,45118623744
488.89,45095555072
489.18,45072617472
489.46,45050204160
489.74,45027397632
490.02,45005377536
490.31,44981915648
490.59,44960419840
490.88,44937220096
491.17,44915462144
491.45,44892844032
491.73,44870299648
492.01,44847886336
492.29,44824424448
492.57,44799520768
492.86,44776714240
493.14,44753383424
493.42,44728610816
493.70,44708032512
493.99,44685357056
494.27,44662550528
494.56,44639875072
494.83,44615757824
495.12,44592295936
495.40,44573552640
495.68,44550483968
495.97,44534624256
496.25,44534624256
496.52,27717238784
496.81,27717238784
497.09,27717238784
497.38,27717238784
497.66,27717238784
497.94,27717238784
498.22,27717238784
498.50,27717238784
498.78,27717238784
499.06,27717238784
499.35,27717238784
499.63,27717238784
499.92,27717238784
500.19,27717238784
500.48,27717238784
500.76,27717238784
501.04,27717238784
501.32,27717238784
501.61,27717033984
501.89,27717165056
502.17,27717165056
502.45,27717165056
502.74,27717165056
503.02,27717165056
503.31,27717165056
503.59,27717165056
503.87,27717165056
504.16,27717165056
504.44,27717165056
504.72,27717165056
505.00,27717165056
505.28,27717165056
505.57,27717165056
505.85,27717165056
506.13,27717165056
506.42,27717165056
506.70,27717165056
506.98,27717165056
507.26,27717165056
507.55,27717165056
507.83,27717165056
508.11,27717165056
508.39,27717165056
508.67,27717165056
508.95,27717165056
509.24,27717165056
509.52,27717165056
509.80,27717165056
510.08,27717165056
510.37,27717165056
510.65,27717165056
510.94,27717165056
511.21,27717165056
511.50,27716976640
511.77,27716976640
512.06,27716976640
512.35,27716976640
512.64,27716976640
512.92,27716976640
513.20,27717238784
513.48,27717238784
513.76,27717238784
514.04,27717238784
514.32,27717238784
514.60,27717238784
514.88,27717238784
515.17,27717238784
515.44,27717238784
515.73,27717238784
516.01,27717238784
516.29,27717238784
516.57,27717238784
516.85,27717238784
517.14,27717238784
517.42,27717238784
517.70,27717238784
517.98,27717238784
518.26,27717238784
518.54,27717238784
518.82,27717238784
519.11,27717238784
519.39,27717238784
519.68,27717238784
519.96,27717238784
520.23,27717238784
520.52,27717238784
520.80,27717238784
521.08,27717238784
521.36,27717238784
521.64,27717054464
521.92,27717054464
522.21,27717185536
522.50,27717185536
522.77,27717185536
523.05,27717185536
523.34,27717185536
523.62,27717185536
523.90,27717185536
524.18,27717185536
524.46,27717185536
524.75,27717185536
525.03,27717185536
525.32,27717185536
525.60,27717185536
525.88,27717185536
526.16,27717185536
526.44,27717185536
526.73,27717185536
527.01,27717185536
527.29,27717185536
527.57,27717185536
527.85,27717185536
528.13,27717185536
528.41,27717185536
528.68,27717185536
528.97,27717185536
529.24,27717185536
529.52,27717185536
529.80,27717185536
530.09,27717185536
530.37,27717185536
530.65,27717185536
530.94,27717185536
531.22,27717185536
531.50,27716988928
531.78,27716988928
532.06,27716988928
532.35,27716988928
532.63,27717251072
532.92,27717251072
533.20,27717251072
533.49,27717251072
533.76,27717251072
534.05,27717251072
534.33,27717251072
534.61,27717251072
534.89,27717251072
535.18,27717251072
535.46,27717251072
535.75,27717251072
536.03,27717251072
536.30,27717251072
536.59,27717251072
536.87,27717251072
537.15,27717251072
537.43,27717251072
537.71,27717251072
538.00,27717251072
538.27,27717251072
538.56,27717251072
538.85,27717251072
539.13,27717251072
539.41,27717251072
539.70,27717251072
539.98,27717251072
540.26,27717251072
540.54,27717251072
540.82,27717251072
541.10,27717251072
541.39,27717251072
541.67,27717054464
541.96,27717054464
542.23,27717054464
542.51,27717054464
542.79,27717054464
543.07,27717054464
543.35,27717316608
543.63,27717316608
543.91,27717316608
544.20,27717316608
544.48,27717316608
544.76,27717316608
545.05,27717316608
545.33,27717316608
545.61,27717316608
545.89,27717316608
546.18,27717316608
546.46,27717316608
546.75,27717316608
547.03,27717316608
547.31,27717316608
547.60,27717316608
547.88,27717316608
548.16,27717316608
548.44,27717316608
548.72,27717316608
549.00,27717316608
549.28,27717316608
549.57,27717316608
549.85,27717316608
550.13,27717316608
550.41,27717316608
550.69,27717316608
550.98,27717316608
551.26,27717316608
551.53,27717124096
551.82,27717255168
552.11,27717255168
552.39,27717255168
552.66,27717255168
552.94,27717255168
553.23,27717255168
553.50,27717255168
553.79,27717255168
554.07,27717255168
554.35,27717255168
554.63,27717255168
554.91,27717255168
555.20,27717255168
555.48,27717255168
555.76,27717255168
556.04,27717255168
556.33,27717255168
556.61,27717255168
556.89,27717255168
557.17,27717255168
557.46,27717255168
557.74,27717255168
558.02,27717255168
558.30,27717255168
558.59,27717255168
558.86,27717255168
559.14,27717255168
559.42,27717255168
559.70,27717255168
559.98,27717255168
560.26,27717255168
560.55,27717255168
560.83,27717255168
561.10,27717255168
561.38,27717255168
561.66,27717074944
561.94,27717337088
562.22,27717337088
562.50,27717337088
562.77,27717337088
563.05,27717337088
563.33,27717337088
563.61,27717337088
563.89,27717337088
564.18,27717337088
564.47,27717337088
564.75,27717337088
565.03,27717337088
565.31,27717337088
565.59,27717337088
565.87,27717337088
566.15,27717337088
566.44,27717337088
566.71,27717337088
567.00,27717337088
567.28,27717337088
567.55,27717337088
567.83,27717337088
568.12,27717337088
568.40,27717337088
568.68,27717337088
568.97,27717337088
569.25,27717337088
569.54,27717337088
569.82,27717337088
570.09,27717337088
570.37,27717337088
570.65,27717337088
570.94,27717337088
571.22,27717337088
571.50,27717152768
571.78,27717152768
572.06,27717152768
572.34,27717152768
572.63,27717152768
572.91,27717152768
573.19,27717152768
573.47,27717152768
573.76,27717152768
574.05,27717152768
574.33,27717152768
574.61,27717152768
574.89,27717152768
575.18,27717152768
575.47,27717152768
575.75,27717283840
576.03,27717283840
576.31,27717283840
576.60,27717283840
576.88,27717283840
577.16,27717283840
577.44,27717283840
577.72,27717283840
578.00,27717283840
578.29,27717283840
578.58,27717283840
578.86,27717283840
579.14,27717283840
579.42,27717283840
579.71,27717283840
579.99,27717283840
580.27,27717283840
580.56,27717283840
580.83,27717283840
581.12,27717283840
581.40,27717283840
581.68,27717095424
581.97,27717095424
582.25,27717095424
582.53,27717357568
582.81,27717357568
583.09,27717357568
583.37,27717357568
583.65,27717357568
583.93,27717357568
584.20,27717357568
584.49,27717357568
584.77,27717357568
585.05,27717357568
585.33,27717357568
585.61,27717357568
585.89,27717357568
586.18,27717357568
586.46,27717357568
586.74,27717357568
587.02,27717357568
587.31,27717357568
587.59,27717357568
587.87,27717357568
588.14,27717357568
588.43,27717357568
588.71,27717357568
588.98,27717357568
589.26,27717357568
589.55,27717357568
589.83,27717357568
590.11,27717357568
590.39,27717357568
590.67,27717357568
590.95,27717357568
591.23,27717357568
591.51,27717165056
591.80,27717165056
592.08,27717165056
592.36,27717296128
592.64,27717296128
592.92,27717296128
593.21,27717296128
593.48,27717296128
593.77,27717296128
594.04,27717296128
594.32,27717296128
594.61,27717296128
594.89,27717296128
595.17,27717296128
595.46,27717296128
595.74,27717296128
596.02,27717296128
596.31,27717296128
596.60,27717296128
596.88,27717296128
597.16,27717296128
597.44,27717296128
597.72,27717296128
598.00,27717296128
598.28,27717296128
598.57,27717296128
598.85,27717296128
599.13,27717296128
599.41,27717296128
599.69,27717296128
599.98,27717296128
600.25,27717296128
600.54,27717296128
600.82,27717296128
601.11,27717296128
601.38,27717296128
601.66,27717107712
601.94,27717107712
602.22,27717369856
602.50,27717369856
602.79,27717369856
603.06,27717369856
603.35,27717369856
603.64,27717369856
603.91,27717369856
604.19,27717369856
604.48,27717369856
604.76,27717369856
605.04,27717369856
605.33,27717369856
605.61,27717369856
605.89,27717369856
606.17,27717369856
606.45,27717369856
606.73,27717369856
607.01,27717369856
607.29,27717369856
607.58,27717369856
607.85,27717369856
608.14,27717369856
608.42,27717369856
608.71,27717369856
609.00,27717369856
609.27,27717369856
609.56,27717369856
609.84,27717369856
610.12,27717369856
610.40,27717369856
610.67,27717369856
610.96,27717369856
611.24,27717369856
611.52,27717185536
611.80,27717185536
612.08,27717316608
612.37,27717316608
612.65,27717316608
612.93,27717316608
613.22,27717316608
613.50,27717316608
613.78,27717316608
614.07,27717316608
614.35,27717316608
614.63,27717316608
614.91,27717316608
615.20,27717316608
615.48,27717316608
615.76,27717316608
616.04,27717316608
616.33,27717316608
616.60,27717316608
616.88,27717316608
617.17,27717316608
617.45,27717316608
617.73,27717316608
618.01,27717316608
618.29,27717316608
618.57,27717316608
618.85,27717316608
619.14,27717316608
619.41,27717316608
619.70,27717316608
619.98,27717316608
620.26,27717316608
620.55,27717316608
620.83,27717316608
621.12,27717316608
621.40,27717316608
621.68,27717128192
621.97,27717128192
622.25,27717259264
622.53,27717259264
622.81,27717259264
623.10,27717259264
623.37,27717259264
623.65,27717259264
623.94,27717259264
624.23,27717259264
624.51,27717259264
624.80,27717259264
625.07,27717259264
625.35,27717259264
625.62,27717259264
625.90,27717259264
626.18,27717259264
626.46,27717259264
626.74,27717259264
627.02,27717259264
627.30,27717259264
627.58,27717259264
627.86,27717259264
628.14,27717259264
628.42,27717259264
628.70,27717259264
628.99,27717259264
629.28,27717259264
629.56,27717259264
629.85,27717259264
630.13,27717259264
630.41,27717259264
630.70,27717259264
630.98,27717259264
631.26,27717259264
631.55,27717070848
631.83,27717070848
632.11,27717070848
632.39,27717332992
632.67,27717332992
632.95,27717332992
633.23,27717332992
633.51,27717332992
633.79,27717332992
634.08,27717332992
634.36,27717332992
634.64,27717332992
634.92,27717332992
635.19,27717332992
635.47,27717332992
635.75,27717332992
636.03,27717332992
636.30,27717332992
636.58,27717332992
636.86,27717332992
637.14,27717332992
637.42,27717332992
637.70,27717332992
637.99,27717332992
638.26,27717332992
638.55,27717332992
638.84,27717332992
639.12,27717332992
639.40,27717332992
639.68,27717332992
639.95,27717332992
640.23,27717332992
640.51,27717332992
640.79,27717332992
641.08,27717332992
641.35,27717332992
641.63,27717124096
641.91,27717124096
642.19,27717124096
642.47,27717255168
642.75,27717255168
643.03,27717255168
643.32,27717255168
643.60,27717255168
643.88,27717255168
644.16,27717255168
644.43,27717255168
644.72,27717255168
645.00,27717255168
645.28,27717255168
645.55,27717255168
645.83,27717255168
646.12,27717255168
646.40,27717255168
646.68,27717255168
646.96,27717255168
647.25,27717255168
647.53,27717255168
647.82,27717255168
648.10,27717255168
648.39,27717255168
648.67,27717255168
648.96,27717255168
649.24,27717255168
649.53,27717255168
649.81,27717255168
650.09,27717255168
650.38,27717255168
650.66,27717255168
650.95,27717255168
651.23,27717255168
651.51,27717054464
651.80,27717316608
652.08,27717316608
652.36,27717316608
652.64,27717316608
652.93,27717316608
653.22,27717316608
653.50,27717316608
653.78,27717316608
654.07,27717316608
654.35,27717316608
654.62,27717316608
654.90,27717316608
655.19,27717316608
655.47,27717316608
655.75,27717316608
656.04,27717316608
656.33,27717316608
656.61,27717316608
656.89,27717316608
657.17,27717316608
657.46,27717316608
657.74,27717316608
658.03,27717316608
658.31,27717316608
658.59,27717316608
658.87,27717316608
659.15,27717316608
659.44,27717316608
659.72,27717316608
660.00,27717316608
660.29,27717316608
660.58,27717316608
660.86,27717316608
661.13,27717316608
661.41,27717316608
661.69,27717316608
661.97,27717316608
662.25,27717316608
662.54,27717316608
662.82,27717316608
663.10,27717316608
663.38,27717316608
663.67,27717316608
663.95,27717316608
664.23,27717316608
664.51,27717316608
664.79,27717316608
665.07,27717316608
665.35,27717316608
665.64,27717316608
665.92,27717316608
666.20,27717316608
666.49,27717316608
666.77,27717316608
667.05,27717316608
667.33,27717316608
667.61,27717316608
667.89,27717316608
668.17,27717316608
668.46,27717316608
668.75,27717316608
669.03,27717316608
669.32,27717316608
669.60,27717316608
669.88,27717316608
670.16,27717316608
670.44,27717316608
670.73,27717316608
671.01,27717316608
671.28,27717316608
671.56,27717156864
671.85,27717156864
672.13,27717156864
672.42,27717156864
672.71,27717287936
672.99,27717287936
673.28,27717287936
673.56,27717287936
673.84,27717287936
674.12,27717287936
674.40,27717287936
674.68,27717287936
674.97,27717287936
675.26,27717287936
675.55,27717287936
675.83,27717287936
676.10,27717287936
676.38,27717287936
676.66,27717287936
676.95,27717287936
677.23,27717287936
677.51,27717287936
677.80,27717287936
678.08,27717287936
678.37,27717287936
678.65,27717287936
678.93,27717287936
679.22,27717287936
679.50,27717287936
679.78,27717287936
680.07,27717287936
680.35,27717287936
680.63,27717287936
680.91,27717287936
681.19,27717287936
681.48,27717091328
681.76,27717091328
682.04,27717091328
682.32,27717091328
682.61,27717091328
682.89,27717353472
683.17,27717353472
683.46,27717353472
683.74,27717353472
684.02,27717353472
684.31,27717353472
684.59,27717353472
684.88,27717353472
685.16,27717353472
685.43,27717353472
685.72,27717353472
685.99,27717353472
686.28,27717353472
686.56,27717353472
686.85,27717353472
687.13,27717353472
687.41,27717353472
687.69,27717353472
687.97,27717353472
688.26,27717353472
688.54,27717353472
688.83,27717353472
689.11,27717353472
689.39,27717353472
689.67,27717353472
689.95,27717353472
690.24,27717353472
690.53,27717353472
690.80,27717353472
691.09,27717353472
691.37,27717353472
691.65,27717169152
691.94,27717169152
692.22,27717169152
692.51,27717300224
692.79,27717300224
693.07,27717300224
693.36,27717300224
693.64,27717300224
693.92,27717300224
694.21,27717300224
694.50,27717300224
694.79,27717300224
695.07,27717300224
695.36,27717300224
695.64,27717300224
695.92,27717300224
696.20,27717300224
696.48,27717300224
696.76,27717300224
697.05,27717300224
697.33,27717300224
697.61,27717300224
697.89,27717300224
698.17,27717300224
698.46,27717300224
698.74,27717300224
699.02,27717300224
699.30,27717300224
699.59,27717300224
699.87,27717300224
700.15,27717300224
700.45,27717300224
700.73,27717300224
701.01,27717300224
701.29,27717300224
701.58,27717111808
701.86,27717111808
702.15,27717111808
702.43,27717111808
702.71,27717111808
702.99,27717111808
703.28,27717111808
703.56,27717111808
703.84,27717111808
704.13,27717111808
704.41,27717111808
704.69,27717111808
704.97,27717111808
705.26,27717111808
705.54,27717373952
705.82,27717373952
706.11,27717373952
706.39,27717373952
706.66,27717373952
706.95,27717373952
707.23,27717373952
707.51,27717373952
707.79,27717373952
708.07,27717373952
708.35,27717373952
708.63,27717373952
708.91,27717373952
709.19,27717373952
709.47,27717373952
709.75,27717373952
710.04,27717373952
710.32,27717373952
710.60,27717373952
710.88,27717373952
711.16,27717373952
711.44,27717193728
711.73,27717193728
712.00,27717193728
712.29,27717193728
712.57,27717193728
712.86,27717324800
713.14,27717324800
713.42,27717324800
713.70,27717324800
713.99,27717324800
714.27,27717324800
714.55,27717324800
714.84,27717324800
715.13,27717324800
715.42,27717324800
715.71,27717324800
715.99,27717324800
716.27,27717324800
716.55,27717324800
716.84,27717324800
717.13,27717324800
717.41,27717324800
717.70,27717324800
717.98,27717324800
718.26,27717324800
718.53,27717324800
718.81,27717324800
719.09,27717324800
719.38,27717324800
719.66,27717324800
719.94,27717324800
720.22,27717324800
720.50,27717324800
720.78,27717324800
721.06,27717324800
721.35,27717324800
721.63,27717255168
721.91,27717255168
722.20,27717386240
722.48,27717386240
722.76,27717386240
723.04,27717386240
723.32,27717386240
723.60,27717386240
723.89,27717386240
724.16,27717386240
724.45,27717386240
724.73,27717386240
725.01,27717386240
725.30,27717386240
725.58,27717386240
725.86,27717386240
726.15,27717386240
726.43,27717386240
726.72,27717386240
727.00,27717386240
727.27,27717386240
727.56,27717386240
727.84,27717386240
728.12,27717386240
728.40,27717386240
728.68,27717386240
728.97,27717386240
729.25,27717386240
729.53,27717386240
729.81,27717386240
730.09,27717386240
730.37,27717386240
730.65,27717386240
730.93,27717386240
731.21,27717386240
731.50,27717197824
731.77,27717197824
732.06,27717197824
732.34,27717197824
732.63,27717197824
732.91,27717328896
733.19,27717328896
733.47,27717328896
733.75,27717328896
734.03,27717328896
734.32,27717328896
734.60,27717328896
734.89,27717328896
735.17,27717328896
735.46,27717328896
735.74,27717328896
736.02,27717328896
736.30,27717328896
736.59,27717328896
736.87,27717328896
737.15,27717328896
737.44,27717328896
737.72,27717328896
738.00,27717328896
738.28,27717328896
738.57,27717328896
738.86,27717328896
739.14,27717328896
739.42,27717328896
739.71,27717328896
739.99,27717328896
740.27,27717328896
740.55,27717328896
740.83,27717328896
741.11,27717328896
741.38,27717328896
741.67,27717328896
741.95,27717328896
742.24,27717328896
742.51,27717328896
742.80,27717328896
743.08,27717328896
743.37,27717328896
743.65,27717328896
743.93,27717328896
744.21,27717328896
744.49,27717328896
744.77,27717328896
745.05,27717328896
745.33,27717328896
745.62,27717328896
745.90,27717328896
746.18,27717328896
746.46,27717328896
746.74,27717328896
747.02,27717328896
747.30,27717328896
747.58,27717328896
747.86,27717328896
748.15,27717328896
748.43,27717328896
748.71,27717328896
748.99,27717328896
749.27,27717328896
749.55,27717328896
749.84,27717328896
750.12,27717328896
750.40,27717328896
750.69,27717328896
750.98,27717328896
751.25,27717328896
751.54,27717124096
751.83,27717124096
752.11,27717255168
752.39,27717255168
752.68,27717255168
752.96,27717255168
753.25,27717255168
753.52,27717255168
753.80,27717255168
754.08,27717255168
754.36,27717255168
754.63,27717255168
754.91,27717255168
755.19,27717255168
755.48,27717255168
755.76,27717255168
756.04,27717255168
756.31,27717255168
756.60,27717255168
756.88,27717255168
757.16,27717255168
757.44,27717255168
757.72,27717255168
758.00,27717255168
758.29,27717255168
758.57,27717255168
758.85,27717255168
759.13,27717255168
759.41,27717255168
759.69,27717255168
759.97,27717255168
760.25,27717255168
760.53,27717255168
760.82,27717255168
761.10,27717255168
761.38,27717255168
761.66,27717312512
761.94,27717312512
762.23,27717312512
762.51,27717312512
762.80,27717312512
763.08,27717312512
763.37,27717312512
763.65,27717312512
763.93,27717312512
764.22,27717312512
764.50,27717312512
764.78,27717312512
765.06,27717312512
765.34,27717312512
765.63,27717312512
765.91,27717312512
766.19,27717312512
766.48,27717312512
766.76,27717312512
767.04,27717312512
767.32,27717312512
767.60,27717312512
767.88,27717312512
768.17,27717312512
768.44,27717312512
768.73,27717312512
769.02,27717312512
769.30,27717312512
769.59,27717312512
769.87,27717312512
770.15,27717312512
770.44,27717312512
770.73,27717312512
771.01,27717312512
771.30,27717312512
771.58,27717111808
771.86,27717111808
772.14,27717242880
772.42,27717242880
772.71,27717242880
773.00,27717242880
773.28,27717242880
773.56,27717242880
773.84,27717242880
774.13,27717242880
774.41,27717242880
774.69,27717242880
774.97,27717242880
775.25,27717242880
775.53,27717242880
775.82,27717242880
776.10,27717373952
776.38,27717373952
776.66,27717373952
776.94,27717373952
777.23,27717373952
777.50,27717373952
777.78,27717373952
778.06,27717373952
778.34,27717373952
778.62,27717373952
778.90,27717373952
779.18,27717373952
779.47,27717373952
779.75,27717373952
780.03,27717373952
780.32,27717373952
780.59,27717373952
780.87,27717373952
781.15,27717373952
781.43,27717373952
781.71,27717185536
781.99,27717316608
782.27,27717316608
782.55,27717316608
782.84,27717316608
783.12,27717316608
783.40,27717316608
783.69,27717316608
783.97,27717316608
784.25,27717316608
784.52,27717316608
784.81,27717316608
785.09,27717316608
785.37,27717316608
785.65,27717316608
785.93,27717316608
786.21,27717316608
786.49,27717316608
786.77,27717316608
787.04,27717316608
787.32,27717316608
787.60,27717316608
787.88,27717316608
788.17,27717316608
788.44,27717316608
788.72,27717316608
789.00,27717316608
789.29,27717316608
789.57,27717316608
789.85,27717316608
790.14,27717316608
790.42,27717316608
790.69,27717316608
790.98,27717316608
791.25,27717316608
791.54,27717124096
791.82,27717124096
792.10,27717124096
792.39,27717124096
792.66,27717124096
792.96,27717124096
793.24,27717124096
793.52,27717124096
793.79,27717124096
794.08,27717124096
794.36,27717124096
794.64,27717255168
794.92,27717255168
795.20,27717255168
795.48,27717255168
795.75,27717255168
796.03,27717255168
796.32,27717255168
796.59,27717255168
796.87,27717255168
797.16,27717255168
797.43,27717255168
797.71,27717255168
797.99,27717255168
798.27,27717255168
798.54,27717255168
798.82,27717255168
799.10,27717255168
799.38,27717255168
799.66,27717255168
799.95,27717255168
800.23,27717255168
800.51,27717255168
800.79,27717255168
801.07,27717255168
801.35,27717255168
801.63,27717316608
801.91,27717316608
802.19,27717316608
802.47,27717316608
802.75,27717316608
803.03,27717316608
803.31,27717316608
803.59,27717316608
803.86,27717316608
804.15,27717316608
804.43,27717316608
804.71,27717316608
804.99,27717316608
805.27,27717316608
805.55,27717316608
805.83,27717316608
806.11,27717316608
806.40,27717316608
806.68,27717316608
806.95,27717316608
807.24,27717316608
807.52,27717316608
807.79,27717316608
808.08,27717316608
808.36,27717316608
808.65,27717316608
808.93,27717316608
809.21,27717316608
809.49,27717316608
809.77,27717316608
810.05,27717316608
810.34,27717316608
810.62,27717316608
810.90,27717316608
811.19,27717316608
811.47,27717128192
811.75,27717128192
812.03,27717128192
812.31,27717259264
812.59,27717259264
812.88,27717259264
813.16,27717259264
813.45,27717259264
813.74,27717259264
814.02,27717259264
814.30,27717259264
814.58,27717259264
814.87,27717259264
815.15,27717259264
815.43,27717259264
815.72,27717259264
816.00,27717259264
816.27,27717259264
816.55,27717259264
816.84,27717259264
817.12,27717259264
817.41,27717259264
817.69,27717259264
817.97,27717259264
818.25,27717259264
818.54,27717259264
818.82,27717259264
819.10,27717259264
819.39,27717259264
819.67,27717259264
819.96,27717259264
820.24,27717259264
820.53,27717259264
820.81,27717259264
821.10,27717259264
821.38,27717259264
821.66,27717320704
821.94,27717320704
822.23,27717320704
822.50,27717320704
822.79,27717320704
823.07,27717320704
823.35,27717320704
823.63,27717320704
823.91,27717320704
824.20,27717320704
824.48,27717320704
824.77,27717320704
825.05,27717320704
825.32,27717320704
825.60,27717320704
825.88,27717320704
826.16,27717320704
826.45,27717320704
826.73,27717320704
827.02,27717320704
827.30,27717320704
827.58,27717320704
827.86,27717320704
828.14,27717320704
828.43,27717320704
828.71,27717320704
829.00,27717320704
829.28,27717320704
829.56,27717320704
829.85,27717320704
830.13,27717320704
830.42,27717320704
830.69,27717320704
830.98,27717320704
831.26,27717320704
831.54,27717128192
831.82,27717128192
832.10,27717128192
832.38,27717128192
832.66,27717128192
832.94,27717259264
833.22,27717259264
833.51,27717259264
833.79,27717259264
834.07,27717259264
834.35,27717259264
834.63,27717259264
834.91,27717259264
835.19,27717259264
835.48,27717259264
835.75,27717259264
836.03,27717259264
836.32,27717259264
836.61,27717259264
836.89,27717259264
837.17,27717259264
837.45,27717259264
837.74,27717259264
838.02,27717259264
838.31,27717259264
838.59,27717259264
838.87,27717259264
839.16,27717259264
839.44,27717259264
839.72,27717259264
840.00,27717259264
840.28,27717259264
840.56,27717259264
840.85,27717259264
841.13,27717259264
841.41,27717259264
841.70,27717328896
841.98,27717328896
842.25,27717328896
842.54,27717328896
842.82,27717328896
843.10,27717328896
843.38,27717328896
843.66,27717328896
843.94,27717328896
844.22,27717328896
844.50,27717328896
844.78,27717328896
845.07,27717328896
845.36,27717328896
845.64,27717328896
845.92,27717328896
846.21,27717328896
846.49,27717328896
846.77,27717328896
847.06,27717328896
847.34,27717328896
847.62,27717328896
847.91,27717328896
848.19,27717328896
848.47,27717328896
848.75,27717328896
849.04,27717328896
849.33,27717328896
849.61,27717328896
849.90,27717328896
850.18,27717328896
850.47,27717328896
850.75,27717328896
851.04,27717328896
851.32,27717328896
851.60,27717124096
851.88,27717255168
852.17,27717255168
852.45,27717255168
852.74,27717255168
853.02,27717255168
853.30,27717255168
853.59,27717255168
853.88,27717255168
854.16,27717255168
854.45,27717255168
854.73,27717255168
855.01,27717386240
855.29,27717386240
855.58,27717386240
855.86,27717386240
856.14,27717386240
856.42,27717386240
856.71,27717386240
856.99,27717386240
857.27,27717386240
857.56,27717386240
857.84,27717386240
858.13,27717386240
858.41,27717386240
858.69,27717386240
858.98,27717386240
859.26,27717386240
859.54,27717386240
859.83,27717386240
860.11,27717386240
860.39,27717386240
860.67,27717386240
860.96,27717386240
861.23,27717386240
861.51,27717320704
861.79,27717320704
862.08,27717320704
862.36,27717320704
862.64,27717320704
862.92,27717320704
863.21,27717320704
863.49,27717320704
863.77,27717320704
864.06,27717320704
864.34,27717320704
864.62,27717320704
864.91,27717320704
865.19,27717320704
865.47,27717320704
865.76,27717320704
866.05,27717320704
866.33,27717320704
866.61,27717320704
866.89,27717320704
867.17,27717320704
867.46,27717320704
867.75,27717320704
868.03,27717320704
868.32,27717320704
868.59,27717320704
868.87,27717320704
869.15,27717320704
869.43,27717320704
869.72,27717320704
870.00,27717320704
870.28,27717320704
870.57,27717320704
870.85,27717320704
871.13,27717320704
871.42,27717320704
871.70,27717115904
871.98,27717115904
872.27,27717115904
872.55,27717378048
872.83,27717378048
873.12,27717378048
873.39,27717378048
873.67,27717378048
873.96,27717378048
874.24,27717378048
874.51,27717378048
874.79,27717378048
875.07,27717378048
875.35,27717378048
875.64,27717378048
875.92,27717378048
876.21,27717378048
876.50,27717378048
876.77,27717378048
877.06,27717378048
877.34,27717378048
877.62,27717378048
877.90,27717378048
878.18,27717378048
878.46,27717378048
878.75,27717378048
879.02,27717378048
879.30,27717378048
879.59,27717378048
879.88,27717378048
880.16,27717378048
880.44,27717378048
880.72,27717378048
881.01,27717378048
881.29,27717378048
881.57,27717177344
881.86,27717308416
882.14,27717308416
882.42,27717308416
882.70,27717308416
882.98,27717308416
883.26,27717308416
883.54,27717308416
883.82,27717308416
884.10,27717308416
884.39,27717308416
884.67,27717308416
884.95,27717308416
885.24,27717308416
885.52,27717308416
885.79,27717308416
886.08,27717308416
886.36,27717308416
886.65,27717308416
886.93,27717308416
887.21,27717308416
887.50,27717308416
887.79,27717308416
888.07,27717308416
888.35,27717308416
888.64,27717308416
888.92,27717308416
889.20,27717308416
889.48,27717308416
889.77,27717308416
890.05,27717308416
890.33,27717308416
890.61,27717308416
890.89,27717308416
891.17,27717308416
891.46,27717120000
891.74,27717120000
892.02,27717120000
892.31,27717120000
892.59,27717120000
892.87,27717382144
893.15,27717382144
893.43,27717382144
893.72,27717382144
894.00,27717382144
894.28,27717382144
894.56,27717382144
894.85,27717382144
895.13,27717382144
895.42,27717382144
895.70,27717382144
895.98,27717382144
896.26,27717382144
896.54,27717382144
896.82,27717382144
897.10,27717382144
897.38,27717382144
897.66,27717382144
897.94,27717382144
898.23,27717382144
898.51,27717382144
898.79,27717382144
899.08,27717382144
899.36,27717382144
899.64,27717382144
899.93,27717382144
900.21,27717382144
900.50,27717382144
900.77,27717382144
901.05,27717382144
901.34,27717382144
901.62,27717197824
901.90,27717197824
902.18,27717197824
902.46,27717197824
902.74,27717328896
903.02,27717328896
903.30,27717328896
903.59,27717328896
903.87,27717328896
904.14,27717328896
904.42,27717328896
904.71,27717328896
904.98,27717328896
905.26,27717328896
905.55,27717328896
905.84,27717328896
906.12,27717328896
906.40,27717328896
906.68,27717328896
906.97,27717328896
907.25,27717328896
907.52,27717328896
907.80,27717328896
908.09,27717328896
908.36,27717328896
908.65,27717328896
908.93,27717328896
909.21,27717328896
909.50,27717328896
909.78,27717328896
910.07,27717328896
910.35,27717328896
910.63,27717328896
910.91,27717328896
911.20,27717328896
911.49,27717136384
911.77,27717136384
912.05,27717398528
912.33,27717398528
912.62,27717398528
912.90,27717398528
913.18,27717398528
913.46,27717398528
913.74,27717398528
914.03,27717398528
914.31,27717398528
914.59,27717398528
914.87,27717398528
915.16,27717398528
915.44,27717398528
915.72,27717398528
916.00,27717398528
916.28,27717398528
916.57,27717398528
916.84,27717398528
917.12,27717398528
917.40,27717398528
917.69,27717398528
917.97,27717398528
918.26,27717398528
918.54,27717398528
918.83,27717398528
919.11,27717398528
919.40,27717398528
919.68,27717398528
919.96,27717398528
920.24,27717398528
920.52,27717398528
920.80,27717398528
921.08,27717398528
921.37,27717398528
921.65,27717201920
921.94,27717201920
922.22,27717201920
922.50,27717201920
922.79,27717201920
923.08,27717201920
923.36,27717332992
923.64,27717332992
923.93,27717332992
924.21,27717332992
924.50,27717332992
924.78,27717332992
925.06,27717332992
925.35,27717332992
925.63,27717332992
925.92,27717332992
926.20,27717332992
926.48,27717332992
926.76,27717332992
927.04,27717332992
927.33,27717332992
927.61,27717332992
927.90,27717332992
928.18,27717332992
928.46,27717332992
928.74,27717332992
929.03,27717332992
929.31,27717332992
929.60,27717332992
929.88,27717332992
930.17,27717332992
930.45,27717332992
930.73,27717332992
931.01,27717332992
931.30,27717332992
931.59,27716902912
931.87,27716902912
932.14,27716902912
932.43,27716902912
932.71,27716902912
933.00,27717296128
933.27,27717296128
933.56,27717296128
933.84,27717296128
934.12,27717296128
934.40,27717296128
934.68,27717296128
934.96,27717296128
935.24,27717296128
935.52,27717296128
935.80,27717296128
936.09,27717296128
936.37,27717296128
936.65,27717296128
936.93,27717296128
937.21,27717296128
937.50,27717296128
937.78,27717296128
938.06,27717296128
938.35,27717296128
938.63,27717296128
938.91,27717296128
939.20,27717296128
939.48,27717296128
939.76,27717296128
940.04,27717296128
940.32,27717296128
940.59,27717296128
940.87,27717296128
941.15,27717296128
941.43,27717296128
941.71,27717296128
941.99,27717296128
942.28,27717296128
942.56,27717296128
942.84,27717296128
943.12,27717103616
943.41,27717103616
943.69,27717103616
943.97,27717103616
944.25,27717103616
944.53,27717103616
944.81,27717365760
945.10,27717365760
945.38,27717365760
945.66,27717365760
945.94,27717365760
946.22,27717365760
946.50,27717365760
946.78,27717365760
947.06,27717365760
947.34,27717365760
947.63,27717365760
947.91,27717365760
948.20,27717365760
948.48,27717365760
948.76,27717365760
949.04,27717365760
949.32,27717365760
949.60,27717365760
949.88,27717365760
950.16,27717365760
950.44,27717365760
950.73,27717365760
951.01,27717365760
951.29,27717365760
951.58,27717365760
951.86,27717365760
952.14,27717365760
952.43,27717365760
952.71,27717365760
952.99,27717173248
953.26,27717173248
953.54,27717435392
953.82,27717435392
954.11,27717435392
954.39,27717435392
954.67,27717435392
954.95,27717435392
955.24,27717435392
955.52,27717435392
955.80,27717435392
956.09,27717435392
956.36,27717435392
956.65,27717435392
956.93,27717435392
957.22,27717435392
957.50,27717435392
957.77,27717435392
958.06,27717435392
958.35,27717435392
958.63,27717435392
958.92,27717435392
959.20,27717435392
959.49,27717435392
959.77,27717435392
960.04,27717435392
960.33,27717435392
960.61,27717435392
960.88,27717435392
961.16,27717435392
961.45,27717435392
961.74,27717435392
962.02,27717435392
962.31,27717435392
962.59,27717435392
962.87,27717435392
963.16,27717378048
963.44,27717378048
963.73,27717378048
964.01,27717378048
964.29,27717378048
964.58,27717378048
964.87,27717378048
965.15,27717378048
965.43,27717378048
965.72,27717378048
966.00,27717378048
966.29,27717378048
966.57,27717378048
966.85,27717378048
967.13,27717378048
967.40,27717378048
967.69,27717378048
967.97,27717378048
968.25,27717378048
968.52,27717378048
968.81,27717378048
969.09,27717378048
969.36,27717378048
969.64,27717378048
969.93,27717378048
970.21,27717378048
970.49,27717378048
970.77,27717378048
971.05,27717378048
971.34,27717378048
971.62,27717378048
971.90,27717378048
972.18,27717378048
972.47,27717378048
972.74,27717378048
973.02,27717173248
973.30,27717173248
973.58,27717173248
973.86,27717173248
974.14,27717173248
974.42,27717173248
974.71,27717173248
975.00,27717173248
975.27,27717173248
975.55,27717173248
975.84,27717173248
976.12,27717304320
976.40,27717304320
976.69,27717304320
976.98,27717304320
977.26,27717304320
977.55,27717304320
977.83,27717304320
978.11,27717304320
978.39,27717304320
978.67,27717435392
978.95,27717435392
979.23,27717435392
979.51,27717435392
979.79,27717435392
980.07,27717435392
980.35,27717435392
980.64,27717435392
980.92,27717435392
981.20,27717435392
981.48,27717435392
981.76,27717435392
982.04,27717435392
982.33,27717435392
982.62,27717435392
982.90,27717435392
983.18,27717234688
983.46,27717234688
983.75,27717234688
984.03,27717234688
984.32,27717234688
984.60,27717234688
984.89,27717234688
985.17,27717234688
985.45,27717234688
985.74,27717234688
986.02,27717496832
986.30,27717496832
986.59,27717496832
986.87,27717496832
987.15,27717496832
987.44,27717496832
987.72,27717496832
988.00,27717496832
988.28,27717496832
988.56,27717496832
988.84,27717496832
989.12,27717496832
989.40,27717496832
989.68,27717496832
989.97,27717496832
990.25,27717496832
990.53,27717496832
990.82,27717496832
991.10,27717496832
991.38,27717496832
991.67,27717496832
991.95,27717496832
992.23,27717496832
992.51,27717496832
992.80,27717496832
993.08,27717324800
993.36,27717324800
993.64,27717324800
993.92,27717324800
994.21,27717324800
994.49,27717586944
994.77,27717586944
995.05,27717586944
995.34,27717586944
995.62,27717586944
995.90,27717586944
996.18,27717586944
996.47,27717586944
996.75,27717586944
997.04,27717586944
997.32,27717586944
997.60,27717586944
997.89,27717586944
998.17,27717586944
998.45,27717586944
998.74,27717586944
999.02,27717586944
999.30,27717586944
999.58,27717586944
999.87,27717586944
1000.15,27717586944
1000.44,27717586944
1000.73,27717586944
1001.01,27717586944
1001.30,27717586944
1001.58,27717586944
1001.86,27717586944
1002.14,27717586944
1002.43,27717586944
1002.71,27717586944
1003.00,27717353472
1003.28,27717353472
1003.56,27717353472
1003.85,27717353472
1004.14,27717353472
1004.43,27717353472
1004.71,27717353472
1005.00,27717353472
1005.29,27717353472
1005.57,27717353472
1005.85,27717353472
1006.13,27717353472
1006.42,27717353472
1006.70,27717615616
1006.98,27717615616
1007.26,27717615616
1007.54,27717615616
1007.83,27717615616
1008.11,27717615616
1008.39,27717615616
1008.67,27717615616
1008.96,27717615616
1009.25,27717615616
1009.53,27717615616
1009.81,27717615616
1010.09,27717615616
1010.37,27717615616
1010.66,27717615616
1010.94,27717615616
1011.22,27717615616
1011.51,27717615616
1011.79,27717615616
1012.07,27717615616
1012.36,27717615616
1012.64,27717615616
1012.92,27717107712
1013.21,27717107712
1013.49,27717107712
1013.77,27717369856
1014.06,27717369856
1014.35,27717369856
1014.63,27717369856
1014.92,27717369856
1015.20,27717369856
1015.48,27717369856
1015.77,27717369856
1016.05,27717369856
1016.33,27717500928
1016.61,27717500928
1016.88,27717500928
1017.16,27717500928
1017.44,27717500928
1017.73,27717500928
1018.01,27717500928
1018.29,27717500928
1018.58,27717500928
1018.86,27717500928
1019.14,27717500928
1019.42,27717500928
1019.70,27717500928
1019.99,27717500928
1020.26,27717500928
1020.55,27717500928
1020.83,27717500928
1021.11,27717500928
1021.39,27717500928
1021.67,27717500928
1021.97,27717500928
1022.24,27717500928
1022.52,27717500928
1022.80,27717500928
1023.08,27717500928
1023.36,27717500928
1023.65,27717500928
1023.93,27717500928
1024.21,27717500928
1024.49,27717500928
1024.77,27717500928
1025.06,27717500928
1025.33,27717500928
1025.61,27717500928
1025.89,27717500928
1026.17,27717500928
1026.45,27717500928
1026.73,27717500928
1027.02,27717500928
1027.30,27717500928
1027.58,27717500928
1027.86,27717500928
1028.14,27717500928
1028.42,27717500928
1028.71,27717500928
1028.99,27717500928
1029.28,27717500928
1029.56,27717500928
1029.84,27717500928
1030.12,27717500928
1030.40,27717500928
1030.68,27717500928
1030.97,27717500928
1031.25,27717500928
1031.53,27717500928
1031.81,27717500928
1032.09,27717500928
1032.37,27717500928
1032.66,27717500928
1032.94,27717328896
1033.22,27717328896
1033.51,27717459968
1033.79,27717459968
1034.07,27717459968
1034.35,27717459968
1034.63,27717459968
1034.91,27717459968
1035.19,27717459968
1035.47,27717459968
1035.76,27717459968
1036.05,27717459968
1036.33,27717459968
1036.62,27717459968
1036.90,27717459968
1037.18,27717459968
1037.46,27717459968
1037.74,27717459968
1038.02,27717459968
1038.30,27717459968
1038.59,27717459968
1038.87,27717459968
1039.15,27717459968
1039.43,27717459968
1039.72,27717459968
1040.00,27717459968
1040.28,27717459968
1040.57,27717459968
1040.86,27717459968
1041.14,27717459968
1041.42,27717459968
1041.71,27717459968
1041.99,27717459968
1042.27,27717459968
1042.56,27717459968
1042.84,27717459968
1043.12,27717263360
1043.41,27717263360
1043.70,27717263360
1043.98,27717263360
1044.27,27717263360
1044.55,27717263360
1044.83,27717263360
1045.12,27717263360
1045.40,27717263360
1045.68,27717525504
1045.96,27717525504
1046.24,27717525504
1046.53,27717525504
1046.81,27717525504
1047.09,27717525504
1047.37,27717525504
1047.66,27717525504
1047.94,27717525504
1048.23,27717525504
1048.52,27717525504
1048.80,27717525504
1049.09,27717525504
1049.36,27717525504
1049.64,27717525504
1049.93,27717525504
1050.21,27717525504
1050.50,27717525504
1050.77,27717525504
1051.05,27717525504
1051.34,27717525504
1051.61,27717525504
1051.89,27717525504
1052.17,27717525504
1052.46,27717525504
1052.74,27717525504
1053.02,27717332992
1053.30,27717332992
1053.59,27717332992
1053.87,27717332992
1054.15,27717332992
1054.44,27717332992
1054.72,27717332992
1055.00,27717332992
1055.28,27717332992
1055.56,27717332992
1055.85,27717332992
1056.12,27717332992
1056.40,27717332992
1056.69,27717332992
1056.97,27717332992
1057.26,27717332992
1057.54,27717332992
1057.83,27717332992
1058.11,27717332992
1058.39,27717332992
1058.67,27717332992
1058.96,27717332992
1059.24,27717332992
1059.52,27717332992
1059.80,27717464064
1060.09,27717464064
1060.37,27717464064
1060.65,27717464064
1060.93,27717464064
1061.21,27717464064
1061.49,27717464064
1061.77,27717464064
1062.06,27717464064
1062.34,27717464064
1062.62,27717464064
1062.91,27717292032
1063.19,27717292032
1063.47,27717423104
1063.76,27717423104
1064.04,27717423104
1064.33,27717423104
1064.60,27717423104
1064.89,27717423104
1065.17,27717423104
1065.46,27717423104
1065.75,27717423104
1066.03,27717423104
1066.31,27717423104
1066.59,27717423104
1066.87,27717423104
1067.15,27717423104
1067.43,27717423104
1067.71,27717423104
1068.00,27717423104
1068.27,27717423104
1068.55,27717423104
1068.83,27717423104
1069.12,27717423104
1069.40,27717423104
1069.68,27717423104
1069.96,27717423104
1070.24,27717423104
1070.53,27717423104
1070.81,27717423104
1071.09,27717423104
1071.38,27717423104
1071.67,27717423104
1071.95,27717423104
1072.23,27717423104
1072.50,27717423104
1072.78,27717423104
1073.07,27717222400
1073.35,27717222400
1073.63,27717222400
1073.91,27717222400
1074.19,27717484544
1074.47,27717484544
1074.75,27717484544
1075.03,27717484544
1075.31,27717484544
1075.60,27717484544
1075.88,27717484544
1076.17,27717484544
1076.46,27717484544
1076.74,27717484544
1077.03,27717484544
1077.31,27717484544
1077.59,27717484544
1077.88,27717484544
1078.16,27717484544
1078.45,27717484544
1078.73,27717484544
1079.02,27717484544
1079.30,27717484544
1079.58,27717484544
1079.86,27717484544
1080.14,27717484544
1080.43,27717484544
1080.71,27717484544
1081.00,27717484544
1081.28,27717484544
1081.56,27717484544
1081.85,27717484544
1082.13,27717484544
1082.41,27717484544
1082.69,27717484544
1082.97,27717279744
1083.26,27717279744
1083.54,27717279744
1083.82,27717279744
1084.11,27717279744
1084.39,27717279744
1084.67,27717279744
1084.94,27717541888
1085.23,27717541888
1085.50,27717541888
1085.78,27717541888
1086.06,27717541888
1086.35,27717541888
1086.62,27717541888
1086.90,27717541888
1087.18,27717541888
1087.47,27717541888
1087.74,27717541888
1088.03,27717541888
1088.31,27717541888
1088.60,27717541888
1088.87,27717541888
1089.16,27717541888
1089.45,27717541888
1089.73,27717541888
1090.02,27717541888
1090.30,27717541888
1090.59,27717541888
1090.87,27717541888
1091.15,27717541888
1091.43,27717541888
1091.72,27717541888
1092.00,27717541888
1092.29,27717541888
1092.56,27717541888
1092.84,27717541888
1093.12,27717357568
1093.39,27717357568
1093.68,27717488640
1093.96,27717488640
1094.24,27717488640
1094.53,27717488640
1094.81,27717488640
1095.09,27717488640
1095.37,27717488640
1095.65,27717488640
1095.94,27717488640
1096.22,27717488640
1096.51,27717488640
1096.79,27717488640
1097.07,27717488640
1097.35,27717488640
1097.63,27717488640
1097.91,27717488640
1098.20,27717488640
1098.48,27717488640
1098.77,27717488640
1099.05,27717488640
1099.34,27717488640
1099.62,27717488640
1099.90,27717488640
1100.19,27717488640
1100.47,27717488640
1100.75,27717488640
1101.03,27717488640
1101.32,27717488640
1101.60,27717488640
1101.88,27717488640
1102.16,27717488640
1102.45,27717488640
1102.73,27717488640
1103.01,27717296128
1103.30,27717296128
1103.58,27717296128
1103.86,27717296128
1104.14,27717296128
1104.42,27717296128
1104.70,27717296128
1104.99,27717296128
1105.27,27717296128
1105.55,27717296128
1105.83,27717296128
1106.12,27717296128
1106.40,27717296128
1106.69,27717558272
1106.96,27717558272
1107.24,27717558272
1107.52,27717558272
1107.81,27717558272
1108.08,27717558272
1108.37,27717558272
1108.65,27717558272
1108.92,27717558272
1109.21,27717558272
1109.49,27717558272
1109.78,27717558272
1110.06,27717558272
1110.34,27717558272
1110.63,27717558272
1110.91,27717558272
1111.19,27717558272
1111.48,27717558272
1111.77,27717558272
1112.06,27717558272
1112.34,27717558272
1112.62,27717558272
1112.90,27717365760
1113.19,27717365760
1113.47,27717365760
1113.76,27717365760
1114.04,27717365760
1114.32,27717365760
1114.60,27717365760
1114.88,27717365760
1115.17,27717365760
1115.45,27717365760
1115.73,27717365760
1116.01,27717365760
1116.29,27717365760
1116.58,27717365760
1116.86,27717365760
1117.14,27717365760
1117.43,27717496832
1117.71,27717496832
1117.99,27717496832
1118.27,27717496832
1118.55,27717496832
1118.83,27717496832
1119.11,27717496832
1119.39,27717496832
1119.67,27717496832
1119.95,27717496832
1120.24,27717496832
1120.52,27717496832
1120.80,27717496832
1121.08,27717496832
1121.36,27717496832
1121.64,27717496832
1121.92,27717496832
1122.21,27717496832
1122.49,27717496832
1122.77,27717496832
1123.05,27717304320
1123.33,27717304320
1123.62,27717304320
1123.89,27717435392
1124.17,27717435392
1124.46,27717435392
1124.74,27717435392
1125.03,27717435392
1125.31,27717435392
1125.59,27717435392
1125.88,27717435392
1126.16,27717435392
1126.44,27717435392
1126.73,27717435392
1127.01,27717435392
1127.30,27717435392
1127.58,27717435392
1127.86,27717435392
1128.14,27717435392
1128.42,27717435392
1128.70,27717435392
1128.99,27717435392
1129.27,27717435392
1129.56,27717435392
1129.84,27717435392
1130.13,27717435392
1130.41,27717435392
1130.70,27717435392
1130.98,27717435392
1131.26,27717435392
1131.55,27717435392
1131.83,27717435392
1132.12,27717435392
1132.40,27717435392
1132.68,27717435392
1132.96,27717242880
1133.24,27717505024
1133.53,27717505024
1133.81,27717505024
1134.09,27717505024
1134.37,27717505024
1134.65,27717505024
1134.94,27717505024
1135.22,27717505024
1135.50,27717505024
1135.78,27717505024
1136.06,27717505024
1136.35,27717505024
1136.63,27717505024
1136.91,27717505024
1137.19,27717505024
1137.47,27717505024
1137.74,27717505024
1138.03,27717505024
1138.31,27717505024
1138.59,27717505024
1138.87,27717505024
1139.15,27717505024
1139.44,27717505024
1139.72,27717505024
1140.00,27717505024
1140.28,27717505024
1140.56,27717505024
1140.85,27717505024
1141.12,27717505024
1141.41,27717505024
1141.69,27717505024
1141.97,27717505024
1142.25,27717505024
1142.54,27717505024
1142.83,27717505024
1143.11,27717300224
1143.40,27717300224
1143.68,27717300224
1143.96,27717300224
1144.25,27717300224
1144.53,27717300224
1144.81,27717562368
1145.09,27717562368
1145.37,27717562368
1145.65,27717562368
1145.92,27717562368
1146.20,27717562368
1146.49,27717562368
1146.77,27717562368
1147.05,27717562368
1147.33,27717562368
1147.62,27717562368
1147.90,27717562368
1148.18,27717562368
1148.46,27717562368
1148.74,27717562368
1149.03,27717562368
1149.31,27717562368
1149.59,27717562368
1149.87,27717562368
1150.15,27717562368
1150.44,27717562368
1150.72,27717562368
1150.99,27717562368
1151.28,27717562368
1151.55,27717562368
1151.84,27717562368
1152.12,27717562368
1152.40,27717562368
1152.68,27717562368
1152.96,27717369856
1153.24,27717500928
1153.52,27717500928
1153.80,27717500928
1154.08,27717500928
1154.37,27717500928
1154.65,27717500928
1154.94,27717500928
1155.22,27717500928
1155.51,27717500928
1155.78,27717500928
1156.07,27717500928
1156.34,27717500928
1156.62,27717500928
1156.91,27717500928
1157.18,27717500928
1157.46,27717500928
1157.74,27717500928
1158.03,27717500928
1158.31,27717500928
1158.59,27717500928
1158.88,27717500928
1159.16,27717500928
1159.44,27717500928
1159.72,27717500928
1160.00,27717500928
1160.28,27717500928
1160.56,27717500928
1160.85,27717500928
1161.13,27717500928
1161.41,27717500928
1161.69,27717500928
1161.97,27717500928
1162.26,27717500928
1162.54,27717500928
1162.81,27717500928
1163.09,27717304320
1163.38,27717435392
1163.66,27717435392
1163.94,27717435392
1164.21,27717435392
1164.50,27717435392
1164.78,27717435392
1165.06,27717435392
1165.34,27717435392
1165.62,27717435392
1165.90,27717435392
1166.18,27717435392
1166.46,27717435392
1166.73,27717435392
1167.02,27717435392
1167.29,27717435392
1167.57,27717435392
1167.85,27717435392
1168.13,27717435392
1168.41,27717435392
1168.70,27717435392
1168.97,27717435392
1169.26,27717435392
1169.54,27717435392
1169.82,27717435392
1170.10,27717435392
1170.38,27717435392
1170.67,27717435392
1170.95,27717435392
1171.24,27717435392
1171.53,27717435392
1171.81,27717435392
1172.10,27717435392
1172.38,27717435392
1172.66,27717435392
1172.94,27717066752
1173.23,27717066752
1173.51,27717066752
1173.79,27717066752
1174.07,27717066752
1174.35,27717066752
1174.63,27717066752
1174.91,27717066752
1175.18,27717066752
1175.47,27717066752
1175.75,27717066752
1176.03,27717066752
1176.31,27717066752
1176.59,27717066752
1176.87,27717066752
1177.15,27717066752
1177.43,27717066752
1177.72,27717066752
1178.00,55432609792
1178.28,55432609792
1178.56,55432609792
1178.84,55432347648
1179.12,55413866496
1179.40,55390404608
1179.67,55366811648
1179.95,55341645824
1180.24,55326179328
1180.52,55301931008
1180.81,55279255552
1181.09,55254745088
1181.37,55230627840
1181.65,55206510592
1181.93,55183835136
1182.21,55165878272
1182.49,55143464960
1182.78,55118430208
1183.06,55094501376
1183.34,55072481280
1183.62,55048101888
1183.90,55028572160
1184.18,55006814208
1184.46,54982696960
1184.74,54958448640
1185.03,54934331392
1185.31,54914015232
1185.58,54892650496
1185.86,54871941120
1186.14,54847561728
1186.42,54825672704
1186.71,54806536192
1186.98,54782943232
1187.26,54759219200
1187.54,54734839808
1187.83,54712426496
1188.10,54692503552
1188.38,54677299200
1188.66,54656458752
1188.94,54632996864
1189.23,54610845696
1189.51,54586335232
1189.79,54563528704
1190.07,54540066816
1190.36,54516211712
1190.64,54492618752
1190.92,54469287936
1191.20,54446350336
1191.48,54430883840
1191.76,54406111232
1192.04,54383828992
1192.33,54360104960
1192.61,54336512000
1192.89,54313312256
1193.17,54288601088
1193.45,54265401344
1193.73,54242988032
1194.01,54219526144
1194.29,54195802112
1194.57,54173388800
1194.85,54149271552
1195.14,54126071808
1195.41,54103003136
1195.69,54083866624
1195.97,54061584384
1196.25,54038646784
1196.53,54015578112
1196.81,53992378368
1197.09,53969571840
1197.36,53946109952
1197.65,53922648064
1197.93,53898530816
1198.21,53874937856
1198.49,53855670272
1198.77,53832732672
1199.05,53809926144
1199.33,53785677824
1199.62,53761822720
1199.90,53738098688
1200.19,53714505728
1200.47,53691043840
1200.75,53671251968
1201.03,53646741504
1201.32,53623803904
1201.60,53602177024
1201.88,53577666560
1202.16,53554204672
1202.44,53530349568
1202.72,53506887680
1203.00,53489262592
1203.28,53467635712
1203.56,53443780608
1203.84,53420580864
1204.12,53396463616
1204.40,53373919232
1204.68,53349539840
1204.96,53326209024
1205.24,53302484992
1205.52,53279154176
1205.80,53255823360
1206.08,53231443968
1206.36,53212045312
1206.64,53188321280
1206.92,53168791552
1207.20,53147951104
1207.48,53124489216
1207.77,53100896256
1208.05,53078876160
1208.32,53054758912
1208.61,53031559168
1208.89,53010456576
1209.16,52989878272
1209.45,52972576768
1209.73,52948721664
1210.02,52925521920
1210.30,52902453248
1210.59,52878729216
1210.87,52855529472
1211.15,52831543296
1211.43,52807950336
1211.71,52783964160
1211.99,52761419776
1212.27,52737826816
1212.56,52714889216
1212.84,52694048768
1213.13,52679184384
1213.41,52660178944
1213.70,52636717056
1213.98,52612206592
1214.27,52589662208
1214.55,52566593536
1214.83,52544704512
1215.11,52523339776
1215.39,52504334336
1215.67,52482052096
1215.95,52459114496
1216.23,52435914752
1216.51,52410486784
1216.80,52392529920
1217.08,52369592320
1217.36,52346261504
1217.64,52322013184
1217.93,52298289152
1218.20,52275351552
1218.48,52254773248
1218.77,52232622080
1219.05,52208766976
1219.33,52184911872
1219.61,52161712128
1219.89,52138905600
1220.17,52115312640
1220.45,52091588608
1220.73,52067995648
1221.01,52044664832
1221.30,52021465088
1221.58,51997872128
1221.87,51974541312
1222.14,51951734784
1222.42,51929583616
1222.70,51905466368
1222.98,51882061824
1223.27,51858993152
1223.55,51844313088
1223.83,51822030848
1224.11,51799486464
1224.39,51775762432
1224.68,51752300544
1224.96,51728576512
1225.24,51704459264
1225.53,51680997376
1225.80,51657273344
1226.08,51633287168
1226.36,51613626368
1226.65,51589902336
1226.93,51565654016
1227.21,51541929984
1227.49,51517943808
1227.78,51493957632
1228.06,51473903616
1228.34,51449917440
1228.62,51426979840
1228.90,51403517952
1229.19,51379793920
1229.47,51355545600
1229.76,51331821568
1230.04,51307573248
1230.32,51284504576
1230.60,51260649472
1230.88,51236532224
1231.17,51212677120
1231.45,51188297728
1231.73,51164835840
1232.01,51142422528
1232.30,51118043136
1232.58,51093794816
1232.87,51071250432
1233.15,51047587840
1233.42,51023863808
1233.71,50999746560
1233.99,50975891456
1234.27,50953347072
1234.54,50930016256
1234.82,50907340800
1235.10,50885058560
1235.38,50861858816
1235.66,50839445504
1235.94,50816114688
1236.22,50793308160
1236.51,50770108416
1236.79,50746908672
1237.07,50723315712
1237.36,50699722752
1237.64,50682945536
1237.92,50664333312
1238.21,50645327872
1238.49,50622128128
1238.78,50598535168
1239.06,50575466496
1239.34,50550693888
1239.62,50527494144
1239.90,50503376896
1240.19,50481225728
1240.47,50457763840
1240.75,50434826240
1241.04,50411626496
1241.32,50388426752
1241.60,50369945600
1241.88,50346614784
1242.16,50323152896
1242.44,50303361024
1242.72,50284355584
1243.00,50263334912
1243.28,50245509120
1243.56,50227945472
1243.84,50206711808
1244.12,50183512064
1244.39,50160181248
1244.67,50138161152
1244.95,50115485696
1245.23,50092941312
1245.51,50069217280
1245.79,50046672896
1246.06,50025832448
1246.34,50009317376
1246.62,49985593344
1246.90,49962000384
1247.18,49939718144
1247.46,49918746624
1247.74,49900265472
1248.02,49882701824
1248.29,49863434240
1248.56,49841020928
1248.84,49818345472
1249.12,49795670016
1249.40,49774043136
1249.67,49751760896
1249.95,49733017600
1250.22,49712701440
1250.49,49691205632
1250.78,49668136960
1251.06,49645723648
1251.34,49627766784
1251.61,49604960256
1251.89,49582022656
1252.18,49563541504
1252.46,49542176768
1252.73,49521860608
1253.02,49502388224
1253.30,49486266368
1253.58,49467916288
1253.86,49450614784
1254.14,49433444352
1254.42,49410637824
1254.70,49393991680
1254.98,49375248384
1255.27,49352179712
1255.55,49333829632
1255.83,49312333824
1256.11,49290706944
1256.38,49266458624
1256.67,49243652096
1256.95,49219796992
1257.24,49198432256
1257.51,49175887872
1257.80,49155178496
1258.08,49131716608
1258.35,49108910080
1258.63,49086496768
1258.91,49063559168
1259.19,49041801216
1259.47,49019518976
1259.75,48998809600
1260.03,48981770240
1260.31,48961978368
1260.60,48946118656
1260.88,48923836416
1261.15,48901947392
1261.43,48879403008
1261.71,48856465408
1261.99,48833003520
1262.27,48809803776
1262.55,48786735104
1262.83,48765108224
1263.11,48743010304
1263.38,48743010304
1263.66,48740388864
1263.94,48719548416
1264.23,48701329408
1264.50,48679833600
1264.79,48658862080
1265.07,48636448768
1265.35,48615215104
1265.62,48592146432
1265.90,48569470976
1266.18,48547057664
1266.46,48523464704
1266.75,48500396032
1267.02,48478507008
1267.31,48455831552
1267.59,48434073600
1267.86,48415461376
1268.15,48400912384
1268.42,48382693376
1268.70,48360542208
1268.98,48338391040
1269.26,48315715584
1269.54,48293826560
1269.82,48271937536
1270.09,48250048512
1270.37,48228159488
1270.64,48206794752
1270.92,48185167872
1271.20,48163016704
1271.47,48141520896
1271.75,48119631872
1272.03,48096563200
1272.31,48078868480
1272.59,48055406592
1272.87,48034959360
1273.15,48012611584
1273.43,47990460416
1273.71,47971717120
1273.99,47948648448
1274.28,47924793344
1274.56,47901855744
1274.85,47879573504
1275.13,47856766976
1275.40,47833567232
1275.69,47810236416
1275.97,47787167744
1276.26,47763443712
1276.55,47739457536
1276.84,47715995648
1277.11,47693713408
1277.39,47670513664
1277.68,47647838208
1277.96,47629881344
1278.24,47607468032
1278.52,47584399360
1278.81,47561199616
1279.09,47538130944
1279.37,47514537984
1279.66,47491993600
1279.93,47469056000
1280.22,47445594112
1280.50,47422525440
1280.78,47399456768
1281.07,47376257024
1281.35,47353188352
1281.63,47330512896
1281.91,47307182080
1282.19,47283851264
1282.47,47263928320
1282.76,47242301440
1283.03,47219027968
1283.31,47194779648
1283.60,47171448832
1283.88,47147986944
1284.16,47123869696
1284.45,47100801024
1284.73,47077994496
1285.01,47054794752
1285.30,47032381440
1285.58,47012720640
1285.87,46994894848
1286.15,46975627264
1286.43,46952820736
1286.72,46929620992
1287.01,46907207680
1287.30,46882959360
1287.59,46859366400
1287.87,46836953088
1288.14,46814539776
1288.42,46790815744
1288.71,46767353856
1288.99,46744285184
1289.28,46728032256
1289.56,46704832512
1289.84,46681894912
1290.12,46658039808
1290.40,46636675072
1290.68,46615703552
1290.96,46592765952
1291.24,46569435136
1291.52,46546497536
1291.80,46523559936
1292.08,46500229120
1292.36,46476374016
1292.65,46453960704
1292.92,46430892032
1293.20,46407561216
1293.48,46384361472
1293.77,46361292800
1294.05,46338748416
1294.33,46315548672
1294.61,46295232512
1294.89,46273081344
1295.17,46250274816
1295.46,46233497600
1295.74,46212788224
1296.02,46189457408
1296.30,46166519808
1296.59,46143975424
1296.87,46120120320
1297.16,46096527360
1297.44,46072803328
1297.72,46048161792
1298.00,46024699904
1298.29,46000713728
1298.58,45980790784
1298.86,45965586432
1299.14,45949464576
1299.42,45926789120
1299.70,45907783680
1299.99,45886418944
1300.27,45861908480
1300.56,45837398016
1300.84,45814722560
1301.12,45795586048
1301.40,45772779520
1301.68,45748400128
1301.96,45724545024
1302.25,45701214208
1302.53,45677883392
1302.81,45655076864
1303.10,45636726784
1303.38,45614444544
1303.65,45595570176
1303.93,45571846144
1304.22,45548384256
1304.50,45525970944
1304.78,45508669440
1305.06,45485076480
1305.35,45462007808
1305.63,45437890560
1305.91,45414559744
1306.19,45391228928
1306.48,45367898112
1306.76,45345222656
1307.04,45321367552
1307.33,45298692096
1307.61,45275099136
1307.89,45252423680
1308.17,45229486080
1308.45,45206155264
1308.73,45183610880
1309.02,45160148992
1309.30,45136949248
1309.59,45114142720
1309.86,45091074048
1310.15,45068267520
1310.43,45044019200
1310.71,45019639808
1311.00,44996308992
1311.28,44973109248
1311.56,44950302720
1311.84,44926316544
1312.13,44902723584
1312.40,44878868480
1312.69,44855668736
1312.97,44832600064
1313.25,44809531392
1313.53,44785152000
1313.81,44761296896
1314.10,44740456448
1314.38,44720271360
1314.67,44696547328
1314.95,44672692224
1315.23,44650016768
1315.51,44626161664
1315.79,44607549440
1316.08,44584611840
1316.37,44562198528
1316.65,44537819136
1316.93,44534935552
1317.21,27717505024
1317.49,27717505024
1317.77,27717505024
1318.05,27717505024
1318.34,27717505024
1318.62,27717505024
1318.91,27717505024
1319.19,27717505024
1319.47,27717505024
1319.75,27717505024
1320.04,27717505024
1320.32,27717505024
1320.60,27717505024
1320.88,27717505024
1321.16,27717505024
1321.44,27717505024
1321.73,27717505024
1322.01,27717505024
1322.29,27717505024
1322.58,27717505024
1322.85,27717505024
1323.13,27717304320
1323.42,27717304320
1323.70,27717304320
1323.99,27717304320
1324.27,27717304320
1324.55,27717304320
1324.83,27717304320
1325.11,27717566464
1325.39,27717566464
1325.67,27717566464
1325.96,27717566464
1326.23,27717566464
1326.52,27717566464
1326.80,27717566464
1327.08,27717566464
1327.37,27717566464
1327.65,27717566464
1327.93,27717566464
1328.21,27717566464
1328.49,27717566464
1328.78,27717566464
1329.06,27717566464
1329.35,27717566464
1329.63,27717566464
1329.91,27717566464
1330.18,27717566464
1330.47,27717566464
1330.75,27717566464
1331.03,27717566464
1331.31,27717566464
1331.60,27717566464
1331.88,27717566464
1332.16,27717566464
1332.45,27717566464
1332.73,27717566464
1333.01,27717373952
1333.29,27717373952
1333.58,27717505024
1333.86,27717505024
1334.13,27717505024
1334.41,27717505024
1334.69,27717505024
1334.97,27717505024
1335.26,27717505024
1335.54,27717505024
1335.83,27717505024
1336.10,27717505024
1336.38,27717505024
1336.66,27717505024
1336.93,27717505024
1337.21,27717505024
1337.50,27717505024
1337.78,27717505024
1338.06,27717505024
1338.34,27717505024
1338.62,27717505024
1338.91,27717505024
1339.18,27717505024
1339.47,27717505024
1339.75,27717505024
1340.04,27717505024
1340.32,27717505024
1340.60,27717505024
1340.88,27717505024
1341.16,27717505024
1341.45,27717505024
1341.73,27717505024
1342.02,27717505024
1342.30,27717505024
1342.58,27717505024
1342.86,27717505024
1343.14,27717300224
1343.41,27717562368
1343.69,27717562368
1343.98,27717562368
1344.26,27717562368
1344.55,27717562368
1344.83,27717562368
1345.11,27717562368
1345.40,27717562368
1345.68,27717562368
1345.97,27717562368
1346.25,27717562368
1346.53,27717562368
1346.82,27717562368
1347.11,27717562368
1347.39,27717562368
1347.67,27717562368
1347.95,27717562368
1348.22,27717562368
1348.50,27717562368
1348.78,27717562368
1349.06,27717562368
1349.34,27717562368
1349.61,27717562368
1349.90,27717562368
1350.19,27717562368
1350.47,27717562368
1350.76,27717562368
1351.04,27717562368
1351.33,27717562368
1351.61,27717562368
1351.89,27717562368
1352.17,27717562368
1352.45,27717562368
1352.73,27717562368
1353.02,27717562368
1353.30,27717562368
1353.58,27717562368
1353.87,27717562368
1354.15,27717562368
1354.43,27717562368
1354.71,27717562368
1354.99,27717562368
1355.27,27717562368
1355.55,27717562368
1355.83,27717562368
1356.11,27717562368
1356.39,27717562368
1356.67,27717562368
1356.96,27717562368
1357.24,27717562368
1357.52,27717562368
1357.81,27717562368
1358.09,27717562368
1358.37,27717562368
1358.66,27717562368
1358.94,27717562368
1359.22,27717562368
1359.50,27717562368
1359.78,27717562368
1360.07,27717562368
1360.35,27717562368
1360.63,27717562368
1360.90,27717562368
1361.18,27717562368
1361.46,27717562368
1361.74,27717562368
1362.02,27717562368
1362.30,27717562368
1362.58,27717562368
1362.87,27717562368
1363.14,27717353472
1363.41,27717484544
1363.69,27717484544
1363.97,27717484544
1364.25,27717484544
1364.54,27717484544
1364.82,27717484544
1365.10,27717484544
1365.38,27717484544
1365.66,27717484544
1365.94,27717484544
1366.22,27717484544
1366.50,27717484544
1366.79,27717484544
1367.07,27717484544
1367.35,27717484544
1367.63,27717484544
1367.91,27717484544
1368.20,27717484544
1368.48,27717484544
1368.76,27717484544
1369.04,27717484544
1369.33,27717484544
1369.61,27717484544
1369.89,27717484544
1370.17,27717484544
1370.45,27717484544
1370.74,27717484544
1371.01,27717484544
1371.30,27717484544
1371.58,27717484544
1371.86,27717484544
1372.14,27717484544
1372.43,27717484544
1372.71,27717484544
1373.00,27717279744
1373.28,27717541888
1373.56,27717541888
1373.84,27717541888
1374.12,27717541888
1374.40,27717541888
1374.68,27717541888
1374.96,27717541888
1375.24,27717541888
1375.53,27717541888
1375.81,27717541888
1376.09,27717541888
1376.37,27717541888
1376.65,27717541888
1376.94,27717541888
1377.21,27717541888
1377.49,27717541888
1377.77,27717541888
1378.06,27717541888
1378.34,27717541888
1378.62,27717541888
1378.90,27717541888
1379.18,27717541888
1379.47,27717541888
1379.76,27717541888
1380.05,27717541888
1380.33,27717541888
1380.61,27717541888
1380.90,27717541888
1381.18,27717541888
1381.47,27717541888
1381.76,27717541888
1382.04,27717541888
1382.32,27717541888
1382.61,27717541888
1382.89,27717541888
1383.17,27717337088
1383.45,27717337088
1383.73,27717337088
1384.01,27717599232
1384.30,27717599232
1384.58,27717599232
1384.86,27717599232
1385.14,27717599232
1385.42,27717599232
1385.70,27717599232
1385.98,27717599232
1386.27,27717599232
1386.55,27717599232
1386.82,27717599232
1387.10,27717599232
1387.39,27717599232
1387.67,27717599232
1387.95,27717599232
1388.23,27717599232
1388.52,27717599232
1388.80,27717599232
1389.08,27717599232
1389.36,27717599232
1389.64,27717599232
1389.93,27717599232
1390.21,27717599232
1390.49,27717599232
1390.78,27717599232
1391.06,27717599232
1391.35,27717599232
1391.62,27717599232
1391.90,27717599232
1392.18,27717599232
1392.46,27717599232
1392.75,27717599232
1393.03,27717410816
1393.32,27717410816
1393.60,27717541888
1393.89,27717541888
1394.17,27717541888
1394.45,27717541888
1394.74,27717541888
1395.02,27717541888
1395.30,27717541888
1395.59,27717541888
1395.87,27717541888
1396.15,27717541888
1396.43,27717541888
1396.71,27717541888
1397.00,27717541888
1397.28,27717541888
1397.56,27717541888
1397.85,27717541888
1398.13,27717541888
1398.41,27717541888
1398.68,27717541888
1398.97,27717541888
1399.25,27717541888
1399.53,27717541888
1399.81,27717541888
1400.09,27717541888
1400.37,27717541888
1400.65,27717541888
1400.93,27717541888
1401.21,27717541888
1401.50,27717541888
1401.78,27717541888
1402.06,27717541888
1402.35,27717541888
1402.62,27717541888
1402.91,27717541888
1403.19,27717484544
1403.47,27717615616
1403.75,27717615616
1404.03,27717615616
1404.31,27717615616
1404.59,27717615616
1404.87,27717615616
1405.15,27717615616
1405.43,27717615616
1405.71,27717615616
1405.99,27717615616
1406.26,27717615616
1406.54,27717615616
1406.82,27717615616
1407.10,27717615616
1407.38,27717615616
1407.66,27717615616
1407.94,27717615616
1408.22,27717615616
1408.50,27717615616
1408.78,27717615616
1409.06,27717615616
1409.34,27717615616
1409.62,27717615616
1409.90,27717615616
1410.18,27717615616
1410.46,27717615616
1410.74,27717615616
1411.02,27717615616
1411.31,27717615616
1411.58,27717615616
1411.86,27717615616
1412.14,27717615616
1412.42,27717615616
1412.70,27717615616
1412.98,27717410816
1413.27,27717410816
1413.54,27717541888
1413.83,27717541888
1414.11,27717541888
1414.39,27717541888
1414.67,27717541888
1414.95,27717541888
1415.23,27717541888
1415.51,27717541888
1415.79,27717541888
1416.07,27717541888
1416.35,27717541888
1416.63,27717541888
1416.91,27717541888
1417.19,27717541888
1417.47,27717541888
1417.75,27717541888
1418.03,27717541888
1418.31,27717541888
1418.59,27717541888
1418.87,27717541888
1419.15,27717541888
1419.43,27717541888
1419.70,27717541888
1419.98,27717541888
1420.26,27717541888
1420.55,27717541888
1420.83,27717541888
1421.11,27717541888
1421.38,27717541888
1421.67,27717541888
1421.95,27717541888
1422.22,27717541888
1422.51,27717541888
1422.79,27717541888
1423.07,27717337088
1423.35,27717337088
1423.63,27717337088
1423.91,27717468160
1424.19,27717468160
1424.47,27717468160
1424.76,27717468160
1425.04,27717468160
1425.32,27717468160
1425.60,27717468160
1425.88,27717468160
1426.16,27717468160
1426.44,27717468160
1426.73,27717468160
1427.01,27717468160
1427.30,27717468160
1427.58,27717468160
1427.87,27717468160
1428.15,27717468160
1428.43,27717468160
1428.71,27717468160
1428.99,27717468160
1429.28,27717468160
1429.57,27717468160
1429.85,27717468160
1430.13,27717468160
1430.41,27717468160
1430.69,27717468160
1430.97,27717468160
1431.25,27717468160
1431.53,27717468160
1431.81,27717468160
1432.09,27717468160
1432.37,27717468160
1432.65,27717468160
1432.93,27717267456
1433.21,27717267456
1433.49,27717267456
1433.78,27717267456
1434.06,27717267456
1434.34,27717267456
1434.62,27717529600
1434.91,27717529600
1435.19,27717529600
1435.47,27717529600
1435.76,27717529600
1436.04,27717529600
1436.32,27717529600
1436.61,27717529600
1436.88,27717529600
1437.17,27717529600
1437.45,27717529600
1437.74,27717529600
1438.02,27717529600
1438.29,27717529600
1438.58,27717529600
1438.86,27717529600
1439.14,27717529600
1439.42,27717529600
1439.70,27717529600
1439.98,27717529600
1440.27,27717529600
1440.55,27717529600
1440.83,27717529600
1441.12,27717529600
1441.40,27717529600
1441.68,27717529600
1441.96,27717529600
1442.24,27717529600
1442.53,27717529600
1442.81,27717529600
1443.09,27717320704
1443.37,27717320704
1443.66,27717320704
1443.93,27717451776
1444.21,27717451776
1444.49,27717451776
1444.77,27717451776
1445.05,27717451776
1445.33,27717451776
1445.61,27717451776
1445.90,27717451776
1446.18,27717451776
1446.46,27717451776
1446.74,27717451776
1447.02,27717451776
1447.30,27717451776
1447.58,27717451776
1447.87,27717451776
1448.15,27717451776
1448.43,27717451776
1448.71,27717451776
1448.99,27717451776
1449.27,27717451776
1449.55,27717451776
1449.83,27717451776
1450.11,27717451776
1450.38,27717451776
1450.67,27717451776
1450.95,27717451776
1451.23,27717451776
1451.52,27717451776
1451.80,27717451776
1452.08,27717451776
1452.36,27717451776
1452.64,27717451776
1452.92,27717267456
1453.20,27717267456
1453.48,27717267456
1453.76,27717398528
1454.05,27717529600
1454.33,27717529600
1454.61,27717529600
1454.90,27717529600
1455.18,27717529600
1455.45,27717529600
1455.73,27717529600
1456.01,27717529600
1456.29,27717529600
1456.57,27717529600
1456.85,27717529600
1457.13,27717529600
1457.41,27717529600
1457.69,27717529600
1457.97,27717529600
1458.26,27717529600
1458.54,27717529600
1458.82,27717529600
1459.10,27717529600
1459.38,27717529600
1459.67,27717529600
1459.94,27717529600
1460.23,27717529600
1460.51,27717529600
1460.80,27717529600
1461.07,27717529600
1461.35,27717529600
1461.63,27717529600
1461.91,27717529600
1462.20,27717529600
1462.48,27717529600
1462.76,27717529600
1463.05,27717341184
1463.33,27717472256
1463.62,27717472256
1463.90,27717472256
1464.18,27717472256
1464.47,27717472256
1464.75,27717472256
1465.04,27717472256
1465.32,27717472256
1465.61,27717472256
1465.89,27717472256
1466.17,27717472256
1466.45,27717472256
1466.73,27717472256
1467.02,27717472256
1467.30,27717472256
1467.57,27717472256
1467.85,27717472256
1468.13,27717472256
1468.41,27717472256
1468.70,27717472256
1468.98,27717472256
1469.27,27717472256
1469.55,27717472256
1469.83,27717472256
1470.11,27717472256
1470.39,27717472256
1470.67,27717472256
1470.96,27717472256
1471.24,27717472256
1471.52,27717472256
1471.80,27717472256
1472.08,27717472256
1472.37,27717472256
1472.64,27717472256
1472.92,27717287936
1473.21,27717287936
1473.49,27717550080
1473.77,27717550080
1474.05,27717550080
1474.33,27717550080
1474.62,27717550080
1474.90,27717550080
1475.19,27717550080
1475.47,27717550080
1475.75,27717550080
1476.03,27717550080
1476.32,27717550080
1476.60,27717550080
1476.88,27717550080
1477.16,27717550080
1477.43,27717550080
1477.71,27717550080
1477.99,27717550080
1478.28,27717550080
1478.56,27717550080
1478.84,27717550080
1479.12,27717550080
1479.40,27717550080
1479.69,27717550080
1479.97,27717550080
1480.25,27717550080
1480.54,27717550080
1480.82,27717550080
1481.10,27717550080
1481.38,27717550080
1481.66,27717550080
1481.93,27717550080
1482.22,27717550080
1482.50,27717550080
1482.78,27717550080
1483.07,27717550080
1483.35,27717550080
1483.63,27717550080
1483.90,27717550080
1484.19,27717550080
1484.47,27717550080
1484.76,27717550080
1485.04,27717550080
1485.33,27717550080
1485.61,27717550080
1485.90,27717550080
1486.18,27717550080
1486.46,27717550080
1486.74,27717550080
1487.02,27717550080
1487.31,27717550080
1487.59,27717550080
1487.87,27717550080
1488.15,27717550080
1488.43,27717550080
1488.71,27717550080
1489.00,27717550080
1489.28,27717550080
1489.56,27717550080
1489.85,27717550080
1490.13,27717550080
1490.42,27717550080
1490.70,27717550080
1490.98,27717550080
1491.26,27717550080
1491.54,27717550080
1491.82,27717550080
1492.10,27717550080
1492.39,27717550080
1492.67,27717550080
1492.95,27717345280
1493.22,27717476352
1493.51,27717476352
1493.79,27717476352
1494.07,27717476352
1494.35,27717476352
1494.62,27717476352
1494.91,27717476352
1495.19,27717476352
1495.47,27717476352
1495.76,27717476352
1496.04,27717476352
1496.32,27717476352
1496.60,27717476352
1496.88,27717476352
1497.17,27717476352
1497.44,27717476352
1497.72,27717476352
1498.01,27717476352
1498.29,27717476352
1498.57,27717476352
1498.85,27717476352
1499.12,27717476352
1499.41,27717476352
1499.69,27717476352
1499.97,27717476352
1500.26,27717476352
1500.54,27717476352
1500.81,27717476352
1501.09,27717476352
1501.38,27717476352
1501.66,27717476352
1501.93,27717476352
1502.22,27717476352
1502.50,27717476352
1502.78,27717476352
1503.06,27717402624
1503.34,27717402624
1503.62,27717402624
1503.90,27717402624
1504.18,27717402624
1504.46,27717402624
1504.74,27717402624
1505.02,27717402624
1505.30,27717402624
1505.58,27717402624
1505.87,27717402624
1506.15,27717402624
1506.43,27717402624
1506.71,27717402624
1506.99,27717402624
1507.27,27717402624
1507.55,27717402624
1507.83,27717402624
1508.10,27717402624
1508.38,27717402624
1508.66,27717402624
1508.93,27717402624
1509.21,27717402624
1509.48,27717402624
1509.76,27717402624
1510.04,27717402624
1510.32,27717402624
1510.60,27717402624
1510.88,27717402624
1511.16,27717402624
1511.44,27717402624
1511.72,27717402624
1512.00,27717402624
1512.28,27717402624
1512.55,27717402624
1512.83,27717402624
1513.11,27717402624
1513.39,27717402624
1513.67,27717402624
1513.95,27717402624
1514.23,27717402624
1514.51,27717402624
1514.80,27717402624
1515.07,27717402624
1515.35,27717402624
1515.63,27717402624
1515.91,27717402624
1516.19,27717402624
1516.47,27717402624
1516.75,27717402624
1517.03,27717402624
1517.32,27717402624
1517.59,27717402624
1517.88,27717402624
1518.16,27717402624
1518.44,27717402624
1518.72,27717402624
1519.00,27717402624
1519.28,27717402624
1519.56,27717402624
1519.84,27717402624
1520.12,27717402624
1520.40,27717402624
1520.68,27717402624
1520.96,27717402624
1521.24,27717402624
1521.52,27717402624
1521.80,27717402624
1522.08,27717402624
1522.36,27717402624
1522.63,27717402624
1522.91,27717402624
1523.19,27717402624
1523.47,27717402624
1523.76,27717402624
1524.03,27717402624
1524.32,27717402624
1524.60,27717402624
1524.87,27717402624
1525.15,27717402624
1525.43,27717402624
1525.71,27717402624
1525.99,27717402624
1526.27,27717402624
1526.54,27717402624
1526.82,27717402624
1527.10,27717402624
1527.39,27717402624
1527.67,27717402624
1527.95,27717402624
1528.23,27717402624
1528.51,27717402624
1528.79,27717402624
1529.07,27717402624
1529.35,27717402624
1529.62,27717402624
1529.90,27717402624
1530.18,27717402624
1530.46,27717402624
1530.75,27717402624
1531.03,27717402624
1531.31,27717402624
1531.59,27717402624
1531.87,27717402624
1532.15,27717402624
1532.43,27717402624
1532.71,27717402624
1532.99,27717173248
1533.27,27717173248
1533.56,27717173248
1533.84,27717435392
1534.12,27717435392
1534.40,27717435392
1534.68,27717435392
1534.96,27717435392
1535.24,27717435392
1535.52,27717435392
1535.81,27717435392
1536.09,27717435392
1536.37,27717435392
1536.65,27717435392
1536.93,27717435392
1537.22,27717435392
1537.49,27717435392
1537.77,27717435392
1538.05,27717435392
1538.33,27717435392
1538.62,27717435392
1538.90,27717435392
1539.18,27717435392
1539.46,27717435392
1539.74,27717435392
1540.03,27717435392
1540.31,27717435392
1540.59,27717435392
1540.87,27717435392
1541.15,27717435392
1541.43,27717435392
1541.71,27717435392
1541.99,27717435392
1542.27,27717435392
