time,used_memory_rss(bytes)
0.00,23176048640
0.30,23176048640
0.58,23176048640
0.89,23176048640
1.18,23176048640
1.47,23176048640
1.76,23176048640
2.04,23176048640
2.33,23176048640
2.63,23176048640
2.92,23176048640
3.21,23176048640
3.51,23176048640
3.79,23176048640
4.09,23176048640
4.37,23176048640
4.66,23176048640
4.95,23176048640
5.24,23176048640
5.52,23176048640
5.80,23176048640
6.09,23176048640
6.38,23176048640
6.67,23176048640
6.96,23176048640
7.25,23176048640
7.54,23176048640
7.82,23176048640
8.12,23176048640
8.41,23170482176
8.70,23177035776
8.98,23177035776
9.27,23177035776
9.55,23177035776
9.84,23183179776
10.12,23183179776
10.42,23183179776
10.71,23183179776
11.00,23183179776
11.28,23171108864
11.57,23171108864
11.86,23182987264
12.14,23182987264
12.43,23182987264
12.72,23182987264
13.01,23182987264
13.29,23182987264
13.58,23182987264
13.87,23182987264
14.15,23182987264
14.44,23182987264
14.72,23182987264
15.00,23182987264
15.29,23182987264
15.57,23182987264
15.86,23183396864
16.14,23183396864
16.43,23183396864
16.72,23183396864
17.01,23183396864
17.29,23183396864
17.58,23183396864
17.87,23183396864
18.16,23183396864
18.45,23183396864
18.73,23183396864
19.01,23183396864
19.30,23183396864
19.58,23183396864
19.87,23183396864
20.15,23183396864
20.44,23183396864
20.73,23183396864
21.01,23183396864
21.30,23171006464
21.58,23171825664
21.87,23183294464
22.16,23183294464
22.45,23183294464
22.75,23183294464
23.04,23183294464
23.33,23183294464
23.63,23183294464
23.92,23183704064
24.21,23183704064
24.50,23183704064
24.79,23178100736
25.08,23178100736
25.38,23178100736
25.67,23183425536
25.96,23183425536
26.25,23183425536
26.53,23183425536
26.82,23183835136
27.11,23183835136
27.40,23183835136
27.70,23184244736
27.98,23184244736
28.27,23184244736
28.56,23184244736
28.84,23178100736
29.13,23178100736
29.42,23178100736
29.71,23183835136
30.00,23183835136
30.30,23183835136
30.58,23183835136
30.87,23178100736
31.15,23178100736
31.45,23170945024
31.74,23183233024
32.02,23183233024
32.31,23183233024
32.61,23183233024
32.90,23177760768
33.19,23177760768
33.48,23177760768
33.76,23183495168
34.04,23183495168
34.33,23183495168
34.62,23183495168
34.91,23177760768
35.20,23177760768
35.48,23177760768
35.76,23182675968
36.06,23182675968
36.34,23182675968
36.62,23182675968
36.91,23183085568
37.20,23183085568
37.50,23183085568
37.80,23183085568
38.09,23183085568
38.38,23183085568
38.66,23177760768
38.95,23177760768
39.24,23177760768
39.53,23177760768
39.81,23177760768
40.11,23177760768
40.40,23177760768
40.69,23183495168
40.98,23183495168
41.27,23180873728
41.56,23180873728
41.84,23180873728
42.13,23180873728
42.42,23180873728
42.72,23180873728
43.01,23180873728
43.30,23180873728
43.59,23180873728
43.88,23175147520
44.17,23175147520
44.46,23175147520
44.73,23180472320
45.02,23180472320
45.31,23180472320
45.61,23180472320
45.89,23175147520
46.17,23175147520
46.46,23175147520
46.75,23175147520
47.04,23175147520
47.33,23175147520
47.61,23175147520
47.90,23180881920
48.18,23180881920
48.46,23180881920
48.74,23175147520
49.03,23175147520
49.32,23175147520
49.60,23175147520
49.89,23180881920
50.18,23180881920
50.46,23180881920
50.74,23180881920
51.03,23180881920
51.32,23180881920
51.60,23180881920
51.88,23180881920
52.16,23180881920
52.46,23180881920
52.74,23181291520
53.02,23181291520
53.30,23181291520
53.59,23181291520
53.88,23181291520
54.16,23181291520
54.46,23170887680
54.74,23183585280
55.03,23183585280
55.32,23183585280
55.61,23183585280
55.89,23177768960
56.17,23177768960
56.46,23177768960
56.74,23183503360
57.03,23183503360
57.31,23183503360
57.59,23183503360
57.88,23183503360
58.17,23183503360
58.45,23183503360
58.73,23183503360
59.02,23183503360
59.30,23183503360
59.58,23183503360
59.87,23183503360
60.16,23176687616
60.44,23176687616
60.73,23179145216
61.02,23179145216
61.30,23179145216
61.59,23179145216
61.87,23179145216
62.16,23179145216
62.44,23179145216
62.72,23179145216
63.01,23179145216
63.30,23179145216
63.59,23179145216
63.87,23170695168
64.15,23170695168
64.44,23170695168
64.74,23182573568
65.02,23182573568
65.31,23182573568
65.60,23182573568
65.88,23182573568
66.17,23182573568
66.45,23182573568
66.74,23182983168
67.02,23182983168
67.30,23182983168
67.59,23182983168
67.88,23182983168
68.15,23182983168
68.44,23182983168
68.72,23182983168
69.00,23182983168
69.30,23182983168
69.59,23182983168
69.87,23182983168
70.16,23182983168
70.45,23182983168
70.74,23182983168
71.02,23182983168
71.31,23182983168
71.60,23182983168
71.89,23182983168
72.18,23182983168
72.47,23182983168
72.75,23182983168
73.03,23182983168
73.31,23182983168
73.61,23182983168
73.89,23176167424
74.19,23176167424
74.48,23176167424
74.77,23179034624
75.07,23179034624
75.36,23179034624
75.65,23179034624
75.94,23179034624
76.22,23179034624
76.51,23179034624
76.79,23179034624
77.09,23179034624
77.38,23179034624
77.67,23179034624
77.96,23179034624
78.25,23179034624
78.55,23179034624
78.83,23179034624
79.13,23176413184
79.42,23176413184
79.70,23178870784
79.98,23178870784
80.27,23178870784
80.56,23178870784
80.86,23179280384
81.14,23179280384
81.42,23179280384
81.71,23179280384
82.00,23179280384
82.29,23179280384
82.59,23179280384
82.88,23170572288
83.18,23170572288
83.47,23170572288
83.75,23182860288
84.04,23182860288
84.33,23182860288
84.62,23182860288
84.91,23182860288
85.19,23182860288
85.48,23182860288
85.78,23183269888
86.06,23183269888
86.35,23183269888
86.63,23183269888
86.92,23183269888
87.20,23183269888
87.49,23183269888
87.78,23183269888
88.07,23183269888
88.36,23183269888
88.65,23183269888
88.94,23183269888
89.24,23183269888
89.53,23183269888
89.82,23183269888
90.11,23183269888
90.40,23183269888
90.68,23183679488
90.97,23183679488
91.26,23183679488
91.55,23183679488
91.83,23183679488
92.11,23183679488
92.40,23183679488
92.69,23183679488
92.98,23181058048
93.27,23181058048
93.55,23181058048
93.83,23181058048
94.11,23181058048
94.40,23181058048
94.68,23181058048
94.97,23181058048
95.25,23181058048
95.54,23181058048
95.82,23181058048
96.11,23176794112
96.40,23176794112
96.69,23179661312
96.97,23179661312
97.26,23179661312
97.55,23179661312
97.84,23179661312
98.13,23170883584
98.42,23170883584
98.70,23182352384
98.98,23182352384
99.27,23182352384
99.56,23182352384
99.85,23182352384
100.13,23182352384
100.42,23182352384
100.70,23183581184
100.99,23183581184
101.27,23183581184
101.57,23183581184
101.85,23183581184
102.15,23183581184
102.44,23183581184
102.73,23183581184
103.02,23183581184
103.32,23183581184
103.61,23183581184
103.89,23183581184
104.19,23183581184
104.47,23183581184
104.75,23183581184
105.04,23183581184
105.33,23183581184
105.63,23183581184
105.92,23183581184
106.21,23183581184
106.51,23183581184
106.80,23183581184
107.08,23183581184
107.38,23183581184
107.66,23183581184
107.94,23170883584
108.24,23170883584
108.54,23170883584
108.83,23177027584
109.12,23177027584
109.41,23177027584
109.70,23182352384
109.99,23182352384
110.27,23182352384
110.56,23182352384
110.84,23182352384
111.13,23182352384
111.41,23182352384
111.69,23182352384
111.98,23182352384
112.28,23182352384
112.57,23182352384
112.87,23182352384
113.16,23182352384
113.46,23182352384
113.76,23182761984
114.05,23182761984
114.34,23182761984
114.63,23182761984
114.92,23182761984
115.21,23182761984
115.50,23182761984
115.78,23182761984
116.08,23182761984
116.37,23182761984
116.66,23182761984
116.94,23182761984
117.23,23182761984
117.52,23182761984
117.81,23183171584
118.09,23171112960
118.38,23171112960
118.66,23181352960
118.95,23181352960
119.23,23181352960
119.52,23181352960
119.81,23181352960
120.09,23181352960
120.37,23181352960
120.66,23181352960
120.96,23181352960
121.25,23181352960
121.54,23181352960
121.84,23181352960
122.13,23181352960
122.42,23181352960
122.72,23181352960
123.00,23181352960
123.29,23181352960
123.58,23181352960
123.86,23181352960
124.15,23181352960
124.44,23181352960
124.72,23181352960
125.01,23181352960
125.31,23181352960
125.60,23181352960
125.89,23181352960
126.17,23181352960
126.46,23181352960
126.75,23181352960
127.03,23181352960
127.31,23181352960
127.61,23181352960
127.90,23171637248
128.19,23171637248
128.48,23171637248
128.78,23181877248
129.07,23181877248
129.35,23181877248
129.64,23181877248
129.92,23182286848
130.21,23182286848
130.51,23182286848
130.80,23182286848
131.09,23182286848
131.38,23182286848
131.67,23182286848
131.96,23182286848
132.24,23182286848
132.54,23182286848
132.83,23182286848
133.11,23182286848
133.41,23182286848
133.70,23182286848
133.99,23182286848
134.27,23182286848
134.56,23182286848
134.86,23182286848
135.15,23182286848
135.44,23182286848
135.72,23182286848
136.01,23182286848
136.29,23182286848
136.58,23182286848
136.87,23182286848
137.15,23182286848
137.45,23182286848
137.73,23182286848
138.01,23170506752
138.31,23170506752
138.60,23172964352
138.88,23180337152
139.17,23180337152
139.45,23180337152
139.74,23180746752
140.02,23180746752
140.31,23180746752
140.59,23180746752
140.89,23180746752
141.18,23180746752
141.47,23176536064
141.76,23176945664
142.04,23176945664
142.33,23176945664
142.61,23176945664
142.89,23176945664
143.18,23176945664
143.46,23176945664
143.76,23176945664
144.04,23176945664
144.33,23176945664
144.62,23176945664
144.91,23176945664
145.21,23176945664
145.50,23176945664
145.79,23176945664
146.08,23171702784
146.37,23171702784
146.65,23181942784
146.94,23177695232
147.23,23177695232
147.52,23177695232
147.81,23177695232
148.11,23177695232
148.40,23177695232
148.69,23177695232
148.98,23172665344
149.27,23172665344
149.57,23172665344
149.86,23181676544
150.15,23181676544
150.44,23181676544
150.72,23181676544
151.01,23181676544
151.30,23181676544
151.59,23181676544
151.88,23182086144
152.16,23182086144
152.44,23182086144
152.73,23182495744
153.01,23172620288
153.30,23172620288
153.58,23172620288
153.87,23181221888
154.16,23181221888
154.45,23181221888
154.73,23182041088
155.01,23182041088
155.28,23182041088
155.57,23182041088
155.86,23177146368
156.15,23177146368
156.44,23177146368
156.72,23181651968
157.00,23181651968
157.29,23181651968
157.58,23181651968
157.87,23181651968
158.15,23181651968
158.44,23181651968
158.73,23182061568
159.02,23182061568
159.31,23182061568
159.59,23182061568
159.88,23182061568
160.17,23182061568
160.46,23182061568
160.75,23182880768
161.03,23182880768
161.31,23182880768
161.60,23182880768
161.89,23182880768
162.18,23182880768
162.47,23182880768
162.75,23177211904
163.05,23170723840
163.34,23170723840
163.63,23179735040
163.92,23171424256
164.20,23171424256
164.49,23171424256
164.77,23181254656
165.06,23181254656
165.34,23181254656
165.62,23181254656
165.91,23182073856
166.20,23182073856
166.49,23182073856
166.78,23182073856
167.07,23182073856
167.36,23182073856
167.64,23182073856
167.93,23182893056
168.21,23182893056
168.50,23182893056
168.79,23182893056
169.08,23182893056
169.36,23182893056
169.65,23182893056
169.94,23182893056
170.23,23182893056
170.52,23182893056
170.80,23182893056
171.09,23182893056
171.38,23182893056
171.67,23182893056
171.95,23182893056
172.24,23182893056
172.53,23182893056
172.82,23182893056
173.12,23182893056
173.41,23182893056
173.70,23176421376
174.00,23176421376
174.28,23176421376
174.56,23176421376
174.84,23177240576
175.13,23177240576
175.41,23177240576
175.70,23177240576
175.99,23177240576
176.27,23177240576
176.56,23177240576
176.85,23177240576
177.13,23177240576
177.42,23177240576
177.70,23177240576
177.98,23177240576
178.27,23177240576
178.55,23177240576
178.84,23177650176
179.13,23177650176
179.42,23177650176
179.71,23177650176
180.00,23177650176
180.28,23177650176
180.57,23177650176
180.85,23171772416
181.13,23171772416
181.42,23171772416
181.71,23181602816
182.00,23181602816
182.28,23181602816
182.57,23181602816
182.86,23182012416
183.14,23182012416
183.43,23182012416
183.72,23180914688
184.01,23180914688
184.30,23180914688
184.59,23180914688
184.88,23180914688
185.17,23180914688
185.45,23180914688
185.73,23177949184
186.02,23177949184
186.31,23177949184
186.60,23177949184
186.88,23177949184
187.17,23177949184
187.46,23177949184
187.74,23177949184
188.03,23177949184
188.31,23177949184
188.60,23177949184
188.89,23177949184
189.18,23177949184
189.47,23171739648
189.76,23180750848
190.05,23180750848
190.34,23180750848
190.62,23180750848
190.90,23181979648
191.19,23181979648
191.46,23181979648
191.75,23181979648
192.04,23181979648
192.33,23181979648
192.62,23181979648
192.91,23181979648
193.20,23177785344
193.48,23177785344
193.78,23177785344
194.07,23177785344
194.36,23177785344
194.65,23177785344
194.93,23171772416
195.22,23171772416
195.51,23171772416
195.80,23181602816
196.09,23181602816
196.38,23181602816
196.67,23181602816
196.96,23177408512
197.25,23177408512
197.53,23177408512
197.82,23177818112
198.11,23177818112
198.40,23177818112
198.69,23177818112
198.97,23177818112
199.25,23177818112
199.53,23177818112
199.82,23177818112
200.11,23177818112
200.40,23177818112
200.68,23174938624
200.97,23174938624
201.26,23174938624
201.55,23174938624
201.85,23176986624
202.13,23176986624
202.42,23176986624
202.71,23177396224
203.00,23177396224
203.28,23177396224
203.57,23177396224
203.86,23177396224
204.15,23177396224
204.44,23177396224
204.72,23177396224
205.01,23177396224
205.30,23177396224
205.59,23177396224
205.88,23177396224
206.17,23177396224
206.46,23177396224
206.75,23177396224
207.05,23177396224
207.33,23177396224
207.61,23177396224
207.90,23177396224
208.19,23177396224
208.48,23177396224
208.78,23177805824
209.06,23177805824
209.36,23177805824
209.64,23177805824
209.93,23177805824
210.22,23177805824
210.51,23177805824
210.80,23177252864
211.09,23177252864
211.38,23177252864
211.66,23177252864
211.96,23177252864
212.24,23177252864
212.53,23177252864
212.82,23177252864
213.11,23177252864
213.40,23177252864
213.69,23177252864
213.99,23177252864
214.28,23177252864
214.57,23177252864
214.85,23177252864
215.15,23177252864
215.43,23177252864
215.72,23177662464
216.01,23177662464
216.30,23177662464
216.58,23177662464
216.87,23177662464
217.16,23177662464
217.44,23177662464
217.72,23177662464
218.01,23177662464
218.30,23177662464
218.60,23177662464
218.88,23177662464
219.17,23177662464
219.47,23177662464
219.76,23177662464
220.05,23177662464
220.34,23177662464
220.63,23175348224
220.92,23176577024
221.21,23176577024
221.50,23176577024
221.80,23177396224
222.09,23177396224
222.37,23177396224
222.66,23177396224
222.94,23177396224
223.24,23177396224
223.51,23177396224
223.80,23177396224
224.09,23177396224
224.38,23177396224
224.66,23177396224
224.94,23177396224
225.23,23177396224
225.51,23177396224
225.79,23177396224
226.07,23177396224
226.36,23177396224
226.64,23177396224
226.92,23177396224
227.21,23177396224
227.52,23177396224
227.81,23177396224
228.09,23177396224
228.38,23177396224
228.68,23177396224
228.96,23177396224
229.25,23177396224
229.53,23177396224
229.81,23177396224
230.10,23177396224
230.39,23177396224
230.68,23175282688
230.96,23175282688
231.25,23175282688
231.54,23175282688
231.82,23176511488
232.10,23176511488
232.38,23176511488
232.67,23176511488
232.94,23176511488
233.24,23176511488
233.55,23176511488
233.83,23176511488
234.12,23176511488
234.40,23176511488
234.68,23176511488
234.97,23176511488
235.27,23176511488
235.55,23176511488
235.83,23176921088
236.12,23176921088
236.41,23176921088
236.69,23176921088
236.99,23176921088
237.27,23176921088
237.56,23176921088
237.85,23176921088
238.14,23176921088
238.43,23176921088
238.72,23176921088
239.01,23176921088
239.30,23176921088
239.59,23176921088
239.87,23176921088
240.15,23176921088
240.44,23176921088
240.72,23177232384
241.01,23177232384
241.29,23177232384
241.57,23177232384
241.86,23177641984
242.15,23177641984
242.43,23177641984
242.72,23177641984
243.01,23177641984
243.29,23177641984
243.58,23177641984
243.87,23177641984
244.16,23177641984
244.45,23177641984
244.73,23177641984
245.02,23177641984
245.32,23177641984
245.60,23177641984
245.88,23177641984
246.17,23177641984
246.44,23177641984
246.73,23177641984
247.02,23177641984
247.30,23177641984
247.59,23177641984
247.88,23177641984
248.16,23177641984
248.44,23177641984
248.73,23177641984
249.02,23177641984
249.32,23177641984
249.60,23177641984
249.89,23177641984
250.18,23177641984
250.47,23177641984
250.75,23175987200
251.04,23175987200
251.32,23175987200
251.59,23177216000
251.88,23177216000
252.16,23177216000
252.44,23177216000
252.73,23177625600
253.01,23177625600
253.29,23177625600
253.58,23177625600
253.86,23177625600
254.15,23177625600
254.43,23177625600
254.72,23177625600
255.00,23177625600
255.30,23177625600
255.59,23177625600
255.88,23177625600
256.16,23177625600
256.44,23177625600
256.73,23177625600
257.01,23177625600
257.30,23177625600
257.58,23177625600
257.87,23177625600
258.14,23177625600
258.43,23177625600
258.71,23177625600
259.01,23177625600
259.30,23177625600
259.58,23177625600
259.88,23177625600
260.16,23177625600
260.45,23177625600
260.75,23174942720
261.04,23174942720
261.33,23174942720
261.62,23174942720
261.90,23174942720
262.20,23174942720
262.48,23174942720
262.77,23181086720
263.05,23181086720
263.35,23170666496
263.64,23180906496
263.93,23181725696
264.23,23181725696
264.52,23181725696
264.81,23182135296
265.10,23177940992
265.39,23177940992
265.68,23177940992
265.97,23177940992
266.26,23177940992
266.54,23177940992
266.83,23177940992
267.11,23177940992
267.40,23177940992
267.69,23177940992
267.97,23177940992
268.25,23177940992
268.54,23177940992
268.84,23171846144
269.12,23171846144
269.41,23171846144
269.69,23182086144
269.98,23182086144
270.26,23177891840
270.54,23177891840
270.83,23177891840
271.11,23177891840
271.39,23177891840
271.68,23177891840
271.96,23177891840
272.25,23177891840
272.54,23177891840
272.82,23177891840
273.11,23177891840
273.40,23177891840
273.68,23177891840
273.97,23171637248
274.26,23171637248
274.55,23171637248
274.83,23180648448
275.11,23180648448
275.39,23180648448
275.68,23181467648
275.98,23181467648
276.26,23181467648
276.55,23181467648
276.84,23181467648
277.13,23181467648
277.42,23181467648
277.71,23181467648
278.00,23181467648
278.29,23181467648
278.57,23181467648
278.86,23181467648
279.15,23181467648
279.45,23181467648
279.74,23181467648
280.02,23181467648
280.31,23181467648
280.59,23181467648
280.87,23181467648
281.16,23181467648
281.44,23181467648
281.74,23181877248
282.02,23181877248
282.31,23181877248
282.60,23181877248
282.89,23181877248
283.18,23181877248
283.48,23181877248
283.76,23181877248
284.04,23170723840
284.33,23170723840
284.62,23174819840
284.91,23181373440
285.20,23181373440
285.49,23181373440
285.78,23181783040
286.07,23181783040
286.36,23181783040
286.64,23181783040
286.93,23181783040
287.22,23181783040
287.50,23181783040
287.79,23181783040
288.08,23181783040
288.37,23181783040
288.65,23181783040
288.94,23181783040
289.23,23181783040
289.51,23181783040
289.80,23181783040
290.09,23181783040
290.39,23181783040
290.68,23181783040
290.96,23181783040
291.25,23181783040
291.54,23181783040
291.83,23176073216
292.12,23176073216
292.41,23176073216
292.70,23176073216
292.98,23176073216
293.27,23176073216
293.56,23176073216
293.85,23170686976
294.13,23170686976
294.42,23170686976
294.71,23180926976
294.99,23180926976
295.27,23180926976
295.57,23180926976
295.85,23180926976
296.14,23180926976
296.43,23180926976
296.71,23181336576
297.00,23181336576
297.28,23181336576
297.56,23181336576
297.85,23181336576
298.14,23181336576
298.43,23181336576
298.72,23181336576
299.00,23181336576
299.29,23181336576
299.58,23181336576
299.87,23181746176
300.15,23181746176
300.44,23181746176
300.73,23181746176
301.02,23181746176
301.30,23181746176
301.59,23181746176
301.89,23181746176
302.18,23181746176
302.46,23181746176
302.75,23181746176
303.04,23181746176
303.34,23181746176
303.62,23181746176
303.91,23171813376
304.19,23171813376
304.48,23171813376
304.77,23180824576
305.06,23180824576
305.36,23180824576
305.64,23180824576
305.93,23181234176
306.22,23181234176
306.49,23181234176
306.78,23181234176
307.07,23181234176
307.36,23181234176
307.64,23181234176
307.93,23181234176
308.23,23181234176
308.51,23181234176
308.80,23181234176
309.08,23181234176
309.38,23181234176
309.67,23181234176
309.95,23181234176
310.24,23181234176
310.54,23181234176
310.82,23181234176
311.11,23181234176
311.40,23181234176
311.69,23181643776
311.98,23181643776
312.27,23181643776
312.56,23181643776
312.86,23181643776
313.15,23181643776
313.44,23181643776
313.72,23181643776
314.01,23170727936
314.31,23170727936
314.60,23173185536
314.88,23180148736
315.17,23180148736
315.46,23180148736
315.76,23180558336
316.05,23180558336
316.35,23180558336
316.63,23180558336
316.92,23180967936
317.21,23180967936
317.50,23180967936
317.79,23180967936
318.08,23180967936
318.36,23180967936
318.64,23180967936
318.93,23180967936
319.22,23180967936
319.51,23180967936
319.79,23180967936
320.08,23180967936
320.37,23180967936
320.65,23180967936
320.93,23180967936
321.22,23180967936
321.50,23180967936
321.78,23180967936
322.07,23180967936
322.35,23180967936
322.64,23180967936
322.93,23180967936
323.22,23180967936
323.51,23180967936
323.80,23180967936
324.08,23170449408
324.37,23170449408
324.65,23180279808
324.94,23180279808
325.22,23180279808
325.52,23180279808
325.81,23180689408
326.10,23180689408
326.39,23180689408
326.68,23180689408
326.96,23180689408
327.24,23180689408
327.53,23180689408
327.82,23181099008
328.11,23181099008
328.39,23181099008
328.68,23181099008
328.97,23181099008
329.26,23181099008
329.54,23181099008
329.84,23181099008
330.12,23181099008
330.41,23181099008
330.70,23181099008
330.99,23181099008
331.28,23181099008
331.57,23181099008
331.85,23181099008
332.14,23181099008
332.43,23181099008
332.72,23181099008
333.01,23181099008
333.30,23181099008
333.58,23181099008
333.87,23170555904
334.16,23170555904
334.45,23170555904
334.74,23180386304
335.02,23180386304
335.31,23180386304
335.60,23180386304
335.90,23180386304
336.19,23180386304
336.48,23180386304
336.77,23180386304
337.05,23180386304
337.33,23176192000
337.62,23176192000
337.91,23177011200
338.20,23177011200
338.49,23177011200
338.78,23177011200
339.07,23177011200
339.36,23177011200
339.64,23177011200
339.92,23177011200
340.22,23177011200
340.50,23177011200
340.80,23177011200
341.08,23177011200
341.38,23177011200
341.66,23177011200
341.95,23171768320
342.25,23171768320
342.54,23171768320
342.83,23175864320
343.13,23175864320
343.42,23175864320
343.71,23181189120
344.01,23181189120
344.30,23181189120
344.60,23181189120
344.88,23181189120
345.18,23181189120
345.46,23181189120
345.78,23181189120
346.07,23181189120
346.36,23181189120
346.65,23181189120
346.95,23181189120
347.25,23181189120
347.54,23181189120
347.83,23181189120
348.12,23181189120
348.42,23181189120
348.71,23181189120
349.00,23181189120
349.28,23181189120
349.57,23181189120
349.86,23181189120
350.15,23181189120
350.45,23181189120
350.74,23181189120
351.03,23181189120
351.32,23181189120
351.62,23181189120
351.91,23171747840
352.20,23171747840
352.49,23171747840
352.78,23180349440
353.07,23180349440
353.37,23180349440
353.65,23180759040
353.94,23180759040
354.22,23180759040
354.51,23180759040
354.81,23181168640
355.10,23181168640
355.39,23181168640
355.69,23181168640
355.98,23181168640
356.28,23181168640
356.57,23181168640
356.86,23181168640
357.14,23181168640
357.43,23181168640
357.72,23181168640
358.01,23181168640
358.30,23181168640
358.59,23181168640
358.89,23181168640
359.18,23181168640
359.47,23181168640
359.77,23181168640
360.06,23181168640
360.35,23181168640
360.63,23181168640
360.92,23181168640
361.21,23181168640
361.50,23181168640
361.79,23170469888
362.08,23170469888
362.37,23170469888
362.66,23180300288
362.96,23180300288
363.25,23180300288
363.54,23180300288
363.83,23180709888
364.12,23180709888
364.42,23180709888
364.70,23181119488
364.99,23181119488
365.28,23181119488
365.57,23181119488
365.87,23181119488
366.16,23181119488
366.45,23181119488
366.74,23181119488
367.04,23181119488
367.33,23181119488
367.61,23181119488
367.91,23181119488
368.20,23181119488
368.49,23181119488
368.78,23181529088
369.08,23181529088
369.37,23181529088
369.66,23181529088
369.95,23181529088
370.25,23181529088
370.54,23181529088
370.84,23181529088
371.14,23181529088
371.43,23181529088
371.72,23170424832
372.01,23170424832
372.31,23170424832
372.61,23173292032
372.89,23180255232
373.18,23180255232
373.46,23180255232
373.74,23181074432
374.03,23181074432
374.31,23181074432
374.60,23181074432
374.89,23181074432
375.18,23181074432
375.47,23181074432
375.75,23181074432
376.04,23181074432
376.33,23181074432
376.63,23181074432
376.92,23181893632
377.20,23181893632
377.50,23181893632
377.79,23181893632
378.08,23181893632
378.37,23181893632
378.66,23181893632
378.94,23181893632
379.23,23181893632
379.52,23181893632
379.81,23181893632
380.09,23181893632
380.38,23181893632
380.67,23181893632
380.96,23181893632
381.25,23181893632
381.54,23181893632
381.83,23170531328
382.12,23170531328
382.41,23170531328
382.70,23180771328
382.98,23180771328
383.26,23180771328
383.55,23180771328
383.84,23181180928
384.13,23181180928
384.43,23181180928
384.72,23181180928
385.00,23175999488
385.30,23175999488
385.58,23175999488
385.87,23180914688
386.17,23180914688
386.46,23180914688
386.75,23181324288
387.05,23181324288
387.34,23181324288
387.63,23181324288
387.93,23181324288
388.22,23181324288
388.51,23181324288
388.80,23181324288
389.09,23181324288
389.38,23181324288
389.68,23181324288
389.97,23181324288
390.25,23181324288
390.55,23181324288
390.84,23181324288
391.13,23181324288
391.42,23181324288
391.70,23181733888
391.99,23181733888
392.28,23181733888
392.57,23170707456
392.85,23181357056
393.14,23181357056
393.42,23181357056
393.71,23181766656
394.00,23181766656
394.29,23181766656
394.58,23181766656
394.87,23181766656
395.15,23181766656
395.44,23181766656
395.73,23181766656
396.01,23181766656
396.31,23181766656
396.60,23181766656
396.88,23181766656
397.17,23181766656
397.45,23181766656
397.74,23182176256
398.02,23182176256
398.30,23182176256
398.59,23182176256
398.88,23176028160
399.17,23176028160
399.45,23176028160
399.75,23182172160
400.04,23182172160
400.32,23182172160
400.61,23182172160
400.90,23182172160
401.19,23182172160
401.47,23182172160
401.77,23182172160
402.06,23182172160
402.35,23171784704
402.63,23175471104
402.92,23180795904
403.21,23180795904
403.50,23180795904
403.79,23181615104
404.07,23181615104
404.35,23181615104
404.64,23181615104
404.93,23176028160
405.22,23176028160
405.50,23176028160
405.78,23180943360
406.07,23180943360
406.36,23176749056
406.65,23177158656
406.94,23177158656
407.22,23177158656
407.51,23177158656
407.80,23177158656
408.10,23177158656
408.38,23177158656
408.67,23177158656
408.96,23177158656
409.25,23177158656
409.54,23177158656
409.83,23177568256
410.12,23171489792
410.40,23171489792
410.70,23180910592
410.98,23180910592
411.27,23180910592
411.55,23180910592
411.84,23180910592
412.13,23180910592
412.42,23180910592
412.71,23181320192
413.00,23181320192
413.29,23181320192
413.57,23181320192
413.86,23181320192
414.17,23181320192
414.46,23181320192
414.76,23182139392
415.04,23182139392
415.33,23182139392
415.62,23182139392
415.91,23182139392
416.19,23182139392
416.47,23182139392
416.76,23182139392
417.05,23182139392
417.34,23182139392
417.62,23182139392
417.91,23182139392
418.19,23182139392
418.48,23182139392
418.76,23182139392
419.05,23182139392
419.33,23182139392
419.62,23182139392
419.91,23182139392
420.20,23170666496
420.48,23170666496
420.79,23181316096
421.10,23181316096
421.39,23181316096
421.68,23182135296
421.97,23182135296
422.26,23182135296
422.55,23182135296
422.84,23182135296
423.12,23182135296
423.41,23182135296
423.69,23176351744
423.98,23176351744
424.27,23176351744
424.56,23176351744
424.84,23182086144
425.13,23182086144
425.43,23182086144
425.74,23182086144
426.03,23182086144
426.31,23182086144
426.60,23182086144
426.89,23182086144
427.17,23182086144
427.46,23182086144
427.75,23176032256
428.04,23176032256
428.33,23176032256
428.62,23176032256
428.91,23181357056
429.20,23181357056
429.50,23181357056
429.79,23181357056
430.07,23171919872
430.36,23173967872
431.02,23175606272
431.30,23175606272
431.59,23175606272
431.87,23181750272
432.15,23181750272
432.45,23181750272
432.74,23181750272
433.03,23182159872
433.32,23182159872
433.61,23182159872
433.90,23182159872
434.19,23182159872
434.48,23182159872
434.77,23182159872
435.06,23182159872
435.36,23182159872
435.65,23182159872
435.93,23182159872
436.22,23182159872
436.51,23182159872
436.80,23182159872
437.08,23182159872
437.36,23182159872
437.66,23182159872
437.94,23182159872
438.23,23182159872
438.51,23182159872
438.81,23176364032
439.10,23176364032
439.39,23176364032
439.68,23176364032
439.96,23171768320
440.26,23171768320
440.55,23171768320
440.83,23182008320
441.13,23182008320
441.43,23182008320
441.72,23182008320
442.01,23182008320
442.29,23182008320
442.58,23182008320
442.87,23176032256
443.16,23176032256
443.45,23176032256
443.74,23176032256
444.03,23181766656
444.31,23181766656
444.59,23181766656
444.88,23176032256
445.17,23176032256
445.46,23176032256
445.74,23176032256
446.02,23181766656
446.31,23181766656
446.59,23181766656
446.87,23181766656
447.16,23181766656
447.45,23181766656
447.74,23181766656
448.02,23176032256
448.31,23176032256
448.60,23176032256
448.88,23181766656
449.17,23181766656
449.45,23181766656
449.74,23181766656
450.03,23170396160
450.33,23170396160
450.62,23170396160
450.90,23181864960
451.19,23181864960
451.48,23181864960
451.77,23181864960
452.05,23176032256
452.34,23176032256
452.62,23176032256
452.91,23176032256
453.20,23176032256
453.50,23176032256
453.78,23182176256
454.07,23176032256
454.36,23176032256
454.64,23176032256
454.94,23181766656
455.23,23181766656
455.52,23181766656
455.80,23176032256
456.09,23176032256
456.38,23176032256
456.67,23176032256
456.96,23181766656
457.25,23181766656
457.54,23181766656
457.83,23176032256
458.12,23176032256
458.41,23176032256
458.70,23176032256
459.00,23181766656
459.28,23181766656
459.57,23181766656
459.86,23176032256
460.15,23170756608
460.44,23170756608
460.73,23174033408
461.02,23182225408
461.31,23182225408
461.60,23182225408
461.88,23182225408
462.17,23182225408
462.46,23182225408
462.75,23182225408
463.04,23176032256
463.32,23176032256
463.61,23176032256
463.89,23181357056
464.18,23181357056
464.46,23181357056
464.75,23181357056
465.03,23176032256
465.31,23176032256
465.59,23176032256
465.88,23181766656
466.17,23181766656
466.47,23181766656
466.75,23181766656
467.04,23176032256
467.33,23176032256
467.61,23176032256
467.90,23176032256
468.19,23176032256
468.48,23176032256
468.77,23181357056
469.06,23182176256
469.35,23182176256
469.63,23182176256
469.92,23176032256
470.21,23171837952
470.50,23171837952
470.78,23181258752
471.06,23181258752
471.35,23181258752
471.63,23177064448
471.91,23171837952
472.20,23171837952
472.49,23171837952
472.77,23180849152
473.06,23180849152
473.35,23180849152
473.63,23180849152
473.92,23181668352
474.21,23181668352
474.50,23181668352
474.79,23176032256
475.08,23176032256
475.37,23176032256
475.65,23171837952
475.94,23180849152
476.22,23180849152
476.52,23180849152
476.81,23180849152
477.09,23176654848
477.39,23176654848
477.67,23176654848
477.95,23176654848
478.24,23176654848
478.53,23176654848
478.82,23176654848
479.10,23176654848
479.39,23176654848
479.69,23176654848
479.98,23176654848
480.27,23176654848
480.56,23176654848
480.84,23176654848
481.12,23171928064
481.41,23171928064
481.69,23171928064
481.98,23175204864
482.27,23175204864
482.56,23175204864
482.85,23175614464
483.13,23175614464
483.42,23175614464
483.71,23175614464
484.00,23175614464
484.29,23175614464
484.58,23175614464
484.87,23175614464
485.15,23175614464
485.43,23175614464
485.71,23175614464
485.99,23175614464
486.29,23175614464
486.56,23175614464
486.85,23175614464
487.14,23175614464
487.43,23175614464
487.71,23175614464
487.99,23180120064
488.27,23180120064
488.56,23180120064
488.84,23180120064
489.12,23180120064
489.41,23180120064
489.69,23180120064
489.99,23180120064
490.28,23180120064
490.56,23180120064
490.85,23180120064
491.14,23175913472
491.43,23175913472
491.72,23175913472
492.01,23175913472
492.29,23175913472
492.58,23175913472
492.87,23181238272
493.15,23181238272
493.44,23181238272
493.73,23181238272
494.01,23176286208
494.31,23176286208
494.59,23176286208
494.88,23182430208
495.18,23182430208
495.47,23182430208
495.76,23182430208
496.06,23182430208
496.34,23182430208
496.63,23182430208
496.92,23182430208
497.21,23182430208
497.51,23182430208
497.80,23176286208
498.08,23176286208
498.37,23176286208
498.65,23172091904
498.94,23181512704
499.23,23181512704
499.52,23181512704
499.81,23176286208
500.09,23176286208
500.38,23176286208
500.66,23176286208
500.95,23182020608
501.24,23182020608
501.52,23182020608
501.81,23176286208
502.10,23176286208
502.39,23176286208
502.68,23176286208
502.97,23176286208
503.25,23176286208
503.54,23176286208
503.82,23176286208
504.11,23176286208
504.39,23176286208
504.68,23176286208
504.97,23181611008
505.26,23181611008
505.56,23181611008
505.84,23176286208
506.13,23176286208
506.42,23176286208
506.70,23176286208
506.99,23176286208
507.28,23176286208
507.57,23176286208
507.86,23176286208
508.15,23176286208
508.44,23176286208
508.73,23173910528
509.01,23182102528
509.31,23182102528
509.59,23182102528
509.87,23182102528
510.16,23171866624
510.44,23171866624
510.74,23175143424
511.03,23181697024
511.32,23181697024
511.61,23181697024
511.89,23176286208
512.18,23176286208
512.46,23176286208
512.75,23180791808
513.04,23176286208
513.33,23176286208
513.61,23176286208
513.90,23181201408
514.19,23181201408
514.47,23181201408
514.76,23181201408
515.05,23181611008
515.34,23181611008
515.63,23181611008
515.91,23176396800
516.20,23176396800
516.48,23176396800
516.77,23181721600
517.06,23182131200
517.34,23182131200
517.63,23182131200
517.91,23182131200
518.19,23182131200
518.48,23182131200
518.77,23182131200
519.06,23176286208
519.35,23176286208
519.63,23176286208
519.92,23182020608
520.22,23170891776
520.50,23170891776
520.79,23182360576
521.08,23182360576
521.37,23182360576
521.65,23182360576
521.95,23176286208
522.24,23176286208
522.52,23176286208
522.80,23182020608
523.09,23182020608
523.37,23182020608
523.66,23182020608
523.96,23176286208
524.25,23176286208
524.54,23176286208
524.83,23176286208
525.13,23176286208
525.41,23176286208
525.70,23176286208
525.99,23176286208
526.28,23176286208
526.57,23176286208
526.86,23182020608
527.14,23182020608
527.43,23182020608
527.72,23182020608
528.01,23182020608
528.30,23182020608
528.60,23182020608
528.88,23176286208
529.17,23176286208
529.46,23176286208
529.75,23176286208
530.04,23176286208
530.33,23171043328
530.61,23171043328
530.90,23182102528
531.20,23182102528
531.49,23182102528
531.77,23182512128
532.07,23176286208
532.35,23176286208
532.63,23172091904
532.92,23176286208
533.21,23176286208
533.49,23176286208
533.77,23181201408
534.05,23182430208
534.34,23182430208
534.63,23182430208
534.91,23182430208
535.19,23182430208
535.49,23182430208
535.78,23182430208
536.06,23182430208
536.36,23182430208
536.65,23182430208
536.93,23182430208
537.22,23182430208
537.51,23182430208
537.79,23182430208
538.08,23182430208
538.37,23182430208
538.66,23182430208
538.93,23182430208
539.22,23182430208
539.51,23182430208
539.79,23182430208
540.08,23182430208
540.38,23182430208
540.67,23182430208
540.96,23182430208
541.25,23182430208
541.54,23182430208
541.83,23176286208
542.12,23176286208
542.40,23171010560
542.70,23171010560
542.99,23176286208
543.28,23176286208
543.58,23176286208
543.87,23182020608
544.16,23182020608
544.45,23182020608
544.74,23182020608
545.03,23176286208
545.32,23176286208
545.61,23176286208
545.90,23182430208
546.19,23182430208
546.48,23182430208
546.77,23182430208
547.06,23182430208
547.36,23182430208
547.64,23182430208
547.93,23182430208
548.21,23182430208
548.50,23182430208
548.79,23182430208
549.08,23182430208
549.37,23182430208
549.66,23182430208
549.95,23176286208
550.24,23176286208
550.53,23176286208
550.82,23176286208
551.11,23176286208
551.39,23176286208
551.68,23176286208
551.97,23176286208
552.26,23176286208
552.55,23171010560
552.84,23182479360
553.14,23172059136
553.43,23172059136
553.72,23173287936
554.01,23182299136
554.30,23182299136
554.59,23182299136
554.88,23176286208
555.16,23176286208
555.45,23176286208
555.75,23180382208
556.04,23176286208
556.33,23176286208
556.62,23176286208
556.91,23181611008
557.20,23181611008
557.49,23181611008
557.77,23181611008
558.05,23181611008
558.34,23181611008
558.63,23181611008
558.92,23182020608
559.21,23182020608
559.49,23182020608
559.78,23182020608
560.07,23182020608
560.35,23182020608
560.64,23182020608
560.93,23176286208
561.22,23176286208
561.51,23176286208
561.80,23181611008
562.08,23181611008
562.37,23181611008
562.65,23181611008
562.94,23170768896
563.23,23170768896
563.51,23170768896
563.79,23181828096
564.08,23181828096
564.37,23181828096
564.65,23181828096
564.94,23176286208
565.23,23176286208
565.51,23176286208
565.80,23181611008
566.08,23181611008
566.37,23181611008
566.65,23181611008
566.93,23176286208
567.22,23176286208
567.51,23176286208
567.79,23183659008
568.08,23176552448
568.36,23176552448
568.65,23176552448
568.94,23176286208
569.23,23176286208
569.51,23176286208
569.80,23180382208
570.09,23180382208
570.38,23180382208
570.66,23180382208
570.95,23176286208
571.23,23176286208
571.52,23176286208
571.80,23176286208
572.09,23176286208
572.38,23176286208
572.67,23176286208
572.96,23171010560
573.25,23171010560
573.54,23171010560
573.83,23176286208
574.12,23176286208
574.40,23176286208
574.69,23176286208
574.99,23176286208
575.27,23176286208
575.56,23176286208
575.84,23176286208
576.13,23176286208
576.42,23176286208
576.71,23176286208
576.99,23182430208
577.28,23182430208
577.57,23182430208
577.85,23176286208
578.14,23176286208
578.42,23176286208
578.70,23176286208
578.98,23182430208
579.26,23182430208
579.54,23182430208
579.82,23182430208
580.11,23182430208
580.39,23182430208
580.68,23182430208
580.96,23182430208
581.24,23182430208
581.52,23182430208
581.80,23182430208
582.08,23182430208
582.37,23182430208
582.64,23182430208
582.93,23182430208
583.21,23172050944
583.50,23172050944
583.79,23172050944
584.08,46343483392
584.36,46344302592
584.65,46344302592
584.94,46344302592
585.23,46344302592
585.52,46344302592
585.81,46344302592
586.10,46344712192
586.38,46344712192
586.68,46344712192
586.97,46344712192
587.25,46344712192
587.55,46344712192
587.83,46344712192
588.12,46345121792
588.41,46345121792
588.71,46345121792
588.99,46345121792
589.28,46345121792
589.57,46345121792
589.85,46345121792
590.14,46345121792
590.43,46345121792
590.71,46345121792
590.99,46345121792
591.28,46345121792
591.57,46345121792
591.86,46345121792
592.15,46345121792
592.43,46345121792
592.71,46345121792
593.01,46340997120
593.29,46344683520
593.58,46344683520
593.86,46344683520
594.15,46344683520
594.44,46344683520
594.73,46344683520
595.02,46344683520
595.30,46345093120
595.60,46345093120
595.89,46345093120
596.17,46345093120
596.47,46345093120
596.75,46345093120
597.04,46345093120
597.32,46345093120
597.61,46345093120
597.90,46345093120
598.19,46345093120
598.48,46345093120
598.77,46345093120
599.05,46345093120
599.35,46345502720
599.63,46345502720
599.93,46345502720
600.21,46345502720
600.49,46345502720
600.78,46345502720
601.07,46345502720
601.35,46345912320
601.64,46345912320
601.93,46345912320
602.22,46345912320
602.51,46345912320
602.80,46345912320
603.09,46344060928
603.37,46344060928
603.66,46344060928
603.95,46344060928
604.24,46277021696
604.53,46277021696
604.82,46277021696
605.10,46277431296
605.39,46277431296
605.68,46277431296
605.97,46277431296
606.26,46277431296
606.55,46277431296
606.84,46277431296
607.13,46277431296
607.41,46277431296
607.71,46277431296
608.00,46277431296
608.29,46277431296
608.58,46277431296
608.86,46277431296
609.15,46277431296
609.43,46277431296
609.72,46277431296
610.00,46277431296
610.29,46277431296
610.58,46277431296
610.88,46277431296
611.17,46277431296
611.46,46277431296
611.74,46277431296
612.03,46277431296
612.33,46277431296
612.62,46277431296
612.90,46277431296
613.18,46277361664
613.47,46277361664
613.76,46277361664
614.05,46277361664
614.34,46277361664
614.62,46277361664
614.91,46277361664
615.19,46277771264
615.48,46277771264
615.76,46277771264
616.05,46277771264
616.33,46277771264
616.62,46277771264
616.90,46277771264
617.19,46277771264
617.48,46277771264
617.76,46277771264
618.05,46277771264
618.34,46277771264
618.63,46277771264
618.92,46277771264
619.21,46277771264
619.51,46277771264
619.79,46277771264
620.09,46277771264
620.38,46277771264
620.67,46277771264
620.96,46277771264
621.25,46277771264
621.54,46277771264
621.82,46277771264
622.11,46277771264
622.41,46277771264
622.70,46277771264
622.99,46277771264
623.28,46277427200
623.57,46277427200
623.86,46277427200
624.15,46277427200
624.44,46277427200
624.73,46277427200
625.02,46277427200
625.30,46277427200
625.60,46277427200
625.88,46277427200
626.18,46277427200
626.47,46277427200
626.76,46277427200
627.05,46277427200
627.35,46277427200
627.64,46277427200
627.92,46277427200
628.21,46277427200
628.51,46277427200
628.80,46277427200
629.09,46277427200
629.38,46277427200
629.67,46277427200
629.96,46277427200
630.25,46277836800
630.55,46277836800
630.84,46277836800
631.13,46277836800
631.42,46277836800
631.71,46277836800
632.00,46277836800
632.29,46277836800
632.58,46277836800
632.87,46277836800
633.16,46277586944
633.45,46277586944
633.74,46277586944
634.03,46277586944
634.32,46277586944
634.61,46277586944
634.89,46277586944
635.18,46277586944
635.48,46277586944
635.77,46277586944
636.06,46277586944
636.35,46277586944
636.63,46277586944
636.92,46277586944
637.21,46277586944
637.50,46277586944
637.79,46277586944
638.08,46277586944
638.37,46277586944
638.66,46277586944
638.94,46277586944
639.23,46278406144
639.52,46278406144
639.81,46278406144
640.08,46278406144
640.37,46279225344
640.66,46279225344
640.95,46279225344
641.24,46279225344
641.53,46279225344
641.81,46279225344
642.10,46279225344
642.39,46279225344
642.68,46279225344
642.98,46279225344
643.26,46277496832
643.55,46277496832
643.84,46277496832
644.13,46282412032
644.42,46282412032
644.71,46282412032
645.00,46282412032
645.29,46282412032
645.58,46282412032
645.87,46282412032
646.15,46282412032
646.43,46282412032
646.72,46278209536
647.00,46278209536
647.28,46278209536
647.57,46278209536
647.85,46278209536
648.15,46282715136
648.44,46282715136
648.72,46282715136
649.01,46282715136
649.30,46282715136
649.60,46282715136
649.88,46282715136
650.16,46282715136
650.47,46282715136
650.75,46282715136
651.05,46282715136
651.33,46282715136
651.62,46282715136
651.90,46282715136
652.18,46282715136
652.47,46282715136
652.76,46282715136
653.04,46282715136
653.33,46282715136
653.62,46282715136
653.91,46282715136
654.21,46282715136
654.49,46282715136
654.79,46282715136
655.07,46282715136
655.36,46282715136
655.64,46282715136
655.93,46282715136
656.22,46282715136
656.51,46273978368
656.80,46273978368
657.10,46278483968
657.38,46278893568
657.67,46278893568
657.96,46278893568
658.25,46278893568
658.52,46278893568
658.85,46278893568
659.14,46279303168
659.43,46279303168
659.72,46279303168
660.00,46279303168
660.28,46283808768
660.57,46283808768
660.85,46283808768
661.14,46283808768
661.42,46283808768
661.72,46283808768
662.01,46283808768
662.30,46283808768
662.58,46283808768
662.86,46283808768
663.15,46283808768
663.44,46283808768
663.73,46283808768
664.02,46283808768
664.30,46283808768
664.59,46283808768
664.88,46283808768
665.17,46283808768
665.45,46283808768
665.73,46283808768
666.01,46283808768
666.29,46283808768
666.58,46273896448
666.87,46273896448
667.16,46278402048
667.45,46278402048
667.74,46278402048
668.03,46278402048
668.32,46278811648
668.60,46278811648
668.88,46278811648
669.17,46278811648
669.46,46278811648
669.74,46278811648
670.02,46278811648
670.31,46278811648
670.59,46278811648
670.88,46278811648
671.17,46284955648
671.45,46284955648
671.75,46284955648
672.03,46284955648
672.32,46284955648
672.61,46284955648
672.90,46284955648
673.18,46284955648
673.46,46284955648
673.74,46284955648
674.03,46284955648
674.32,46284955648
674.61,46284955648
674.90,46284955648
675.18,46284955648
675.48,46284955648
675.77,46284955648
676.05,46284955648
676.33,46279172096
676.61,46274977792
676.90,46274977792
677.19,46277435392
677.48,46277435392
677.77,46277435392
678.05,46277435392
678.34,46284398592
678.64,46284398592
678.93,46284398592
679.22,46284808192
679.50,46284808192
679.79,46284808192
680.08,46284808192
680.37,46285217792
680.65,46285217792
680.94,46285217792
681.23,46285217792
681.52,46285217792
681.81,46285217792
682.10,46285217792
682.38,46279172096
682.66,46279172096
682.96,46279172096
683.25,46279172096
683.53,46279172096
683.82,46279172096
684.11,46281629696
684.39,46284906496
684.68,46284906496
684.97,46284906496
685.25,46284906496
685.54,46284906496
685.83,46284906496
686.12,46284906496
686.41,46284906496
686.69,46274940928
686.97,46274940928
687.26,46278627328
687.56,46278627328
687.85,46278627328
688.14,46279036928
688.42,46279036928
688.72,46279036928
689.01,46279036928
689.29,46279036928
689.58,46279036928
689.88,46279036928
690.16,46279036928
690.46,46279036928
690.75,46279036928
691.04,46279036928
691.32,46279036928
691.63,46279036928
691.91,46279036928
692.21,46283542528
692.50,46283542528
692.78,46283542528
693.07,46283542528
693.35,46283542528
693.65,46283542528
693.93,46283542528
694.22,46283542528
694.50,46283542528
694.79,46283542528
695.08,46283542528
695.37,46283542528
695.66,46283542528
695.97,46283542528
696.24,46283542528
696.53,46279340032
696.82,46279340032
697.11,46279340032
697.39,46279340032
697.68,46279340032
697.96,46279340032
698.24,46279340032
698.52,46279340032
698.81,46279340032
699.09,46279340032
699.38,46285484032
699.68,46285484032
699.97,46285484032
700.26,46285484032
700.54,46285484032
700.83,46285484032
701.11,46285484032
701.40,46285484032
701.69,46285484032
701.98,46285484032
702.26,46279426048
702.54,46279426048
702.84,46279426048
703.12,46284341248
703.41,46284750848
703.69,46284750848
703.98,46273863680
704.27,46284922880
704.57,46284922880
704.85,46284922880
705.13,46285332480
705.43,46285332480
705.71,46285332480
705.99,46285332480
706.28,46285332480
706.57,46285332480
706.86,46285332480
707.15,46279426048
707.43,46279426048
707.73,46279426048
708.02,46279426048
708.31,46279426048
708.60,46279426048
708.89,46279426048
709.17,46285570048
709.46,46285570048
709.75,46285570048
710.03,46285570048
710.34,46285570048
710.62,46285570048
710.91,46285570048
711.20,46285570048
711.48,46285570048
711.76,46285570048
712.04,46285570048
712.33,46285570048
712.62,46285570048
712.90,46285570048
713.19,46285570048
713.48,46285570048
713.76,46285570048
714.05,46279385088
714.33,46279385088
714.62,46279385088
714.91,46279385088
715.22,46279385088
715.51,46279385088
715.81,46279385088
716.10,46279385088
716.38,46279385088
716.67,46279385088
716.97,46279385088
717.26,46283481088
717.54,46283481088
717.82,46283481088
718.12,46283481088
718.39,46283481088
718.68,46283481088
718.96,46283481088
719.24,46283481088
719.53,46283481088
719.81,46283481088
720.09,46283481088
720.38,46283481088
720.68,46283481088
720.97,46283481088
721.25,46283481088
721.54,46275088384
721.83,46275088384
722.11,46278365184
722.40,46278365184
722.69,46278365184
722.98,46278365184
723.27,46278365184
723.56,46278365184
723.85,46278365184
724.13,46278365184
724.41,46278365184
724.71,46278365184
725.00,46278365184
725.28,46278774784
725.57,46278774784
725.85,46278774784
726.14,46279184384
726.43,46279184384
726.72,46279184384
727.00,46279184384
727.30,46279184384
727.58,46279184384
727.87,46279184384
728.16,46279184384
728.45,46279184384
728.74,46279184384
729.02,46279184384
729.30,46279184384
729.60,46279184384
729.89,46279184384
730.18,46279184384
730.46,46279184384
730.75,46279184384
731.03,46279184384
731.32,46279184384
731.61,46274043904
731.89,46274043904
732.18,46278549504
732.46,46278549504
732.76,46278549504
733.06,46278549504
733.33,46278549504
733.62,46278549504
733.91,46278549504
734.20,46278549504
734.48,46278549504
734.76,46278549504
735.04,46278549504
735.33,46278959104
735.60,46278959104
735.88,46278959104
736.17,46278959104
736.45,46278959104
736.73,46278959104
737.01,46278959104
737.29,46278959104
737.58,46278959104
737.87,46278959104
738.16,46278959104
738.44,46278959104
738.72,46278959104
739.01,46278959104
739.30,46278959104
739.58,46278959104
739.86,46278959104
740.14,46278959104
740.43,46278959104
740.72,46278959104
741.01,46278959104
741.29,46284693504
741.58,46280499200
741.86,46280499200
742.15,46280499200
742.43,46280499200
742.72,46280499200
743.00,46280499200
743.29,46280908800
743.57,46280908800
743.84,46280908800
744.13,46280908800
744.40,46280908800
744.68,46280908800
744.96,46280908800
745.25,46280908800
745.52,46280908800
745.80,46280908800
746.07,46280908800
746.35,46280908800
746.64,46280908800
746.92,46280908800
747.20,46280908800
747.50,46274891776
747.78,46274891776
748.07,46276120576
748.35,46284312576
748.63,46284312576
748.92,46284312576
749.21,46284312576
749.48,46284312576
749.76,46284312576
750.04,46284312576
750.33,46284312576
750.62,46284312576
750.90,46284312576
751.19,46284312576
751.47,46284312576
751.76,46284312576
752.04,46284312576
752.32,46284312576
752.61,46284312576
752.90,46284312576
753.19,46284312576
753.48,46284312576
753.75,46284312576
754.04,46284312576
754.32,46284312576
754.60,46284312576
754.89,46284312576
755.18,46284312576
755.47,46284312576
755.76,46284312576
756.04,46284312576
756.33,46284312576
756.61,46284312576
756.90,46284312576
757.19,46284312576
757.47,46274002944
757.75,46274002944
758.04,46274822144
758.34,46284242944
758.62,46284242944
758.89,46284242944
759.19,46284242944
759.47,46284242944
759.74,46284242944
760.02,46284242944
760.31,46284242944
760.59,46284242944
760.88,46284242944
761.16,46284242944
761.44,46284242944
761.72,46284242944
762.00,46284242944
762.29,46284242944
762.57,46284242944
762.86,46284242944
763.14,46284242944
763.43,46284242944
763.71,46284242944
764.00,46284242944
764.28,46284242944
764.57,46284242944
764.85,46284242944
765.13,46284242944
765.41,46284242944
765.70,46284242944
765.99,46284242944
766.27,46284242944
766.55,46284242944
766.84,46284242944
767.13,46284652544
767.41,46273978368
767.70,46273978368
767.99,46273978368
768.28,46284218368
768.56,46284218368
768.84,46284218368
769.12,46284218368
769.41,46284218368
769.69,46284218368
769.98,46284218368
770.26,46284627968
770.60,46284627968
770.88,46284627968
771.16,46284627968
771.44,46284627968
771.73,46284627968
772.03,46284627968
772.32,46284627968
772.61,46284627968
772.89,46284627968
773.18,46284627968
773.47,46284627968
773.75,46284627968
774.03,46284627968
774.31,46284627968
774.59,46284627968
774.88,46284627968
775.16,46284627968
775.44,46284627968
775.72,46284627968
776.01,46284627968
776.29,46284627968
776.57,46284627968
776.86,46284627968
777.14,46284627968
777.42,46274002944
777.70,46274002944
777.99,46274002944
778.28,46283423744
778.58,46283423744
778.87,46283423744
779.15,46283423744
779.43,46283423744
779.72,46283423744
780.01,46283423744
780.30,46283423744
780.58,46283423744
780.87,46283423744
781.15,46283423744
781.43,46283423744
781.72,46283423744
782.00,46283423744
782.28,46283833344
782.57,46283833344
782.86,46283833344
783.14,46283833344
783.43,46283833344
783.72,46283833344
784.00,46283833344
784.28,46283833344
784.57,46283833344
784.85,46283833344
785.14,46283833344
785.42,46283833344
785.71,46283833344
785.99,46283833344
786.28,46283833344
786.56,46283833344
786.84,46283833344
787.14,46283833344
787.42,46273970176
787.70,46273970176
787.99,46273970176
788.27,23175311360
788.55,23175311360
788.83,23175311360
789.12,23180226560
789.41,23180226560
789.70,23180226560
789.98,23180226560
790.26,23181045760
790.55,23181045760
790.84,23181045760
791.12,23181045760
791.41,23181045760
791.69,23181045760
791.98,23181045760
792.26,23181455360
792.55,23181455360
792.83,23181455360
793.12,23181455360
793.40,23181455360
793.69,23181455360
793.97,23181455360
794.26,23181864960
794.55,23181864960
794.83,23181864960
795.11,23181864960
795.39,23181864960
795.68,23181864960
795.96,23181864960
796.25,23181864960
796.53,23181864960
796.81,23181864960
797.09,23181864960
797.38,23170977792
797.67,23170977792
797.95,23170977792
798.24,23180398592
798.52,23180398592
798.80,23180398592
799.10,23180808192
799.39,23181217792
799.68,23181217792
799.96,23181217792
800.25,23181627392
800.53,23181627392
800.82,23181627392
801.10,23181627392
801.39,23181627392
801.68,23181627392
801.96,23181627392
802.24,23177433088
802.52,23177433088
802.80,23177433088
803.09,23177433088
803.37,23177433088
803.66,23177433088
803.95,23177433088
804.24,23177842688
804.53,23177842688
804.82,23177842688
805.11,23177842688
805.39,23177842688
805.68,23177842688
805.97,23177842688
806.26,23177842688
806.55,23171772416
806.85,23171772416
807.14,23180783616
807.42,23180783616
807.72,23180783616
808.01,23180783616
808.30,23181193216
808.59,23181193216
808.88,23181193216
809.17,23181193216
809.46,23181193216
809.75,23181193216
810.04,23181193216
810.32,23181193216
810.62,23181193216
810.90,23181193216
811.19,23181602816
811.48,23181602816
811.77,23181602816
812.06,23181602816
812.35,23181602816
812.64,23181602816
812.93,23181602816
813.22,23181602816
813.50,23181602816
813.79,23181602816
814.07,23181602816
814.37,23181602816
814.65,23181602816
814.95,23181602816
815.23,23181602816
815.52,23181602816
815.81,23181602816
816.10,23181602816
816.38,23181602816
816.67,23170785280
816.96,23170785280
817.25,23180615680
817.53,23180615680
817.83,23180615680
818.12,23181434880
818.40,23181434880
818.69,23181434880
818.97,23181434880
819.27,23181434880
819.56,23181434880
819.84,23181434880
820.13,23181434880
820.42,23181434880
820.71,23181434880
821.00,23181434880
821.29,23182254080
821.59,23182254080
821.87,23182254080
822.15,23182254080
822.45,23182254080
822.74,23182254080
823.02,23182254080
823.30,23182254080
823.59,23182254080
823.87,23182254080
824.16,23182254080
824.45,23182254080
824.73,23182254080
825.02,23182254080
825.31,23182254080
825.60,23182254080
825.89,23182254080
826.18,23182254080
826.47,23170846720
826.75,23170846720
827.04,23171256320
827.33,23180677120
827.62,23180677120
827.91,23180677120
828.20,23181086720
828.49,23181086720
828.78,23181086720
829.06,23181086720
829.35,23181086720
829.64,23181086720
829.93,23181086720
830.22,23181496320
830.51,23181496320
830.79,23181496320
831.08,23181496320
831.36,23176261632
831.64,23176261632
831.92,23176261632
832.21,23181586432
832.50,23181586432
832.79,23181586432
833.07,23181586432
833.36,23181996032
833.64,23181996032
833.93,23181996032
834.22,23181996032
834.50,23181996032
834.79,23181996032
835.08,23181996032
835.36,23181996032
835.64,23181996032
835.93,23181996032
836.22,23181996032
836.51,23171710976
836.79,23171710976
837.08,23174168576
837.36,23181541376
837.64,23181541376
837.93,23181541376
838.21,23176261632
838.50,23176261632
838.79,23176261632
839.09,23176261632
839.37,23181586432
839.66,23181586432
839.95,23181586432
840.24,23181996032
840.53,23181996032
840.82,23181996032
841.11,23181996032
841.39,23181996032
841.68,23181996032
841.97,23181996032
842.26,23181996032
842.55,23181996032
842.83,23181996032
843.13,23181996032
843.42,23181996032
843.72,23181996032
844.01,23181996032
844.31,23181996032
844.60,23181996032
844.89,23181996032
845.18,23181996032
845.47,23181996032
845.76,23181996032
846.05,23181996032
846.33,23181996032
846.62,23170899968
846.91,23170899968
847.20,23181549568
847.49,23181549568
847.78,23181549568
848.07,23181959168
848.36,23176818688
848.64,23176818688
848.93,23176818688
849.21,23182143488
849.50,23182143488
849.78,23182143488
850.07,23182143488
850.36,23182553088
850.64,23182553088
850.91,23182553088
851.20,23182553088
851.49,23182553088
851.77,23182553088
852.05,23182553088
852.34,23178883072
852.62,23178883072
852.91,23178883072
853.20,23178883072
853.49,23178883072
853.77,23178883072
854.06,23178883072
854.34,23179292672
854.63,23179292672
854.90,23179292672
855.19,23179292672
855.48,23179292672
855.77,23179292672
856.06,23179292672
856.35,23179292672
856.63,23173009408
856.91,23173009408
857.21,23182430208
857.49,23182430208
857.77,23182430208
858.06,23182430208
858.34,23182839808
858.63,23182839808
858.92,23182839808
859.20,23183249408
859.49,23183249408
859.78,23183249408
860.07,23183249408
860.36,23183659008
860.65,23183659008
860.95,23183659008
861.23,23183659008
861.51,23183659008
861.80,23183659008
862.09,23183659008
862.37,23183659008
862.65,23183659008
862.93,23183659008
863.22,23183659008
863.51,23183659008
863.80,23183659008
864.09,23183659008
864.38,23183659008
864.67,23183659008
864.96,23183659008
865.24,23183659008
865.53,23183659008
865.81,23183659008
866.09,23183659008
866.38,23183659008
866.67,23173193728
866.95,23173193728
867.25,23182614528
867.53,23182614528
867.82,23182614528
868.11,23183024128
868.39,23183024128
868.67,23183024128
868.96,23183024128
869.24,23183024128
869.52,23183024128
869.81,23183024128
870.10,23183024128
870.39,23183024128
870.67,23183024128
870.96,23183024128
871.25,23183024128
871.54,23183024128
871.83,23183024128
872.11,23183024128
872.40,23183024128
872.68,23183024128
872.98,23183024128
873.26,23183024128
873.55,23183024128
873.83,23183024128
874.12,23183024128
874.40,23183024128
874.69,23183024128
874.97,23183024128
875.26,23183024128
875.55,23183024128
875.83,23183024128
876.11,23183024128
876.40,23183024128
876.68,23170723840
876.96,23170723840
877.25,23176638464
877.53,23176638464
877.82,23176638464
878.11,23181144064
878.39,23176265728
878.67,23176265728
878.96,23176265728
879.24,23176265728
879.52,23176265728
879.81,23176265728
880.10,23180361728
880.38,23176265728
880.67,23176265728
880.96,23176265728
881.24,23176622080
881.53,23176622080
881.81,23176622080
882.09,23176622080
882.38,23176622080
882.66,23176622080
882.95,23176622080
883.23,23180718080
883.51,23180718080
883.79,23180718080
884.08,23180718080
884.36,23176265728
884.65,23176265728
884.93,23176265728
885.22,23176265728
885.50,23176265728
885.78,23176265728
886.07,23176265728
886.35,23176265728
886.64,23172055040
886.92,23172055040
887.20,23177666560
887.48,23177666560
887.77,23177666560
888.06,23177666560
888.35,23177494528
888.64,23177494528
888.93,23177494528
889.21,23177510912
889.49,23177510912
889.79,23177510912
890.07,23177510912
890.35,23177347072
890.64,23177347072
890.92,23177347072
891.21,23182262272
891.49,23182262272
891.78,23182262272
892.06,23182262272
892.35,23182262272
892.63,23182262272
892.91,23182262272
893.19,23182262272
893.47,23182262272
893.75,23182262272
894.04,23182262272
894.32,23182262272
894.60,23182262272
894.90,23182262272
895.18,23182262272
895.47,23182262272
895.75,23182262272
896.04,23182262272
896.33,23182262272
896.62,23172886528
896.90,23172886528
897.19,23181488128
897.48,23181488128
897.77,23181488128
898.06,23181488128
898.34,23181488128
898.65,23181488128
898.94,23181488128
899.23,23181897728
899.52,23181897728
899.80,23181897728
900.09,23181897728
900.38,23182307328
900.66,23182307328
900.95,23182307328
901.24,23182307328
901.52,23182307328
901.81,23182307328
902.10,23182307328
902.39,23182307328
902.67,23182307328
902.96,23182307328
903.24,23182307328
903.51,23182307328
903.80,23182307328
904.10,23182307328
904.39,23182307328
904.68,23182307328
904.97,23182307328
905.25,23182307328
905.53,23182307328
905.82,23182307328
906.13,23182716928
906.42,23182716928
906.71,23170719744
906.99,23170719744
907.28,23180140544
907.58,23180140544
907.86,23180140544
908.15,23180959744
908.44,23180959744
908.72,23180959744
909.01,23180959744
909.29,23180959744
909.59,23180959744
909.88,23180959744
910.17,23180959744
910.47,23180959744
910.76,23180959744
911.05,23180959744
911.33,23181778944
911.62,23181778944
911.91,23181778944
912.19,23181778944
912.48,23181778944
912.77,23181778944
913.06,23181778944
913.34,23181778944
913.64,23181778944
913.94,23181778944
914.22,23182188544
914.51,23182188544
914.80,23182188544
915.09,23182188544
915.38,23182188544
915.66,23182188544
915.96,23182188544
916.25,23182188544
916.54,23182188544
916.82,23170891776
917.10,23180722176
917.39,23180722176
917.68,23180722176
917.98,23180722176
918.27,23180722176
918.56,23180722176
918.86,23180722176
919.14,23180722176
919.43,23180722176
919.74,23180722176
920.02,23180722176
920.32,23180722176
920.60,23180722176
920.89,23180722176
921.18,23181541376
921.47,23181541376
921.76,23181541376
922.04,23181541376
922.34,23181541376
922.63,23181541376
922.92,23181541376
923.21,23181541376
923.50,23181541376
923.78,23181541376
924.07,23181541376
924.36,23181950976
924.65,23181950976
924.93,23181950976
925.22,23181950976
925.51,23181950976
925.80,23181950976
926.09,23181950976
926.38,23181950976
926.67,23170777088
926.95,23170777088
927.23,23180607488
927.52,23180607488
927.80,23180607488
928.09,23180607488
928.39,23181017088
928.67,23181017088
928.96,23181017088
929.24,23181426688
929.53,23181426688
929.81,23181426688
930.10,23181426688
930.38,23182245888
930.67,23182245888
930.97,23182245888
931.27,23182245888
931.57,23182245888
931.86,23182245888
932.14,23182245888
932.44,23182245888
932.74,23182245888
933.03,23182245888
933.32,23182245888
933.61,23182245888
933.91,23182245888
934.19,23182245888
934.48,23182245888
934.77,23182245888
935.06,23182245888
935.35,23182245888
935.64,23182245888
935.93,23182245888
936.22,23182245888
936.50,23182245888
936.79,23170834432
937.08,23174930432
937.37,23180255232
937.65,23180255232
937.93,23180255232
938.22,23180664832
938.51,23180664832
938.79,23180664832
939.07,23180664832
939.36,23181484032
939.65,23181484032
939.94,23181484032
940.22,23181484032
940.51,23181484032
940.80,23181484032
941.08,23181484032
941.37,23181484032
941.65,23181484032
941.94,23181484032
942.22,23181484032
942.51,23181484032
942.80,23181484032
943.09,23181484032
943.37,23181484032
943.66,23181484032
943.94,23181484032
944.22,23181893632
944.51,23181893632
944.79,23181893632
945.08,23181893632
945.37,23181893632
945.65,23181893632
945.94,23181893632
946.23,23181893632
946.51,23181893632
946.80,23170695168
947.08,23174791168
947.49,23181754368
947.77,23181754368
948.06,23181754368
948.35,23176331264
948.64,23176331264
948.92,23176331264
949.21,23176278016
949.50,23176278016
949.78,23176278016
950.08,23176278016
950.37,23176278016
950.67,23176278016
950.95,23176278016
951.24,23176278016
951.53,23176278016
951.82,23176278016
952.12,23182831616
952.42,23176278016
952.71,23176278016
953.00,23176278016
953.29,23176298496
953.58,23176298496
953.87,23176298496
954.16,23176278016
954.45,23176278016
954.74,23176278016
955.03,23176278016
955.32,23176552448
955.60,23176552448
955.88,23176552448
956.18,23176630272
956.46,23176630272
956.75,23171387392
957.04,23171387392
957.33,23176278016
957.62,23176278016
957.90,23176278016
958.19,23176445952
958.48,23176445952
958.77,23176445952
959.06,23176445952
959.35,23176278016
959.64,23176278016
959.92,23176278016
960.21,23176278016
960.49,23176278016
960.78,23176278016
961.07,23176278016
961.36,23176278016
961.64,23176278016
961.92,23176278016
962.21,23176278016
962.50,23176278016
962.77,23176278016
963.05,23176278016
963.34,23176278016
963.62,23176278016
963.91,23176278016
964.20,23176278016
964.48,23176278016
964.77,23176278016
965.05,23176278016
965.34,23176278016
965.63,23176278016
965.91,23176278016
966.19,23176278016
966.48,23176278016
966.78,23171035136
967.07,23173902336
967.35,23176282112
967.64,23176282112
967.94,23176282112
968.24,23176282112
968.53,23176282112
968.82,23176282112
969.11,23180787712
969.39,23176282112
969.67,23176282112
969.96,23176282112
970.24,23176392704
970.53,23176392704
970.82,23176392704
971.11,23181307904
971.39,23176282112
971.68,23176282112
971.96,23176282112
972.25,23176286208
972.54,23176286208
972.82,23176286208
973.11,23181611008
973.40,23176282112
973.69,23176282112
973.99,23176282112
974.27,23176282112
974.56,23176282112
974.86,23176282112
975.14,23183654912
975.43,23176282112
975.71,23176282112
976.00,23176282112
976.29,23176482816
976.57,23176482816
976.86,23171239936
977.14,23183118336
977.43,23176282112
977.71,23176282112
978.00,23176282112
978.27,23176282112
978.55,23176282112
978.84,23176282112
979.12,23181606912
979.40,23176282112
979.68,23176282112
979.97,23176282112
980.25,23176421376
980.54,23176421376
980.82,23176421376
981.11,23181746176
981.40,23176282112
981.68,23176282112
981.96,23176282112
982.25,23176282112
982.54,23176282112
982.83,23176282112
983.12,23182426112
983.41,23176282112
983.70,23176282112
983.98,23176282112
984.26,23176282112
984.55,23176282112
984.83,23176282112
985.12,23181606912
985.40,23176282112
985.68,23176282112
985.96,23176282112
986.25,23176282112
986.54,23176282112
986.83,23171039232
987.12,23181688832
987.41,23176282112
987.69,23176282112
987.97,23176282112
988.25,23176585216
988.54,23176585216
988.82,23176585216
989.10,23181090816
989.39,23176675328
989.68,23176675328
989.96,23176675328
990.25,23176642560
990.54,23176642560
990.82,23176642560
991.10,23181148160
991.39,23176282112
991.68,23176282112
991.96,23176282112
992.25,23176282112
992.53,23176282112
992.82,23176282112
993.11,23181606912
993.40,23176282112
993.69,23176282112
993.97,23176282112
994.26,23176282112
994.55,23176282112
994.83,23176282112
995.12,23181606912
995.40,23176593408
995.69,23176593408
995.97,23176593408
996.25,23176282112
996.54,23176282112
996.82,23171039232
997.10,23180460032
997.38,23176282112
997.67,23176282112
997.95,23176282112
998.24,23176658944
998.51,23176658944
998.80,23176658944
999.09,23177068544
999.38,23176282112
999.86,23176282112
1000.15,23182016512
1000.44,23182016512
1000.73,23182016512
1001.01,23182016512
1001.30,23182016512
1001.58,23182016512
1001.87,23182016512
1002.15,23182016512
1002.43,23182016512
1002.72,23182016512
1003.01,23182016512
1003.30,23182016512
1003.59,23182016512
1003.87,23182016512
1004.15,23182016512
1004.44,23182016512
1004.73,23182016512
1005.02,23182016512
1005.31,23182016512
1005.59,23182016512
1005.88,23182016512
1006.18,23182016512
1006.46,23182016512
1006.76,23171837952
1007.05,23171837952
1007.33,23180849152
1007.62,23180849152
1007.91,23180849152
1008.20,23181258752
1008.48,23181258752
1008.77,23181258752
1009.06,23181258752
1009.34,23181668352
1009.62,23181668352
1009.90,23181668352
1010.20,23182077952
1010.48,23182077952
1010.76,23182077952
1011.04,23182077952
1011.32,23182077952
1011.61,23182077952
1011.89,23182077952
1012.17,23182077952
1012.47,23182077952
1012.75,23182077952
1013.03,23182077952
1013.32,23182077952
1013.60,23182077952
1013.88,23182077952
1014.17,23182077952
1014.46,23182077952
1014.75,23182077952
1015.03,23182077952
1015.31,23182077952
1015.60,23182077952
1015.88,23182077952
1016.16,23182077952
1016.46,23182077952
1016.74,23170801664
1017.02,23170801664
1017.31,23180222464
1017.60,23180222464
1017.88,23180222464
1018.15,23181451264
1018.44,23181451264
1018.72,23181451264
1019.00,23181451264
1019.29,23181451264
1019.58,23181451264
1019.87,23181451264
1020.15,23181451264
1020.43,23181451264
1020.72,23181451264
1021.00,23181451264
1021.29,23181451264
1021.57,23181451264
1021.86,23181451264
1022.15,23181451264
1022.44,23181451264
1022.73,23181451264
1023.05,23181451264
1023.36,23181451264
1023.65,23181451264
1023.95,23181451264
1024.23,23181451264
1024.52,23181451264
1024.81,23181451264
1025.10,23181451264
1025.39,23181451264
1025.67,23181451264
1025.96,23181451264
1026.25,23181451264
1026.53,23181451264
1026.82,23170904064
1027.11,23180324864
1027.43,23180324864
1027.73,23180324864
1028.01,23180324864
1028.31,23180324864
1028.61,23180324864
1028.89,23180324864
1029.18,23180734464
1029.48,23180734464
1029.77,23180734464
1030.06,23180734464
1030.35,23180734464
1030.66,23180734464
1030.95,23180734464
1031.25,23180734464
1031.54,23180734464
1031.84,23180734464
1032.12,23181144064
1032.40,23181144064
1032.69,23181144064
1032.98,23181144064
1033.27,23181144064
1033.56,23181144064
1033.85,23181144064
1034.15,23181144064
1034.44,23181144064
1034.73,23181144064
1035.02,23181144064
1035.30,23181144064
1035.59,23181144064
1035.88,23181144064
1036.17,23181144064
1036.46,23181144064
1036.75,23170834432
1037.04,23171244032
1037.33,23180664832
1037.62,23180664832
1037.91,23180664832
1038.20,23180664832
1038.49,23180664832
1038.78,23180664832
1039.06,23173177344
1039.35,23180140544
1039.64,23180140544
1039.93,23180140544
1040.22,23180959744
1040.51,23180959744
1040.79,23180959744
1041.08,23180959744
1041.37,23180959744
1041.66,23180959744
1041.96,23180959744
1042.26,23180959744
1042.55,23180959744
1042.84,23180959744
1043.12,23180959744
1043.40,23180959744
1043.69,23180959744
1043.98,23180959744
1044.26,23180959744
1044.54,23180959744
1044.82,23180959744
1045.10,23180959744
1045.38,23180959744
1045.67,23180959744
1045.95,23180959744
1046.24,23180959744
1046.53,23180959744
1046.81,23180959744
1047.10,23180959744
1047.39,23180959744
1047.68,23180959744
1047.97,23180959744
1048.26,23180959744
1048.54,23180959744
1048.84,23180959744
1049.12,23175954432
1049.40,23175954432
1049.69,23175954432
1049.98,23175954432
1050.27,23175954432
1050.56,23175954432
1050.85,23175954432
1051.14,23180460032
1051.43,23180460032
1051.71,23180460032
1051.99,23180460032
1052.28,23180460032
1052.57,23180460032
1052.86,23180460032
1053.14,23180460032
1053.43,23180460032
1053.72,23180460032
1054.01,23180460032
1054.29,23180460032
1054.59,23180460032
1054.87,23180460032
1055.17,23180460032
1055.46,23180460032
1055.75,23180460032
1056.04,23180460032
1056.34,23180460032
1056.62,23180460032
1056.91,23180460032
1057.21,23180460032
1057.51,23180460032
1057.79,23180460032
1058.08,23180460032
1058.37,23180460032
1058.65,23180460032
1058.94,23170662400
1059.23,23175987200
1059.52,23175987200
1059.80,23175987200
1060.10,23179673600
1060.39,23180083200
1060.68,23180083200
1060.97,23180083200
1061.26,23180083200
1061.55,23180083200
1061.84,23180083200
1062.12,23180083200
1062.41,23180083200
1062.71,23180083200
1062.99,23180083200
1063.29,23180083200
1063.58,23180083200
1063.87,23180083200
1064.16,23181721600
1064.45,23181721600
1064.74,23181721600
1065.04,23181721600
1065.33,23181721600
1065.61,23181721600
1065.90,23181721600
1066.19,23181721600
1066.48,23181721600
1066.77,23181721600
1067.06,23181721600
1067.34,23181721600
1067.63,23181721600
1067.92,23181721600
1068.20,23181721600
1068.49,23181721600
1068.78,23181721600
1069.07,23174623232
1069.37,23181176832
1069.66,23181176832
1069.95,23181176832
1070.23,23181586432
1070.52,23181586432
1070.81,23181586432
1071.09,23181586432
1071.38,23181586432
1071.67,23181586432
1071.95,23181586432
1072.25,23181586432
1072.54,23181586432
1072.83,23181586432
1073.12,23181586432
1073.41,23181586432
1073.70,23181586432
1073.99,23181586432
1074.28,23181586432
1074.57,23181586432
1074.85,23181586432
1075.13,23181586432
1075.42,23181586432
1075.70,23181586432
1075.99,23181586432
1076.28,23181586432
1076.57,23181586432
1076.86,23181586432
1077.15,23181586432
1077.43,23181586432
1077.72,23181586432
1078.01,23181586432
1078.30,23181586432
1078.59,23181586432
1078.88,23181586432
1079.15,23181324288
1079.44,23181324288
1079.73,23181324288
1080.02,23181324288
1080.31,23181324288
1080.60,23181324288
1080.89,23181324288
1081.18,23181324288
1081.48,23181324288
1081.77,23181324288
1082.06,23181324288
1082.35,23181324288
1082.63,23181324288
1082.93,23181324288
1083.22,23181324288
1083.50,23181324288
1083.80,23181324288
1084.09,23181324288
1084.38,23181733888
1084.67,23181733888
1084.96,23181733888
1085.25,23181733888
1085.54,23181733888
1085.84,23181733888
1086.13,23181733888
1086.43,23181733888
1086.71,23181733888
1087.00,23181733888
1087.29,23181733888
1087.58,23181733888
1087.87,23181733888
1088.16,23182143488
1088.44,23182143488
1088.73,23182143488
1089.02,23171981312
1089.32,23181811712
1089.60,23181811712
1089.89,23181811712
1090.18,23182221312
1090.47,23182221312
1090.76,23182221312
1091.04,23182221312
1091.33,23182221312
1091.61,23182221312
1091.89,23182221312
1092.18,23182221312
1092.47,23182221312
1092.76,23182221312
1093.05,23182221312
1093.34,23182221312
1093.63,23182221312
1093.92,23182221312
1094.21,23182221312
1094.51,23182221312
1094.79,23182221312
1095.08,23182221312
1095.37,23182221312
1095.66,23182221312
1095.96,23182221312
1096.25,23182221312
1096.53,23182221312
1096.81,23182221312
1097.10,23182221312
1097.39,23182221312
1097.68,23182221312
1097.97,23182221312
1098.27,23182221312
1098.56,23182221312
1098.84,23182221312
1099.13,23180816384
1099.42,23180816384
1099.71,23180816384
1099.99,23180816384
1100.28,23181635584
1100.56,23181635584
1100.86,23181635584
1101.14,23182045184
1101.43,23182045184
1101.72,23182045184
1102.01,23182045184
1102.30,23182045184
1102.59,23182045184
1102.86,23182045184
1103.14,23182045184
1103.42,23182045184
1103.71,23182045184
1104.00,23182045184
1104.29,23182045184
1104.58,23182045184
1104.87,23182045184
1105.15,23182045184
1105.44,23182045184
1105.73,23182045184
1106.01,23182045184
1106.30,23182045184
1106.59,23182045184
1106.88,23182045184
1107.16,23182045184
1107.44,23182045184
1107.73,23182045184
1108.02,23182045184
1108.31,23182045184
1108.63,23182045184
1108.92,23182045184
1109.20,23180828672
1109.49,23180828672
1109.78,23180828672
1110.07,23180828672
1110.36,23180828672
1110.65,23180828672
1110.94,23180828672
1111.22,23181238272
1111.52,23181238272
1111.81,23181238272
1112.11,23181238272
1112.39,23181238272
1112.68,23181238272
1112.97,23181238272
1113.25,23181238272
1113.54,23181238272
1113.84,23181238272
1114.13,23181238272
1114.42,23181238272
1114.71,23181238272
1115.00,23181238272
1115.29,23181238272
1115.57,23181238272
1115.86,23181238272
1116.15,23181238272
1116.44,23181238272
1116.73,23181238272
1117.02,23181238272
1117.30,23181238272
1117.59,23181238272
1117.88,23181238272
1118.16,23181238272
1118.45,23181238272
1118.73,23181238272
1119.02,23170854912
1119.31,23180685312
1119.59,23180685312
1119.88,23180685312
1120.16,23181094912
1120.45,23181094912
1120.74,23181094912
1121.02,23181094912
1121.31,23181094912
1121.59,23181094912
1121.88,23181094912
1122.16,23181504512
1122.45,23181504512
1122.73,23181504512
1123.02,23181504512
1123.30,23181914112
1123.60,23181914112
1123.88,23181914112
1124.17,23181914112
1124.45,23181914112
1124.74,23181914112
1125.03,23181914112
1125.31,23181914112
1125.60,23181914112
1125.88,23181914112
1126.17,23181914112
1126.46,23181914112
1126.75,23181914112
1127.04,23181914112
1127.33,23181914112
1127.62,23181914112
1127.90,23181914112
1128.18,23181914112
1128.47,23181914112
1128.77,23181914112
1129.06,23173771264
1129.35,23181144064
1129.64,23181144064
1129.93,23181144064
1130.23,23181144064
1130.51,23181144064
1130.80,23181144064
1131.08,23181144064
1131.37,23181144064
1131.66,23181144064
1131.95,23181144064
1132.24,23181553664
1132.53,23181553664
1132.82,23181553664
1133.11,23181553664
1133.41,23181553664
1133.71,23181553664
1134.00,23181553664
1134.29,23181963264
1134.58,23181963264
1134.87,23181963264
1135.17,23181963264
1135.46,23181963264
1135.76,23181963264
1136.05,23181963264
1136.33,23181963264
1136.61,23181963264
1136.89,23181963264
1137.18,23181963264
1137.47,23181963264
1137.76,23181963264
1138.04,23181963264
1138.33,23181963264
1138.62,23181963264
1138.90,23181963264
1139.19,23175766016
1139.48,23175766016
1139.77,23175766016
1140.05,23175766016
1140.34,23180271616
1140.62,23180271616
1140.90,23180271616
1141.20,23181090816
1141.48,23181090816
1141.77,23181090816
1142.06,23181090816
1142.35,23181090816
1142.64,23181090816
1142.93,23181090816
1143.21,23181090816
1143.50,23181090816
1143.79,23181090816
1144.07,23181090816
1144.36,23181090816
1144.65,23181090816
1144.93,23181090816
1145.21,23181090816
1145.49,23181090816
1145.78,23181090816
1146.07,23181090816
1146.37,23181090816
1146.65,23181090816
1146.94,23181090816
1147.23,23181090816
1147.52,23181090816
1147.80,23181090816
1148.09,23181090816
1148.38,23181090816
1148.67,23181090816
1148.96,23171956736
1149.25,23174823936
1149.54,23174823936
1149.83,23174823936
1150.12,23174823936
1150.40,23174823936
1150.70,23174823936
1150.99,23174823936
1151.29,23174823936
1151.57,23174823936
1151.86,23174823936
1152.15,23175233536
1152.44,23175233536
1152.72,23175233536
1153.01,23175233536
1153.29,23175233536
1153.57,23175233536
1153.87,23175233536
1154.16,23175233536
1154.45,23175233536
1154.75,23175233536
1155.04,23175233536
1155.33,23175233536
1155.61,23175233536
1155.89,23175233536
1156.18,23175233536
1156.47,23175233536
1156.76,23175233536
1157.05,23175233536
1157.34,23175233536
1157.63,23175233536
1157.92,23175233536
1158.20,23175233536
1158.49,23175233536
1158.77,23175233536
1159.06,23173218304
1159.35,23174447104
1159.64,23174447104
1159.93,23174447104
1160.21,23175266304
1160.50,23175266304
1160.79,23175266304
1161.08,23175266304
1161.37,23175266304
1161.66,23175266304
1161.94,23175266304
1162.23,23175266304
1162.52,23175266304
1162.80,23175266304
1163.09,23175266304
1163.38,23175675904
1163.67,23175675904
1163.96,23175675904
1164.25,23175675904
1164.54,23175675904
1164.83,23175675904
1165.11,23175675904
1165.40,23175675904
1165.69,23175675904
1165.97,23175675904
1166.27,23175675904
1166.56,23175675904
1166.85,23175675904
1167.14,23175675904
1167.44,23175675904
1167.73,23175675904
1168.02,23175675904
1168.31,23175675904
1168.59,23175675904
1168.88,23175675904
1169.17,23174602752
1169.46,23174602752
1169.75,23174602752
1170.05,23174602752
1170.33,23175012352
1170.62,23175012352
1170.91,23175012352
1171.20,23175012352
1171.49,23175012352
1171.78,23175012352
1172.07,23175012352
1172.36,23175012352
1172.65,23175012352
1172.94,23175012352
1173.23,23175012352
1173.51,23175012352
1173.81,23175012352
1174.10,23175012352
1174.38,23175012352
1174.67,23175012352
1174.96,23175012352
1175.25,23175831552
1175.53,23175831552
1175.82,23175831552
1176.11,23175831552
1176.40,23175831552
1176.69,23175831552
1176.99,23175831552
1177.28,23175831552
1177.56,23175831552
1177.86,23175831552
1178.15,23175831552
1178.44,23175831552
1178.73,23175831552
1179.02,23171002368
1179.31,23174688768
1179.60,23174688768
1179.88,23174688768
1180.17,23175098368
1180.45,23175098368
1180.73,23175098368
1181.01,23175098368
1181.29,23175507968
1181.58,23175507968
1181.87,23175507968
1182.16,23175507968
1182.44,23175507968
1182.72,23175507968
1183.02,23175507968
1183.31,23175507968
1183.60,23175507968
1183.89,23175507968
1184.17,23175507968
1184.46,23175507968
1184.75,23175507968
1185.04,23175507968
1185.33,23175507968
1185.61,23175507968
1185.90,23175507968
1186.18,23175507968
1186.47,23175507968
1186.76,23175507968
1187.04,23175507968
1187.33,23175507968
1187.61,23175507968
1187.90,23175507968
1188.17,23175507968
1188.46,23175507968
1188.75,23175507968
1189.04,23171309568
1189.33,23173357568
1189.62,23173357568
1189.91,23173357568
1190.20,23174586368
1190.49,23174586368
1190.78,23174586368
1191.07,23174586368
1191.36,23174995968
1191.65,23174995968
1191.94,23174995968
1192.23,23174995968
1192.52,23174995968
1192.81,23174995968
1193.10,23174995968
1193.39,23174995968
1193.68,23174995968
1193.97,23174995968
1194.26,23174995968
1194.54,23174995968
1194.83,23174995968
1195.11,23174995968
1195.40,23174995968
1195.69,23174995968
1195.98,23174995968
1196.27,23174995968
1196.56,23174995968
1196.84,23174995968
1197.14,23174995968
1197.43,23174995968
1197.72,23174995968
1198.01,23174995968
1198.30,23174995968
1198.59,23174995968
1198.88,23174995968
1199.17,23174778880
1199.45,23174778880
1199.74,23174778880
1200.03,23174778880
1200.31,23174778880
1200.61,23174778880
1200.90,23174778880
1201.18,23174778880
1201.48,23174778880
1201.77,23174778880
1202.06,23174778880
1202.35,23174778880
1202.64,23174778880
1202.92,23174778880
1203.21,23175188480
1203.49,23175188480
1203.79,23175188480
1204.07,23175188480
1204.36,23175598080
1204.65,23175598080
1204.94,23175598080
1205.23,23175598080
1205.52,23175598080
1205.80,23175598080
1206.09,23175598080
1206.37,23175598080
1206.66,23175598080
1206.96,23175598080
1207.26,23176007680
1207.54,23176007680
1207.83,23176007680
1208.12,23176007680
1208.40,23176007680
1208.69,23176007680
1208.98,23176007680
1209.26,23174959104
1209.55,23174959104
1209.84,23174959104
1210.12,23174959104
1210.41,23174959104
1210.71,23174959104
1211.02,23174959104
1211.31,23174959104
1211.60,23174959104
1211.88,23174959104
1212.17,23174959104
1212.45,23174959104
1212.74,23174959104
1213.04,23174959104
1213.32,23175368704
1213.61,23175368704
1213.93,23175368704
1214.22,23175368704
1214.51,23175368704
1214.80,23175368704
1215.09,23175368704
1215.38,23175368704
1215.65,23175368704
1215.95,23175368704
1216.23,23175368704
1216.52,23175368704
1216.82,23175368704
1217.12,23175368704
1217.40,23175368704
1217.69,23175368704
1217.98,23175368704
1218.26,23175368704
1218.55,23175368704
1218.83,23175368704
1219.12,23174242304
1219.41,23174242304
1219.69,23174242304
1219.98,23174242304
1220.27,23174242304
1220.56,23174242304
1220.85,23174242304
1221.14,23175061504
1221.43,23175061504
1221.72,23175061504
1222.01,23175061504
1222.30,23181205504
1222.59,23181205504
1222.88,23181205504
1223.15,23181615104
1223.44,23181615104
1223.73,23181615104
1224.02,23181615104
1224.30,23175962624
1224.59,23175962624
1224.88,23175962624
1225.17,23181697024
1225.46,23181697024
1225.74,23181697024
1226.03,23181697024
1226.31,23182106624
1226.60,23182106624
1226.87,23182106624
1227.16,23175962624
1227.45,23175962624
1227.74,23175962624
1228.03,23175962624
1228.31,23181697024
1228.60,23181697024
1228.88,23181697024
1229.16,23180947456
1229.45,23180947456
1229.73,23180947456
1230.01,23180947456
1230.30,23175962624
1230.58,23175962624
1230.87,23175962624
1231.15,23182106624
1231.44,23182106624
1231.73,23182106624
1232.03,23182106624
1232.31,23182106624
1232.60,23182106624
1232.89,23182106624
1233.18,23175962624
1233.47,23175962624
1233.76,23175962624
1234.04,23175962624
1234.33,23181697024
1234.61,23181697024
1234.90,23181697024
1235.19,23182106624
1235.47,23182106624
1235.76,23182106624
1236.05,23182106624
1236.34,23182106624
1236.63,23182106624
1236.91,23182106624
1237.20,23175962624
1237.50,23175962624
1237.79,23175962624
1238.08,23175962624
1238.37,23181287424
1238.65,23181287424
1238.94,23181287424
1239.23,23181266944
1239.51,23181266944
1239.79,23181266944
1240.07,23181266944
1240.35,23182086144
1240.63,23182086144
1240.93,23182086144
1241.21,23182086144
1241.50,23182086144
1241.79,23182086144
1242.07,23182086144
1242.36,23182086144
1242.65,23182086144
1242.93,23182086144
1243.22,23182086144
1243.50,23182086144
1243.78,23182086144
1244.07,23182086144
1244.36,23182086144
1244.64,23182086144
1244.93,23182086144
1245.21,23175962624
1245.49,23175962624
1245.78,23175962624
1246.06,23175962624
1246.35,23181287424
1246.64,23181287424
1246.92,23181287424
1247.22,23181287424
1247.50,23181287424
1247.79,23181287424
1248.07,23181287424
1248.36,23181697024
1248.65,23181697024
1248.93,23181697024
1249.22,23181676544
1249.51,23181676544
1249.80,23181676544
1250.08,23181676544
1250.37,23175962624
1250.66,23175962624
1250.94,23175962624
1251.23,23180468224
1251.51,23180468224
1251.80,23180468224
1252.09,23180468224
1252.38,23181287424
1252.66,23181287424
1252.95,23181287424
1253.23,23181697024
1253.51,23181697024
1253.80,23181697024
1254.08,23181697024
1254.37,23181697024
1254.66,23181697024
1254.95,23181697024
1255.24,23182106624
1255.52,23182106624
1255.82,23182106624
1256.10,23182106624
1256.39,23182106624
1256.68,23182106624
1256.97,23182106624
1257.27,23175962624
1257.55,23175962624
1257.84,23175962624
1258.12,23181697024
1258.41,23181697024
1258.69,23181697024
1258.98,23181697024
1259.26,23181651968
1259.55,23181651968
1259.84,23181651968
1260.14,23176187904
1260.43,23176187904
1260.72,23176187904
1261.01,23176187904
1261.30,23181103104
1261.60,23181103104
1261.88,23181103104
1262.18,23181922304
1262.47,23181922304
1262.76,23181922304
1263.06,23181922304
1263.35,23181922304
1263.64,23181922304
1263.93,23181922304
1264.22,23181922304
1264.51,23181922304
1264.80,23181922304
1265.08,23181922304
1265.38,23181922304
1265.67,23181922304
1265.95,23181922304
1266.23,23181922304
1266.52,23181922304
1266.80,23181922304
1267.08,23181922304
1267.37,23181922304
1267.65,23181922304
1267.94,23181922304
1268.22,23175962624
1268.51,23175962624
1268.79,23175962624
1269.07,23174815744
1269.37,23181778944
1269.66,23181778944
1269.94,23181778944
1270.23,23181778944
1270.52,23181778944
1270.81,23181778944
1271.10,23181778944
1271.39,23175962624
1271.67,23175962624
1271.97,23175962624
1272.26,23181697024
1272.55,23171371008
1272.84,23171371008
1273.12,23181201408
1273.41,23181201408
1273.69,23181201408
1273.99,23181201408
1274.27,23181611008
1274.56,23181611008
1274.87,23181611008
1275.16,23181611008
1275.45,23181611008
1275.73,23181611008
1276.02,23181611008
1276.31,23182020608
1276.60,23182020608
1276.89,23182020608
1277.19,23182020608
1277.47,23182020608
1277.76,23182020608
1278.05,23182020608
1278.33,23182020608
1278.62,23182020608
1278.91,23182020608
1279.19,23182020608
1279.48,23182020608
1279.77,23182020608
1280.06,23182020608
1280.34,23182020608
1280.62,23182020608
1280.92,23182020608
1281.20,23182020608
1281.49,23182020608
1281.78,23182020608
1282.07,23182020608
1282.35,23182020608
1282.63,23171608576
1282.92,23171608576
1283.21,23181029376
1283.49,23181029376
1283.77,23181029376
1284.06,23181029376
1284.34,23175962624
1284.62,23175962624
1284.91,23175962624
1285.19,23182106624
1285.49,23182106624
1285.78,23182106624
1286.09,23182106624
1286.38,23182106624
1286.66,23182106624
1286.95,23182106624
1287.23,23182106624
1287.52,23182106624
1287.80,23182106624
1288.09,23182106624
1288.38,23182106624
1288.66,23182106624
1288.95,23182106624
1289.24,23175962624
1289.53,23175962624
1289.81,23175962624
1290.10,23180468224
1290.38,23181287424
1290.67,23181287424
1290.96,23181287424
1291.24,23181287424
1291.52,23181287424
1291.80,23181287424
1292.08,23181287424
1292.37,23170428928
1292.66,23170428928
1292.95,23170428928
1293.24,23181488128
1293.53,23181488128
1293.82,23181488128
1294.10,23181488128
1294.39,23171395584
1294.68,23171395584
1294.96,23171395584
1295.25,23182045184
1295.54,23182045184
1295.82,23182045184
1296.12,23177031680
1296.40,23177031680
1296.68,23177031680
1296.96,23177031680
1297.25,23177031680
1297.53,23177031680
1297.82,23177031680
1298.10,23177031680
1298.38,23177031680
1298.68,23177031680
1298.96,23177031680
1299.26,23177031680
1299.54,23177031680
1299.83,23177031680
1300.12,23177031680
1300.40,23177031680
1300.68,23177031680
1300.96,23177031680
1301.24,23177031680
1301.53,23177031680
1301.81,46352502784
1302.10,46366838784
1302.39,46379126784
1302.68,46352498688
1302.97,46352498688
1303.27,46352498688
1303.56,46352498688
1303.85,46352498688
1304.13,46352498688
1304.42,46346113024
1304.72,46346113024
1305.00,46348980224
1305.29,46348980224
1305.58,46348980224
1305.86,46349389824
1306.16,46349389824
1306.44,46349389824
1306.73,46349389824
1307.02,46349389824
1307.31,46349389824
1307.59,46349389824
1307.88,46349389824
1308.17,46349389824
1308.45,46349389824
1308.74,46349389824
1309.02,46349799424
1309.30,46349799424
1309.59,46349799424
1309.88,46349799424
1310.17,46349799424
1310.45,46349799424
1310.74,46349799424
1311.04,46349799424
1311.33,46349799424
1311.61,46349799424
1311.90,46349799424
1312.19,46349799424
1312.47,46349799424
1312.76,46349799424
1313.05,46349799424
1313.33,46349799424
1313.62,46349799424
1313.91,46349799424
1314.19,46346944512
1314.47,46346944512
1314.76,46349811712
1315.04,46351040512
1315.32,46351040512
1315.61,46351040512
1315.89,46351040512
1316.17,46351040512
1316.45,46351040512
1316.74,46351040512
1317.03,46351040512
1317.31,46351040512
1317.60,46351040512
1317.88,46351450112
1318.17,46351450112
1318.45,46351450112
1318.74,46351450112
1319.01,46351450112
1319.29,46351450112
1319.58,46351450112
1319.86,46351859712
1320.15,46351859712
1320.43,46351859712
1320.71,46351859712
1320.99,46351859712
1321.28,46351859712
1321.56,46351859712
1321.84,46351859712
1322.12,46284820480
1322.39,46284820480
1322.68,46284820480
1322.96,46284820480
1323.24,46284820480
1323.52,46284820480
1323.80,46284820480
1324.08,46284820480
1324.37,46278881280
1324.66,46278881280
1324.94,46282977280
1325.23,46282977280
1325.52,46282977280
1325.80,46283386880
1326.08,46283386880
1326.38,46283386880
1326.67,46283386880
1326.95,46283796480
1327.23,46283796480
1327.52,46283796480
1327.81,46283796480
1328.10,46283796480
1328.39,46283796480
1328.68,46283796480
1328.96,46283796480
1329.24,46283796480
1329.54,46283796480
1329.82,46283796480
1330.11,46283796480
1330.40,46283796480
1330.69,46283796480
1330.97,46283796480
1331.27,46283796480
1331.56,46283796480
1331.85,46283796480
1332.14,46283796480
1332.42,46283796480
1332.71,46283796480
1333.00,46283796480
1333.29,46283796480
1333.58,46283796480
1333.87,46283796480
1334.16,46283796480
1334.44,46279147520
1334.72,46279147520
1335.01,46284062720
1335.30,46284062720
1335.59,46284062720
1335.88,46284062720
1336.17,46284062720
1336.46,46284062720
1336.75,46284062720
1337.04,46284062720
1337.32,46284062720
1337.61,46284062720
1337.90,46284062720
1338.18,46284062720
1338.48,46284062720
1338.77,46284062720
1339.05,46284062720
1339.34,46284062720
1339.63,46284062720
1339.92,46284062720
1340.22,46284062720
1340.51,46284062720
1340.81,46284062720
1341.09,46284062720
1341.39,46284062720
1341.67,46284062720
1341.96,46284062720
1342.24,46284062720
1342.53,46284062720
1342.82,46284062720
1343.11,46284062720
1343.39,46284062720
1343.68,46284062720
1343.97,46284062720
1344.26,46284062720
1344.54,46278860800
1344.83,46283366400
1345.12,46283366400
1345.41,46283366400
1345.70,46283366400
1345.98,46283776000
1346.27,46283776000
1346.56,46283776000
1346.85,46283776000
1347.15,46283776000
1347.44,46283776000
1347.74,46283776000
1348.03,46283776000
1348.32,46283776000
1348.61,46283776000
1348.90,46283776000
1349.19,46283776000
1349.48,46283776000
1349.77,46283776000
1350.06,46288281600
1350.35,46288281600
1350.64,46288281600
1350.93,46288281600
1351.22,46288281600
1351.50,46288281600
1351.79,46288281600
1352.07,46289100800
1352.36,46289100800
1352.65,46289100800
1352.94,46289100800
1353.23,46289100800
1353.52,46289100800
1353.82,46289100800
1354.11,46289100800
1354.40,46284386304
1354.69,46284386304
1354.98,46284386304
1355.27,46284386304
1355.55,46284386304
1355.84,46284386304
1356.12,46284386304
1356.42,46284386304
1356.71,46284386304
1356.99,46284386304
1357.28,46284386304
1357.56,46284386304
1357.85,46288482304
1358.14,46288482304
1358.43,46288482304
1358.72,46288482304
1359.01,46288482304
1359.30,46288482304
1359.60,46288482304
1359.89,46288482304
1360.17,46288482304
1360.46,46288482304
1360.76,46288482304
1361.05,46288482304
1361.34,46288482304
1361.63,46288482304
1361.91,46284058624
1362.20,46284058624
1362.49,46284058624
1362.79,46284058624
1363.09,46284058624
1363.38,46284058624
1363.67,46284058624
1363.95,46284058624
1364.24,46284058624
1364.53,46284058624
1364.81,46284058624
1365.10,46284058624
1365.39,46284058624
1365.67,46284058624
1365.95,46288564224
1366.24,46288564224
1366.53,46288564224
1366.82,46288564224
1367.11,46288564224
1367.39,46288564224
1367.68,46288564224
1367.97,46288564224
1368.26,46288564224
1368.55,46288564224
1368.85,46288564224
1369.14,46288564224
1369.43,46278868992
1369.72,46278868992
1370.01,46283784192
1370.30,46283784192
1370.60,46283784192
1370.89,46284193792
1371.18,46284193792
1371.46,46284193792
1371.74,46284193792
1372.02,46288699392
1372.31,46288699392
1372.60,46288699392
1372.89,46288699392
1373.18,46288699392
1373.47,46288699392
1373.77,46288699392
1374.05,46288699392
1374.34,46288699392
1374.63,46288699392
1374.91,46288699392
1375.20,46288699392
1375.48,46288699392
1375.77,46288699392
1376.05,46288699392
1376.34,46288699392
1376.63,46288699392
1376.92,46289108992
1377.21,46289108992
1377.49,46289108992
1377.78,46289108992
1378.07,46289108992
1378.40,46289108992
1378.68,46289108992
1378.97,46289108992
1379.26,46289108992
1379.55,46280077312
1379.85,46284173312
1380.13,46284173312
1380.42,46284173312
1380.71,46284173312
1381.01,46284173312
1381.30,46284173312
1381.59,46284173312
1381.87,46288678912
1382.16,46288678912
1382.45,46288678912
1382.74,46288678912
1383.02,46288678912
1383.31,46288678912
1383.60,46288678912
1383.88,46288678912
1384.17,46288678912
1384.45,46288678912
1384.74,46288678912
1385.04,46288678912
1385.33,46288678912
1385.61,46288678912
1385.90,46288678912
1386.19,46288678912
1386.47,46288678912
1386.76,46288678912
1387.05,46288678912
1387.34,46288678912
1387.62,46288678912
1387.90,46288678912
1388.19,46288678912
1388.49,46288678912
1388.78,46288678912
1389.07,46289088512
1389.36,46289088512
1389.65,46279032832
1389.94,46288453632
1390.23,46288453632
1390.53,46288453632
1390.82,46288863232
1391.11,46288863232
1391.39,46288863232
1391.68,46288863232
1391.97,46288863232
1392.26,46288863232
1392.55,46288863232
1392.83,46288863232
1393.12,46288863232
1393.39,46288863232
1393.68,46288863232
1393.97,46288863232
1394.26,46288863232
1394.56,46288863232
1394.85,46288863232
1395.14,46288863232
1395.42,46288863232
1395.71,46288863232
1396.01,46288863232
1396.30,46288863232
1396.59,46288863232
1396.87,46288863232
1397.16,46288863232
1397.45,46288863232
1397.74,46288863232
1398.03,46288863232
1398.32,46288863232
1398.61,46288863232
1398.90,46288863232
1399.19,46288863232
1399.48,46279917568
1399.77,46282784768
1400.05,46288519168
1400.34,46288519168
1400.63,46284324864
1400.92,46285144064
1401.21,46285144064
1401.49,46285144064
1401.77,46285144064
1402.06,46285144064
1402.34,46285144064
1402.63,46285144064
1402.92,46285144064
1403.21,46285144064
1403.49,46285144064
1403.78,46285144064
1404.07,46285963264
1404.36,46285963264
1404.64,46285963264
1404.93,46285963264
1405.22,46285963264
1405.51,46285963264
1405.80,46288793600
1406.09,46288793600
1406.37,46288793600
1406.66,46288793600
1406.94,46289203200
1407.22,46289203200
1407.52,46289203200
1407.81,46278787072
1408.10,46278787072
1408.38,46278787072
1408.67,46278787072
1408.96,46288207872
1409.24,46288207872
1409.52,46288207872
1409.80,46288207872
1410.09,46288207872
1410.38,46288207872
1410.66,46288207872
1410.95,46288207872
1411.24,46288207872
1411.54,46288207872
1411.82,46288617472
1412.11,46288617472
1412.39,46288617472
1412.67,46288617472
1412.96,46288617472
1413.25,46288617472
1413.54,46288617472
1413.83,46288617472
1414.12,46288617472
1414.41,46288617472
1414.70,46288617472
1414.99,46288617472
1415.28,46288617472
1415.57,46288617472
1415.85,46288617472
1416.14,46288617472
1416.43,46288617472
1416.71,46288617472
1416.99,46288617472
1417.28,46288617472
1417.57,46288617472
1417.86,46278803456
1418.15,46278803456
1418.44,46278803456
1418.72,46279213056
1419.01,46288224256
1419.30,46288224256
1419.58,46288224256
1419.87,46288633856
1420.16,46288633856
1420.45,46288633856
1420.74,46288633856
1421.02,46288633856
1421.31,46288633856
1421.61,46288633856
1421.90,46289453056
1422.19,46289453056
1422.47,46289453056
1422.77,46289453056
1423.06,46289453056
1423.35,46289453056
1423.64,46289453056
1423.93,46289453056
1424.22,46289453056
1424.52,46289453056
1424.81,46289453056
1425.10,46289453056
1425.39,46289453056
1425.69,46289453056
1425.97,46289453056
1426.26,46289453056
1426.55,46289453056
1426.84,46289453056
1427.13,46289453056
1427.42,46289453056
1427.71,46289453056
1427.99,46279094272
1428.28,46279094272
1428.57,46279094272
1428.86,46284009472
1429.14,46284009472
1429.43,46284009472
1429.71,46284009472
1430.01,46288924672
1430.30,46288924672
1430.59,46288924672
1430.87,46288924672
1431.16,46288924672
1431.46,46288924672
1431.74,46288924672
1432.03,46288924672
1432.32,46288924672
1432.61,46288924672
1432.89,46288924672
1433.18,46288924672
1433.47,46288924672
1433.76,46288924672
1434.05,46288924672
1434.34,46288924672
1434.63,46288924672
1434.92,46289334272
1435.21,46289334272
1435.50,46289334272
1435.79,46289334272
1436.08,46289334272
1436.37,46289334272
1436.65,46289334272
1436.93,46289334272
1437.22,46289334272
1437.51,46289334272
1437.79,46289334272
1438.08,46278840320
1438.37,46278840320
1438.65,46278840320
1438.94,46289080320
1439.23,46289080320
1439.51,46289080320
1439.80,46289080320
1440.09,46289080320
1440.38,46289080320
1440.67,46289080320
1440.95,46289080320
1441.24,46289080320
1441.54,46289080320
1441.83,46289080320
1442.12,46289080320
1442.41,46289080320
1442.69,46289080320
1442.97,46289080320
1443.26,46289080320
1443.55,46289080320
1443.84,46289080320
1444.12,46289080320
1444.41,46289080320
1444.70,46289080320
1444.98,46289080320
1445.27,46289080320
1445.55,46289080320
1445.84,46289080320
1446.13,46289080320
1446.42,46289080320
1446.71,46289080320
1446.99,46289080320
1447.28,46289080320
1447.57,46289080320
1447.86,46278819840
1448.15,46278819840
1448.43,46278819840
1448.72,46279229440
1449.01,46288240640
1449.30,46288240640
1449.59,46288240640
1449.88,46288650240
1450.16,46288650240
1450.46,46288650240
1450.73,46288650240
1451.02,46288650240
1451.30,46288650240
1451.58,46288650240
1451.88,46288650240
1452.16,46288650240
1452.44,46288650240
1452.73,46288650240
1453.01,46289059840
1453.30,46289059840
1453.59,46289059840
1453.88,46289059840
1454.18,46289059840
1454.46,46289059840
1454.75,46289059840
1455.04,46289059840
1455.32,46289059840
1455.60,46289059840
1455.87,46289059840
1456.16,46289059840
1456.45,46289059840
1456.74,46289059840
1457.03,46289059840
1457.32,46289059840
1457.61,46289059840
1457.89,46278975488
1458.18,46278975488
1458.47,46278975488
1458.76,46281842688
1459.04,46288396288
1459.33,46288396288
1459.62,46288396288
1459.91,46288805888
1460.20,46288805888
1460.49,46288805888
1460.78,46288805888
1461.06,46288805888
1461.35,46288805888
1461.64,46288805888
1461.93,46289215488
1462.21,46289215488
1462.50,46289215488
1462.79,46289215488
1463.08,46289215488
1463.36,46289215488
1463.65,46289215488
1463.94,46289625088
1464.23,46289625088
1464.51,46289625088
1464.80,46289625088
1465.09,46289625088
1465.38,46289625088
1465.67,46289625088
1465.96,46289625088
1466.25,46289625088
1466.53,46289625088
1466.81,46289625088
1467.10,46289625088
1467.39,46289625088
1467.68,46289625088
1467.96,46278848512
1468.25,46278848512
1468.54,46278848512
1468.83,46288269312
1469.11,46288269312
1469.40,46288269312
1469.69,46288269312
1469.97,46289088512
1470.26,46289088512
1470.55,46289088512
1470.84,46289088512
1471.14,46289088512
1471.43,46289088512
1471.71,46289088512
1472.00,46289088512
1472.30,46289088512
1472.58,46289088512
1472.87,46289088512
1473.15,46289088512
1473.44,46289088512
1473.73,46289088512
1474.02,46289088512
1474.31,46289088512
1474.59,46289088512
1474.88,46289088512
1475.17,46289088512
1475.45,46289088512
1475.74,46289088512
1476.02,46289088512
1476.31,46289088512
1476.59,46289088512
1476.88,46289088512
1477.16,46289088512
1477.45,46289088512
1477.73,46289088512
1478.02,46278877184
1478.31,46278877184
1478.60,46278877184
1478.89,46282973184
1479.18,46282973184
1479.47,46282973184
1479.76,46282973184
1480.05,46288707584
1480.33,46288707584
1480.61,46288707584
1480.89,46288707584
1481.17,46288707584
1481.45,46288707584
1481.74,46288707584
1482.03,46289117184
1482.33,46289117184
1482.62,46289117184
1482.91,46289117184
1483.20,46289117184
1483.49,46289117184
1483.78,46289117184
1484.07,46289117184
1484.36,46289117184
1484.64,46289117184
1484.93,46289117184
1485.22,46289117184
1485.51,46289117184
1485.79,46289117184
1486.08,46289117184
1486.37,46289117184
1486.65,46289117184
1486.93,46289117184
1487.22,46289117184
1487.51,46289117184
1487.79,46289117184
1488.08,46284922880
1488.37,46284922880
1488.66,46284922880
1488.95,46284922880
1489.24,46284922880
1489.53,46284922880
1489.82,46284922880
1490.11,46284922880
1490.39,46284922880
1490.68,46284922880
1490.97,46284922880
1491.24,46284922880
1491.53,46284922880
1491.81,46284922880
1492.10,46284922880
1492.39,46284922880
1492.67,46284922880
1492.96,46284922880
1493.25,46284922880
1493.53,46284922880
1493.83,46284922880
1494.11,46284922880
1494.39,46284922880
1494.66,46284922880
1494.94,46284922880
1495.22,46284922880
1495.51,46284922880
1495.80,46284922880
1496.09,46284922880
1496.38,46284922880
1496.66,46284922880
1496.95,46284922880
1497.24,46284922880
1497.53,46284922880
1497.82,46284922880
1498.10,46284922880
1498.38,46284922880
1498.66,46284922880
1498.95,46284922880
1499.24,46284922880
1499.53,46284922880
1499.81,46283591680
1500.10,46283591680
1500.38,46283591680
1500.66,46283591680
1500.96,46284410880
1501.24,46284410880
1501.53,46284410880
1501.82,46284410880
1502.11,46284410880
1502.39,46284410880
1502.67,46284410880
1502.96,46284820480
1503.24,46284820480
1503.53,46284820480
1503.81,46284820480
1504.10,46284820480
1504.39,46284820480
1504.69,46284820480
1504.98,46284820480
1505.27,46284820480
1505.55,46284820480
1505.84,46284820480
1506.12,46284820480
1506.41,46284820480
1506.70,46284820480
1506.98,46284820480
1507.27,46284820480
1507.56,46284820480
1507.85,46284820480
1508.14,46284820480
1508.43,46284820480
1508.72,46284820480
1509.01,46284820480
1509.29,46284820480
1509.58,46284820480
1509.86,23176388608
1510.14,23176388608
1510.43,23176388608
1510.72,23176388608
1511.02,23176388608
1511.31,23176388608
1511.60,23176388608
1511.88,23176798208
1512.17,23176798208
1512.46,23176798208
1512.74,23176798208
1513.03,23177617408
1513.31,23177617408
1513.61,23177617408
1513.89,23177617408
1514.18,23177617408
1514.47,23177617408
1514.75,23177617408
1515.04,23177617408
1515.34,23177617408
1515.63,23177617408
1515.92,23177617408
1516.20,23177617408
1516.48,23177617408
1516.77,23177617408
1517.06,23177617408
1517.33,23177617408
1517.62,23177617408
1517.91,23177617408
1518.19,23177617408
1518.48,23177617408
1518.77,23177617408
1519.06,23177617408
1519.34,23177617408
1519.63,23177617408
1519.91,23176519680
1520.19,23176519680
1520.48,23176519680
1520.77,23177748480
1521.05,23177748480
1521.34,23177748480
1521.63,23177748480
1521.91,23177748480
1522.20,23177748480
1522.49,23177748480
1522.78,23177748480
1523.07,23177748480
1523.36,23171592192
1523.65,23171592192
1523.94,23181012992
1524.23,23181012992
1524.52,23181012992
1524.81,23181012992
1525.10,23181012992
1525.39,23181012992
1525.67,23181012992
1525.96,23181832192
1526.25,23177637888
1526.54,23177637888
1526.83,23177637888
1527.12,23177637888
1527.41,23177637888
1527.70,23177637888
1527.99,23177637888
1528.27,23171637248
1528.55,23171637248
1528.84,23181467648
1529.12,23181467648
1529.41,23181467648
1529.69,23181467648
1529.98,23181877248
1530.27,23181877248
1530.56,23181877248
1530.84,23181877248
1531.13,23181877248
1531.41,23181877248
1531.70,23181877248
1531.99,23181877248
1532.28,23181877248
1532.57,23181877248
1532.87,23181877248
1533.16,23181877248
1533.45,23181877248
1533.75,23181877248
1534.03,23181877248
1534.32,23181877248
1534.61,23181877248
1534.90,23175966720
1535.20,23175966720
1535.48,23175966720
1535.77,23176376320
1536.06,23181701120
1536.35,23181701120
1536.64,23181701120
1536.94,23182110720
1537.23,23182110720
1537.52,23182110720
1537.81,23182110720
1538.09,23171690496
1538.38,23171690496
1538.67,23171690496
1538.95,23181520896
1539.24,23181520896
1539.54,23181520896
1539.82,23181930496
1540.11,23181930496
1540.40,23181930496
1540.69,23181930496
1540.97,23181930496
1541.27,23181930496
1541.56,23181930496
1541.85,23181930496
1542.13,23181930496
1542.42,23181930496
1542.71,23181930496
1543.00,23181930496
1543.29,23181930496
1543.58,23181930496
1543.87,23181930496
1544.16,23181930496
1544.45,23181930496
1544.75,23181930496
1545.04,23181930496
1545.33,23181930496
1545.62,23181930496
1545.92,23181930496
1546.21,23181930496
1546.49,23181930496
1546.78,23181930496
1547.07,23175966720
1547.36,23175966720
1547.66,23175966720
1547.94,23181701120
1548.23,23177506816
1548.53,23177506816
1548.82,23177916416
1549.11,23177916416
1549.39,23177916416
1549.69,23177916416
1549.98,23177916416
1550.28,23177916416
1550.56,23177916416
1550.85,23171772416
1551.14,23171772416
1551.44,23171772416
1551.73,23171772416
1552.02,23177408512
1552.30,23177408512
1552.59,23177408512
1552.87,23171772416
1553.16,23171772416
1553.44,23171772416
1553.72,23171772416
1554.01,23182012416
1554.30,23182012416
1554.60,23182012416
1554.89,23182012416
1555.17,23182012416
1555.46,23182012416
1555.74,23182012416
1556.04,23182012416
1556.33,23182012416
1556.62,23182012416
1556.90,23182012416
1557.19,23182012416
1557.47,23182012416
1557.76,23174201344
1558.05,23180754944
1558.34,23180754944
1558.62,23180754944
1558.91,23181574144
1559.20,23181574144
1559.48,23181574144
1559.76,23181574144
1560.06,23181574144
1560.34,23181574144
1560.63,23181574144
1560.92,23181983744
1561.21,23181983744
1561.49,23181983744
1561.79,23181983744
1562.07,23181983744
1562.36,23181983744
1562.64,23181983744
1562.93,23181983744
1563.21,23181983744
1563.51,23181983744
1563.80,23181983744
1564.08,23181983744
1564.37,23181983744
1564.64,23181983744
1564.93,23181983744
1565.21,23181983744
1565.50,23181983744
1565.79,23181983744
1566.08,23181983744
1566.37,23181983744
1566.66,23181983744
1566.94,23181983744
1567.23,23181983744
1567.52,23181983744
1567.81,23181918208
1568.10,23181918208
1568.38,23181918208
1568.67,23181918208
1568.96,23181918208
1569.25,23181918208
1569.55,23181918208
1569.84,23181918208
1570.13,23181918208
1570.42,23181918208
1570.72,23181918208
1571.01,23175966720
1571.31,23175966720
1571.60,23175966720
1571.88,23181701120
1572.17,23181701120
1572.46,23181701120
1572.74,23181701120
1573.02,23181701120
1573.30,23181701120
1573.59,23181701120
1573.88,23181701120
1574.17,23181701120
1574.46,23181701120
1574.76,23181701120
1575.05,23182110720
1575.34,23182110720
1575.63,23182110720
1575.92,23175966720
1576.20,23175966720
1576.49,23175966720
1576.79,23180881920
1577.08,23175966720
1577.37,23175966720
1577.66,23170723840
1577.95,23180963840
1578.23,23180963840
1578.52,23180963840
1578.81,23180963840
1579.09,23180963840
1579.38,23180963840
1579.66,23180963840
1579.94,23175966720
1580.23,23175966720
1580.52,23175966720
1580.81,23181701120
1581.10,23181701120
1581.38,23181701120
1581.67,23181701120
1581.95,23181701120
1582.24,23181701120
1582.52,23181701120
1582.81,23182110720
1583.10,23182110720
1583.38,23182110720
1583.66,23182110720
1583.95,23182110720
1584.24,23182110720
1584.53,23182110720
1584.82,23182110720
1585.10,23182110720
1585.39,23182110720
1585.67,23182110720
1585.96,23182110720
1586.25,23182110720
1586.53,23182110720
1586.83,23182110720
1587.10,23182110720
1587.39,23182110720
1587.68,23171653632
1587.97,23181074432
1588.26,23181074432
1588.55,23181074432
1588.83,23181074432
1589.11,23181074432
1589.40,23181074432
1589.69,23181074432
1589.97,23181074432
1590.27,23181074432
1590.55,23181074432
1590.84,23181893632
1591.14,23181893632
1591.43,23181893632
1591.71,23181893632
1592.00,23181893632
1592.29,23181893632
1592.58,23181893632
1592.87,23181893632
1593.15,23181893632
1593.44,23181893632
1593.73,23181893632
1594.03,23181893632
1594.31,23181893632
1594.60,23181893632
1594.89,23181893632
1595.18,23181893632
1595.47,23181893632
1595.76,23181893632
1596.05,23181893632
1596.34,23181893632
1596.63,23181893632
1596.92,23181893632
1597.20,23181893632
1597.49,23181893632
1597.78,23177035776
1598.07,23180722176
1598.36,23180722176
1598.65,23180722176
1598.94,23180722176
1599.23,23180722176
1599.52,23180722176
1599.80,23181131776
1600.09,23181131776
1600.37,23181131776
1600.66,23181131776
1600.94,23181131776
1601.23,23181131776
1601.53,23181131776
1601.82,23181541376
1602.10,23181541376
1602.39,23181541376
1602.68,23181541376
1602.97,23181950976
1603.26,23181950976
1603.55,23181950976
1603.84,23181950976
1604.12,23181950976
1604.41,23181950976
1604.69,23181950976
1604.98,23181950976
1605.27,23181950976
1605.56,23181950976
1605.85,23181950976
1606.14,23181950976
1606.42,23181950976
1606.72,23181950976
1607.00,23181950976
1607.29,23181950976
1607.58,23181950976
1607.87,23181418496
1608.15,23181418496
1608.44,23181418496
1608.73,23181418496
1609.02,23181418496
1609.30,23181418496
1609.59,23181418496
1609.88,23181418496
1610.17,23181418496
1610.46,23181418496
1610.75,23181418496
1611.03,23181418496
1611.33,23181418496
1611.62,23181418496
1611.90,23181418496
1612.20,23181418496
1612.47,23181418496
1612.77,23181418496
1613.06,23181418496
1613.34,23181418496
1613.63,23181418496
1613.92,23181418496
1614.20,23181418496
1614.49,23181418496
1614.78,23181418496
1615.06,23181828096
1615.35,23181828096
1615.64,23181828096
1615.92,23181828096
1616.21,23181828096
1616.50,23181828096
1616.79,23181828096
1617.07,23181828096
1617.36,23181828096
1617.65,23170592768
1617.93,23180423168
1618.22,23180423168
1618.51,23180423168
1618.80,23180832768
1619.08,23180832768
1619.37,23180832768
1619.65,23180832768
1619.93,23180832768
1620.22,23180832768
1620.50,23180832768
1620.79,23181242368
1621.08,23181242368
1621.37,23181242368
1621.64,23181242368
1621.92,23181242368
1622.20,23181242368
1622.48,23181242368
1622.77,23181242368
1623.06,23181242368
1623.34,23181242368
1623.62,23181242368
1623.91,23181242368
1624.19,23181242368
1624.48,23181242368
1624.75,23181242368
1625.03,23181242368
1625.31,23181242368
1625.60,23181242368
1625.88,23175966720
1626.17,23175966720
1626.45,23175966720
1626.73,23175966720
1627.02,23181291520
1627.31,23181291520
1627.60,23181291520
1627.88,23180800000
1628.17,23180800000
1628.46,23180800000
1628.75,23180800000
1629.04,23181209600
1629.33,23181209600
1629.61,23181209600
1629.90,23181619200
1630.19,23181619200
1630.48,23181619200
1630.77,23181619200
1631.06,23181619200
1631.34,23181619200
1631.62,23181619200
1631.91,23181619200
1632.19,23181619200
1632.49,23181619200
1632.77,23181619200
1633.05,23181619200
1633.33,23181619200
1633.62,23181619200
1633.91,23181619200
1634.19,23181619200
1634.49,23181619200
1634.77,23181619200
1635.06,23181619200
1635.35,23181619200
1635.64,23181619200
1635.92,23181619200
1636.21,23181619200
1636.50,23181619200
1636.78,23181619200
1637.08,23181619200
1637.36,23181619200
1637.65,23170539520
1637.93,23181189120
1638.23,23181189120
1638.52,23181189120
1638.80,23181189120
1639.09,23181189120
1639.37,23181189120
1639.66,23181189120
1639.95,23182008320
1640.23,23182008320
1640.53,23182008320
1640.82,23182008320
1641.10,23182008320
1641.39,23182008320
1641.68,23182008320
1641.97,23182008320
1642.24,23182008320
1642.52,23182008320
1642.81,23182008320
1643.09,23182008320
1643.38,23182008320
1643.67,23182008320
1643.95,23182008320
1644.24,23182008320
1644.53,23182008320
1644.82,23182008320
1645.11,23182008320
1645.39,23182008320
1645.68,23182008320
1645.97,23182008320
1646.25,23182008320
1646.54,23182008320
1646.84,23182008320
1647.12,23182008320
1647.41,23182008320
1647.69,23170605056
1647.98,23180845056
1648.27,23180845056
1648.56,23180845056
1648.84,23180845056
1649.13,23180845056
1649.42,23180845056
1649.71,23180845056
1650.00,23180845056
1650.29,23180845056
1650.58,23180845056
1650.86,23181254656
1651.14,23181254656
1651.43,23181254656
1651.72,23181254656
1652.02,23181664256
1652.31,23181664256
1652.60,23181664256
1652.88,23181664256
1653.17,23181664256
1653.46,23181664256
1653.75,23181664256
1654.03,23175966720
1654.32,23175966720
1654.61,23175966720
1654.90,23182110720
1655.19,23182110720
1655.48,23182110720
1655.77,23182110720
1656.06,23182110720
1656.35,23182110720
1656.64,23182110720
1656.93,23175966720
1657.22,23175966720
1657.51,23175966720
1657.80,23180963840
1658.08,23180963840
1658.37,23180963840
1658.66,23180963840
1658.94,23181373440
1659.22,23181373440
1659.51,23181373440
1659.79,23181373440
1660.08,23181373440
1660.37,23181373440
1660.66,23181373440
1660.95,23181373440
1661.23,23181373440
1661.52,23181373440
1661.81,23181373440
1662.10,23181373440
1662.38,23181373440
1662.68,23181373440
1662.98,23181373440
1663.27,23181373440
1663.56,23181373440
1663.85,23181783040
1664.14,23181783040
1664.43,23181783040
1664.71,23181783040
1665.01,23181783040
1665.30,23181783040
1665.59,23181783040
1665.88,23176364032
1666.18,23176364032
1666.47,23176364032
1666.76,23176364032
1667.06,23180869632
1667.34,23180869632
1667.63,23171432448
1667.93,23180443648
1668.21,23180443648
1668.50,23180443648
1668.79,23180443648
1669.07,23180853248
1669.35,23180853248
1669.64,23180853248
1669.93,23180853248
1670.21,23180853248
1670.50,23180853248
1670.79,23180853248
1671.08,23180853248
1671.37,23180853248
1671.65,23180853248
1671.95,23180853248
1672.23,23180853248
1672.52,23180853248
1672.81,23180853248
1673.10,23180853248
1673.39,23180853248
1673.68,23180853248
1673.97,23180853248
1674.26,23180853248
1674.55,23180853248
1674.83,23180853248
1675.11,23180853248
1675.39,23180853248
1675.68,23180853248
1675.97,23180853248
1676.26,23180853248
1676.54,23180853248
1676.83,23180853248
1677.11,23180853248
1677.39,23180853248
1677.68,23170494464
1677.96,23180734464
1678.25,23180734464
1678.54,23180734464
1678.82,23180734464
1679.11,23180734464
1679.40,23180734464
1679.68,23180734464
1679.97,23180734464
1680.25,23180734464
1680.54,23180734464
1680.82,23180734464
1681.11,23180734464
1681.40,23180734464
1681.69,23180734464
1681.98,23181144064
1682.27,23181144064
1682.56,23181144064
1682.85,23181144064
1683.15,23181144064
1683.45,23181144064
1683.74,23181144064
1684.03,23181144064
1684.32,23181144064
1684.61,23181144064
1684.91,23181144064
1685.19,23181144064
1685.48,23181144064
1685.77,23181144064
1686.06,23181144064
1686.35,23181144064
1686.64,23181144064
1686.93,23181144064
1687.22,23181144064
1687.52,23181144064
1687.80,23179874304
1688.09,23179874304
1688.38,23179874304
1688.67,23179874304
1688.96,23179874304
1689.25,23179874304
1689.54,23179874304
1689.83,23180283904
1690.12,23180283904
1690.41,23180283904
1690.70,23180283904
1690.98,23180283904
1691.28,23180283904
1691.56,23180283904
1691.85,23180283904
1692.14,23180283904
1692.43,23180283904
1692.71,23180283904
1693.00,23180283904
1693.29,23180283904
1693.58,23180283904
1693.86,23180693504
1694.15,23180693504
1694.44,23180693504
1694.72,23180693504
1695.01,23180693504
1695.29,23180693504
1695.58,23180693504
1695.86,23180693504
1696.14,23180693504
1696.43,23180693504
1696.72,23180693504
1697.01,23180693504
1697.29,23180693504
1697.58,23180693504
1697.86,23180378112
1698.15,23180378112
1698.44,23180378112
1698.73,23180378112
1699.02,23180787712
1699.31,23180787712
1699.59,23180787712
1699.88,23181197312
1700.18,23181197312
1700.46,23181197312
1700.76,23181197312
1701.04,23181197312
1701.33,23181197312
1701.61,23181197312
1701.91,23181197312
1702.19,23181197312
1702.47,23181197312
1702.77,23181197312
1703.05,23181197312
1703.33,23181197312
1703.63,23181197312
1703.92,23181197312
1704.20,23181197312
1704.48,23181197312
1704.77,23181197312
1705.07,23181197312
1705.36,23181197312
1705.65,23181197312
1705.94,23181197312
1706.23,23181197312
1706.51,23181197312
1706.80,23181197312
1707.09,23181197312
1707.38,23181197312
1707.67,23170514944
1707.96,23180345344
1708.26,23180345344
1708.54,23180345344
1708.83,23181574144
1709.12,23181574144
1709.41,23181574144
1709.69,23181574144
1709.99,23181574144
1710.27,23181574144
1710.57,23181574144
1710.86,23181574144
1711.14,23181574144
1711.43,23181574144
1711.72,23181574144
1712.01,23181574144
1712.29,23181574144
1712.58,23181574144
1712.86,23181574144
1713.14,23181574144
1713.43,23181574144
1713.72,23181574144
1714.00,23181574144
1714.28,23181574144
1714.57,23181574144
1714.86,23181574144
1715.14,23181574144
1715.44,23181574144
1715.73,23181574144
1716.02,23181574144
1716.30,23181574144
1716.58,23181574144
1716.87,23181574144
1717.15,23181574144
1717.45,23181574144
1717.73,23172648960
1718.03,23180840960
1718.31,23180840960
1718.60,23180840960
1718.88,23181250560
1719.16,23181250560
1719.45,23181250560
1719.73,23181250560
1720.02,23181250560
1720.30,23181250560
1720.58,23181250560
1720.87,23181250560
1721.16,23181250560
1721.44,23181250560
1721.73,23181250560
1722.02,23181250560
1722.31,23181250560
1722.59,23181250560
1722.88,23181250560
1723.17,23181250560
1723.46,23181250560
1723.75,23181250560
1724.05,23181250560
1724.34,23181250560
1724.63,23181250560
1724.92,23181250560
1725.21,23181250560
1725.50,23181250560
1725.79,23181250560
1726.08,23181250560
1726.37,23181250560
1726.65,23181250560
1726.94,23181660160
1727.24,23181660160
1727.53,23181660160
1727.82,23182020608
1728.11,23182020608
1728.39,23182020608
1728.67,23182020608
1728.96,23182020608
1729.24,23182020608
1729.53,23182020608
1729.82,23182020608
1730.11,23182020608
1730.40,23182020608
1730.69,23182020608
1730.98,23182020608
1731.26,23182020608
1731.54,23182020608
1731.83,23182020608
1732.12,23182020608
1732.41,23182020608
1732.70,23182020608
1732.98,23182020608
1733.27,23182020608
1733.56,23182020608
1733.85,23182020608
1734.13,23182020608
1734.42,23182020608
1734.71,23182020608
1735.01,23182020608
1735.30,23182020608
1735.58,23182020608
1735.87,23182020608
1736.16,23182020608
1736.45,23182020608
1736.74,23182020608
1737.03,23182020608
1737.32,23182020608
1737.61,23182020608
1737.89,23180066816
1738.19,23180066816
1738.47,23180066816
1738.80,23180066816
1739.08,23180066816
1739.37,23180066816
1739.66,23180066816
1739.95,23180476416
1740.24,23180476416
1740.52,23180476416
1740.82,23180886016
1741.11,23180886016
1741.39,23180886016
1741.67,23180886016
1741.96,23180886016
1742.25,23180886016
1742.53,23180886016
1742.83,23180886016
1743.11,23180886016
1743.40,23180886016
1743.69,23180886016
1743.98,23180886016
1744.28,23180886016
1744.57,23180886016
1744.86,23180886016
1745.15,23180886016
1745.43,23180886016
1745.72,23180886016
1746.00,23180886016
1746.29,23180886016
1746.58,23180886016
1746.86,23180886016
1747.16,23180886016
1747.45,23180886016
1747.74,23173206016
1748.03,23180578816
1748.32,23180578816
1748.61,23180578816
1748.89,23181398016
1749.18,23181398016
1749.47,23181398016
1749.76,23181398016
1750.04,23181398016
1750.33,23181398016
1750.62,23181398016
1750.91,23181398016
1751.20,23181398016
1751.49,23181398016
1751.77,23181398016
1752.06,23181398016
1752.35,23181398016
1752.64,23181398016
1752.93,23181398016
1753.22,23181398016
1753.51,23181398016
1753.79,23181398016
1754.09,23181398016
1754.37,23181398016
1754.66,23181398016
1754.95,23181398016
1755.24,23181398016
1755.53,23181398016
1755.82,23181398016
1756.11,23181398016
1756.40,23181398016
1756.69,23181398016
1756.98,23181398016
1757.27,23181398016
1757.56,23181398016
1757.85,23180222464
1758.13,23180222464
1758.43,23180222464
1758.71,23180222464
1759.00,23180222464
1759.29,23180222464
1759.57,23180222464
1759.85,23180222464
1760.13,23180222464
1760.41,23180222464
1760.69,23180222464
1760.97,23180632064
1761.25,23180632064
1761.54,23180632064
1761.83,23180632064
1762.12,23180632064
1762.39,23180632064
1762.68,23180632064
1762.96,23180632064
1763.26,23180632064
1763.55,23180632064
1763.83,23180632064
1764.11,23180632064
1764.39,23180632064
1764.67,23180632064
1764.96,23180632064
1765.25,23180632064
1765.54,23180632064
1765.82,23180632064
1766.10,23180632064
1766.39,23180632064
1766.67,23180632064
1766.96,23181041664
1767.24,23181041664
1767.53,23181041664
1767.82,23179780096
1768.10,23179780096
1768.39,23179780096
1768.68,23179780096
1768.97,23180189696
1769.27,23180189696
1769.56,23180189696
1769.85,23180189696
1770.14,23180189696
1770.42,23180189696
1770.71,23180189696
1770.99,23180189696
1771.27,23180189696
1771.56,23180189696
1771.85,23180189696
1772.13,23180189696
1772.43,23180189696
1772.72,23180189696
1773.01,23180189696
1773.30,23180189696
1773.58,23180189696
1773.86,23180189696
1774.14,23180189696
1774.43,23180189696
1774.72,23180189696
1775.01,23180189696
1775.30,23180189696
1775.58,23180189696
1775.87,23180189696
1776.16,23180189696
1776.45,23180189696
1776.73,23180189696
1777.02,23180189696
1777.30,23180189696
1777.59,23180189696
1777.87,23179780096
1778.16,23179780096
1778.44,23179780096
1778.72,23179780096
1779.01,23179780096
1779.29,23179780096
1779.58,23179780096
1779.86,23180189696
1780.15,23180189696
1780.43,23180189696
1780.72,23180189696
1781.02,23180189696
1781.31,23180189696
1781.60,23180189696
1781.88,23180189696
1782.17,23180189696
1782.45,23180189696
1782.74,23180189696
1783.02,23180599296
1783.31,23180599296
1783.59,23180599296
1783.88,23180599296
1784.16,23180599296
1784.46,23180599296
1784.75,23180599296
1785.03,23181008896
1785.32,23181008896
1785.61,23181008896
1785.91,23181008896
1786.19,23181008896
1786.48,23181008896
1786.77,23181008896
1787.05,23181008896
1787.34,23181008896
1787.63,23181008896
1787.92,23180144640
1788.21,23180144640
1788.51,23180144640
1788.80,23180554240
1789.08,23180963840
1789.37,23180963840
1789.65,23180963840
1789.94,23180963840
1790.23,23180963840
1790.52,23180963840
1790.80,23180963840
1791.09,23180963840
1791.38,23180963840
1791.67,23180963840
1791.95,23180963840
1792.24,23180963840
1792.53,23180963840
1792.81,23180963840
1793.10,23180963840
1793.38,23180963840
1793.67,23180963840
1793.96,23180963840
1794.25,23180963840
1794.53,23180963840
1794.82,23180963840
1795.11,23180963840
1795.39,23180963840
1795.68,23180963840
1795.96,23180963840
1796.25,23180963840
1796.53,23180963840
1796.82,23180963840
1797.10,23180963840
1797.38,23180963840
1797.67,23170551808
1797.95,23179972608
1798.24,23179972608
1798.54,23179972608
1798.83,23180382208
1799.12,23180382208
1799.40,23180382208
1799.69,23180382208
1799.98,23180382208
1800.27,23180382208
1800.57,23180382208
1800.86,23180382208
1801.14,23180382208
1801.44,23180382208
1801.73,23180382208
1802.02,23180382208
1802.31,23180382208
1802.59,23180382208
1802.88,23181201408
1803.17,23181201408
1803.46,23181201408
1803.75,23181201408
1804.04,23181201408
1804.33,23181201408
1804.61,23181201408
1804.89,23181201408
1805.18,23181201408
1805.46,23181201408
1805.76,23181201408
1806.04,23181201408
1806.33,23181201408
1806.62,23181201408
1806.90,23181201408
1807.19,23181201408
1807.47,23181201408
1807.74,23173402624
1808.03,23180365824
1808.32,23180365824
1808.62,23180365824
1808.91,23181185024
1809.20,23181185024
1809.49,23181185024
1809.78,23181185024
1810.08,23181185024
1810.36,23181185024
1810.64,23181185024
1810.93,23181185024
1811.21,23181185024
1811.49,23181185024
1811.78,23181185024
1812.07,23181185024
1812.35,23181185024
1812.64,23181185024
1812.93,23181185024
1813.22,23181185024
1813.50,23181185024
1813.79,23181185024
1814.08,23181185024
1814.37,23181185024
1814.67,23181185024
1814.96,23181185024
1815.25,23181185024
1815.54,23181185024
1815.83,23181185024
1816.12,23181185024
1816.40,23181185024
1816.70,23181185024
1816.99,23181185024
1817.29,23181185024
1817.57,23181185024
1817.87,23179792384
1818.15,23179792384
1818.44,23179792384
1818.73,23179792384
1819.02,23180201984
1819.31,23180201984
1819.60,23180201984
1819.89,23180201984
1820.18,23180201984
1820.48,23180201984
1820.77,23180201984
1821.06,23180611584
1821.34,23180611584
1821.62,23180611584
1821.91,23180611584
1822.20,23180611584
1822.49,23180611584
1822.79,23180611584
1823.09,23180611584
1823.38,23180611584
1823.66,23180611584
1823.95,23180611584
1824.24,23180611584
1824.53,23180611584
1824.82,23180611584
1825.10,23180611584
1825.39,23180611584
1825.68,23180611584
1825.97,23180611584
1826.26,23180611584
1826.55,23180611584
1826.84,23180611584
1827.12,23180611584
1827.40,23180611584
1827.69,23170691072
1827.98,23175606272
1828.27,23175606272
1828.55,23175606272
1828.84,23175606272
1829.13,23175606272
1829.42,23175606272
1829.71,23175606272
1830.00,23180521472
1830.29,23180521472
1830.57,23180521472
1830.86,23180521472
1831.14,23180521472
1831.43,23180521472
1831.71,23180521472
1832.00,23180521472
1832.28,23180521472
1832.57,23180521472
1832.84,23180931072
1833.13,23180931072
1833.42,23180931072
1833.71,23180931072
1833.99,23180931072
1834.28,23180931072
1834.57,23180931072
1834.85,23180931072
1835.14,23180931072
1835.42,23180931072
1835.70,23180931072
1835.98,23180931072
1836.27,23180931072
1836.56,23180931072
1836.84,23180931072
1837.13,23180931072
1837.42,23180931072
1837.71,23180931072
1837.99,23180447744
1838.27,23180447744
1838.55,23180447744
1838.84,23180857344
1839.12,23180857344
1839.41,23180857344
1839.70,23180857344
1839.99,23180857344
1840.28,23180857344
1840.56,23180857344
1840.85,23181266944
1841.14,23181266944
1841.42,23181266944
1841.71,23181266944
1842.00,23181266944
1842.29,23181266944
1842.57,23181266944
1842.85,23181266944
1843.14,23181266944
1843.43,23181266944
1843.72,23181266944
1844.01,23181266944
1844.29,23181266944
1844.58,23181266944
1844.87,23181266944
1845.16,23181266944
1845.44,23181266944
1845.73,23181266944
1846.02,23181266944
1846.31,23181266944
1846.59,23181266944
1846.88,23181266944
1847.18,23181266944
1847.47,23181266944
1847.76,23171018752
1848.05,23171018752
1848.34,23171018752
